id,sales
3000888,4.460917889594077
3000889,0.0
3000890,5.001966007571275
3000891,2443.263514711956
3000892,0.22679147035657407
3000893,410.15185786447444
3000894,14.712051423506491
3000895,806.1972615908638
3000896,872.4712253040623
3000897,155.17257811023157
3000898,148.909954350433
3000899,151.59919959677975
3000900,3137.018523716494
3000901,27.062092322961394
3000902,1.3433108789415635
3000903,20.341507096388654
3000904,38.213855254261944
3000905,0.6054877717661933
3000906,243.15565098760624
3000907,15.611232276876772
3000908,35.54869206082881
3000909,13.565844611677441
3000910,109.42760227111921
3000911,5.069192875806934
3000912,299.687005247793
3000913,189.1937522057273
3000914,3.1453025985494163
3000915,9.782346206252694
3000916,368.15346049328286
3000917,61.80708503051008
3000918,3818.647275643258
3000919,75.6448094120014
3000920,23.428027798295254
3000921,1.2070952945317714
3000922,0.0
3000923,3.4964202542477243
3000924,1128.6344998870172
3000925,0.0
3000926,97.99169705863748
3000927,2.4892129465039208
3000928,593.419938016788
3000929,304.30636428021387
3000930,201.97558170605532
3000931,28.248658991964305
3000932,22.813969950540134
3000933,2064.0541926838296
3000934,3.4642031617648055
3000935,0.2672488751062174
3000936,6.331562753605479
3000937,11.511773095009362
3000938,0.07396180095155076
3000939,142.98651790931802
3000940,1.4209907544583977
3000941,0.0
3000942,6.681716891754537
3000943,20.072038238214592
3000944,0.3761269764977957
3000945,164.4878508548391
3000946,139.45583123833822
3000947,0.5747620169819538
3000948,2.287326058534651
3000949,147.48690270210665
3000950,19.69325680001969
3000951,283.39116555299546
3000952,155.92295587965359
3000953,0.6314439522140581
3000954,6.0400790538809375
3000955,0.22872923892459107
3000956,4.750886733138446
3000957,3868.9367912928146
3000958,0.0
3000959,679.1288911344352
3000960,9.308281085701148
3000961,1653.6433813523945
3000962,636.1440588211115
3000963,423.8098431946715
3000964,252.25268395535747
3000965,72.0882717020573
3000966,6576.0899696832585
3000967,32.79544681395443
3000968,0.509822563075311
3000969,25.91619717601226
3000970,32.61630644214043
3000971,0.3058015587150901
3000972,396.2110864645771
3000973,18.25365376985788
3000974,50.026832238582514
3000975,10.981474272826933
3000976,49.328343442977925
3000977,2.0185396299078997
3000978,634.8258510732791
3000979,331.9965834988327
3000980,2.018935307583961
3000981,13.355778864789144
3000982,373.0471096156787
3000983,96.83259914639486
3000984,1610.809851805375
3000985,120.87517706617066
3000986,5.169262549113867
3000987,3.6638708064236596
3000988,0.07423290434252294
3000989,3.4911974716144885
3000990,1465.2265503055655
3000991,0.0
3000992,185.44111662844426
3000993,6.4718872658564015
3000994,731.1839842166631
3000995,512.1915478727782
3000996,219.76416659461128
3000997,44.00548094533188
3000998,33.45261992583989
3000999,2837.7658891948154
3001000,9.155555197604828
3001001,0.5325051113744356
3001002,13.286892248482065
3001003,25.066829277607273
3001004,0.33275449960844905
3001005,159.20445392290407
3001006,5.368449625867305
3001007,0.0
3001008,8.59396842028302
3001009,41.57404618604038
3001010,1.2447140194844717
3001011,176.69039400448577
3001012,149.5464745819897
3001013,1.1563185138122314
3001014,4.6633366344705
3001015,158.99527721208884
3001016,23.276867427582737
3001017,482.924893995425
3001018,162.62963929525182
3001019,2.7745850508985193
3001020,3.270375069627131
3001021,0.0
3001022,3.908758386607677
3001023,1342.6194093590493
3001024,0.0
3001025,127.96523579923362
3001026,4.057205145210476
3001027,571.9187253495744
3001028,279.0482409094949
3001029,157.2993963256544
3001030,47.128930419961776
3001031,24.309345279319288
3001032,2307.3572757119146
3001033,13.14963740060615
3001034,0.10221572854933969
3001035,10.398880719107067
3001036,13.389570640740386
3001037,0.08865830339304878
3001038,124.20615527775107
3001039,1.2348200901837683
3001040,0.0
3001041,6.791640655332629
3001042,41.98373284996117
3001043,0.6947438770981006
3001044,151.98079408660004
3001045,138.68448951621139
3001046,0.40700287862251505
3001047,3.377968195990133
3001048,74.23152926251684
3001049,18.699482649235655
3001050,213.78626713883716
3001051,178.50006930243046
3001052,2.046903257256097
3001053,2.2113167956186697
3001054,0.0
3001055,4.251043427806357
3001056,1488.961186029692
3001057,0.0
3001058,163.95972236708923
3001059,5.311258287259301
3001060,978.0566950370993
3001061,387.39687553973334
3001062,226.81520271821586
3001063,43.152328539276674
3001064,32.64142702647857
3001065,2428.3191933335597
3001066,19.99796283072428
3001067,0.33858105133780547
3001068,15.62213557944386
3001069,29.457188572998554
3001070,0.15996770280344258
3001071,165.15087830812007
3001072,1.0811816414473956
3001073,0.0
3001074,9.935912767963675
3001075,32.57895408962427
3001076,1.6899195845013666
3001077,139.98976833878802
3001078,231.31547574231078
3001079,0.8393283395887279
3001080,3.4765817358192863
3001081,96.04550781571845
3001082,74.81628417233009
3001083,414.1988546255385
3001084,169.93031910258387
3001085,2.713849098787568
3001086,2.471229341391748
3001087,0.6018912781000517
3001088,4.170109951509065
3001089,1693.5064011830507
3001090,0.0
3001091,160.9863877634509
3001092,1.6072585521140184
3001093,780.0679625773856
3001094,369.3345717465196
3001095,245.91603247707607
3001096,82.53995634902799
3001097,57.71246108522427
3001098,2590.951116412222
3001099,10.59745738202304
3001100,0.4082652108400993
3001101,16.5735463378018
3001102,28.387516406679282
3001103,0.22070658742506255
3001104,181.05122287539203
3001105,8.478086490797487
3001106,0.0
3001107,10.897196893818474
3001108,29.704000283580456
3001109,1.4598388990416895
3001110,142.8829925533207
3001111,155.56949284661258
3001112,0.8139336223299516
3001113,5.451422674812218
3001114,110.40532857030601
3001115,41.7340714927229
3001116,721.8220935458937
3001117,161.17272783839576
3001118,3.62665200613484
3001119,3.0327772670963036
3001120,0.029722668093795115
3001121,2.7311798235100304
3001122,1234.8982031590742
3001123,0.0
3001124,151.26432898773663
3001125,3.688097749405677
3001126,695.1056330244821
3001127,338.76896962543947
3001128,171.80126973562184
3001129,117.95265628104721
3001130,29.185123708195967
3001131,1984.5315840543085
3001132,3.635042394101104
3001133,0.25361673809931584
3001134,7.537273870939982
3001135,15.098740528316474
3001136,0.12764181071336356
3001137,152.52459735082775
3001138,0.0
3001139,0.0
3001140,9.599843443405621
3001141,33.88109099604732
3001142,0.7556486234211548
3001143,59.02264946714236
3001144,138.27004076822726
3001145,0.6363756586179149
3001146,1.719998778075106
3001147,66.29523041447598
3001148,26.960647341493743
3001149,659.7603427342661
3001150,62.34343721758961
3001151,0.6923763178104958
3001152,5.160542170417903
3001153,0.2687586851989827
3001154,3.4878218697324286
3001155,2741.04289498056
3001156,0.0
3001157,303.5960057532765
3001158,3.5304718325257562
3001159,903.808933546243
3001160,1004.8191797057746
3001161,376.55929360528637
3001162,129.1265447117063
3001163,73.15517609309049
3001164,4207.076162619232
3001165,12.633420306278001
3001166,0.6598479416572135
3001167,18.00942534614821
3001168,29.61924736443138
3001169,0.2871276536624492
3001170,246.39957479100943
3001171,0.8823366416202236
3001172,0.0
3001173,10.091577043428403
3001174,30.33112756298269
3001175,1.9436135669267984
3001176,248.27603079794324
3001177,243.7926824395302
3001178,1.7833498224343156
3001179,4.747860458748086
3001180,297.72851148798986
3001181,46.44939001044131
3001182,1313.4733148643
3001183,150.19691071001597
3001184,9.286636084452292
3001185,2.6825716368955894
3001186,0.0795718946310462
3001187,4.187172304289531
3001188,2003.1679395016058
3001189,0.0
3001190,530.8404958043513
3001191,5.305920783040127
3001192,472.9695660856494
3001193,839.1538188562197
3001194,174.2175340369115
3001195,134.6879387823948
3001196,44.78658813785554
3001197,2305.4684391888527
3001198,8.169306266639254
3001199,0.6631306488569683
3001200,16.26337018238324
3001201,22.35131909429453
3001202,0.3258892301961489
3001203,154.45446776055942
3001204,9.120704197345706
3001205,22.32483349009401
3001206,18.620882790826844
3001207,41.348729954336534
3001208,1.2789185449479668
3001209,79.34817746283515
3001210,132.6171180822236
3001211,3.3441775661344515
3001212,4.580859102057427
3001213,154.51445920472833
3001214,53.209173353893455
3001215,1424.5949830030504
3001216,210.51964617205763
3001217,7.848486141397231
3001218,4.154412523614845
3001219,0.3858835748062103
3001220,3.592871027146489
3001221,2203.5180656988773
3001222,0.0
3001223,162.31599117117972
3001224,5.0930596804742825
3001225,717.8198131082487
3001226,353.71206122156576
3001227,276.35337940559646
3001228,31.506790663668927
3001229,29.781617847523442
3001230,2950.498379489102
3001231,46.096851516368076
3001232,0.6223547929589632
3001233,13.254969453191483
3001234,19.71820880001389
3001235,0.10610357176678728
3001236,137.15006009728785
3001237,6.281178196152258
3001238,0.0
3001239,8.034126154541248
3001240,39.40973785807074
3001241,2.243585067289736
3001242,120.67181493797682
3001243,125.40207773180543
3001244,0.7075060542203576
3001245,3.6168652926408127
3001246,84.8964230081729
3001247,21.280417916938664
3001248,394.68384959818326
3001249,160.3687274299973
3001250,1.484192848380224
3001251,4.4159098856112475
3001252,0.0387368638851302
3001253,6.641592532841305
3001254,3088.534863902064
3001255,0.0
3001256,643.78486377062
3001257,9.003703646830942
3001258,921.2363452583106
3001259,836.7391497369306
3001260,215.4743029052134
3001261,148.2848769605963
3001262,108.22138331827705
3001263,3931.216717074762
3001264,45.48024762266534
3001265,0.8072608996213787
3001266,15.546176080078013
3001267,27.603062432569793
3001268,0.2555548216146169
3001269,259.47871920597964
3001270,15.947309613212774
3001271,21.810400292189662
3001272,22.106570201048584
3001273,64.98049679397488
3001274,6.50685998408442
3001275,381.64458864802185
3001276,260.22113294799453
3001277,6.331959409547897
3001278,6.531965427086123
3001279,472.5477735339698
3001280,105.0303514528274
3001281,3239.0194746823454
3001282,70.29457451186947
3001283,24.136165422752086
3001284,5.021995299587305
3001285,0.08762914994123899
3001286,4.085508641926322
3001287,2754.852445430994
3001288,0.0
3001289,463.23962624298684
3001290,4.824671514137211
3001291,1025.3367448588883
3001292,798.4660752062048
3001293,476.0146024858282
3001294,72.13439203434052
3001295,56.39358047288573
3001296,4024.0563422123237
3001297,11.934206165160077
3001298,0.5206410502385058
3001299,18.552665588119073
3001300,25.259315361082677
3001301,0.11646542622749384
3001302,240.34068966752062
3001303,1.8203518622836308
3001304,15.298349697869117
3001305,13.15679413821446
3001306,52.69056183145869
3001307,0.7614769107883895
3001308,240.01663023905027
3001309,270.27820653099513
3001310,3.106255893174708
3001311,3.6540833870327347
3001312,228.4137939884813
3001313,50.56226492869834
3001314,986.2014427695873
3001315,206.02277521607238
3001316,8.88974768449241
3001317,5.772475892087549
3001318,0.30721898893223576
3001319,3.606109474298242
3001320,2473.939289504818
3001321,0.0
3001322,430.096032178683
3001323,5.4361457300984535
3001324,1214.9744375948067
3001325,671.8222859148677
3001326,282.41751454014684
3001327,170.96814163026568
3001328,69.84426347174158
3001329,3314.0584550529993
3001330,13.977652627477292
3001331,0.55703353797707
3001332,23.52255323673278
3001333,32.869702789500394
3001334,0.29443476576828786
3001335,222.3057057049
3001336,1.5288648229829513
3001337,39.52359803949766
3001338,17.79796399422678
3001339,80.18617547577372
3001340,1.607120146677756
3001341,105.25891197685412
3001342,218.42078950590513
3001343,2.5192435595469522
3001344,4.6163223765914765
3001345,149.7331093876176
3001346,119.9730415114508
3001347,1353.3138506237865
3001348,74.24217973354965
3001349,5.489284027361083
3001350,3.19438012206522
3001351,0.05136632196129039
3001352,3.447257088479443
3001353,1400.336283910979
3001354,0.0
3001355,143.58703250313988
3001356,5.837239966327205
3001357,526.7367871040393
3001358,318.5455531955579
3001359,151.39949521777166
3001360,44.530787454047186
3001361,39.151692684135924
3001362,2232.012446744873
3001363,9.991523367251954
3001364,0.4023368801410272
3001365,18.731249472797533
3001366,26.739374150501664
3001367,0.18157487305781803
3001368,134.6151458743857
3001369,2.0951173290728073
3001370,0.0
3001371,5.736354102296083
3001372,76.89151114121437
3001373,1.5583586603520287
3001374,104.28009114588218
3001375,132.4171060440131
3001376,0.7658102454567384
3001377,4.468494022217651
3001378,108.00014480036405
3001379,27.364690479659128
3001380,514.0733721351849
3001381,187.25555453798626
3001382,1.3627725831257507
3001383,1.8256959710301774
3001384,0.0
3001385,2.9831552558555208
3001386,1538.535306940206
3001387,0.01276210297691871
3001388,283.68987550261147
3001389,12.76738477774421
3001390,602.7708294895248
3001391,520.4643808572323
3001392,141.54727604904883
3001393,47.59126826593754
3001394,54.279978045885805
3001395,2334.7999987429353
3001396,28.504378413402947
3001397,0.43964764917638344
3001398,12.297320405909256
3001399,19.491519902393335
3001400,0.07177528154115681
3001401,155.3449477015938
3001402,11.521644411983198
3001403,51.82838427287001
3001404,12.238846700986322
3001405,45.172437021208395
3001406,4.458850065545361
3001407,514.953484099098
3001408,161.20003669771484
3001409,2.3702023996130572
3001410,6.021472679942628
3001411,330.8400136031513
3001412,34.11976509819417
3001413,1710.4416196577424
3001414,0.0
3001415,6.22809761400796
3001416,2.499413129117743
3001417,0.11314675816031557
3001418,5.6422507246814835
3001419,3697.5626500844915
3001420,0.062268237014362675
3001421,757.0169105793781
3001422,11.029924621002516
3001423,1201.8602191148507
3001424,1428.4608264901074
3001425,300.92893985808473
3001426,232.225765850477
3001427,162.09954014269206
3001428,4500.843542943324
3001429,26.818977630173997
3001430,0.8981105928039641
3001431,16.932044650248734
3001432,39.84133489287568
3001433,0.141815138062961
3001434,309.90752071351267
3001435,9.17061911453937
3001436,45.773096745324295
3001437,15.644757448509257
3001438,83.03059166444976
3001439,12.334768363134105
3001440,429.72397254313864
3001441,284.53425381358574
3001442,13.598076693937433
3001443,8.996530236935218
3001444,590.6199039173041
3001445,94.02135394200434
3001446,5953.186696237594
3001447,71.87508536549078
3001448,16.920958474831508
3001449,2.1699323829813704
3001450,0.02325170497690693
3001451,3.861536937851302
3001452,1676.770261023141
3001453,0.026619749940597397
3001454,326.3605762779721
3001455,3.3111981834005837
3001456,377.2501345497037
3001457,453.2611219179453
3001458,136.75552607709812
3001459,94.60830890337567
3001460,56.75536505702326
3001461,1793.0488018277135
3001462,10.905019241858158
3001463,0.45283339721853766
3001464,14.075799115506157
3001465,20.05518939409963
3001466,0.144811748061312
3001467,110.59796929107591
3001468,0.0
3001469,37.58291875978205
3001470,7.987048499987177
3001471,91.88258920079925
3001472,4.552669579862485
3001473,201.46758717590836
3001474,89.27618887009251
3001475,3.1613611613185086
3001476,3.198268829093381
3001477,151.9678829244532
3001478,28.809879720047103
3001479,2595.621910183808
3001480,57.34456796465505
3001481,1.4951165659671612
3001482,4.634538092715797
3001483,0.0
3001484,2.922209159130268
3001485,1004.7380958026761
3001486,0.0
3001487,208.0283521871538
3001488,4.175824337202069
3001489,384.4613670680662
3001490,240.71691082344717
3001491,90.68731392293788
3001492,29.12141737613627
3001493,20.51683389933791
3001494,1648.950243176291
3001495,10.584570493314512
3001496,0.7680239322144823
3001497,11.105533144631432
3001498,17.63554559762771
3001499,0.28481883704583827
3001500,84.66739177419808
3001501,0.2250482760096693
3001502,16.60314771195601
3001503,6.61509125073354
3001504,26.937087239990326
3001505,0.3759730152397688
3001506,238.4214282219873
3001507,136.09157760364764
3001508,2.918120707883895
3001509,1.1692569612394057
3001510,135.7164873190829
3001511,18.209619862430692
3001512,1042.9195727447204
3001513,44.95539597935543
3001514,1.0324690163428334
3001515,4.159594922563651
3001516,0.20496983689274587
3001517,4.210057421908818
3001518,3037.326013326819
3001519,0.1315478034768144
3001520,664.6358800485549
3001521,10.45836235241223
3001522,1010.4615719273808
3001523,998.4471855649577
3001524,293.20347189592405
3001525,240.2444050547271
3001526,90.3489529279502
3001527,3772.761583314388
3001528,16.83880552136554
3001529,2.4707155978715907
3001530,19.96084806122608
3001531,31.09331491623605
3001532,0.2538712927571194
3001533,286.02797539969526
3001534,2.680714757136659
3001535,36.43551395327557
3001536,8.291435437580027
3001537,84.91429535777459
3001538,3.4942735782095764
3001539,283.14096855272805
3001540,230.56318881513977
3001541,7.674278478630203
3001542,7.369741793330998
3001543,370.9159223473943
3001544,80.53241985571618
3001545,4390.321980800921
3001546,62.26727376012889
3001547,10.098916398155787
3001548,5.930636216555389
3001549,0.03586430015655376
3001550,3.658839273609803
3001551,2562.6839884554083
3001552,0.0
3001553,557.9523214982115
3001554,11.209142969766194
3001555,848.9221066922134
3001556,922.5467361784235
3001557,327.25115240530414
3001558,179.36995696247334
3001559,55.22577732337306
3001560,3502.5692314472635
3001561,7.701064150948837
3001562,0.4228458066952733
3001563,21.9467192383753
3001564,23.375956429476844
3001565,0.4499069458694021
3001566,221.8734657585562
3001567,0.0
3001568,51.180020093682074
3001569,8.590023060368265
3001570,31.58081337995803
3001571,0.9096015456382583
3001572,158.33412579147017
3001573,226.78420825611792
3001574,4.336087945599039
3001575,3.286626056528392
3001576,159.66505645519766
3001577,73.85392681627496
3001578,1388.7041488068614
3001579,40.340778407343144
3001580,0.5683457344284996
3001581,4.574374713420408
3001582,0.19943840523194653
3001583,3.4011269489292975
3001584,2584.050189291417
3001585,0.0
3001586,541.5800846845613
3001587,6.9283893528190905
3001588,820.2415838678886
3001589,764.7001541637748
3001590,223.1449612619827
3001591,150.2109153223467
3001592,57.489410214818044
3001593,3146.866421577552
3001594,8.485072325931544
3001595,0.6821711346411795
3001596,18.49031950239563
3001597,21.943066670835904
3001598,0.1932579083003854
3001599,194.8613880738346
3001600,0.0
3001601,25.375688796276876
3001602,8.780599218383767
3001603,68.23382025903275
3001604,1.021825100809754
3001605,104.16995834354162
3001606,197.08750154001447
3001607,4.528648986358789
3001608,3.376080392046415
3001609,172.31095990085424
3001610,55.27459997497194
3001611,1049.0816022117533
3001612,52.73968325711596
3001613,3.190930234085932
3001614,9.59572579977387
3001615,0.853680359228581
3001616,13.331810740242176
3001617,8152.537022388666
3001618,0.12341090186555881
3001619,1204.4601151413572
3001620,26.54115832767711
3001621,1882.5801007546352
3001622,2050.815208137342
3001623,315.6457141456622
3001624,457.7660091524972
3001625,344.2731721012673
3001626,8076.595878323785
3001627,87.78791340087488
3001628,2.3239746511397747
3001629,47.90233949115962
3001630,55.15989206742323
3001631,0.9323206081810642
3001632,573.1418134708829
3001633,35.246865381517
3001634,82.38274029203487
3001635,30.20774536102927
3001636,191.27267415774298
3001637,22.881209788485474
3001638,680.7859287970463
3001639,514.5007886439586
3001640,11.944693349053914
3001641,19.67129978610428
3001642,1107.4151444237866
3001643,219.7306150956638
3001644,11360.644962753806
3001645,76.97512438101468
3001646,70.66375612417697
3001647,2.5641197510502187
3001648,0.17259859314841366
3001649,3.1974407760296204
3001650,1592.2505253481183
3001651,0.0
3001652,163.81068279406284
3001653,2.7743223100930208
3001654,706.1292038772301
3001655,324.25302305654407
3001656,129.53062924337937
3001657,94.21207454985701
3001658,46.627786972152364
3001659,2169.2729899440014
3001660,3.0445932978157844
3001661,0.35638156371656693
3001662,12.627592728233237
3001663,15.776317621670662
3001664,0.32168028416568584
3001665,159.00855736112737
3001666,0.0823677602306249
3001667,0.0
3001668,10.59250769991115
3001669,49.05981279148598
3001670,0.6739002970019501
3001671,64.46932542831559
3001672,89.19050746844904
3001673,1.72441871413185
3001674,3.308294801226146
3001675,100.39345649544234
3001676,17.899241591445406
3001677,815.3514696623715
3001678,61.40881729384994
3001679,3.1812114153041433
3001680,6.642094693664877
3001681,0.1269347330934603
3001682,3.706138668804909
3001683,2718.969079270521
3001684,0.0
3001685,461.0132287281168
3001686,7.086515884822495
3001687,1006.0819931973946
3001688,747.3152996937865
3001689,214.24928924438296
3001690,198.0200000482468
3001691,61.282447410990414
3001692,3770.329537482988
3001693,10.363382540155664
3001694,0.3528720281603118
3001695,19.92837478844383
3001696,27.13497872068833
3001697,0.32282380543836153
3001698,225.4174023864588
3001699,1.4437641906262786
3001700,48.28941822303547
3001701,17.382516774330647
3001702,26.670217787794318
3001703,0.8387799128093711
3001704,309.22473327540433
3001705,234.3596981464558
3001706,2.9548111333671683
3001707,4.034420458357704
3001708,118.27090305801588
3001709,60.781242083966774
3001710,1246.275099852298
3001711,52.92762653997529
3001712,3.6059765775788106
3001713,0.9750146733014073
3001714,0.0
3001715,2.7308306185443465
3001716,716.0868603068523
3001717,0.0
3001718,113.50094279299978
3001719,1.916098612879108
3001720,641.1078087116044
3001721,177.74359171217492
3001722,107.31579690746815
3001723,163.80246215599252
3001724,11.293079957982908
3001725,1379.290674645245
3001726,1.7906931286675052
3001727,0.24572451784402738
3001728,9.551164163185673
3001729,24.30157039172285
3001730,0.04440452256425421
3001731,87.77962010659397
3001732,0.0
3001733,0.0
3001734,4.17623012109533
3001735,22.726377891985226
3001736,0.21561860238692632
3001737,63.97330650969738
3001738,74.34628314015173
3001739,0.3897753757813323
3001740,0.8179020135917973
3001741,52.72342153302564
3001742,8.578286029608407
3001743,191.49146663739486
3001744,66.0131764319689
3001745,0.8526814669163355
3001746,4.220082069644258
3001747,0.0
3001748,3.284222034435607
3001749,1920.1946332067919
3001750,0.0
3001751,215.9621475192169
3001752,6.100472123120402
3001753,783.4479934168617
3001754,487.29721309184345
3001755,148.49336135976833
3001756,110.79315488494919
3001757,35.99598348391333
3001758,2414.4685183682286
3001759,2.6628940303892197
3001760,0.4929199539779514
3001761,19.274586441879553
3001762,22.89151261332098
3001763,0.2377013833969343
3001764,172.12487629321467
3001765,0.0
3001766,0.0
3001767,15.848224850112262
3001768,33.75561702429275
3001769,0.9235982938064891
3001770,243.623156010634
3001771,174.65821888625825
3001772,0.800344149885357
3001773,2.9198427137239
3001774,194.44522095313272
3001775,19.492078654554334
3001776,1168.7963755998853
3001777,62.36030765326353
3001778,0.6762786911688982
3001779,3.1845591017028614
3001780,0.17673005889717047
3001781,3.762871558909196
3001782,1900.6284496591138
3001783,0.0
3001784,553.7073927507067
3001785,5.358926821914242
3001786,661.8875431952491
3001787,652.0968885305382
3001788,209.95029140159096
3001789,93.44279074186707
3001790,52.30376219302397
3001791,2981.6857726013227
3001792,5.713684422429642
3001793,3.397017464191892
3001794,24.440983859122547
3001795,36.95213696632314
3001796,0.4834758735011649
3001797,161.74267242807505
3001798,1.2702302871803082
3001799,23.303596588130297
3001800,10.720377374221652
3001801,36.2494318899176
3001802,2.1715776611879525
3001803,168.2123024600656
3001804,234.1373802229972
3001805,3.3101158260727135
3001806,5.597263943540884
3001807,158.79053824355145
3001808,23.142074269015456
3001809,686.140167141647
3001810,41.52407982400324
3001811,3.5905734754888723
3001812,3.0706159690320205
3001813,0.011487093144988914
3001814,2.618157699321659
3001815,1301.5098301119851
3001816,0.0
3001817,92.68337545939387
3001818,1.929066049199609
3001819,464.04187409692446
3001820,198.043156506727
3001821,97.37447230131558
3001822,89.31586557884063
3001823,30.41804623174765
3001824,1805.3551706962708
3001825,2.6227897548007384
3001826,0.1710306694328287
3001827,10.683431627077221
3001828,14.924630003538905
3001829,0.24716292184255204
3001830,94.0465165556789
3001831,0.0
3001832,0.0
3001833,5.10216036999224
3001834,38.269122680728714
3001835,0.4063123525113462
3001836,197.76560630782345
3001837,85.6340825576043
3001838,0.7660301702092727
3001839,1.2725148792534282
3001840,44.919833989759404
3001841,14.855164024442661
3001842,419.30578751582135
3001843,65.81569786594986
3001844,0.3341621475109473
3001845,3.220041533474042
3001846,0.04243123331768748
3001847,3.032607521255626
3001848,2584.142134599071
3001849,0.0
3001850,344.0365435273916
3001851,4.6709093724359825
3001852,715.0671448452268
3001853,598.5168031865445
3001854,199.1316317920597
3001855,87.07019191606769
3001856,66.78713518898951
3001857,3041.00097684781
3001858,3.626760423925475
3001859,0.4503391185902442
3001860,14.54147558395594
3001861,14.477605958581721
3001862,0.22146027910859545
3001863,161.33252771854643
3001864,0.0
3001865,33.494470522072056
3001866,10.777368915027264
3001867,43.8493864023117
3001868,0.46836612848854725
3001869,190.62343818073023
3001870,160.91069025831962
3001871,1.6766704561465846
3001872,3.4931013030599862
3001873,105.38161064416437
3001874,44.371600337520576
3001875,1065.7866965328096
3001876,65.9083771362111
3001877,0.6447217595075163
3001878,3.5108187612494515
3001879,0.0
3001880,6.265967263417055
3001881,3535.068796680698
3001882,0.13215106371521337
3001883,588.2921270556188
3001884,8.556926486753564
3001885,1067.7285628832947
3001886,952.1523388509521
3001887,171.51368291501132
3001888,139.5056523941739
3001889,115.65402065151765
3001890,4278.839341177988
3001891,86.98808533715656
3001892,1.3174691662196083
3001893,30.80524993147223
3001894,37.38809606838771
3001895,0.31814140934818025
3001896,278.4619044810913
3001897,19.40455654319161
3001898,33.79108247474857
3001899,11.928139709618389
3001900,132.7341200576197
3001901,8.840065511575396
3001902,217.9616939729509
3001903,277.806490438314
3001904,10.528364721934308
3001905,16.141318404638476
3001906,286.33359623432807
3001907,66.03510651465187
3001908,3949.6787203602044
3001909,76.68956452952978
3001910,12.604734337425128
3001911,4.147955132756218
3001912,0.0
3001913,6.792204048681164
3001914,2287.2980040887064
3001915,0.004500639439230764
3001916,444.3655352703497
3001917,8.376547079270994
3001918,1306.096344293897
3001919,787.730365875442
3001920,136.11301149020971
3001921,87.23306065108832
3001922,118.98603232269255
3001923,3862.287319415741
3001924,33.066170106115834
3001925,0.8523030544883536
3001926,30.36969623991967
3001927,76.6649944727413
3001928,0.0702870031028579
3001929,307.3646039593045
3001930,13.502076092011539
3001931,28.004233671284187
3001932,17.578738885473694
3001933,84.70236236083704
3001934,8.191093658781766
3001935,185.0107426864671
3001936,497.18916339850074
3001937,6.694285493231543
3001938,9.438725381321975
3001939,118.18697271406138
3001940,69.8160854452635
3001941,2818.6803061445967
3001942,67.94588190403466
3001943,10.404643657408469
3001944,5.377649930259875
3001945,0.2783504788447206
3001946,5.212040548105007
3001947,4286.184060801175
3001948,0.0
3001949,614.169308873748
3001950,6.879478946182585
3001951,951.5225175612326
3001952,628.4699550730925
3001953,226.63450079650428
3001954,279.80259942018773
3001955,55.619069466297745
3001956,4762.623615151471
3001957,26.305351701966117
3001958,1.0278378391921923
3001959,22.529426321754464
3001960,29.5799393621598
3001961,0.2228424275159279
3001962,258.33470201528235
3001963,5.463130719684784
3001964,19.602489336333672
3001965,9.996517108346389
3001966,42.64179411806249
3001967,2.580850282145348
3001968,143.46108178495763
3001969,240.91042870306075
3001970,5.005721153355125
3001971,8.041957567363688
3001972,203.36736793962598
3001973,56.89366101062622
3001974,1516.4191173269023
3001975,66.359224321421
3001976,13.153935000983124
3001977,2.8277021724427795
3001978,0.050644557280137406
3001979,4.9090697766707825
3001980,2458.495839747432
3001981,0.1085719407388549
3001982,381.86373699064416
3001983,5.734801201736108
3001984,813.1973919164334
3001985,759.3991110809249
3001986,181.02595586272
3001987,121.63656352997799
3001988,76.24520826023831
3001989,3171.855529114233
3001990,27.686928049658086
3001991,1.2167479855131955
3001992,11.694608797333837
3001993,24.7205048670009
3001994,0.3177170142587886
3001995,280.2661478094888
3001996,17.062191699186457
3001997,31.416690489339732
3001998,10.280655853599011
3001999,62.061484889090295
3002000,6.168033875723114
3002001,305.61238458718947
3002002,237.0860624006057
3002003,4.275502104845555
3002004,8.371253644838092
3002005,336.3720674170872
3002006,41.36078080314482
3002007,3098.687658329815
3002008,70.12331086151016
3002009,19.137394642124658
3002010,3.6789256768015424
3002011,0.11020981056987059
3002012,3.836080377047179
3002013,4187.359236162764
3002014,0.0
3002015,390.08853247659385
3002016,8.404437427096262
3002017,1210.144734424613
3002018,820.8063883982205
3002019,257.28332926295275
3002020,155.51628514779085
3002021,53.02296555166581
3002022,4894.172617650173
3002023,11.343749172181763
3002024,1.3391556852260251
3002025,23.22847687039763
3002026,31.643126970749748
3002027,0.17312963915930277
3002028,334.3326383201576
3002029,0.0
3002030,74.14646315580119
3002031,10.559824403292367
3002032,38.04590012476247
3002033,1.3272442156914974
3002034,139.42635757216036
3002035,230.96684103732633
3002036,3.305254283278168
3002037,7.96140524014606
3002038,165.97865505508383
3002039,59.55125226713729
3002040,1265.7647917219495
3002041,56.20597277083858
3002042,4.1108654755726315
3002043,5.084977207683112
3002044,0.07712706048915037
3002045,7.093535173837036
3002046,3047.930103462741
3002047,0.03206043492416624
3002048,472.2846704919046
3002049,8.171755719166661
3002050,1256.51908889817
3002051,771.8354858105347
3002052,213.8374054734648
3002053,130.00202271831745
3002054,85.35703594490096
3002055,4549.32336926239
3002056,27.61115269629287
3002057,1.1997557694670256
3002058,19.176054802224513
3002059,44.60825746200899
3002060,0.349543813066586
3002061,286.13382095609177
3002062,15.770047558336788
3002063,31.695860050134144
3002064,13.790781548199599
3002065,91.26057701854353
3002066,8.043610360543472
3002067,235.38682812240467
3002068,426.9442684211437
3002069,9.6182496463863
3002070,6.98528937338635
3002071,211.97691678173527
3002072,69.01006277094626
3002073,3315.1584995361595
3002074,43.20146409307954
3002075,5.394235892082646
3002076,2.557426206130919
3002077,0.0
3002078,5.490508039355043
3002079,3500.014016864242
3002080,0.0
3002081,521.7788359044176
3002082,9.016505178568426
3002083,767.2639702562207
3002084,886.9434463340209
3002085,185.22524032047198
3002086,133.74958375076852
3002087,115.876861615159
3002088,3429.3968087500853
3002089,32.2844014588517
3002090,0.79712203101251
3002091,21.07895444268223
3002092,35.21719052554818
3002093,0.21078124864748193
3002094,244.77218807135046
3002095,15.50462650724026
3002096,45.91600717585312
3002097,10.502888077204059
3002098,76.36318167534026
3002099,8.551675496402293
3002100,247.3198405242372
3002101,238.41220448130397
3002102,7.478222705680677
3002103,8.004851890011675
3002104,264.97077771646434
3002105,59.31701113356555
3002106,3511.389903646216
3002107,72.52599391962474
3002108,12.082149260710823
3002109,2.718903479231261
3002110,0.011967869372311148
3002111,3.5835364386086734
3002112,4208.372382266165
3002113,0.0
3002114,510.4821091313487
3002115,9.933784593683338
3002116,995.6878002235192
3002117,639.215184001543
3002118,258.22399089222796
3002119,169.29345684899533
3002120,48.400525875664066
3002121,3998.997066688139
3002122,8.237659281818747
3002123,0.06754583420571941
3002124,12.436841326805858
3002125,20.22219495091963
3002126,0.11086235410032491
3002127,203.29074696528116
3002128,0.0
3002129,18.36810172802023
3002130,4.321805397213962
3002131,46.12796660693159
3002132,2.5507932232589985
3002133,189.47496653114558
3002134,245.02208280076437
3002135,2.3894199205015076
3002136,2.8260259993528187
3002137,236.86831538552985
3002138,116.13470313554417
3002139,1114.1594220047568
3002140,48.160871440490226
3002141,0.6464921821189674
3002142,12.663510206054069
3002143,0.0
3002144,15.072850533005804
3002145,8743.705257937341
3002146,0.025458263875934466
3002147,1622.6073740494337
3002148,32.172298672521464
3002149,2949.111509464807
3002150,2395.451116253271
3002151,538.7961256664576
3002152,591.2979693880459
3002153,438.880940367875
3002154,9268.443125398275
3002155,105.41238458159506
3002156,4.309203122099011
3002157,98.29800493897164
3002158,139.02400745585942
3002159,0.42627836898931976
3002160,808.360305378576
3002161,38.042659767314625
3002162,36.77192813465919
3002163,36.337110715717934
3002164,269.8153846159709
3002165,19.73387909739239
3002166,798.4898761447168
3002167,623.5467818643859
3002168,32.9552636552781
3002169,33.15248753455748
3002170,1034.6785382129835
3002171,292.1978651990395
3002172,12507.354038586875
3002173,23.155782860771005
3002174,77.65610548067019
3002175,13.257804764813025
3002176,0.0
3002177,11.585270359234727
3002178,8580.96396238781
3002179,0.07216408126029196
3002180,1081.6086477592396
3002181,21.90345686130706
3002182,2292.6278702871646
3002183,2016.2021526660897
3002184,596.3681227618542
3002185,332.0722452487643
3002186,255.70464717184723
3002187,9471.125395679404
3002188,160.4397763878788
3002189,1.874415089520785
3002190,52.341052095455936
3002191,83.05195163272093
3002192,0.5802823999290287
3002193,611.3377814009341
3002194,29.859575506642507
3002195,37.848353472631885
3002196,34.431994909363
3002197,192.78227216674108
3002198,16.634318896207525
3002199,967.7422387392269
3002200,643.3537572897567
3002201,14.637122698598892
3002202,25.268924032240246
3002203,1068.7167561127956
3002204,245.19249752308284
3002205,8129.358545793038
3002206,46.25854929237077
3002207,62.42065217831266
3002208,7.888724102307586
3002209,0.0
3002210,12.817846214758921
3002211,5077.507875816924
3002212,0.13771509453302072
3002213,932.8888746725368
3002214,11.446602531482736
3002215,2160.3586737844653
3002216,1307.245876875272
3002217,626.4694834970933
3002218,116.38277931222335
3002219,158.3296980190634
3002220,8155.2283878736125
3002221,43.67978961310943
3002222,1.6940223932442906
3002223,28.484175073650817
3002224,39.65129074553588
3002225,0.41880791424942665
3002226,587.5704281580659
3002227,26.557011348816026
3002228,32.788099418743556
3002229,12.421582090165536
3002230,107.9003616542128
3002231,7.511454585443341
3002232,911.5500367654439
3002233,627.6790092489873
3002234,18.294757536045392
3002235,34.03395103467397
3002236,564.2914501237847
3002237,119.35861185037314
3002238,3490.1127664433934
3002239,177.2523602288305
3002240,32.121290726807466
3002241,12.176241682297787
3002242,0.0
3002243,15.031113861107556
3002244,8096.376640494059
3002245,0.08172604018356569
3002246,1023.1947284909644
3002247,16.726051191315147
3002248,2200.7453145360596
3002249,2038.94257641656
3002250,593.0903900901365
3002251,319.59852066478686
3002252,215.41345032422922
3002253,9272.685971801046
3002254,56.21664104245913
3002255,1.5757642595790657
3002256,55.97574319044827
3002257,78.75843525589093
3002258,0.5664404672027398
3002259,617.7582790980221
3002260,44.22806225945467
3002261,39.531150227976596
3002262,28.09471278856757
3002263,172.8135879695113
3002264,11.03154423331232
3002265,715.2945363533033
3002266,628.1969709446198
3002267,19.022667702429462
3002268,24.23492224192289
3002269,849.3742799061548
3002270,194.7506794854891
3002271,7282.173992311466
3002272,97.12903407658631
3002273,55.059055739604766
3002274,7.849926280786426
3002275,0.0
3002276,14.020763271825478
3002277,4107.231972091748
3002278,0.035466885628586936
3002279,694.9354069520814
3002280,16.363675411080475
3002281,1641.0117636600462
3002282,1053.550879168452
3002283,551.5910525847914
3002284,95.61160281718483
3002285,141.5332736942382
3002286,6855.647949660565
3002287,37.600149955810835
3002288,0.6326224241927576
3002289,31.088845673635074
3002290,49.61506858914743
3002291,0.6171553436962997
3002292,586.7154180773482
3002293,28.68467838313247
3002294,20.874283466133488
3002295,11.471131215247043
3002296,114.83061610016252
3002297,4.658466088212279
3002298,705.5804044349522
3002299,853.6717827451185
3002300,11.088607386725187
3002301,18.94563462458736
3002302,607.140323960773
3002303,87.45555375212176
3002304,2436.014723814844
3002305,74.08003825255363
3002306,14.567406635472397
3002307,7.83589187380634
3002308,0.0
3002309,11.775815780828497
3002310,6334.927712348072
3002311,2.783919562811439e-05
3002312,1192.6838354803476
3002313,22.811150901022813
3002314,1780.5385882223627
3002315,2079.3929589662653
3002316,393.421003564409
3002317,465.08595247703374
3002318,344.0691145703055
3002319,7963.2761332622
3002320,59.550712086013085
3002321,1.4372990207118732
3002322,37.33879997743685
3002323,61.00100277917922
3002324,0.2954556949818616
3002325,525.914970394638
3002326,12.968953068974292
3002327,38.10193532658589
3002328,16.787931255335774
3002329,227.40885795060552
3002330,13.194172369014902
3002331,669.3398240221482
3002332,515.9385103087229
3002333,17.487433533624337
3002334,28.560800173737093
3002335,893.1561831535352
3002336,210.3776612181612
3002337,9290.058039725438
3002338,240.2205439251976
3002339,75.79558250028987
3002340,4.289583819643534
3002341,0.25601732646632736
3002342,6.254202006493837
3002343,1982.73936753177
3002344,0.0
3002345,352.351933163495
3002346,16.453723759220484
3002347,959.4819504790606
3002348,593.1061016572897
3002349,231.036941321729
3002350,87.5817424339661
3002351,78.16392332099927
3002352,3082.46797061632
3002353,64.25288552163022
3002354,0.9446256653570673
3002355,25.00562315259536
3002356,34.78805741912045
3002357,0.5228836739977326
3002358,233.75308776658352
3002359,12.93131766349821
3002360,15.447500069962022
3002361,24.974062398393954
3002362,51.56956148186382
3002363,5.554602826098549
3002364,258.9011669215387
3002365,269.6495821295931
3002366,2.94254398921644
3002367,6.766213137549758
3002368,263.766442914619
3002369,48.685719727758794
3002370,2341.9070335968804
3002371,49.16603828500986
3002372,9.014289236195749
3002373,5.431979562088268
3002374,0.0
3002375,12.231625837901944
3002376,4109.977267747863
3002377,0.11823804400032173
3002378,547.4365791008308
3002379,21.959159442570268
3002380,1653.5307564402874
3002381,1015.936740736783
3002382,428.6628755304056
3002383,90.35259365898767
3002384,135.30222207673165
3002385,5962.502152132986
3002386,147.1720087282576
3002387,1.0354192807352622
3002388,35.795314756571386
3002389,52.49738053688368
3002390,0.4673045598422799
3002391,487.80783022695465
3002392,16.642041247810074
3002393,18.253662222285044
3002394,8.543260307485578
3002395,117.12097441432536
3002396,5.745063852724797
3002397,596.1474217642622
3002398,521.6749180864856
3002399,9.961428918336654
3002400,19.84321032695771
3002401,388.56143844967727
3002402,77.986141332263
3002403,2865.596658948387
3002404,79.04385042813172
3002405,12.04168787283993
3002406,5.587969221548308
3002407,0.0
3002408,5.189779690654282
3002409,4631.75179216165
3002410,0.02499021677296536
3002411,963.5837645265856
3002412,6.890060613769382
3002413,1658.3338969369524
3002414,1896.2569249194557
3002415,242.26247706485304
3002416,391.88108210408524
3002417,235.89937806333018
3002418,5698.506395040898
3002419,46.7207010090937
3002420,1.1319846964397238
3002421,28.05921742431258
3002422,45.55156176439591
3002423,0.5588965127294331
3002424,421.4988515325505
3002425,3.0675342228157536
3002426,43.9773250355027
3002427,12.839958395936112
3002428,119.2360038884272
3002429,9.573299298778387
3002430,617.0542151914206
3002431,347.9166998869042
3002432,14.849821286763554
3002433,8.500345477115802
3002434,783.4213160030974
3002435,131.1119326086284
3002436,8396.64521503089
3002437,51.87135136118681
3002438,40.661807805480564
3002439,8.311607887952837
3002440,0.0
3002441,6.878442815129884
3002442,4198.9638178074565
3002443,0.0
3002444,755.6221464621506
3002445,8.756000896412276
3002446,1691.8616345624994
3002447,1129.747713891556
3002448,320.80695755460613
3002449,217.81821734008457
3002450,277.59134113426046
3002451,5753.22007668068
3002452,46.31649109611743
3002453,2.649629938121346
3002454,31.81077637802782
3002455,43.14704735373382
3002456,0.5217583032942155
3002457,350.4040792259903
3002458,5.468746091432132
3002459,56.01161029253558
3002460,12.490867721918473
3002461,214.36376747658392
3002462,7.643208047175046
3002463,447.738866485995
3002464,325.628911291277
3002465,10.538699128968178
3002466,22.67038895551969
3002467,490.1665061771837
3002468,114.38581790643215
3002469,7411.781839391867
3002470,64.86439754920914
3002471,6.2885945539677
3002472,7.738152675833703
3002473,0.1023591379946984
3002474,4.9248740254266945
3002475,2499.6259788442558
3002476,0.0
3002477,464.9790446154128
3002478,4.845361201233758
3002479,1011.3194948649343
3002480,585.2094102251799
3002481,226.62982636307433
3002482,81.90369034629373
3002483,90.03794020009896
3002484,3177.2821847572322
3002485,11.345512643090014
3002486,1.299659458726244
3002487,20.940020033341234
3002488,36.31052254481261
3002489,0.17529075785784426
3002490,252.25443147977086
3002491,3.2979943845735002
3002492,23.16791162639369
3002493,11.807530643244077
3002494,48.92176056103087
3002495,2.6715788012446273
3002496,245.99595291057668
3002497,249.48274653605074
3002498,3.936784956084363
3002499,5.689338106050361
3002500,159.62562563680572
3002501,80.34226825589477
3002502,3049.0682095920365
3002503,66.4711120572925
3002504,2.540605889095911
3002505,4.215950605596662
3002506,0.0
3002507,3.006877773151135
3002508,2441.8358049191056
3002509,0.0
3002510,217.5376742456291
3002511,2.1212064435519604
3002512,943.8843086690374
3002513,284.86341964956245
3002514,200.35589779352273
3002515,52.943609559618146
3002516,25.804608553552463
3002517,3019.2954553833843
3002518,4.945948641205623
3002519,0.43698939918518914
3002520,17.756254007309657
3002521,17.53743656838067
3002522,0.13281348057815714
3002523,191.71378577463776
3002524,0.0
3002525,0.0
3002526,6.884272419766972
3002527,24.83593080694652
3002528,0.6844196480314245
3002529,54.195317797793706
3002530,161.51365373326792
3002531,0.12804268633994623
3002532,1.972715464153792
3002533,52.25214318893377
3002534,82.04892185348537
3002535,698.9848705970139
3002536,50.170008176212846
3002537,1.521300694747408
3002538,5.293525991117999
3002539,0.09692353434282283
3002540,6.956872182270853
3002541,3320.8219690033534
3002542,0.0
3002543,519.4710494284404
3002544,8.886166997056433
3002545,1181.8937844588813
3002546,939.7447657693017
3002547,298.21579118000705
3002548,167.56617082430665
3002549,126.90221741122143
3002550,4691.340425817181
3002551,31.80292709116745
3002552,1.034236348182835
3002553,25.86347952869324
3002554,49.36634047005454
3002555,0.08934475968040381
3002556,344.338444151536
3002557,20.543941943133618
3002558,23.45455322103165
3002559,10.964771662741041
3002560,90.52819342357395
3002561,5.782712214962823
3002562,440.48542724093966
3002563,297.7010280619444
3002564,6.989901906626262
3002565,11.621275340440057
3002566,487.6059504143149
3002567,80.19600423626207
3002568,3597.9272231000587
3002569,0.0
3002570,25.292056603012803
3002571,4.655713369228399
3002572,0.1550405165259232
3002573,5.833409732020513
3002574,4020.344779802196
3002575,0.10127438552912779
3002576,687.3825897571276
3002577,13.93786895619175
3002578,1055.319530626221
3002579,1497.56715104756
3002580,208.71701252235113
3002581,275.0803142027781
3002582,215.1674974391877
3002583,4250.783230462196
3002584,46.077851833140144
3002585,2.4354676040148666
3002586,24.926692385985103
3002587,36.10768456691979
3002588,0.7137819912618326
3002589,287.8501566180603
3002590,13.4993736995039
3002591,56.838906184085694
3002592,12.219067044471643
3002593,164.4684718968565
3002594,8.735903360557636
3002595,468.12817143016423
3002596,295.6468163828058
3002597,6.03573538416161
3002598,12.577828815070632
3002599,726.6529323839181
3002600,141.07107375441262
3002601,6795.300415600381
3002602,77.51255373386412
3002603,40.418100399587196
3002604,5.396599822908888
3002605,0.12156197505678032
3002606,9.253776569848192
3002607,4475.002237280785
3002608,0.08716648376615624
3002609,839.4704016255828
3002610,17.687968433938245
3002611,1285.9175247489466
3002612,1468.1921918562057
3002613,277.90835443054004
3002614,294.5064066243426
3002615,159.37136713722754
3002616,4945.9342873417245
3002617,35.85833303079655
3002618,3.897046578282215
3002619,35.06248182488912
3002620,69.45272851078954
3002621,0.305117040691198
3002622,352.83833580547383
3002623,26.992006403835582
3002624,46.92608556747207
3002625,28.150676511369262
3002626,121.54185092111953
3002627,17.52150814493435
3002628,374.5832233680792
3002629,293.53795955953814
3002630,14.865181422637146
3002631,15.473322471638824
3002632,538.4559060432244
3002633,136.73071643095471
3002634,6350.996289594408
3002635,64.79041557054124
3002636,36.50064727251703
3002637,7.184701873029669
3002638,0.12768791235583143
3002639,6.08105870795879
3002640,2823.8877932192304
3002641,0.0
3002642,466.22801208256783
3002643,11.78089814629935
3002644,1138.5185711105426
3002645,684.8677837026722
3002646,462.7697748704246
3002647,172.2011569298183
3002648,89.8841785513885
3002649,4937.726115121547
3002650,9.585825387994452
3002651,0.5817032507386308
3002652,34.939113950711985
3002653,40.279178263380985
3002654,0.16267786137820084
3002655,314.89534438337193
3002656,12.770366169594766
3002657,18.32060728864202
3002658,14.214085554801137
3002659,46.30481595113383
3002660,2.61839475311288
3002661,323.5511820221193
3002662,336.320289574221
3002663,6.110619123347076
3002664,7.133816773713562
3002665,333.9048497407847
3002666,74.21483937101497
3002667,1283.7487659592664
3002668,109.18265240840454
3002669,11.80460661098644
3002670,4.096741550756232
3002671,0.0
3002672,3.1378215997927676
3002673,2133.366680681207
3002674,0.2219493007737303
3002675,358.5826511426153
3002676,18.500520211670636
3002677,686.6543697748731
3002678,735.7070377628356
3002679,134.69954720021192
3002680,132.3857816867095
3002681,130.84387816130646
3002682,2646.183110041725
3002683,27.907088357755413
3002684,2.0871896013308215
3002685,14.648884647277676
3002686,24.04254979947496
3002687,0.8478729336033024
3002688,192.90412962452248
3002689,14.088960497430229
3002690,21.64322356915894
3002691,3.928641453235062
3002692,96.80794134666425
3002693,6.118787238239841
3002694,277.03416371470223
3002695,167.8765609257066
3002696,3.6184020900490323
3002697,7.486261129100416
3002698,390.3256680819342
3002699,63.532814622253454
3002700,2351.98379426363
3002701,14.362803708811155
3002702,19.42916445815079
3002703,1.0903583121821572
3002704,0.0
3002705,1.891216011656888
3002706,1072.065375364375
3002707,0.0
3002708,83.83790698153642
3002709,2.950078389309113
3002710,882.4429523986066
3002711,194.86861825041976
3002712,183.10219755044818
3002713,24.798281428970196
3002714,21.99869493109405
3002715,2110.3248437730676
3002716,4.565043865863029
3002717,0.22307314421478047
3002718,4.615682350294791
3002719,4.668515590241346
3002720,0.051700960099415744
3002721,108.55523850110055
3002722,1.462025434721229
3002723,0.0
3002724,0.8635110856834909
3002725,7.369318524791105
3002726,0.40776918388322175
3002727,251.60219504306903
3002728,140.89982415881994
3002729,0.5448881316753335
3002730,2.824648698319122
3002731,122.00034362671664
3002732,19.309887824555965
3002733,239.19499262946053
3002734,39.97604522469816
3002735,0.521738606306664
3002736,6.576945751309857
3002737,0.20141085571445985
3002738,3.535468619132888
3002739,3696.0541066282176
3002740,0.0
3002741,636.0825781175014
3002742,9.779918572711738
3002743,1423.21845246548
3002744,558.9452977928207
3002745,432.3683459785677
3002746,151.23357917013263
3002747,60.677106739946765
3002748,5605.915098814507
3002749,36.234274359713524
3002750,0.47482269612793554
3002751,19.618817205948098
3002752,20.74831975559013
3002753,0.2704227076290906
3002754,369.8005678682509
3002755,16.46348196439918
3002756,18.683324226158362
3002757,7.833283624913081
3002758,29.544433965037584
3002759,1.9761171725082196
3002760,899.4928734201699
3002761,268.28481746759957
3002762,1.8876936051517925
3002763,12.562910670170249
3002764,338.8388026706814
3002765,98.9683927657654
3002766,1148.5919489289276
3002767,15.429792490102145
3002768,5.4912525214624
3002769,3.93665253579377
3002770,0.06488447832833799
3002771,0.0565785776162298
3002772,1360.0695264127994
3002773,0.0
3002774,144.86314262869388
3002775,6.658006979954873
3002776,813.3494684723173
3002777,351.1960223948353
3002778,168.17643393935907
3002779,55.41102053354616
3002780,32.05738475936357
3002781,2824.7013578369374
3002782,8.4825121937002
3002783,0.5083069594344853
3002784,9.902125543564987
3002785,15.385607197843612
3002786,0.2980717149768953
3002787,151.39033976445728
3002788,5.456983313165514
3002789,0.0
3002790,6.109937028905832
3002791,31.285408230773246
3002792,1.3701744957320052
3002793,239.48501607236017
3002794,136.5240978925549
3002795,0.9918940646143763
3002796,4.340121095884159
3002797,169.26052743566507
3002798,24.96353044542996
3002799,369.31858501456617
3002800,71.72635127660172
3002801,2.2896648229745837
3002802,2.8896952157087465
3002803,0.0
3002804,1.149837542907717
3002805,1400.476828986476
3002806,0.0
3002807,125.66483403908285
3002808,4.540760965638037
3002809,687.5372118556808
3002810,215.3905060324875
3002811,122.15430765113564
3002812,34.51734340307575
3002813,26.45095204732496
3002814,2640.30074933209
3002815,8.675652820106011
3002816,0.11033942998764745
3002817,11.525798511215903
3002818,4.808516128683229
3002819,0.09507790457623552
3002820,98.6527886419484
3002821,1.146195120075559
3002822,0.0
3002823,2.7140050429455864
3002824,21.49417740939592
3002825,0.8252903881196592
3002826,185.51138192158908
3002827,142.7502969426067
3002828,0.4049060997022569
3002829,3.033267397934414
3002830,92.48102146985926
3002831,19.323397174058876
3002832,157.27744720609542
3002833,51.79015759812144
3002834,2.006845856399964
3002835,2.1447080970158203
3002836,0.0
3002837,2.5091514304113964
3002838,1413.677327468818
3002839,0.0
3002840,163.67102091542537
3002841,6.982598588963025
3002842,1375.5126443980434
3002843,342.56289215768885
3002844,231.91677824195133
3002845,28.957965465425204
3002846,41.227268716648254
3002847,2928.200318755462
3002848,19.25131835295335
3002849,0.3735216070295245
3002850,9.965040851366263
3002851,16.563801914795835
3002852,0.1685714470122553
3002853,187.176708784565
3002854,1.105244946612545
3002855,0.0
3002856,1.8209535546258904
3002857,15.87953800292119
3002858,1.7597817974324566
3002859,372.33861284625027
3002860,208.68850729012337
3002861,0.9868323286622142
3002862,3.7254499945580073
3002863,83.76819582919094
3002864,84.89577187183464
3002865,392.0889960806132
3002866,80.45740986891961
3002867,2.2234958101359106
3002868,2.383911939812276
3002869,0.4898872911999985
3002870,3.2087105806346723
3002871,1640.9600081587475
3002872,0.0
3002873,180.28238183167718
3002874,1.5439804367873562
3002875,872.8416388862468
3002876,307.191122521248
3002877,258.56158500992984
3002878,73.7775998333683
3002879,68.19533419075421
3002880,2713.0721046552794
3002881,9.145990860786892
3002882,2.128213526122286
3002883,12.257102956485845
3002884,14.070134118887777
3002885,0.14819347695657648
3002886,179.38946384855674
3002887,7.510789361522413
3002888,0.0
3002889,2.9188282539240857
3002890,16.572256580872782
3002891,1.3949046223130936
3002892,183.30738958800146
3002893,169.531166024769
3002894,0.5663630088346586
3002895,4.375315720643144
3002896,133.22554075801426
3002897,42.07806414960041
3002898,604.1920562131827
3002899,78.61140066129325
3002900,3.3003901785253373
3002901,3.176651774350095
3002902,0.09181603872309002
3002903,0.28152323668252055
3002904,1015.8785154958664
3002905,0.0
3002906,125.2784644751533
3002907,4.3144496176417135
3002908,975.4000042452228
3002909,169.3101353301181
3002910,125.28573219791721
3002911,109.17357143985254
3002912,25.549266836267677
3002913,1619.835239524952
3002914,4.224992724424282
3002915,0.274794218792403
3002916,5.319650671263943
3002917,7.154435008018897
3002918,0.14071044378771633
3002919,120.5815584570749
3002920,0.0
3002921,0.0
3002922,1.6531770388307296
3002923,14.692559340140896
3002924,0.8761357750812976
3002925,61.747777973712104
3002926,105.39380077631108
3002927,0.6503947364227932
3002928,1.8655126334026122
3002929,56.82693662412986
3002930,24.156400524738395
3002931,422.52322817232164
3002932,14.79639377592802
3002933,0.7392340094718473
3002934,5.520307218994704
3002935,0.3244127250428309
3002936,2.4253181975504967
3002937,2868.0521675920722
3002938,0.0
3002939,268.40168037952003
3002940,3.807852668194966
3002941,841.7024072412964
3002942,544.2974700385755
3002943,403.5141479820752
3002944,142.45889954025344
3002945,65.44372979628237
3002946,3692.967434465211
3002947,16.12064550124119
3002948,0.7017723725053714
3002949,12.755314730004857
3002950,19.55949487018143
3002951,0.24523724826604817
3002952,205.50537154120485
3002953,0.9311505477339341
3002954,0.0
3002955,3.074820215040132
3002956,23.627230586320326
3002957,2.4356154653854216
3002958,295.8814325505231
3002959,210.69628879464966
3002960,1.5623842723129826
3002961,5.68920370590458
3002962,305.79360693008744
3002963,46.22116617963657
3002964,1078.304207897376
3002965,61.85658803985808
3002966,9.414900287254424
3002967,2.715184318731274
3002968,0.047555573877014444
3002969,2.5980251485664287
3002970,1840.077075007283
3002971,0.0
3002972,545.9244932264996
3002973,7.394628854838553
3002974,476.0963861280738
3002975,499.2565230406364
3002976,152.61612952045652
3002977,133.05929834870082
3002978,39.542778367963784
3002979,2374.028102624364
3002980,9.527364778891426
3002981,0.7230595517177748
3002982,15.664875241893721
3002983,10.139182183976343
3002984,0.3415840376106539
3002985,151.2039862958132
3002986,8.804438099680716
3002987,7.038906652636529
3002988,7.294931192441783
3002989,46.4206441529073
3002990,1.573160981868484
3002991,250.7185830174702
3002992,127.44847730231382
3002993,3.1865338092970643
3002994,4.717336841452306
3002995,160.70203275092624
3002996,55.536541300965716
3002997,1363.4535624579887
3002998,172.34629577965504
3002999,6.840404961565291
3003000,4.491036669162787
3003001,0.4737224329941004
3003002,1.688703253548604
3003003,1854.2495617513594
3003004,0.0
3003005,135.96287861924398
3003006,5.5654560194927996
3003007,781.9042810768893
3003008,251.39000812880715
3003009,196.39964014425072
3003010,46.68982411212688
3003011,33.4462404693927
3003012,2643.1142225173608
3003013,48.16222098615636
3003014,0.7191018207409039
3003015,8.66438223494817
3003016,8.134486084104719
3003017,0.11231860209422659
3003018,120.94015320350096
3003019,6.869566033255779
3003020,0.0
3003021,3.1149723466463266
3003022,37.02823687235767
3003023,2.7249944025834116
3003024,147.0030988405066
3003025,148.28440059028273
3003026,0.9013664870052389
3003027,4.245661165508232
3003028,177.4305714753572
3003029,21.47708021080519
3003030,467.6031552563753
3003031,79.85620146975909
3003032,1.1814632709994402
3003033,5.019442844592271
3003034,0.0337789094858425
3003035,6.255311818755305
3003036,2707.0249706405266
3003037,0.0
3003038,567.6058390168955
3003039,10.002570727545562
3003040,824.7683563735408
3003041,655.7441419557273
3003042,204.4234541363296
3003043,122.8224757019999
3003044,97.80633829168056
3003045,3380.6243718749765
3003046,44.51431423229905
3003047,0.8610406941689963
3003048,10.07822510376459
3003049,26.046483577111076
3003050,0.3657185805281914
3003051,238.37180462143093
3003052,20.8662794321163
3003053,13.092941900200495
3003054,4.214967716292628
3003055,81.90574607037203
3003056,6.115758513369698
3003057,338.5547675443912
3003058,208.53427199641715
3003059,5.8712864771827045
3003060,6.189762397719347
3003061,375.5190346204816
3003062,89.18189209528336
3003063,1873.7400950166902
3003064,14.351489582132434
3003065,21.42058986323476
3003066,4.902800141888582
3003067,0.07267552734676325
3003068,3.303587395745846
3003069,3034.391420321269
3003070,0.0
3003071,443.93459895392607
3003072,5.131964562115369
3003073,1233.2067336481427
3003074,536.8797624893962
3003075,433.4436084732023
3003076,64.89235354570685
3003077,55.959639691688274
3003078,4545.709056854448
3003079,12.20238139034592
3003080,0.4974921112250247
3003081,14.550449684322116
3003082,16.39405921196365
3003083,0.11673054000198446
3003084,268.9870971521915
3003085,1.8313309545341208
3003086,4.891497826423298
3003087,5.787042715364509
3003088,34.36368916428001
3003089,0.8063235024927028
3003090,747.8285169238777
3003091,269.27491103814145
3003092,3.0312785271672475
3003093,3.8247912493482286
3003094,223.55450277166548
3003095,49.80903604214921
3003096,781.160239188375
3003097,157.35948014555686
3003098,6.36854253671079
3003099,5.476991399677224
3003100,0.27591518003817117
3003101,1.10926154743826
3003102,2255.2784844674798
3003103,0.0
3003104,324.5864423329551
3003105,6.653434484677739
3003106,1022.3105239779763
3003107,412.8005441505199
3003108,206.5979188335885
3003109,157.57525329039535
3003110,58.43819331603004
3003111,3133.2820151695582
3003112,11.87493027201724
3003113,0.7181374929062915
3003114,18.453433057774486
3003115,22.564570084897955
3003116,0.2693524294477667
3003117,209.25126462431894
3003118,1.5361174740279298
3003119,2.1406303193359006
3003120,8.929846087134674
3003121,85.59823413152101
3003122,1.4589413295757425
3003123,132.06316208215688
3003124,181.26175657175816
3003125,1.9335036221024882
3003126,4.904538732462471
3003127,137.70044436674252
3003128,117.55656580485683
3003129,753.1642713136507
3003130,14.60775713008966
3003131,4.599101649095619
3003132,3.4266740627583467
3003133,0.04577387146175578
3003134,0.6692329014959371
3003135,1640.8306397462745
3003136,0.0
3003137,127.95191071435482
3003138,6.706718548415094
3003139,615.896569341114
3003140,294.4090407911598
3003141,135.91075006104063
3003142,36.448255696769685
3003143,40.244906246191135
3003144,2365.748865437089
3003145,12.803163355659136
3003146,0.345621240576727
3003147,16.71278290212294
3003148,11.80975069006395
3003149,0.16938163768925765
3003150,118.99525445719846
3003151,1.9409649242205436
3003152,0.0
3003153,2.6055168915349975
3003154,33.97805931728112
3003155,1.6413378570101747
3003156,127.54872350947812
3003157,129.62529308568605
3003158,0.7523623430668105
3003159,4.588297936443482
3003160,126.96680138326494
3003161,23.263435514233503
3003162,412.23653129123915
3003163,83.56913397532556
3003164,2.3175809397125575
3003165,1.8313474413123996
3003166,0.0
3003167,1.5410713713428406
3003168,1346.982608811662
3003169,0.0027854980235104687
3003170,250.19157258610835
3003171,13.784278334363542
3003172,512.7205424620909
3003173,415.80980898245343
3003174,100.54528571587468
3003175,43.74824626574086
3003176,58.388816436139855
3003177,2012.060208032739
3003178,18.433386696387156
3003179,0.3790407582647769
3003180,8.421817514994464
3003181,8.473028272735634
3003182,0.05525414368996491
3003183,119.01490050591009
3003184,8.584043896950185
3003185,3.548393684383379
3003186,4.41949884315044
3003187,47.53889775380635
3003188,4.465026869543147
3003189,609.8907478327844
3003190,135.36461200286692
3003191,1.8599404274148406
3003192,4.82609096522246
3003193,296.33809895238966
3003194,28.623524494653807
3003195,1009.3350285877684
3003196,0.0
3003197,5.842770807316358
3003198,2.7968269864928788
3003199,0.11267294593783479
3003200,1.9944268847408357
3003201,3172.391123012717
3003202,0.06408377959305989
3003203,600.5676013566457
3003204,17.57681002226188
3003205,1044.6906773899127
3003206,955.9443272165036
3003207,216.81916755975666
3003208,176.60956791599176
3003209,152.2341245591018
3003210,3604.8877418633565
3003211,27.934514530276097
3003212,0.9326572927987999
3003213,13.809917996449705
3003214,25.323663260057607
3003215,0.10202584918872953
3003216,219.2172793885085
3003217,8.07192703816735
3003218,40.325693739280425
3003219,6.907571857408996
3003220,58.33032310949187
3003221,13.221267342163836
3003222,352.40997827381165
3003223,224.6489886049408
3003224,13.570325223254166
3003225,8.332567998651106
3003226,535.6929209234135
3003227,106.09577688528567
3003228,3289.0619653164085
3003229,14.254442826503965
3003230,16.5527976065562
3003231,2.607836722311258
3003232,0.026831441198488626
3003233,0.9538129608322578
3003234,1578.7680531142653
3003235,0.03613153086569248
3003236,258.63609829627075
3003237,4.452675512055366
3003238,355.33427385977006
3003239,408.1362178275678
3003240,107.7986673384335
3003241,85.85069757790899
3003242,58.552927032884426
3003243,1467.3634064022647
3003244,13.272347859890314
3003245,0.45216231677086177
3003246,8.417673591096664
3003247,11.015981835721234
3003248,0.1402500283029021
3003249,92.33016878589723
3003250,0.0
3003251,22.94811931492912
3003252,2.2492307276620975
3003253,97.0651911099215
3003254,4.377408085141444
3003255,171.20227632709648
3003256,95.23379350071535
3003257,2.9510472518169752
3003258,4.437707094163909
3003259,129.26068650147508
3003260,27.938813422191107
3003261,1007.5290746151907
3003262,7.576556143112631
3003263,1.4884607288284943
3003264,4.5453531567713865
3003265,0.0
3003266,0.05158458809622113
3003267,744.6890366813159
3003268,0.0
3003269,188.4178930221731
3003270,3.9684095868907128
3003271,317.91293777808113
3003272,183.33940180798214
3003273,57.96403857523754
3003274,27.943429483849183
3003275,28.106927271623352
3003276,1194.4666887937215
3003277,11.43022064140233
3003278,0.651418257375677
3003279,10.121466981139958
3003280,7.656680065537339
3003281,0.28966862201079
3003282,66.1220370792687
3003283,0.2029381902499221
3003284,8.925996529703445
3003285,0.7358430940403
3003286,29.385604981635435
3003287,0.3442475776169277
3003288,235.36021613331323
3003289,110.4979935325948
3003290,2.432429655954095
3003291,1.060613051804623
3003292,108.67493744548202
3003293,13.871204729936338
3003294,377.02673724364485
3003295,9.05397616057878
3003296,1.0353997289437609
3003297,4.525959735461495
3003298,0.16043261646467702
3003299,2.760102948182408
3003300,2345.3052853309964
3003301,0.18931825436725952
3003302,548.4790214215883
3003303,13.07682202371252
3003304,717.1727002312623
3003305,745.0474812211276
3003306,218.90853932477256
3003307,169.6700370056408
3003308,92.45096067351056
3003309,3105.3445336495715
3003310,13.001800598574782
3003311,2.181184379615936
3003312,16.48977928287869
3003313,23.86835019345732
3003314,0.2379262042411894
3003315,193.9215327206392
3003316,2.655535462289765
3003317,25.187241133000562
3003318,4.4046687195385825
3003319,100.02442640812092
3003320,3.552894278145695
3003321,221.09522143928666
3003322,180.09134356486325
3003323,7.479102494112432
3003324,5.9319884130602425
3003325,301.89180107836324
3003326,67.27908333551797
3003327,1873.4809943754449
3003328,3.3146460665330455
3003329,6.610630851910943
3003330,5.671653776040357
3003331,0.02266613726185776
3003332,2.6138911233352844
3003333,2521.2574119274495
3003334,0.0
3003335,488.97718974480165
3003336,11.509059575377686
3003337,965.9019646631446
3003338,633.5481738514125
3003339,262.5034546164692
3003340,200.6890171142612
3003341,51.06454471289252
3003342,3464.101476683496
3003343,7.509509563424217
3003344,0.399693696070504
3003345,25.513893289715554
3003346,12.717967250861717
3003347,0.33405847699940194
3003348,219.51443748753505
3003349,0.0
3003350,7.1391078796754055
3003351,3.6427003776659506
3003352,27.34940730308828
3003353,0.9965368167154682
3003354,283.20151161760054
3003355,207.54089984689182
3003356,3.1850686358174833
3003357,2.734943897926839
3003358,167.47316444272144
3003359,71.49005069567437
3003360,1231.7836872559735
3003361,2.121216394739532
3003362,0.6059625486638986
3003363,4.615435111306286
3003364,0.18419239390849385
3003365,1.9095942833693522
3003366,2521.9232292062275
3003367,0.0
3003368,461.5315385845363
3003369,9.336498248472816
3003370,854.5395020399963
3003371,475.9334954397636
3003372,197.18399039421536
3003373,154.01353831788725
3003374,45.7134101417946
3003375,3246.976002701039
3003376,8.284251678964244
3003377,0.6186535697878885
3003378,16.34210265129766
3003379,14.013562636487958
3003380,0.16790459185923892
3003381,192.2360178344399
3003382,0.0
3003383,4.7750171848462255
3003384,3.204013988697432
3003385,62.621541389616
3003386,1.0209949332430854
3003387,130.7579233888307
3003388,185.16098097853404
3003389,4.373947660865024
3003390,3.3284347969178727
3003391,168.4172439176396
3003392,50.32046146978175
3003393,887.8886255148982
3003394,1.339073941309709
3003395,2.703197475498722
3003396,9.206955731199237
3003397,1.0575005963834787
3003398,11.699917798877609
3003399,7627.4095170870405
3003400,0.0926144429208805
3003401,1085.8720056957761
3003402,43.43172949356831
3003403,1720.7432756566404
3003404,1621.8787063146146
3003405,305.5142354382499
3003406,398.78635102178174
3003407,296.04921879477877
3003408,6888.361275912084
3003409,65.9696554102829
3003410,1.6426532368368512
3003411,31.270041949657212
3003412,47.179474297671334
3003413,0.8473637781264319
3003414,460.3628670504272
3003415,29.16757381414498
3003416,49.069852796941966
3003417,17.217148822192016
3003418,208.0067574742193
3003419,26.1927353442139
3003420,583.529188515898
3003421,476.38435713609846
3003422,11.043089844529653
3003423,19.565690442033002
3003424,978.2811363540887
3003425,265.11126122179974
3003426,6226.892117742125
3003427,7.5337002624792495
3003428,61.60383137865359
3003429,2.9651621117330906
3003430,0.1904316233920918
3003431,0.327595549428214
3003432,1521.5035049425564
3003433,0.0
3003434,171.14114912981933
3003435,3.6070063266647376
3003436,659.001600928379
3003437,246.78872310036311
3003438,111.77639443971793
3003439,141.26045860639942
3003440,44.72788549702418
3003441,2012.4544310486272
3003442,3.946407848339514
3003443,0.3668583746649288
3003444,13.076613520497947
3003445,8.125518848563509
3003446,0.31448731699542287
3003447,169.77586329036626
3003448,0.07529458583526202
3003449,0.0
3003450,2.804341663526056
3003451,39.60757934517086
3003452,0.8190040894507433
3003453,154.80397940898087
3003454,110.86743218629226
3003455,1.5585340459725723
3003456,3.540668132681791
3003457,108.81814278965973
3003458,18.552488251968324
3003459,510.4348856960054
3003460,14.89794932542194
3003461,2.7621887236056946
3003462,6.890584740285913
3003463,0.13016094997592756
3003464,0.9760275001956593
3003465,2770.4550394390217
3003466,0.0
3003467,446.0494448599257
3003468,8.820434573133726
3003469,1496.4141475114347
3003470,486.3357207771195
3003471,192.2080475117444
3003472,221.80735963984995
3003473,78.4825074389213
3003474,4030.410962372465
3003475,10.75057449988526
3003476,0.36996393572113717
3003477,14.761491399343715
3003478,14.8281831930118
3003479,0.25637755651609234
3003480,220.16646198089285
3003481,1.5087236391012226
3003482,7.476550918420257
3003483,9.312882350776803
3003484,16.48847238876242
3003485,1.3104922549325972
3003486,673.8228805312774
3003487,225.0763298867997
3003488,2.488135987303111
3003489,4.459824776219302
3003490,150.07839162530834
3003491,48.83189438095464
3003492,1078.8163052163804
3003493,2.0539578609127904
3003494,2.6875672181058134
3003495,1.0021131936277694
3003496,0.0
3003497,0.050512104467509186
3003498,923.367701044758
3003499,0.0
3003500,118.44797411484335
3003501,1.7968878520176417
3003502,625.0632970166706
3003503,122.67985689793376
3003504,79.73397208364725
3003505,168.64153708871052
3003506,15.951027962311947
3003507,1646.7284673919003
3003508,1.8868927131824385
3003509,0.24861538256304497
3003510,6.664128745963477
3003511,2.5009922435841228
3003512,0.04940346722933115
3003513,71.75751644931056
3003514,0.0
3003515,0.0
3003516,0.5108916022068493
3003517,18.52016019830573
3003518,0.24449869220821535
3003519,120.2966723029173
3003520,57.93347673081675
3003521,0.34728463309491353
3003522,1.0387885068735383
3003523,58.84120675847398
3003524,9.178060893305936
3003525,167.60911775795591
3003526,15.712488631578228
3003527,0.8641462821874659
3003528,4.149090923792503
3003529,0.0
3003530,1.5145742243292868
3003531,1794.1112702645014
3003532,0.0
3003533,209.10592129457967
3003534,5.229497819204559
3003535,803.0878678646133
3003536,289.0749660786886
3003537,152.45104026083607
3003538,125.37586807694062
3003539,35.53116378886843
3003540,2493.206405538768
3003541,2.0581857256750316
3003542,0.5221845445653308
3003543,14.586332921776867
3003544,11.233972313774164
3003545,0.2429453853360547
3003546,147.17237941724326
3003547,0.0
3003548,0.0
3003549,9.357665384567856
3003550,13.930247275880744
3003551,1.022120154738361
3003552,377.50617650045405
3003553,155.759313984042
3003554,0.8912726771570718
3003555,3.852996720773105
3003556,192.6770381873627
3003557,16.751895067572594
3003558,1008.75018809741
3003559,14.710699228008115
3003560,0.647310939456214
3003561,3.2664508411606943
3003562,0.14914175444096123
3003563,1.9257484456238192
3003564,2060.738920728666
3003565,0.0
3003566,566.5416107290284
3003567,5.988919802490487
3003568,727.7967742746713
3003569,531.2821622888883
3003570,195.44406527273594
3003571,71.79456428144645
3003572,54.4763065804041
3003573,3378.542645294639
3003574,5.148570321059911
3003575,3.6403205573215063
3003576,19.572747458082546
3003577,27.28342961804901
3003578,0.4626583076501338
3003579,164.6823360752953
3003580,1.2008776415961544
3003581,7.873838736510726
3003582,3.1121112558492423
3003583,30.434184524418598
3003584,2.4243393845737797
3003585,247.97983503199305
3003586,220.1836524678844
3003587,3.5561424691781998
3003588,5.630946262846744
3003589,149.62952436030952
3003590,26.707806296383485
3003591,618.8080484999757
3003592,1.6325030206857931
3003593,3.4592629420997216
3003594,3.609516264438255
3003595,0.01880885320339193
3003596,0.0
3003597,1145.9098814599788
3003598,0.0
3003599,69.24776472521432
3003600,2.763085136585594
3003601,293.9762920416666
3003602,131.80761490520325
3003603,65.71748815695489
3003604,80.46487657842516
3003605,34.19230418699379
3003606,1473.7450768341378
3003607,2.9755230289320034
3003608,0.2045845757177967
3003609,9.574976220443645
3003610,5.4669693971925915
3003611,0.24621109429535884
3003612,69.45951187922418
3003613,0.0
3003614,0.0
3003615,0.7307525759779007
3003616,21.434466787230473
3003617,0.46652596417306086
3003618,302.22854323027155
3003619,54.71679791891756
3003620,0.7278438571404171
3003621,1.1531454006167432
3003622,58.39035433235318
3003623,14.633650161340512
3003624,296.78982604264064
3003625,15.371602796493791
3003626,0.21062637047588414
3003627,2.929763581919188
3003628,0.043431554787888495
3003629,1.5551226606820352
3003630,2774.2941493688986
3003631,0.0
3003632,432.34816310843723
3003633,6.838913513927277
3003634,684.2285142496694
3003635,429.22116472199264
3003636,155.97585213840375
3003637,112.89816359788031
3003638,51.99186714371714
3003639,3290.519317620754
3003640,3.3364989175231385
3003641,0.4444871390418731
3003642,10.658501925669881
3003643,7.5993933340086155
3003644,0.20454764683099677
3003645,161.7229502542752
3003646,0.0
3003647,20.425173776212375
3003648,1.9054917909831424
3003649,32.98843271916145
3003650,0.533787336970627
3003651,394.78307767342096
3003652,157.9877994751078
3003653,1.4339239887511175
3003654,3.8408897935993505
3003655,112.02950978014424
3003656,34.45657588933642
3003657,1030.6287976333087
3003658,10.402966443378066
3003659,0.5787422072576163
3003660,3.085993937129767
3003661,0.0
3003662,6.233731419067971
3003663,2816.21546864787
3003664,0.10628547165274008
3003665,543.0517816164686
3003666,8.233005346810199
3003667,965.6620283073828
3003668,813.3468234246961
3003669,163.32324985179775
3003670,128.15175535496843
3003671,118.7979142040274
3003672,3719.3146788383383
3003673,69.92064360463245
3003674,1.1488160755492056
3003675,31.607191264376198
3003676,33.7091511703034
3003677,0.257338882576158
3003678,256.05535386116424
3003679,17.7793261035229
3003680,23.281970732429663
3003681,2.3214193782138035
3003682,137.99013547073463
3003683,8.884905398260834
3003684,221.7216527286448
3003685,273.7099428894855
3003686,10.375456661998314
3003687,13.631524989491918
3003688,273.4716611736007
3003689,84.75276545025073
3003690,2383.3657923191813
3003691,15.742413711449286
3003692,9.472868316762142
3003693,4.110494512836757
3003694,0.0
3003695,6.484568611812035
3003696,1914.0550107708195
3003697,0.005212314706897342
3003698,399.92561136218455
3003699,12.329150099097557
3003700,923.292489477565
3003701,594.620622377889
3003702,116.89802078718058
3003703,65.93222748538291
3003704,84.70345831355384
3003705,3352.896766772853
3003706,27.463680401403757
3003707,0.8543494298892063
3003708,26.780027833594787
3003709,48.780613544073375
3003710,0.05560335962747953
3003711,269.8479463756367
3003712,12.571827829544889
3003713,20.02712780577398
3003714,7.770826415142305
3003715,87.1848945333885
3003716,9.290618289351597
3003717,144.60366684891898
3003718,331.5929643261036
3003719,5.598785168676518
3003720,6.9656884318572345
3003721,96.3927465114556
3003722,71.51593559696734
3003723,1628.06662734721
3003724,15.180787826339724
3003725,10.754449735736317
3003726,6.642779229550001
3003727,0.26435152696510894
3003728,3.596223939055256
3003729,3480.6946636864823
3003730,0.0
3003731,631.4659695113382
3003732,8.854073072216584
3003733,1785.480522108206
3003734,562.0416452477011
3003735,181.2394545951227
3003736,281.5855305635233
3003737,55.417763556464934
3003738,5552.848609794581
3003739,31.29383565129156
3003740,1.026888752682947
3003741,17.264565538736246
3003742,15.582269364913259
3003743,0.20672295483345185
3003744,233.22547104640114
3003745,5.00075267868656
3003746,12.836987443867693
3003747,3.6358030037179585
3003748,50.25197927090269
3003749,3.735296731936836
3003750,249.48488031754
3003751,308.3216871583987
3003752,4.9860519508668375
3003753,7.960214987088278
3003754,235.35374837267287
3003755,54.67349802673404
3003756,1432.4366156822643
3003757,17.908037173990365
3003758,13.499145545149606
3003759,3.412688955131987
3003760,0.04248020361144768
3003761,4.9929655749291335
3003762,2156.9594019663796
3003763,0.11244131781548072
3003764,323.53655772859355
3003765,6.4662348638420175
3003766,683.1009816976124
3003767,611.1608701979692
3003768,180.52815177755002
3003769,106.69609805298452
3003770,64.9919885851319
3003771,2905.6754987464665
3003772,20.818384420583634
3003773,1.0737670183949262
3003774,8.917696249530026
3003775,11.571480887943157
3003776,0.27936045746068217
3003777,234.8214519163826
3003778,14.807567535194892
3003779,17.02546152099601
3003780,1.1095194950472715
3003781,56.59401384128376
3003782,6.20457358740181
3003783,339.7579722884084
3003784,214.81306709226618
3003785,3.6972680796795965
3003786,8.919280349677912
3003787,295.27171263738927
3003788,35.3262567727578
3003789,1754.9047552325762
3003790,14.805531170373333
3003791,19.241993384128165
3003792,3.5007601336540706
3003793,0.1424398521910119
3003794,2.532742343463326
3003795,3065.537308676765
3003796,0.0
3003797,351.1754631089421
3003798,8.369520714454286
3003799,1434.8956746701565
3003800,509.3580608050025
3003801,209.28958205763576
3003802,128.46242756447157
3003803,52.44946917795103
3003804,4477.197893359803
3003805,10.192876329777738
3003806,1.582919070997801
3003807,19.941546532361706
3003808,14.830206188899561
3003809,0.1610172414587546
3003810,302.88356179656046
3003811,0.0
3003812,21.847760893501945
3003813,4.110607923019553
3003814,24.82176500841901
3003815,1.7403875446137056
3003816,177.92997318304268
3003817,240.24490106388924
3003818,2.387733881316398
3003819,6.850682288379874
3003820,150.45079224054416
3003821,49.453849959406824
3003822,913.3321223801147
3003823,13.302869280067378
3003824,4.853907489638445
3003825,5.022714452714777
3003826,0.07346643191704401
3003827,5.600354712818468
3003828,2118.4763315425707
3003829,0.030068597173045913
3003830,399.2313276894682
3003831,9.775670630780752
3003832,1637.6219388714226
3003833,518.9993473757337
3003834,174.38496310646957
3003835,99.3770465616856
3003836,135.55969720893242
3003837,3330.090418832282
3003838,28.457401115947814
3003839,0.9668665066106227
3003840,20.65227359473964
3003841,21.505566713161873
3003842,0.20886898768432127
3003843,212.70248895965378
3003844,13.957843149440501
3003845,19.83979308344632
3003846,7.3002521144023245
3003847,208.43648728308756
3003848,8.88908557109426
3003849,187.95150681970478
3003850,327.7761528880187
3003851,10.321519980328121
3003852,6.475817149394252
3003853,153.4627932847245
3003854,49.56448154562852
3003855,1652.8916548990742
3003856,8.36371649131718
3003857,4.819785745910589
3003858,2.3485634732921414
3003859,0.0
3003860,0.8956173978145546
3003861,2156.7763997347774
3003862,0.0
3003863,392.66396743365937
3003864,8.380102681105988
3003865,646.7543091833484
3003866,637.3286948203443
3003867,147.17886233828926
3003868,117.01786510757495
3003869,99.83277624126903
3003870,2675.582314592456
3003871,25.908769663448535
3003872,0.7770157326757589
3003873,15.202322289536129
3003874,14.468740290591743
3003875,0.14606199760088345
3003876,162.63782152762911
3003877,14.272839366065547
3003878,31.436814506045316
3003879,4.007286773426403
3003880,58.81674375550205
3003881,8.762824206216917
3003882,227.2176111530647
3003883,157.54778403874093
3003884,6.751539758484963
3003885,8.187682331536688
3003886,204.68946758041994
3003887,56.054170338656355
3003888,2084.3442532729578
3003889,13.608392650503248
3003890,10.610681354415728
3003891,2.6498510362988243
3003892,0.06263585583765244
3003893,2.2223613272136244
3003894,4173.695276277876
3003895,0.0
3003896,505.63012433618593
3003897,12.315418671100163
3003898,1026.4105295886527
3003899,497.33545976269966
3003900,227.98977189885593
3003901,174.81028952554456
3003902,47.116626415962216
3003903,3864.365837530305
3003904,6.337409190928072
3003905,0.2411762928956041
3003906,10.33016480610729
3003907,12.258275617560532
3003908,0.1353367511601855
3003909,173.67317819891525
3003910,0.0
3003911,7.852264326314757
3003912,0.7892350032627193
3003913,50.10909397124756
3003914,2.2344959399370525
3003915,255.4074754874422
3003916,226.08848233828346
3003917,2.3739940007865847
3003918,3.256837219932639
3003919,213.25358020148064
3003920,112.82504687832761
3003921,871.4723514183044
3003922,1.6934561674786006
3003923,0.6179397670623744
3003924,12.893003367795478
3003925,0.0
3003926,10.757073778846832
3003927,8098.35156596615
3003928,0.01802727853881119
3003929,1289.687397204004
3003930,25.931056493802586
3003931,2065.9270369984806
3003932,1913.2600234324577
3003933,464.789800655141
3003934,477.3143080322996
3003935,425.4216057936686
3003936,8167.978088138442
3003937,89.92521145480603
3003938,4.827596636183343
3003939,89.43122120959349
3003940,101.90188893463605
3003941,0.35069384317217617
3003942,602.6203872785685
3003943,38.905992455798604
3003944,22.766868362437222
3003945,31.035520906023685
3003946,361.231563570884
3003947,21.95570398343928
3003948,725.4917199605798
3003949,489.22499868182024
3003950,31.13371168790124
3003951,30.900195953649295
3003952,956.5318429332577
3003953,287.6309681671657
3003954,7260.332148168946
3003955,40.2772346528663
3003956,70.45618050461289
3003957,12.409821009945755
3003958,0.0
3003959,9.266935470136236
3003960,7729.799665202332
3003961,0.06055712908479395
3003962,965.4799048614616
3003963,30.1282729994736
3003964,2197.31582463153
3003965,1660.3348673057733
3003966,540.4203028605494
3003967,289.88576057771513
3003968,264.65750159541307
3003969,8563.505466605988
3003970,156.07085735646297
3003971,1.6117270219348132
3003972,41.79705728771351
3003973,75.4945619906158
3003974,0.5390070736181977
3003975,583.1441575610538
3003976,28.122851286932608
3003977,33.45460628116031
3003978,8.237853580782263
3003979,205.81885253563195
3003980,19.157790488852264
3003981,861.7885583835207
3003982,590.7530368657928
3003983,19.322047709475992
3003984,24.048707530633866
3003985,854.1433929648492
3003986,209.67459138177335
3003987,5027.180777136416
3003988,44.18180920570087
3003989,54.136847839081405
3003990,8.85293227662094
3003991,0.0
3003992,12.738825909077416
3003993,4720.751729290643
3003994,0.17682663850499553
3003995,782.0395764670723
3003996,14.144961696035198
3003997,2024.5677909449919
3003998,1185.4439041067944
3003999,632.4317855615184
3004000,106.52765990863696
3004001,179.57657793211894
3004002,7627.401249155848
3004003,38.325641388259854
3004004,1.6216679701103134
3004005,33.0484091357131
3004006,16.11434127181649
3004007,0.4245924139943895
3004008,558.7407321514834
3004009,28.274010774140883
3004010,20.554965860073477
3004011,13.224676907367165
3004012,115.46028543437785
3004013,8.087080650154242
3004014,817.8358577399788
3004015,580.9974651622722
3004016,16.705251200537152
3004017,29.489911340637654
3004018,597.5640741798935
3004019,114.04175572033908
3004020,2156.353580159164
3004021,194.73189623151927
3004022,27.935602761184136
3004023,13.27884478890144
3004024,0.0
3004025,14.38994492329309
3004026,6979.189020143138
3004027,0.06765318238641985
3004028,907.6346514530269
3004029,23.36588693432866
3004030,2000.9832631662566
3004031,1697.2512162525184
3004032,556.7237730774592
3004033,285.74484509381955
3004034,199.61207276303065
3004035,8595.25818978671
3004036,54.651381547082906
3004037,1.3370429878305705
3004038,43.953300972006325
3004039,71.4261519228739
3004040,0.5489834091880095
3004041,612.8137691001093
3004042,40.634898601862616
3004043,29.112648081707384
3004044,22.97438408459847
3004045,197.5546570322327
3004046,12.228849983888052
3004047,724.1267047349695
3004048,615.7029871949244
3004049,18.70380838770101
3004050,25.782464184746356
3004051,927.337725925554
3004052,199.7595241470466
3004053,4907.209436626116
3004054,91.60688784665791
3004055,54.58842853710075
3004056,9.741960178680575
3004057,0.0
3004058,13.284792966183442
3004059,4076.1578100107936
3004060,0.03169713585305803
3004061,640.9588028848999
3004062,15.582642021573276
3004063,1738.2834051799555
3004064,924.4043443915626
3004065,481.23989646580304
3004066,90.62909581213735
3004067,145.83438997106327
3004068,6375.430407785649
3004069,40.33534310352248
3004070,0.6107525701105294
3004071,26.323439689736354
3004072,36.42366356025448
3004073,0.5322782202877772
3004074,570.233329372451
3004075,18.97535993491816
3004076,9.859586425261496
3004077,8.480441300811368
3004078,94.52933772579185
3004079,4.687055060369948
3004080,656.1981287083652
3004081,624.23479868841
3004082,11.654700351673796
3004083,15.656465937701979
3004084,649.8601311130549
3004085,82.25623600392728
3004086,1484.3412217847538
3004087,80.0111948424016
3004088,15.400422843697392
3004089,8.936447729730002
3004090,0.0
3004091,7.859208220522072
3004092,5602.415090774792
3004093,0.0033684267976250726
3004094,961.8117739429646
3004095,25.07509822202956
3004096,1429.8659925876407
3004097,1731.3522890993177
3004098,342.99808619736524
3004099,356.99843315452705
3004100,286.75783851480253
3004101,6382.119233268948
3004102,60.36377987027656
3004103,1.0145268442226558
3004104,35.73744437954618
3004105,52.47403348819785
3004106,0.2516189659000877
3004107,430.1750845636028
3004108,23.351207680990218
3004109,27.46526722548551
3004110,12.642870705895017
3004111,240.38239934877072
3004112,13.09165387976386
3004113,571.0469983850078
3004114,447.8666980679478
3004115,14.002338337114534
3004116,27.128424001129545
3004117,744.1115373615069
3004118,178.01117229775906
3004119,5815.180410988619
3004120,31.478695261640944
3004121,60.92787573523104
3004122,4.872297525543129
3004123,0.2509150578556608
3004124,5.569255762424191
3004125,1650.465773575002
3004126,0.0
3004127,311.548312954936
3004128,18.122454986701094
3004129,792.2990234409564
3004130,460.23780720679974
3004131,192.90626133198185
3004132,61.37324700836769
3004133,67.94086553084024
3004134,2528.830622630018
3004135,53.8089111840562
3004136,0.9295080579489898
3004137,24.48278836257009
3004138,21.313489995529235
3004139,0.5053213731268098
3004140,223.12097817684827
3004141,11.543179410807076
3004142,8.849283983634416
3004143,10.442909327015201
3004144,49.25054339800275
3004145,4.580751493567725
3004146,237.87971096262638
3004147,229.91751616851704
3004148,2.977771150506328
3004149,7.036671150172831
3004150,165.31719820742586
3004151,50.58390900642533
3004152,1306.0505021422625
3004153,6.994727722387913
3004154,6.934088021793609
3004155,6.0630233124693085
3004156,0.0
3004157,11.52258285117242
3004158,4036.808296558687
3004159,0.10697069860165725
3004160,490.3039215726171
3004161,22.616818409610936
3004162,1639.7926065764154
3004163,955.8397892503616
3004164,394.9931110473323
3004165,75.11869138873527
3004166,166.59896314077585
3004167,5776.50300709951
3004168,119.24510026101615
3004169,0.9678539544195013
3004170,39.18628271750885
3004171,26.596711366783047
3004172,0.4698543821675516
3004173,453.7384106443753
3004174,16.464155180626854
3004175,7.039023564970902
3004176,0.7974570791275638
3004177,135.03226863969826
3004178,7.268159694225991
3004179,484.1281301208894
3004180,470.3458797474148
3004181,8.17605469792446
3004182,16.378023518124735
3004183,360.0713810428625
3004184,73.92800439185687
3004185,1857.2798581671325
3004186,113.590304349641
3004187,12.355664803633253
3004188,6.204474624366627
3004189,0.0
3004190,3.6239511500391197
3004191,3790.6022313884296
3004192,0.02386626781891959
3004193,736.4660955110046
3004194,6.5209019667914765
3004195,1199.7025579023343
3004196,1193.5457771518913
3004197,214.362606985137
3004198,283.3698444249825
3004199,170.63581950533933
3004200,4247.335332157619
3004201,38.12534607840996
3004202,1.0463325673341723
3004203,18.45619361682052
3004204,28.84979052798142
3004205,0.41954473525981145
3004206,321.87291051806346
3004207,2.0396868479685426
3004208,35.061149741107855
3004209,4.037438487408654
3004210,112.51537891935628
3004211,8.680400207119584
3004212,507.633543731988
3004213,240.27759518975654
3004214,17.601849349559217
3004215,10.223901193951907
3004216,597.3052609362508
3004217,111.01888286792088
3004218,4323.509034865227
3004219,3.6079054866455635
3004220,28.0495409097583
3004221,8.640376755473667
3004222,0.0
3004223,4.030952889148762
3004224,3840.1761882902597
3004225,0.0
3004226,612.9164865493271
3004227,10.171811299990702
3004228,1351.856460562201
3004229,894.3968958009671
3004230,274.18732214274445
3004231,178.94937323176015
3004232,268.6391221898331
3004233,4778.767686116422
3004234,48.214967867989685
3004235,2.7722114570743916
3004236,25.136823507005047
3004237,34.39893467587804
3004238,0.5045631758776717
3004239,308.01933915193104
3004240,5.527450693441441
3004241,53.15458682376483
3004242,6.350566802704751
3004243,262.70391442600186
3004244,9.71627909546706
3004245,437.09654178868635
3004246,284.51196656182975
3004247,12.705549527374556
3004248,22.22867971402088
3004249,391.7139904145533
3004250,99.86509629688989
3004251,3750.002361325933
3004252,2.585459578029167
3004253,6.553162672390702
3004254,8.088531676088094
3004255,0.07167471144386921
3004256,2.3416342170872047
3004257,1793.4900064878427
3004258,0.0
3004259,379.88877935931026
3004260,5.178657984778274
3004261,819.0962940366861
3004262,388.89511358455746
3004263,192.00195727308696
3004264,59.21943801110505
3004265,71.88187323835615
3004266,2527.108648112978
3004267,11.298992404076378
3004268,1.079300785652266
3004269,17.222094530831296
3004270,18.739674078449422
3004271,0.1553243391156786
3004272,174.021537705764
3004273,2.8252703159385923
3004274,9.438419862914063
3004275,5.91192371930269
3004276,55.280097069018424
3004277,2.3508400157093674
3004278,213.54875862431987
3004279,184.9288442224709
3004280,3.807031260980016
3004281,4.938124227984712
3004282,170.34456719669416
3004283,50.91604391569823
3004284,1257.8333501021073
3004285,13.541770317881815
3004286,2.4250768578380284
3004287,4.0231182966766275
3004288,0.0
3004289,0.506331822254728
3004290,2325.6231428666065
3004291,0.0
3004292,202.67295474067885
3004293,1.902591180486907
3004294,776.5605295397985
3004295,187.0531059128234
3004296,188.09534621754983
3004297,48.560446413053974
3004298,23.314409446238518
3004299,2935.27197421306
3004300,5.559327556382412
3004301,0.4583332655368544
3004302,15.904422600535943
3004303,8.316874165349944
3004304,0.12545131591243236
3004305,164.95388146350692
3004306,0.0
3004307,0.0
3004308,1.7534292935497997
3004309,10.528242433252082
3004310,0.737986307266959
3004311,65.73537315192705
3004312,139.38498907592748
3004313,0.12940714084733002
3004314,1.9598513465459666
3004315,56.906433828629545
3004316,75.34156909107202
3004317,558.2533756111886
3004318,13.424248113538816
3004319,1.3446908195768792
3004320,4.811085029363717
3004321,0.08958791620450954
3004322,5.143585091821206
3004323,2783.3811469694924
3004324,0.0
3004325,473.2659443168683
3004326,11.153984293853153
3004327,1079.9422855730684
3004328,751.8555708252163
3004329,276.0965152258399
3004330,128.86459748330958
3004331,108.8587138735172
3004332,3858.3457150278327
3004333,33.64676746351204
3004334,1.1877523445530462
3004335,22.9744171373114
3004336,44.785175684734874
3004337,0.07423318291462813
3004338,293.15577736099965
3004339,17.01681160494962
3004340,16.997356649258943
3004341,11.684284649415869
3004342,63.69313121814521
3004343,5.9598374941492
3004344,370.7435536486895
3004345,268.46883581241764
3004346,6.362627618260862
3004347,11.548577792430873
3004348,430.9733059225112
3004349,80.85969802272191
3004350,1968.0441092138446
3004351,0.0
3004352,17.81244943786718
3004353,4.659019627954521
3004354,0.1389722963873734
3004355,2.1224290565601023
3004356,3505.8054348248183
3004357,0.061469975738423055
3004358,572.4193305212746
3004359,15.14301211110845
3004360,906.5197311226905
3004361,1032.4296818730006
3004362,161.27479542669104
3004363,230.23372394181354
3004364,188.94783682099512
3004365,3614.6639570665056
3004366,43.27178481323497
3004367,1.8107692044212085
3004368,18.885520396168534
3004369,20.5842615478426
3004370,0.6285621458273736
3004371,218.43096701748803
3004372,11.715998666971045
3004373,40.586134778041554
3004374,4.765417647591882
3004375,107.38149024484645
3004376,9.656913066612953
3004377,405.776769919745
3004378,204.60521691485386
3004379,5.999688288368253
3004380,11.989288374100932
3004381,582.1939089318444
3004382,113.12172731848763
3004383,4270.34208085563
3004384,15.450350427601403
3004385,30.50454512174739
3004386,3.569429641066541
3004387,0.13881363535318123
3004388,5.294500113940176
3004389,3517.965689272678
3004390,0.0748573236826239
3004391,701.0884238447284
3004392,21.590786013012032
3004393,932.4972673937139
3004394,1029.5221899564772
3004395,209.84726001258588
3004396,228.77251917499544
3004397,117.73580691059398
3004398,3853.1208492363717
3004399,33.53243556217316
3004400,3.720393181544231
3004401,28.79927970986539
3004402,38.6008668704636
3004403,0.26368415337544787
3004404,287.18985032500666
3004405,25.48990834319403
3004406,28.317371124815764
3004407,16.58229435960456
3004408,103.9110944432697
3004409,22.940310060651225
3004410,354.4106611717896
3004411,245.28243965914578
3004412,15.197311782008796
3004413,15.179353126417261
3004414,476.6349098399353
3004415,133.42475573569635
3004416,3403.161235112431
3004417,10.71916577228632
3004418,31.76101124908898
3004419,8.03500462254713
3004420,0.11420205600159483
3004421,4.028387820892767
3004422,2597.4177861473026
3004423,0.0
3004424,457.81369576981155
3004425,11.262795939187981
3004426,1254.7072959467396
3004427,569.7895434877674
3004428,419.12652160601704
3004429,171.52540970861907
3004430,69.26794035597104
3004431,5084.40384875054
3004432,12.016689576775851
3004433,0.5539294816065388
3004434,27.66450989347941
3004435,25.71053261629531
3004436,0.1406514839652287
3004437,299.9319571698687
3004438,13.275878818936487
3004439,5.112997424950629
3004440,8.075377424928861
3004441,29.739727045005832
3004442,2.7506037682986593
3004443,558.776955380903
3004444,332.7602220707203
3004445,5.685029725231183
3004446,7.037223279853316
3004447,349.7424520867957
3004448,80.82691706238052
3004449,1159.0596854343987
3004450,72.23977611926288
3004451,10.185948113250838
3004452,4.966734622085534
3004453,0.0
3004454,3.063636142874717
3004455,2515.0199725724647
3004456,0.24743071558902285
3004457,423.5225764210501
3004458,23.856766295913367
3004459,750.6114233022762
3004460,724.221706472074
3004461,178.3786977790673
3004462,162.47695245538873
3004463,138.92062576711163
3004464,2768.9838329129143
3004465,29.96558380503367
3004466,1.6989599179481651
3004467,16.043666116638352
3004468,18.79415193079201
3004469,0.5025640871860652
3004470,179.8820411673213
3004471,13.731816216790873
3004472,33.24643777153977
3004473,3.9203250863644445
3004474,160.61176474293615
3004475,7.234938896650469
3004476,611.104992154363
3004477,156.88783274400677
3004478,3.1948279434017204
3004479,10.257319568207745
3004480,571.108802235182
3004481,77.01417662072753
3004482,2578.1064819722824
3004483,14.442097178374095
3004484,37.92014238241569
3004485,1.083067721716858
3004486,0.0
3004487,0.24045980819753024
3004488,1259.5914744387412
3004489,0.0
3004490,88.01334892157793
3004491,2.8801169383014216
3004492,835.5806137739263
3004493,216.01287900879714
3004494,277.63949505872677
3004495,37.6929129602255
3004496,24.078330694388498
3004497,1989.839893943845
3004498,4.850368691958167
3004499,0.2047203277252454
3004500,4.631964931684877
3004501,6.145557366922253
3004502,0.011375267828510768
3004503,118.23223538314934
3004504,1.4656862658246914
3004505,0.0
3004506,0.6976211702585142
3004507,16.802980680270526
3004508,0.40173103499722307
3004509,149.58292237283626
3004510,124.14394459445046
3004511,0.6838710182863532
3004512,2.711234759932411
3004513,162.64289290325064
3004514,20.066944878578596
3004515,249.85411641817893
3004516,71.84970117969937
3004517,0.4608106292593824
3004518,6.472183019560401
3004519,0.25392949394305664
3004520,3.5631393067930106
3004521,5317.129011124966
3004522,0.0
3004523,678.5070161509365
3004524,10.95168603419555
3004525,1606.742166669778
3004526,553.5834744117114
3004527,595.9522444746137
3004528,481.4980117292264
3004529,91.24580987123707
3004530,6515.095077732021
3004531,31.17091755523308
3004532,0.4150725322877111
3004533,20.626808330623593
3004534,16.88767335628423
3004535,0.2417549143686427
3004536,366.37814044235404
3004537,16.175329329514312
3004538,5.779336513977625
3004539,7.40722946012035
3004540,63.63102177831855
3004541,2.0857830023969313
3004542,516.9779980073397
3004543,286.3137594690885
3004544,2.272154635086316
3004545,12.815326149754506
3004546,577.8501330426556
3004547,99.64123994240767
3004548,1570.5722947313952
3004549,9.889694315686901
3004550,5.772689005921136
3004551,3.7506918642880374
3004552,0.04521362703888543
3004553,1.5595092844355984
3004554,1447.054193845339
3004555,0.0
3004556,154.98572730463334
3004557,8.19385626599605
3004558,881.1431302175608
3004559,292.9401911732889
3004560,231.19493156809065
3004561,36.11400254480326
3004562,37.80889056695968
3004563,2678.7720494039345
3004564,10.679238851789405
3004565,0.4143842419460747
3004566,9.648502653191532
3004567,12.851453233683161
3004568,0.18991199967417122
3004569,126.23103244916089
3004570,4.602930628431631
3004571,0.0
3004572,3.810869960889015
3004573,57.602466640477694
3004574,1.4099809664540213
3004575,136.2365036593523
3004576,129.004915324856
3004577,0.8272613528734261
3004578,4.291469178483492
3004579,164.02448938087215
3004580,23.24289940401557
3004581,332.64490960323485
3004582,77.95380939913868
3004583,1.4069009330147422
3004584,2.92347174613064
3004585,0.0
3004586,1.4217236403620759
3004587,1682.6387864068918
3004588,0.0
3004589,113.82342917038049
3004590,4.6270783378006035
3004591,750.15734268594
3004592,220.84378162882848
3004593,175.00526325546934
3004594,26.50941431425283
3004595,32.610975824704994
3004596,2782.7330346151184
3004597,16.990745220806698
3004598,0.11187458741215647
3004599,9.988940505368644
3004600,7.866707945902978
3004601,0.06265147756504183
3004602,113.59412141489489
3004603,1.0011336089669296
3004604,0.0
3004605,2.2202001392779582
3004606,59.63892284165577
3004607,0.957048091674999
3004608,164.02311260640641
3004609,128.72970743756372
3004610,0.5907297176256021
3004611,3.9965981184265695
3004612,107.29049679042599
3004613,18.959615948219298
3004614,169.65732062089248
3004615,79.4576023832639
3004616,1.739840673772543
3004617,2.271021204264893
3004618,0.0
3004619,2.2168310948065635
3004620,1626.8875372452997
3004621,0.0
3004622,142.09922622841182
3004623,8.119638135203639
3004624,878.4200101060478
3004625,311.27363856417037
3004626,300.5406204084016
3004627,38.41333652437774
3004628,48.95324983102823
3004629,3040.360705364691
3004630,20.59272793208518
3004631,0.2822947725078337
3004632,8.828436115323488
3004633,16.460517055814478
3004634,0.06582445379083346
3004635,150.98151645682645
3004636,0.8961819558212449
3004637,0.0
3004638,1.701817481743232
3004639,31.955665646846924
3004640,1.7218696614096307
3004641,244.72944250872567
3004642,219.93340439446496
3004643,0.909488159910772
3004644,3.075764398622988
3004645,74.5933883167589
3004646,81.40877141909351
3004647,349.95656678247576
3004648,41.85497079870755
3004649,2.0694664281637936
3004650,2.788879616974055
3004651,0.5339059537104272
3004652,1.6844315576906963
3004653,1768.071367955493
3004654,0.0
3004655,176.46853233449784
3004656,2.2628607107161303
3004657,884.1098822573771
3004658,306.35315444701746
3004659,310.42921496152036
3004660,78.79158241849555
3004661,68.93691866590316
3004662,2615.37734322878
3004663,11.664846448098933
3004664,0.6183429187957059
3004665,14.189455645714787
3004666,14.795871742898752
3004667,0.11456358135505149
3004668,202.073873527378
3004669,7.187754806516972
3004670,0.0
3004671,2.8630090213746406
3004672,31.993093675699843
3004673,2.0497032786613114
3004674,135.16245226257846
3004675,159.0832265730814
3004676,0.6755287870590296
3004677,3.9415941433661854
3004678,136.75093532745635
3004679,45.35392466471156
3004680,643.1573478553066
3004681,76.9636929517406
3004682,2.8953592150607186
3004683,3.3210780547749748
3004684,0.0770825011908712
3004685,0.23490335818446212
3004686,1173.2202446492217
3004687,0.0
3004688,122.66462208983747
3004689,4.711605324999706
3004690,810.8243196346845
3004691,173.50203785952624
3004692,146.58223503269886
3004693,84.63532313395297
3004694,38.24150160313266
3004695,1726.3627287422805
3004696,4.619497924965889
3004697,0.230988341020002
3004698,7.320945012177462
3004699,6.0823528974057375
3004700,0.09971647658988483
3004701,127.25506020229798
3004702,0.0
3004703,0.0
3004704,1.1381872199896022
3004705,35.887742265882345
3004706,0.8935317421716888
3004707,50.04802247722262
3004708,100.79759048064567
3004709,0.620537214896778
3004710,1.5181650356689214
3004711,67.60480595248313
3004712,24.544843505180705
3004713,491.86921892602163
3004714,14.745389108721827
3004715,0.608661701830165
3004716,5.8172295192625825
3004717,0.2710054212839215
3004718,2.4091192966196004
3004719,2858.859179821745
3004720,0.0
3004721,267.6881163328551
3004722,5.07632224110332
3004723,886.4604315091517
3004724,484.61550731830323
3004725,592.9289332414058
3004726,171.25747941224438
3004727,76.04064309266383
3004728,3635.182684937722
3004729,18.444975623184604
3004730,0.680635616665015
3004731,16.602463072496267
3004732,16.44848040824702
3004733,0.18274675575743157
3004734,208.5967709976871
3004735,1.0089136032893318
3004736,0.0
3004737,3.0210797093475543
3004738,58.887445445754096
3004739,2.490783641147261
3004740,215.39217569714495
3004741,198.02393482083926
3004742,1.2692376275181745
3004743,5.188591311826204
3004744,330.52870026460323
3004745,48.543253088105565
3004746,1040.2766827709097
3004747,68.5767918948047
3004748,12.195181608834414
3004749,2.6535852112260603
3004750,0.02470434477741544
3004751,2.492166553285274
3004752,1723.0969919523714
3004753,0.0
3004754,475.05354270192066
3004755,9.998965892485359
3004756,456.35985888061543
3004757,444.39885667202566
3004758,192.50472474267994
3004759,120.16554207532808
3004760,51.83888957644506
3004761,2035.1701505860758
3004762,8.819781101805784
3004763,0.6920935561121764
3004764,14.320874346799254
3004765,9.282039943586465
3004766,0.18954846537986145
3004767,120.8484639006929
3004768,7.586732167721845
3004769,7.296373557929977
3004770,3.650478797688341
3004771,72.91543401743334
3004772,1.3740468844112335
3004773,70.16364377394358
3004774,132.72784652085326
3004775,3.0557287223732192
3004776,4.8507235891227385
3004777,208.30672449138635
3004778,49.49791756717128
3004779,1084.9163003653737
3004780,87.18682615579496
3004781,6.106960382505755
3004782,4.765210780227786
3004783,0.6397378510203513
3004784,0.8116535056862386
3004785,2553.514826941565
3004786,0.0
3004787,143.160244748034
3004788,5.28164361293583
3004789,851.0145389606412
3004790,287.35368955581004
3004791,245.89310114564842
3004792,43.3488926138583
3004793,42.94805777612793
3004794,2904.3462486802623
3004795,59.601018629598975
3004796,0.8969573559756301
3004797,9.011139914663746
3004798,8.771600381010035
3004799,0.07566891265752082
3004800,140.5623723840287
3004801,7.502039450573181
3004802,0.0
3004803,3.0721684244713496
3004804,52.76903283120785
3004805,3.005445403018592
3004806,142.0764423212549
3004807,151.1870897771473
3004808,0.7200751869835784
3004809,3.9984465415577164
3004810,125.36701151912706
3004811,20.08635232113425
3004812,401.3023885753992
3004813,41.028243359326154
3004814,1.6019875083864883
3004815,4.6269509820775365
3004816,0.05071204993653393
3004817,6.319582852464929
3004818,3287.8960685329034
3004819,0.0
3004820,588.6706433424886
3004821,12.066115164850498
3004822,925.1318448568281
3004823,807.1107660958234
3004824,267.358538548588
3004825,182.06947562296932
3004826,116.65727186973086
3004827,4144.721927996827
3004828,57.474920692109684
3004829,0.934196721637016
3004830,17.5625135230735
3004831,24.132858289637046
3004832,0.3037054730635718
3004833,267.0390853737232
3004834,20.66121722509305
3004835,14.956931652415314
3004836,9.298222604971727
3004837,136.34993929949127
3004838,9.548650913060373
3004839,1206.4606622290094
3004840,242.86952386345513
3004841,6.935921084721651
3004842,8.655039527347517
3004843,650.2518674853295
3004844,94.78927780961632
3004845,2178.566792309828
3004846,14.56703185450129
3004847,34.47417927039458
3004848,4.28256470321124
3004849,0.03087703662968002
3004850,2.3895950807395625
3004851,3032.8207151502
3004852,0.0
3004853,353.59364270848823
3004854,7.396798012595993
3004855,1335.1272801250022
3004856,458.1461678673825
3004857,915.4552731786264
3004858,78.13316628957594
3004859,63.52277164592587
3004860,4236.902538962927
3004861,14.23747794709955
3004862,0.4084729527191261
3004863,17.781967224583276
3004864,11.868350700729183
3004865,0.048641218197094285
3004866,225.2435583192611
3004867,1.9946092130042055
3004868,7.479130974571463
3004869,2.4459144613160957
3004870,76.3660389927912
3004871,0.8385178493818221
3004872,236.01579255810043
3004873,238.4292955091294
3004874,2.769343162399056
3004875,3.2846492452937524
3004876,468.5415034843916
3004877,53.82849182747457
3004878,819.6017828485993
3004879,115.7815062042718
3004880,5.709023299383778
3004881,6.1645391697763765
3004882,0.24582155589050242
3004883,0.9406380104062682
3004884,2461.361246783658
3004885,0.0
3004886,324.0096530436868
3004887,8.100854319028153
3004888,1272.6058562954083
3004889,434.59128323700253
3004890,289.4445361953394
3004891,157.51991829877767
3004892,71.74286888375701
3004893,3336.615776190038
3004894,12.517166388247508
3004895,0.4339051447864024
3004896,23.212623731646236
3004897,21.137414446434843
3004898,0.19129429636157425
3004899,187.99867879199832
3004900,1.2473298223326241
3004901,3.126137108300308
3004902,6.851562184748609
3004903,110.20992784601228
3004904,1.8219052415758274
3004905,95.32431625324224
3004906,182.12421944907217
3004907,1.8560798216128092
3004908,4.862906755037674
3004909,180.3095651230898
3004910,136.71131232831476
3004911,999.0127199377202
3004912,14.366397536382344
3004913,3.6699380721385237
3004914,3.2495027888459576
3004915,0.07245885733797905
3004916,0.47282775907893915
3004917,1340.1003593261948
3004918,0.0
3004919,229.29205484407657
3004920,6.182022573915879
3004921,593.4618423711225
3004922,279.61518725570113
3004923,159.77633900920068
3004924,49.36138558649432
3004925,44.582819282697166
3004926,2180.010009448313
3004927,12.214796086551317
3004928,0.35350940719218205
3004929,14.290424353749223
3004930,12.132961878106247
3004931,0.10254233989261419
3004932,131.51595309029838
3004933,1.748409099587247
3004934,0.0
3004935,2.942511308634443
3004936,159.31409887922584
3004937,1.9409697563629558
3004938,115.54492170683011
3004939,118.21079337494308
3004940,0.7827521075874639
3004941,3.6095195413393584
3004942,312.6036966287147
3004943,28.687477680234057
3004944,866.4005605412086
3004945,69.14368172685502
3004946,1.685981634782512
3004947,1.762819557562961
3004948,0.0
3004949,1.5356655013322253
3004950,1446.1473383537518
3004951,0.004808220651195215
3004952,265.264340284857
3004953,13.603330787088785
3004954,581.498615821427
3004955,498.49765451082664
3004956,142.19093718681273
3004957,60.069230382850684
3004958,69.80556093078137
3004959,2152.376137299435
3004960,26.224281779775335
3004961,0.3659103147824864
3004962,8.333779843069978
3004963,8.819479204413847
3004964,0.042212826795603134
3004965,119.17503213336056
3004966,8.463127700531667
3004967,4.7263238125004845
3004968,4.772290637276678
3004969,75.05746184018732
3004970,5.298400859321538
3004971,562.8126124988034
3004972,136.78087845714663
3004973,2.7195609407317596
3004974,4.144566252814497
3004975,352.2224027463104
3004976,33.12155893953498
3004977,1280.8352162746355
3004978,0.0
3004979,10.852213782737431
3004980,2.730933943057712
3004981,0.132934448876768
3004982,2.1877128407100073
3004983,3609.514436744913
3004984,0.09950501508809353
3004985,773.6491819287812
3004986,25.40624097455656
3004987,1151.1456136522859
3004988,1189.2451664775067
3004989,311.90419792846717
3004990,280.2085336304868
3004991,214.0203763953618
3004992,4320.265653102458
3004993,28.317426573468115
3004994,0.9524216749924146
3004995,15.998860550410553
3004996,32.7232282994365
3004997,0.09128998647826761
3004998,258.1282112036294
3004999,9.746652658904322
3005000,43.297936557073115
3005001,8.101894320602298
3005002,152.8066008907203
3005003,14.301574743136797
3005004,809.092370946683
3005005,261.94496181525597
3005006,12.240508887299809
3005007,8.73532096753165
3005008,855.028386115698
3005009,116.04280762967142
3005010,3552.8321382073823
3005011,14.473338681944583
3005012,34.25670648366572
3005013,2.4082366734383376
3005014,0.07698109720398773
3005015,4.119145654967162
3005016,1860.4562140974235
3005017,0.012755718127760187
3005018,350.81036825780376
3005019,6.05748855947169
3005020,457.765895646261
3005021,476.04043362000044
3005022,162.1533214598011
3005023,119.74848283799264
3005024,84.61097246601611
3005025,1842.155834802869
3005026,14.404573374849061
3005027,0.47849157596210473
3005028,11.259968889605464
3005029,14.556246740861967
3005030,0.08782544167394624
3005031,104.76484072849843
3005032,0.0
3005033,37.084421004338395
3005034,2.320868714926798
3005035,240.66226915739242
3005036,5.971725749229741
3005037,321.0885856173908
3005038,97.79920039679307
3005039,3.8108280268384433
3005040,3.6586188851754136
3005041,250.75963783600724
3005042,34.13264628023153
3005043,1419.9757736081847
3005044,7.878744044294788
3005045,4.50041884978557
3005046,3.845385290135406
3005047,0.0
3005048,1.437167804048374
3005049,782.8427905106764
3005050,0.0
3005051,196.84079682618002
3005052,6.146709933804724
3005053,383.8924440525634
3005054,194.25648302097497
3005055,105.43815724911838
3005056,35.71459086877971
3005057,34.44845572297715
3005058,1405.756585983426
3005059,12.285353379080522
3005060,0.6265936470257378
3005061,8.06496667917993
3005062,7.259946734046418
3005063,0.21819431442427262
3005064,71.97710852048455
3005065,0.17148405671119943
3005066,9.088292409022738
3005067,0.6552372862175655
3005068,32.800235097153944
3005069,0.4511357630288717
3005070,437.06975244509556
3005071,138.7454347475856
3005072,2.2016318297015935
3005073,0.9003823526699796
3005074,202.79581480743883
3005075,13.642031628275685
3005076,415.19325403050993
3005077,8.842135302289904
3005078,3.5885667108206247
3005079,3.9627230246473752
3005080,0.098141216121833
3005081,2.129105681372619
3005082,2442.715487116567
3005083,0.08515902978018497
3005084,485.33543570815476
3005085,14.087633991459516
3005086,687.4163878891477
3005087,667.5441035623492
3005088,298.62304541082807
3005089,196.0782116930026
3005090,138.39365648694752
3005091,2995.8224421710756
3005092,16.500231220442437
3005093,1.811043045006322
3005094,21.48621346265699
3005095,17.045891209649334
3005096,0.18048060134394245
3005097,197.0244244425862
3005098,2.2340459273353925
3005099,25.2361013622533
3005100,4.50151777851878
3005101,223.3390754855807
3005102,3.2410673129908276
3005103,390.7320090880879
3005104,164.33432852237897
3005105,7.162847088175767
3005106,6.7972212545649935
3005107,459.91889793274345
3005108,63.63696124056018
3005109,1908.4741063300166
3005110,3.131091100643395
3005111,16.137109652942563
3005112,4.629007258216661
3005113,0.0
3005114,0.6302065624471209
3005115,2434.750467494783
3005116,0.0
3005117,433.0550307470934
3005118,17.31519718017415
3005119,994.1594571731891
3005120,541.0955652677118
3005121,382.8708265768954
3005122,133.42847017888585
3005123,62.665990381923635
3005124,3238.8385251257214
3005125,9.16295694331837
3005126,0.3479896035328449
3005127,20.544406083250756
3005128,14.485974446295614
3005129,0.2079457035058107
3005130,171.26812920852265
3005131,0.0
3005132,7.648482937491693
3005133,3.6354327715860113
3005134,60.09631937552883
3005135,1.319125677658098
3005136,150.90474633301417
3005137,245.3390729965462
3005138,3.9931801673217002
3005139,2.4742038157538797
3005140,209.39826819557925
3005141,69.7416880589038
3005142,941.2545919366203
3005143,2.1035604181841165
3005144,0.49021482170338215
3005145,3.766271819049756
3005146,0.1335160150607094
3005147,1.519523532790681
3005148,2097.0194283388246
3005149,0.0
3005150,436.3850540138584
3005151,10.67859650749908
3005152,790.8915904085727
3005153,496.95229597113473
3005154,228.95583730944514
3005155,138.46759521069856
3005156,67.74360106133352
3005157,2774.2602418413057
3005158,10.17813299925088
3005159,0.5357430365713303
3005160,18.648386648860104
3005161,10.738923300719817
3005162,0.12094632728951363
3005163,162.9825654340691
3005164,0.0
3005165,6.655966368092653
3005166,2.4487058994773925
3005167,101.12716482741075
3005168,1.2102763420824167
3005169,91.70832766119612
3005170,165.22755082093323
3005171,4.104740594303148
3005172,2.716144695756158
3005173,206.26293344642806
3005174,51.93598842542657
3005175,703.001702786552
3005176,1.1785239623803903
3005177,2.742568706561842
3005178,10.722152784895737
3005179,1.0162052030213968
3005180,10.72729155187886
3005181,7762.575591786408
3005182,0.0941798118020343
3005183,1087.3432728952298
3005184,63.70017516846588
3005185,1771.0224419082626
3005186,1943.911830617339
3005187,429.8811660864782
3005188,541.7611070357049
3005189,383.3606933802327
3005190,8028.253469725025
3005191,84.45184084828823
3005192,1.6297918491981345
3005193,43.073413391789096
3005194,50.656708732179816
3005195,0.9008704085028247
3005196,530.6014603560193
3005197,41.65327139233452
3005198,69.91136216993695
3005199,24.41775548791284
3005200,348.6133387088775
3005201,32.28165144978666
3005202,1356.0834491581547
3005203,486.52683823239926
3005204,13.317586963408585
3005205,20.646366361522258
3005206,1610.8206223261657
3005207,235.4134918640644
3005208,6866.940826136883
3005209,5.004204894889113
3005210,111.26047762270152
3005211,2.6865398272908365
3005212,0.21771130211312592
3005213,0.5355303360962964
3005214,1382.1352642522727
3005215,0.0
3005216,142.82567607814502
3005217,4.356981575244878
3005218,634.4372477396225
3005219,228.24982678896177
3005220,141.92869975813454
3005221,137.42280088725548
3005222,47.19084040442041
3005223,2140.022379331508
3005224,3.4987998397149758
3005225,0.3017375403973878
3005226,10.190815521266165
3005227,7.123601652295285
3005228,0.32858459761016434
3005229,139.65084987618198
3005230,0.10583537062598507
3005231,0.0
3005232,2.77277339349659
3005233,39.123621419039644
3005234,0.8673636197105742
3005235,62.13266866081299
3005236,100.29986467114982
3005237,2.393639765907629
3005238,3.4006296954905566
3005239,136.9501581121525
3005240,15.116893223069315
3005241,466.29163977495443
3005242,14.80963611501451
3005243,2.850214070974592
3005244,6.427899353981582
3005245,0.12394293125094354
3005246,1.2531708723703845
3005247,2895.622173939898
3005248,0.0
3005249,497.3675999061618
3005250,11.446284479551075
3005251,1195.7493722658005
3005252,528.6283549623886
3005253,301.36702894841113
3005254,272.7428473627084
3005255,92.53323337793572
3005256,3925.676674020966
3005257,12.69815651584177
3005258,0.3048034490648618
3005259,19.22834019465371
3005260,16.31421076136506
3005261,0.17625513175611413
3005262,226.9324421956752
3005263,1.2850562448887792
3005264,8.343879223321437
3005265,8.123938923499633
3005266,24.757760697583794
3005267,1.680694438646157
3005268,342.23050020495816
3005269,226.2413860020219
3005270,2.813171570064224
3005271,4.132022237442796
3005272,163.35528807571202
3005273,53.14061413332955
3005274,1133.418778221558
3005275,1.8172493623404826
3005276,3.2903083116260894
3005277,1.0357980364356711
3005278,0.0
3005279,0.0593303833005141
3005280,845.2357061999304
3005281,0.0
3005282,99.10140587254696
3005283,2.244957478221588
3005284,690.609921844063
3005285,114.31554384741781
3005286,103.88492641595424
3005287,137.55219844262834
3005288,16.375199693798997
3005289,1543.532504289554
3005290,2.230157145273306
3005291,0.2264378601549586
3005292,5.748071306990533
3005293,2.4165950958417133
3005294,0.018422132290700957
3005295,56.796272900468544
3005296,0.0
3005297,0.0
3005298,0.6147894440866648
3005299,34.60352434929099
3005300,0.26298460237177695
3005301,61.088593366906125
3005302,57.869860402085834
3005303,0.3938811974225256
3005304,1.0503887388010051
3005305,67.59696959574674
3005306,7.825575208194238
3005307,176.6591205488026
3005308,15.700717220703329
3005309,0.7530615073036516
3005310,4.914646975157453
3005311,0.0
3005312,0.34757822947211137
3005313,1660.2807567269172
3005314,0.0
3005315,182.4516828735804
3005316,5.341296849199136
3005317,714.8582979867475
3005318,273.9098484330245
3005319,187.20606712347106
3005320,61.95753634298051
3005321,65.85605792596155
3005322,2412.077455537463
3005323,2.735962988406454
3005324,0.45838979422946746
3005325,19.195979001960254
3005326,9.674178886491516
3005327,0.12591845784358832
3005328,147.71055598203006
3005329,0.0
3005330,0.0
3005331,9.195287827850123
3005332,19.44854278932459
3005333,1.055446434427923
3005334,201.7476752913874
3005335,149.14357564759732
3005336,0.6993264774871747
3005337,2.8000444900024037
3005338,223.87014481232137
3005339,17.83831863231564
3005340,982.6791034160962
3005341,14.555508284499847
3005342,0.5294489801951231
3005343,3.246249521986174
3005344,0.12401014843891034
3005345,1.624481609763151
3005346,2110.4473674359847
3005347,0.0
3005348,612.6628313119182
3005349,8.386585737874654
3005350,918.5883627621506
3005351,527.6736420242357
3005352,245.91583581072825
3005353,129.0088294454255
3005354,73.50052130238515
3005355,3757.4923161509514
3005356,6.507907799737135
3005357,3.714399356808817
3005358,25.635317416080852
3005359,26.738642198799596
3005360,0.37380262418994004
3005361,172.68148917789063
3005362,0.9517929180774135
3005363,9.287121971138998
3005364,3.1249364789693552
3005365,59.6719250942771
3005366,2.2400759039155673
3005367,185.80695643485592
3005368,233.48565197405253
3005369,3.5285575755537644
3005370,5.025784646024298
3005371,177.95158620651603
3005372,31.201463110267625
3005373,622.6135719726851
3005374,1.2013505695869118
3005375,2.6532929482204364
3005376,3.067495188873252
3005377,0.008982701759466829
3005378,0.0
3005379,1189.4728623061114
3005380,0.0
3005381,82.88609028413238
3005382,4.152643450656732
3005383,404.1771761917157
3005384,101.46235727175507
3005385,102.56887153591367
3005386,112.35068965051379
3005387,28.57426288806571
3005388,1561.2057963897578
3005389,4.437919415439792
3005390,0.15536978844858848
3005391,8.683905736516332
3005392,6.292011844664581
3005393,0.18521894898588082
3005394,75.73620533091646
3005395,0.0
3005396,0.0
3005397,0.6510832385281305
3005398,25.7860288078575
3005399,0.6056905659225089
3005400,155.408108476929
3005401,61.10623236160633
3005402,0.6583968647320656
3005403,0.9752582168565039
3005404,63.198108273450075
3005405,15.8573392535178
3005406,305.4829726219717
3005407,13.319599738399095
3005408,0.2259190107647619
3005409,3.0889471114302576
3005410,0.01948739227287207
3005411,0.06502158829652217
3005412,2613.481222759059
3005413,0.0
3005414,389.9393369893075
3005415,7.497938403172639
3005416,752.348956457086
3005417,427.7684681135032
3005418,209.51741523983432
3005419,93.69476053606445
3005420,95.27193260972687
3005421,3113.6618980745434
3005422,4.1060951127871075
3005423,0.44264141216121533
3005424,12.846814706625345
3005425,8.525504002793761
3005426,0.1456955905043748
3005427,169.2571260252136
3005428,0.0
3005429,31.743844727014007
3005430,1.493938153329096
3005431,54.27222445667873
3005432,0.6965549944399224
3005433,177.2584048201562
3005434,150.44420401819002
3005435,1.2049440799072442
3005436,3.199720011709723
3005437,123.46508178239623
3005438,36.44032668776666
3005439,992.5390198198215
3005440,12.305704110449913
3005441,0.48023265258636416
3005442,3.0565126043525033
3005443,0.0
3005444,6.3210476294574365
3005445,3669.6865116411777
3005446,0.08882802021577493
3005447,562.4342126302345
3005448,11.633312620119641
3005449,970.727933868011
3005450,881.7654008481212
3005451,185.43839422079395
3005452,150.7855114153762
3005453,135.0757452304742
3005454,3792.6255388247246
3005455,90.50662103433915
3005456,1.4246001997226134
3005457,33.55067708445451
3005458,21.28430078661542
3005459,0.20988065831470892
3005460,265.6476192859448
3005461,20.040278895437766
3005462,38.218898510216576
3005463,2.0624744106396857
3005464,177.69979989437718
3005465,10.000336855733819
3005466,353.659622839906
3005467,296.71346861788334
3005468,10.471697977874104
3005469,15.095352038206578
3005470,333.978234073935
3005471,75.0720394955676
3005472,2578.1740660087953
3005473,15.7878456945319
3005474,17.687862245022334
3005475,4.531952162653956
3005476,0.0
3005477,6.030319427015803
3005478,2668.3852130219902
3005479,0.0
3005480,387.7337565463373
3005481,16.957210412275547
3005482,1035.114466895492
3005483,812.8917049484731
3005484,171.9543264965635
3005485,89.83765196937588
3005486,111.02874224739884
3005487,3673.621687278058
3005488,34.17065286586831
3005489,0.8896531973950905
3005490,30.33010902522906
3005491,55.86073762526399
3005492,0.028559776181219368
3005493,340.41287218035563
3005494,12.62587142562301
3005495,23.41436415639044
3005496,6.748550670169358
3005497,139.833082785919
3005498,10.840881829688001
3005499,236.32623118329604
3005500,399.83624187929115
3005501,6.82514712896578
3005502,8.580985209511892
3005503,179.93918054365818
3005504,94.85182745870657
3005505,1849.772809582694
3005506,15.25430931293567
3005507,19.488056660283284
3005508,6.74911059982236
3005509,0.23686556098909087
3005510,1.6562991922240937
3005511,3781.5243218142678
3005512,0.0
3005513,646.8074022965636
3005514,10.439648252254628
3005515,1805.735698620043
3005516,587.2100767120578
3005517,191.1091053169801
3005518,247.73936146632883
3005519,83.8361571768974
3005520,5245.170721303975
3005521,29.01932549365244
3005522,1.0601058385417155
3005523,17.098916513253172
3005524,18.611571710196223
3005525,0.12583314202506388
3005526,248.15021482943527
3005527,4.443069796847579
3005528,16.69690679513865
3005529,7.401000126478339
3005530,90.98866125583078
3005531,4.473678184247428
3005532,146.86409361798576
3005533,257.4155405921408
3005534,5.408633174612551
3005535,8.309546552459508
3005536,307.8108323008909
3005537,55.3865116134112
3005538,1551.660487639433
3005539,7.383522231345001
3005540,11.686940457676153
3005541,3.302802004633843
3005542,0.030266997671462105
3005543,3.687252343892268
3005544,2543.6839050425597
3005545,0.09824457685611514
3005546,365.2306945567476
3005547,9.670421015342713
3005548,782.0186824050495
3005549,693.7243819193991
3005550,238.8505303723972
3005551,138.36233656448871
3005552,101.70780386446576
3005553,3270.041262589936
3005554,30.08325483771676
3005555,1.0798979721800979
3005556,12.17410785930655
3005557,13.231310289286029
3005558,0.1875682377766152
3005559,259.3624811713978
3005560,14.860165065181599
3005561,32.49358549531123
3005562,1.082138551288244
3005563,148.33813273436687
3005564,6.748033153233782
3005565,596.0856982476066
3005566,213.67064114825985
3005567,4.619935239758471
3005568,7.80820077604907
3005569,506.9053859359668
3005570,39.08455404467094
3005571,2012.6059929005555
3005572,15.014431858297138
3005573,28.253978493103016
3005574,3.4126469596031326
3005575,0.12094130398832958
3005576,2.196029198814724
3005577,4154.7797362995825
3005578,0.0
3005579,353.51704899262353
3005580,9.67159275052766
3005581,1695.9207625784586
3005582,523.9305454250718
3005583,303.91059159550764
3005584,154.5852020109504
3005585,86.29531062778662
3005586,5082.59057713408
3005587,11.569068739175714
3005588,1.2551266894093231
3005589,20.706348846452443
3005590,25.923161605596977
3005591,0.14700869532968353
3005592,337.95466144135406
3005593,0.0
3005594,23.073664716497355
3005595,4.099994153203898
3005596,42.27898765005578
3005597,2.7124051899376194
3005598,140.68293619248155
3005599,261.5785046870864
3005600,2.1206053925346806
3005601,6.414357702895215
3005602,282.90489896219896
3005603,56.93444371098113
3005604,981.5587133007613
3005605,13.296115668109959
3005606,3.5660186419197015
3005607,4.830442099872452
3005608,0.08816967283230351
3005609,5.516389040362912
3005610,2542.6404640770525
3005611,0.033869144526521205
3005612,422.48132665171704
3005613,14.045843294504822
3005614,1442.3794548429019
3005615,588.6517192825548
3005616,232.39934196555055
3005617,126.70331613795038
3005618,133.124677359065
3005619,3650.4640038232424
3005620,46.678424412265464
3005621,0.9669019693671805
3005622,14.927825685814376
3005623,26.545085299512003
3005624,0.20252345525749552
3005625,227.822052108109
3005626,14.384428220521855
3005627,32.14036374032792
3005628,7.073950471736195
3005629,251.03618602487765
3005630,10.435932803698483
3005631,349.2515950719988
3005632,293.52679461522507
3005633,10.530175576928656
3005634,7.0774436841026045
3005635,248.28540396265282
3005636,54.997784612518345
3005637,1904.9610692724414
3005638,8.150342371930943
3005639,7.677483778942917
3005640,2.6457719218365403
3005641,0.0
3005642,3.8107069076131657
3005643,3018.039944669299
3005644,0.0
3005645,431.8080981360635
3005646,11.71516065412663
3005647,657.61176199541
3005648,776.0757812425638
3005649,194.0201233866815
3005650,143.2535713737982
3005651,146.3178398484875
3005652,2935.583147180368
3005653,35.50675570826399
3005654,0.6552671556333279
3005655,20.207149863265652
3005656,17.247857604359673
3005657,0.13081282914502582
3005658,172.02520807963623
3005659,15.10811414185769
3005660,46.268187096140295
3005661,4.033045464058536
3005662,97.02348794646366
3005663,10.567827004068013
3005664,303.5551733614599
3005665,202.45459559142415
3005666,7.627881596256465
3005667,7.342695540320553
3005668,261.0440800310238
3005669,56.584399690575786
3005670,2263.5716740246066
3005671,13.830983512921057
3005672,15.467974159551417
3005673,2.772870422066363
3005674,0.09419105386283122
3005675,1.5601750082551247
3005676,4146.1398011177935
3005677,0.0
3005678,543.6663182877323
3005679,17.90205613388251
3005680,1105.1006476793004
3005681,509.8668081460635
3005682,277.75662490694776
3005683,158.08724536648904
3005684,61.23493889476902
3005685,4364.9321019429235
3005686,6.441509021604057
3005687,0.1303471462707647
3005688,9.651883011537265
3005689,12.07407772683571
3005690,0.10607002581793148
3005691,191.32528725365177
3005692,0.0
3005693,7.9101150137972605
3005694,0.9621143679778472
3005695,66.32432033246106
3005696,2.8323735343875196
3005697,208.18309698514648
3005698,243.48842808522852
3005699,2.54144224931645
3005700,3.154229681458726
3005701,343.02089109374697
3005702,121.93150499725212
3005703,1128.3341744699615
3005704,2.1148884900065807
3005705,0.6505285350689861
3005706,10.953604646956771
3005707,0.0
3005708,16.383947261930494
3005709,9033.47069296383
3005710,0.0
3005711,1458.0545339937871
3005712,39.266465010848
3005713,2420.9016229925483
3005714,2290.3767616818886
3005715,661.3848177690068
3005716,630.4504018001832
3005717,503.48002670603285
3005718,9005.199304088612
3005719,100.94986836974704
3005720,3.9109286137724277
3005721,102.59941695697812
3005722,102.3718855991179
3005723,0.2599594046311149
3005724,673.857957573634
3005725,41.67925206298829
3005726,32.21839741653002
3005727,25.90460096717767
3005728,509.1350456445586
3005729,25.097055910437323
3005730,1587.3924071655783
3005731,585.1043645022398
3005732,34.21327859445068
3005733,29.89993193747765
3005734,1847.9622289279832
3005735,246.8911643798656
3005736,7821.301669480475
3005737,35.311415548440266
3005738,124.6528646486016
3005739,12.938203842808418
3005740,0.0
3005741,11.926231071303816
3005742,9477.446158754396
3005743,0.05840901749538726
3005744,1141.1406035285922
3005745,27.226965631068598
3005746,2544.2095611889863
3005747,1970.586549665012
3005748,810.5460006839802
3005749,379.7033641522736
3005750,351.42510705376947
3005751,10832.485231558127
3005752,185.85285046586097
3005753,1.6576484745718087
3005754,48.55212669037477
3005755,86.70034409612666
3005756,0.4519421856241544
3005757,619.5762230433095
3005758,33.34664692885608
3005759,47.401571277730554
3005760,17.953944786353585
3005761,342.3099761134906
3005762,19.715364453982914
3005763,2026.051281663737
3005764,610.6662192937092
3005765,18.993440216419707
3005766,26.34230799745917
3005767,1833.09657144104
3005768,250.97201026481326
3005769,5506.781302079175
3005770,162.8622187086537
3005771,95.46426390194338
3005772,8.593077568742125
3005773,0.0
3005774,11.93920111896759
3005775,5619.43680578439
3005776,0.13406037733696388
3005777,738.5125677287964
3005778,16.595949637704347
3005779,2085.641082401047
3005780,1236.3026691533569
3005781,813.3409567746723
3005782,144.53142537694285
3005783,206.5770163050587
3005784,8296.775581420008
3005785,51.729430791874414
3005786,1.9543876108471014
3005787,25.67246557097379
3005788,22.151671181107194
3005789,0.2937081811778277
3005790,555.3246015647139
3005791,25.756017887427397
3005792,26.786836954167825
3005793,12.814967346838062
3005794,170.21077594877738
3005795,9.156172267424017
3005796,1726.79820890682
3005797,599.8035726527761
3005798,17.96672820583466
3005799,29.170014039807477
3005800,1011.8795372164082
3005801,125.70341226850101
3005802,2361.89372028079
3005803,26.513102457624292
3005804,49.70223425456142
3005805,13.733052214126317
3005806,0.0
3005807,13.486909559049584
3005808,8562.28516240718
3005809,0.05887993071356338
3005810,1021.97955984449
3005811,25.624854907467572
3005812,2289.981785523697
3005813,1895.7373720538778
3005814,761.7708873091182
3005815,376.509382059957
3005816,264.24495831657794
3005817,9117.531129995627
3005818,69.69885221162198
3005819,1.3539174665327902
3005820,44.130734568368695
3005821,62.19150239429396
3005822,0.4829457197765383
3005823,655.566191303983
3005824,42.06231274584891
3005825,38.29286302035322
3005826,43.85920788906775
3005827,341.2092120028203
3005828,16.368463763290343
3005829,1694.2339863183524
3005830,625.2047860426279
3005831,18.468243791979337
3005832,23.005313920645246
3005833,1386.026668467466
3005834,215.28481244595008
3005835,4949.192555834856
3005836,71.03071212807055
3005837,77.96753884910643
3005838,9.386189615856805
3005839,0.0
3005840,13.055851533495211
3005841,4907.318566104786
3005842,0.01878262754378481
3005843,650.9585008252759
3005844,20.464117942312107
3005845,1782.8063015741795
3005846,1049.4207602618244
3005847,646.4349282067299
3005848,114.3430286569953
3005849,167.13235617082876
3005850,7273.856741292841
3005851,53.724763008648765
3005852,0.6219767623981931
3005853,28.99590941225631
3005854,36.05861492750089
3005855,0.4921210427264246
3005856,570.853775867738
3005857,28.959520949782252
3005858,12.812804843907802
3005859,11.523312851677332
3005860,170.21885885538927
3005861,4.9426237263097805
3005862,1633.556632709458
3005863,741.7758798850762
3005864,12.766451845330248
3005865,20.544022312540147
3005866,1084.216546430138
3005867,83.47899373637242
3005868,1809.0015562274934
3005869,51.170153822788535
3005870,24.231173076005184
3005871,9.76705747376997
3005872,0.0
3005873,7.8242549227946805
3005874,7106.677702307325
3005875,0.0
3005876,1103.8556818713832
3005877,27.66461645959766
3005878,1601.6383473089027
3005879,2020.5019487460445
3005880,532.0247851301292
3005881,484.5022042229988
3005882,388.935809915875
3005883,7485.704222998768
3005884,64.39668788898456
3005885,1.0114954555145266
3005886,35.53594690325364
3005887,47.701141291389675
3005888,0.2001163147874625
3005889,487.7105917353574
3005890,10.74628990983475
3005891,39.563134196030816
3005892,13.675243869048654
3005893,372.67715168408824
3005894,19.381080478119156
3005895,1379.8188533116495
3005896,480.89707367328924
3005897,19.75480536647091
3005898,27.652411097286137
3005899,1273.8328672907203
3005900,212.24146226093225
3005901,6768.927190924798
3005902,23.50238551793718
3005903,105.68932710934688
3005904,3.9738165615747203
3005905,0.24766191617255603
3005906,4.2402724848334845
3005907,1721.6926126248568
3005908,0.0
3005909,322.9702431690186
3005910,25.82531060284242
3005911,870.7407104020581
3005912,475.1395841720322
3005913,229.37453994163505
3005914,92.79982686995999
3005915,105.96826635444376
3005916,2816.5502909757033
3005917,60.6714063639606
3005918,0.970553751765415
3005919,23.75405176759809
3005920,23.159832824341983
3005921,0.39196328055597845
3005922,219.18766651105523
3005923,11.479573535963853
3005924,10.145700524557139
3005925,9.601165124659303
3005926,82.28681764222023
3005927,6.532691313136304
3005928,310.40164668300616
3005929,205.11057183311542
3005930,3.06390027622083
3005931,6.201422604166248
3005932,300.9324980187801
3005933,53.39216861145591
3005934,1483.5124613370594
3005935,6.953595203760332
3005936,12.143670367949438
3005937,6.568383712162589
3005938,0.0
3005939,11.418697796424613
3005940,4411.812131952235
3005941,0.08536985036688206
3005942,557.7818261429703
3005943,30.68620403197444
3005944,1757.4040938950536
3005945,978.2977822133244
3005946,505.02469692466207
3005947,102.97322260289047
3005948,175.4930457364154
3005949,6037.643331453267
3005950,170.80972175235107
3005951,0.8981244393503649
3005952,50.20020079860225
3005953,31.16796673486227
3005954,0.4167519991057258
3005955,496.5660394513113
3005956,22.819440631456466
3005957,9.661096155501482
3005958,1.2150969282853654
3005959,202.8335296785742
3005960,7.723278993291261
3005961,916.8205095973132
3005962,495.5313998643041
3005963,10.039368755965903
3005964,19.429695667731597
3005965,534.6208917796249
3005966,76.86008568353785
3005967,1910.2241159404887
3005968,168.78387564618518
3005969,23.411456833307724
3005970,6.526174297232529
3005971,0.0
3005972,3.892402441392117
3005973,4686.8478435978695
3005974,0.011435622196734215
3005975,860.2527934357638
3005976,7.6312469375638265
3005977,1426.5615877323767
3005978,1627.513748514793
3005979,300.54535392824283
3005980,420.4338529870156
3005981,328.86476215369515
3005982,5223.586163685799
3005983,45.07813127265023
3005984,1.1264736797429684
3005985,24.362393338448356
3005986,38.333271704919866
3005987,0.4307073644283129
3005988,350.5052859980783
3005989,1.8208970294187319
3005990,51.16923407881363
3005991,4.762041466517704
3005992,219.89475429613202
3005993,10.343168487950384
3005994,1173.2894679743251
3005995,277.49069039677636
3005996,15.78374736894282
3005997,8.133558092964496
3005998,3265.665444616977
3005999,121.79021312547171
3006000,5033.376247753749
3006001,3.2429193960843516
3006002,56.23266639758587
3006003,8.394754210340741
3006004,0.0
3006005,6.7623986792362665
3006006,4432.994871210048
3006007,0.0
3006008,876.1895530581643
3006009,13.285718570054113
3006010,1630.0903710380755
3006011,1121.0586682050155
3006012,400.30315589191395
3006013,242.7225147422767
3006014,432.1412308963867
3006015,5879.931146840174
3006016,54.1184906522765
3006017,2.8153215965071974
3006018,44.697245206940174
3006019,42.05423333153252
3006020,0.5179983150430567
3006021,358.08327218457765
3006022,5.168219277413051
3006023,62.18062027558514
3006024,6.714535881135871
3006025,345.9286604704994
3006026,9.461868803306745
3006027,965.8131324787271
3006028,328.8030180744429
3006029,12.944537723657717
3006030,21.462359018206225
3006031,728.5156828186869
3006032,139.8297906069816
3006033,4760.680184629422
3006034,3.2480582566925973
3006035,10.16688979605916
3006036,7.720733379152943
3006037,0.07018206187442347
3006038,2.1597358992253857
3006039,2480.077953653582
3006040,0.0
3006041,426.60742656934167
3006042,6.801424715334515
3006043,1030.9359149388129
3006044,443.3082202254014
3006045,255.29134409821665
3006046,93.483809881008
3006047,138.08291004546743
3006048,3224.895067976336
3006049,10.92535065739588
3006050,1.047438177194434
3006051,16.86983689111417
3006052,15.649700366688458
3006053,0.13610164033838085
3006054,204.69551400826475
3006055,2.5910081013804627
3006056,14.312412827783339
3006057,5.506364227455229
3006058,113.59949649755501
3006059,3.2192899751186315
3006060,490.5143344107578
3006061,180.60285081223395
3006062,4.077613359664245
3006063,5.627153680146769
3006064,259.2326790827886
3006065,53.43528719667583
3006066,1880.4690512087254
3006067,14.653313743470264
3006068,3.588251491509952
3006069,4.2889701852723885
3006070,0.0
3006071,0.4848935633376635
3006072,3322.6517475098544
3006073,0.0
3006074,199.15783746966707
3006075,3.0934051439077095
3006076,991.4022567408635
3006077,197.04462730247928
3006078,208.87235874609604
3006079,58.27584995386345
3006080,31.954988055497616
3006081,3079.1274872174026
3006082,5.858382728373433
3006083,0.307540947428802
3006084,16.352255174798007
3006085,8.493503683097769
3006086,0.07397186841111553
3006087,176.56812495258248
3006088,0.0
3006089,0.0
3006090,1.8574794966765729
3006091,17.91062506277967
3006092,0.7733528513911062
3006093,54.68211903929053
3006094,140.81372177597208
3006095,0.35792277057582206
3006096,2.0255351617472996
3006097,64.32085878736567
3006098,61.8255149981415
3006099,579.7164119757083
3006100,13.281176722290256
3006101,1.3298219122414883
3006102,4.372158777668629
3006103,0.08577696068872703
3006104,4.761447743453679
3006105,3254.049844363976
3006106,0.0
3006107,485.66563550690944
3006108,14.50845481322236
3006109,1508.5667533640703
3006110,858.1384115293861
3006111,403.08119109720815
3006112,170.88361036231123
3006113,154.82237730746525
3006114,4292.8625544954775
3006115,33.56697884883269
3006116,0.7779384299708256
3006117,29.82496517451505
3006118,49.74631635238793
3006119,0.04750609990796785
3006120,362.6452770336001
3006121,18.015130231628447
3006122,21.796203010338306
3006123,13.52010156417717
3006124,155.3944414988176
3006125,7.911263840838263
3006126,701.4121485659302
3006127,264.893120574887
3006128,7.119648808605838
3006129,10.493465131340045
3006130,743.4531459796051
3006131,91.33460951677449
3006132,2158.8965149630685
3006133,0.0
3006134,46.96480145828231
3006135,4.51346929799357
3006136,0.12631684975813903
3006137,5.239603215041925
3006138,4446.286362948623
3006139,0.03924200489026777
3006140,669.2745441551006
3006141,23.865394368761816
3006142,993.1356804217385
3006143,1299.483927718435
3006144,217.79193669139818
3006145,282.88803088191986
3006146,265.96997820202085
3006147,4104.315707736686
3006148,42.47603216899651
3006149,1.5257392046974108
3006150,24.419777256463522
3006151,22.98540159898377
3006152,0.6025567238599974
3006153,247.55207473719258
3006154,13.417238636959787
3006155,55.430013795651384
3006156,3.427538309263646
3006157,284.27191252828004
3006158,14.006753793476113
3006159,834.9220554289896
3006160,238.97681910439968
3006161,6.177868026393938
3006162,14.731257733144199
3006163,886.2583417400308
3006164,133.76488904084334
3006165,4466.942332450988
3006166,13.192267255428586
3006167,52.692305880265295
3006168,4.634531897379079
3006169,0.13919407761028066
3006170,9.46387597106703
3006171,4656.976882189546
3006172,0.0659369267046239
3006173,815.7657705975193
3006174,31.85129443735159
3006175,1256.778244750986
3006176,1359.8088704972329
3006177,318.4377832436122
3006178,339.36138266626824
3006179,167.78424404826706
3006180,5073.395505968105
3006181,48.81347396973585
3006182,3.2691599382721632
3006183,33.78246007130946
3006184,41.02133946853271
3006185,0.20165776380891293
3006186,344.87464542347334
3006187,23.558690579415387
3006188,43.680125321632495
3006189,23.515356663491715
3006190,192.23669165926077
3006191,21.12852156084692
3006192,935.7299302133902
3006193,326.5143630571133
3006194,17.266176533609883
3006195,16.58434318909998
3006196,1023.5777786732128
3006197,132.89561414698085
3006198,4122.687494841485
3006199,9.78877711416051
3006200,61.90329812587781
3006201,7.21829567736358
3006202,0.08929365162818038
3006203,3.5574039078574016
3006204,2827.765557341085
3006205,0.0
3006206,439.77210379195026
3006207,14.581920813525928
3006208,1289.1528287460878
3006209,560.9637229778984
3006210,559.9171618370617
3006211,137.14522751701745
3006212,91.31258797414779
3006213,5069.247253859154
3006214,12.92402288378099
3006215,0.5580506298007797
3006216,33.16855080902737
3006217,24.566320886674873
3006218,0.09499489141862623
3006219,303.72973749551943
3006220,10.309834103492818
3006221,7.035207319965895
3006222,6.741137770895769
3006223,66.9013941033146
3006224,3.212850456418272
3006225,276.3584839887397
3006226,301.6077621072454
3006227,5.5715177597703684
3006228,5.868297976753529
3006229,432.07982803324467
3006230,79.54892794456491
3006231,1144.0198165241127
3006232,51.083719764856916
3006233,10.310172126900497
3006234,4.7672811194795095
3006235,0.0
3006236,3.611499094013049
3006237,2182.602924690973
3006238,0.03453696897786222
3006239,361.01796765992185
3006240,16.537666725913716
3006241,679.1894238983147
3006242,702.200746732623
3006243,138.7694354174225
3006244,148.00608258468984
3006245,147.46943342799742
3006246,2556.512642780393
3006247,17.642339623822977
3006248,1.520759319607749
3006249,17.282761855201908
3006250,18.74960514544387
3006251,0.8567040089151645
3006252,193.2591925573708
3006253,16.983273993010116
3006254,19.627102073997214
3006255,3.7001619059556683
3006256,157.53296868997538
3006257,6.4626894204627865
3006258,310.77930573217066
3006259,162.4196125506447
3006260,5.14990282920288
3006261,10.48914800088003
3006262,276.58422159610495
3006263,66.01419050293009
3006264,2591.809440918301
3006265,0.0
3006266,26.88954004229479
3006267,1.4798755807885255
3006268,0.0
3006269,0.7394741785117451
3006270,1455.6691876577029
3006271,0.0
3006272,103.77454312335948
3006273,8.363236770495202
3006274,995.38865533003
3006275,278.0671219053821
3006276,245.19074081807486
3006277,35.3582554617477
3006278,52.045024803253966
3006279,2867.6621598528905
3006280,10.451779886530531
3006281,0.3141339225145158
3006282,11.69675910070392
3006283,10.694323737937685
3006284,0.12769130203635298
3006285,182.04097807952098
3006286,3.840340834200662
3006287,0.0
3006288,1.5312146038083996
3006289,23.877422983563754
3006290,0.624569770599693
3006291,160.69912110320024
3006292,181.69347383857928
3006293,1.6581722826966299
3006294,5.81690801760586
3006295,137.15960773820422
3006296,25.39952424506118
3006297,247.60803469368196
3006298,11.242875138382342
3006299,0.5791367902524357
3006300,8.384939409886645
3006301,0.2249807577106097
3006302,4.233826575549733
3006303,4084.944650656348
3006304,0.0
3006305,610.4930020792941
3006306,17.824840604204173
3006307,1669.713625884887
3006308,602.021767228853
3006309,432.42841707765
3006310,247.51389205571002
3006311,119.84880458289196
3006312,6336.482536628975
3006313,49.079985068701475
3006314,0.5897235810821373
3006315,31.249889056140645
3006316,21.92622757240371
3006317,0.33371476379308534
3006318,361.96246211048526
3006319,18.675072353193656
3006320,3.4970115562716706
3006321,10.518129563549971
3006322,79.21886368612455
3006323,3.848784871422019
3006324,508.22559551078865
3006325,340.5064128560785
3006326,2.8184148976899466
3006327,15.135743482046443
3006328,360.3098583954673
3006329,120.47043523324191
3006330,1204.470422200242
3006331,27.19837227985316
3006332,12.109037024623913
3006333,5.563489045609228
3006334,0.07953308925498978
3006335,0.0
3006336,1864.2712671098097
3006337,0.0
3006338,184.7929675487248
3006339,12.205456830533441
3006340,1100.667371939456
3006341,441.52119663411827
3006342,193.42648112189784
3006343,54.566989138624024
3006344,61.899340989336885
3006345,3317.3773509989423
3006346,14.795506479153417
3006347,0.5529553860450063
3006348,14.764395714065042
3006349,19.279181564646674
3006350,0.2726003848237391
3006351,171.26715363411049
3006352,9.498848246107146
3006353,0.0
3006354,6.395910294170505
3006355,70.71734933560276
3006356,1.883489426755582
3006357,153.61112481751735
3006358,159.71178532976865
3006359,1.6348979296807393
3006360,6.068832817767068
3006361,167.52211628807137
3006362,30.785678635206224
3006363,425.8781190654096
3006364,12.73736150230675
3006365,3.083205249364932
3006366,4.062501768379139
3006367,0.0
3006368,3.0415751400412203
3006369,1718.9691993317124
3006370,0.0
3006371,137.1850602095731
3006372,8.997618692240298
3006373,957.3734823344978
3006374,339.1845251702955
3006375,195.08660685443283
3006376,41.80634318748333
3006377,49.00067543208492
3006378,3184.6226203225865
3006379,25.327117452307615
3006380,0.13727311801383593
3006381,16.31292592382949
3006382,13.88913963942689
3006383,0.07902523268088346
3006384,151.9973592859982
3006385,1.5569339453852138
3006386,0.0
3006387,3.431602760020237
3006388,76.09434444722258
3006389,1.3386936753791367
3006390,161.9145341688291
3006391,198.7086542077794
3006392,0.6641873582824583
3006393,4.498512332528069
3006394,129.09359470880264
3006395,23.0970681742628
3006396,217.7655579668941
3006397,17.01861076221263
3006398,2.64136667347985
3006399,3.90666758045254
3006400,0.0
3006401,3.200642306995049
3006402,1637.1039637469576
3006403,0.0
3006404,196.28093422416126
3006405,7.491564381778469
3006406,1744.508254344454
3006407,457.20896040828984
3006408,279.4254165500867
3006409,45.07125624528217
3006410,68.29022503574734
3006411,3686.2743033004253
3006412,19.249883806964128
3006413,0.5383340285187244
3006414,15.338259136829944
3006415,22.132135532913143
3006416,0.13028711939650867
3006417,258.5439900597989
3006418,2.31215058200403
3006419,0.0
3006420,2.581004662417988
3006421,33.208104044964614
3006422,2.302129460168813
3006423,306.857394595838
3006424,306.8928599447756
3006425,2.1882066992607387
3006426,4.258736223891944
3006427,172.0210740059821
3006428,93.74284864897837
3006429,505.959160835401
3006430,7.40064879687763
3006431,5.447038247953093
3006432,3.2400459942228306
3006433,1.514388331056836
3006434,1.9431446009625635
3006435,1651.992718347758
3006436,0.0
3006437,167.75993437338332
3006438,2.8315215768182367
3006439,913.789500485669
3006440,328.2804538821341
3006441,234.20095926410855
3006442,66.67211163098247
3006443,96.136958127597
3006444,2633.3181328015507
3006445,14.555084342273632
3006446,0.7507685899124825
3006447,16.927152358076658
3006448,15.832930692594584
3006449,0.21810909914971122
3006450,212.51116080742617
3006451,8.349305063909009
3006452,0.0
3006453,5.521062080124418
3006454,36.268103536441075
3006455,2.2092889296285065
3006456,130.27105068318286
3006457,194.19182246958925
3006458,1.1104787550146533
3006459,4.448554703475834
3006460,110.38839450765819
3006461,41.75273963995306
3006462,663.8576695949249
3006463,27.525986067886663
3006464,4.311908234776974
3006465,4.727074822969139
3006466,0.07500397163447264
3006467,0.574184758157095
3006468,1465.5803146191786
3006469,0.0
3006470,156.37778867529823
3006471,6.705648380464501
3006472,1043.7658453561262
3006473,289.04383897271475
3006474,173.2688695800491
3006475,124.86941240702795
3006476,63.06166392105625
3006477,2477.2386349493963
3006478,4.947400475081675
3006479,0.3163374301962922
3006480,8.663544210029826
3006481,10.19664066502702
3006482,0.15123464833650305
3006483,163.6803540035155
3006484,0.0
3006485,0.0
3006486,1.7490705492243919
3006487,49.20057740660603
3006488,1.4681422194681475
3006489,65.74886899679115
3006490,165.61341486755177
3006491,0.9535507836295108
3006492,2.3747724703637125
3006493,69.2853311500207
3006494,34.24962329795726
3006495,528.7918695368943
3006496,0.0
3006497,0.4038021305430016
3006498,9.260424404324453
3006499,0.4651621523239814
3006500,4.306042142895058
3006501,3490.5449311235066
3006502,0.0
3006503,352.34951025689276
3006504,8.334726537168164
3006505,1374.027127680826
3006506,714.1694085789558
3006507,579.2064095696062
3006508,165.1844225755412
3006509,183.55114139262957
3006510,4875.863630924606
3006511,27.385082810484427
3006512,1.1720851899687272
3006513,20.762639427161144
3006514,25.995455719268556
3006515,0.40165274381108085
3006516,303.89361850243984
3006517,1.663412498178862
3006518,0.0
3006519,9.04655326812327
3006520,66.84938986437007
3006521,4.827722385243064
3006522,223.82366526016767
3006523,289.2701774299687
3006524,2.487805057948316
3006525,11.612178499391874
3006526,446.81579172307715
3006527,66.86449861259679
3006528,1406.0466605062168
3006529,29.953198915706704
3006530,21.132238857370407
3006531,4.662000042508464
3006532,0.11537603025031429
3006533,5.363479320197817
3006534,2718.318700203171
3006535,0.0
3006536,578.899548071981
3006537,9.841917206048329
3006538,673.6047507659148
3006539,671.8065926912772
3006540,268.0058171383143
3006541,197.55295846925398
3006542,90.684147548671
3006543,2975.769033702658
3006544,12.58384092141908
3006545,0.7695220792198112
3006546,26.707343310364347
3006547,20.17365984808564
3006548,0.327251227054958
3006549,195.59228981570743
3006550,13.921349510050483
3006551,6.60951780572349
3006552,9.521722274082359
3006553,85.76923304434455
3006554,1.9210709942376365
3006555,116.97966714284499
3006556,170.02296637473623
3006557,5.270427250915034
3006558,7.064559113363079
3006559,233.75588733784605
3006560,56.43530958960604
3006561,1900.631208483195
3006562,63.011751138359614
3006563,23.06540133733741
3006564,7.701778375498449
3006565,0.9425160069775093
3006566,4.590152867206612
3006567,3730.6188252269235
3006568,0.0
3006569,246.06195014666798
3006570,9.170857458420398
3006571,1563.1163696972997
3006572,511.5665882099483
3006573,369.9580675102158
3006574,61.16036542427446
3006575,69.75086919226152
3006576,5092.586824425187
3006577,91.64177841931065
3006578,1.0655564433494666
3006579,20.181139580189445
3006580,19.414371375680602
3006581,0.17450468481242992
3006582,270.42794313681213
3006583,14.059240177816244
3006584,0.0
3006585,5.186318900826502
3006586,80.2962821679467
3006587,4.617733092008475
3006588,262.9124702390116
3006589,283.67634525469475
3006590,1.365466783278687
3006591,7.100854319361909
3006592,333.8713162739032
3006593,31.961975514024843
3006594,650.912240895768
3006595,18.580999006197118
3006596,5.445791979557454
3006597,7.837503268500763
3006598,0.06278182238190076
3006599,8.765796732670037
3006600,3910.1674912772633
3006601,0.0
3006602,797.3801307071651
3006603,16.61255544503819
3006604,1009.809203327846
3006605,963.8893095137896
3006606,285.51710182610816
3006607,183.49601107127734
3006608,166.23727981810165
3006609,4606.84047930437
3006610,81.68051106957154
3006611,1.4723148650719438
3006612,20.024334514168682
3006613,36.67332506697804
3006614,0.37183233095954893
3006615,332.50595346227624
3006616,29.605186106564783
3006617,27.098796238740842
3006618,9.664026739677244
3006619,190.73030719070374
3006620,11.474853734889633
3006621,517.8398523324466
3006622,322.27275559266496
3006623,11.235854495368613
3006624,10.82541328333646
3006625,546.1578072788288
3006626,122.72913908236146
3006627,2666.9727777746125
3006628,0.035771163066698516
3006629,36.65940691587008
3006630,10.084142663763537
3006631,0.10006471464751673
3006632,5.043493975079489
3006633,4341.447583672256
3006634,0.0
3006635,580.4350336087166
3006636,14.910960094863682
3006637,2286.7690559694684
3006638,853.9588989105224
3006639,769.8521627705952
3006640,101.09137367635233
3006641,168.57142849412747
3006642,6650.57663665255
3006643,20.768414505983053
3006644,0.6601759551270685
3006645,25.537794312578733
3006646,15.473544481133391
3006647,0.12797769463878986
3006648,368.871229043005
3006649,4.091232454281075
3006650,8.034070832692773
3006651,5.520947800361506
3006652,105.56826720837087
3006653,1.8297029644984764
3006654,319.5436613034949
3006655,398.3156936495819
3006656,6.4799751198057765
3006657,7.2539964441348594
3006658,385.29357758034246
3006659,80.52893867365712
3006660,1264.4043406867936
3006661,128.76355632579276
3006662,24.15906882210695
3006663,12.674835648244063
3006664,0.36168575509609424
3006665,4.417577831905314
3006666,3408.3271051202455
3006667,0.0
3006668,515.5866659945843
3006669,12.566286801574652
3006670,1712.2008255258227
3006671,676.7594697800229
3006672,352.460407960844
3006673,234.1063468257988
3006674,169.89462466225112
3006675,4682.236297311061
3006676,18.45707247987321
3006677,0.5806487731357327
3006678,44.314510881128655
3006679,33.87700940341011
3006680,0.3300274621060212
3006681,337.82833523930293
3006682,4.8636047811142795
3006683,5.26282836569604
3006684,11.204479881185964
3006685,154.86307125348247
3006686,2.311298243474266
3006687,146.25078648756178
3006688,326.8267716966358
3006689,3.5838946852241635
3006690,7.514269603428552
3006691,204.99722445461197
3006692,161.84221447123426
3006693,1602.0554615282463
3006694,0.6247792858556754
3006695,11.358128827864563
3006696,4.731278833499996
3006697,0.09227047092930024
3006698,1.5033647793491007
3006699,1721.547243019702
3006700,0.0
3006701,146.61148148378922
3006702,10.532705005233655
3006703,704.0955639594409
3006704,325.57720835954376
3006705,147.3810718151745
3006706,48.82811888159957
3006707,84.18163553156316
3006708,2707.831014698696
3006709,17.07294272366518
3006710,0.4488646025505825
3006711,20.105834230286437
3006712,16.423490939143385
3006713,0.23380361256918758
3006714,176.59898278847885
3006715,1.66584790270749
3006716,0.0
3006717,4.40252871365713
3006718,139.8578938100928
3006719,2.642390551431114
3006720,101.74254336220665
3006721,147.14313970831242
3006722,1.3448717965907742
3006723,5.744998235098418
3006724,145.1914194350889
3006725,35.51998098746541
3006726,456.96427293434294
3006727,38.86537084376664
3006728,4.40649669129566
3006729,2.1730949034070974
3006730,0.0
3006731,3.8759460247770345
3006732,1803.378447540793
3006733,0.015422224092087433
3006734,282.1032240554556
3006735,20.864339989070633
3006736,576.1195542009054
3006737,492.4759806412063
3006738,146.1774464896545
3006739,57.18832947830841
3006740,81.30589685701554
3006741,2336.3738151617895
3006742,29.673958715434253
3006743,0.38315772185949415
3006744,13.50680314143549
3006745,11.897801893767017
3006746,0.19402737918083596
3006747,133.1642511783945
3006748,15.858242560637898
3006749,6.269446382751192
3006750,2.2132904448359163
3006751,94.13036835424703
3006752,6.332967392386051
3006753,340.06241746931306
3006754,163.51192089723466
3006755,3.529008907059271
3006756,5.833481715253482
3006757,291.2356164250673
3006758,41.06187085275275
3006759,1193.5366708593554
3006760,0.0
3006761,8.642850421898213
3006762,3.911800649061405
3006763,0.11399258265592618
3006764,5.235143747110876
3006765,4313.24293666268
3006766,0.03422820389455361
3006767,841.6338502787642
3006768,22.948766501353553
3006769,1234.056006971151
3006770,1414.4000233401393
3006771,296.69422046693126
3006772,244.60942145393847
3006773,201.09827829145436
3006774,4814.821873550809
3006775,30.53731035762921
3006776,0.9555090595613511
3006777,18.37428448350383
3006778,38.216140694591644
3006779,0.11578773238995789
3006780,297.01910045819284
3006781,16.020560690389818
3006782,54.7466496364254
3006783,9.496958015575501
3006784,173.4431637386377
3006785,14.558241893659085
3006786,408.8251493360301
3006787,306.56893739189877
3006788,20.56909475073508
3006789,10.882523350013864
3006790,624.8808006579193
3006791,125.11087893702232
3006792,3553.260961551304
3006793,0.0
3006794,19.087234270571166
3006795,4.5728056808267095
3006796,0.10283073906219314
3006797,2.851889254695574
3006798,2371.0004003344693
3006799,0.022373348347935758
3006800,435.58659624576137
3006801,8.741998093559175
3006802,528.9277470573348
3006803,652.5000095895047
3006804,181.35899888870662
3006805,143.4221563674599
3006806,176.11380511045917
3006807,2202.682670068956
3006808,24.988924354971957
3006809,0.9861162711740389
3006810,16.249471757724045
3006811,16.94681544693498
3006812,0.232687921719695
3006813,122.60387463521731
3006814,0.0
3006815,38.39457071187805
3006816,4.0081949498309
3006817,428.2857640685326
3006818,11.009908121022617
3006819,221.4501839236415
3006820,150.40702462869754
3006821,4.75928359265666
3006822,6.914193710097492
3006823,208.44845633634498
3006824,45.714495544144256
3006825,1773.7758211553157
3006826,0.5151577994152331
3006827,3.11196029035934
3006828,6.214364460407813
3006829,0.0
3006830,1.8935768642202204
3006831,1381.7660481682415
3006832,0.0
3006833,249.7475696255233
3006834,6.951420238448014
3006835,454.65988360171514
3006836,248.07948975534578
3006837,110.02027932249335
3006838,38.079748672570744
3006839,42.328757594563456
3006840,1860.0003167830005
3006841,17.36396284457777
3006842,0.5941839439486386
3006843,10.009346466649893
3006844,12.3211031561377
3006845,0.39130502638645104
3006846,114.22191760937052
3006847,0.36332406463618616
3006848,8.941451495714862
3006849,1.4208649385555747
3006850,63.971051849900974
3006851,0.6062615250106448
3006852,306.8287674818995
3006853,143.75684241896732
3006854,4.064896896368114
3006855,5.656633938554095
3006856,187.8907383011363
3006857,26.084308715542242
3006858,509.81231384636396
3006859,0.628311010162164
3006860,2.315328708058125
3006861,9.258943173477475
3006862,0.20845086010375194
3006863,5.496275925304489
3006864,3820.7381608651804
3006865,0.1562068863089152
3006866,669.8767721809986
3006867,28.95243043697009
3006868,1107.0743627445913
3006869,1079.2547258935776
3006870,334.3338643277285
3006871,243.40309010983984
3006872,256.9705521450864
3006873,4308.230046191362
3006874,31.500635638976476
3006875,2.0877309449271397
3006876,28.504464545440523
3006877,42.459422398870785
3006878,0.26175369799652465
3006879,286.0293087152838
3006880,8.168296641487956
3006881,60.95972146334437
3006882,8.253611322723057
3006883,405.19364877857754
3006884,6.245765373490363
3006885,322.00083789811913
3006886,309.3882196340719
3006887,10.971750919924169
3006888,10.928409902623299
3006889,436.2792429947334
3006890,92.23277205628771
3006891,2562.335359503209
3006892,1.1107411544700538
3006893,16.37258835527413
3006894,9.1659859866953
3006895,0.0271256356228656
3006896,3.4607198231661616
3006897,3583.220171568353
3006898,0.0
3006899,682.6091488818674
3006900,23.990030411106474
3006901,1344.0653832341688
3006902,937.4714705932042
3006903,342.3721931228162
3006904,193.16118006326843
3006905,135.31032775816183
3006906,4541.2554457776205
3006907,13.02022316688263
3006908,1.0048799189704494
3006909,36.19454137634487
3006910,27.091119884999916
3006911,0.3479871124118107
3006912,286.49165840544947
3006913,0.0
3006914,10.634020792416694
3006915,6.867447309208541
3006916,111.21483814519613
3006917,1.972993402464992
3006918,221.63003022937778
3006919,285.32262186297595
3006920,7.209961042106681
3006921,5.548391627530043
3006922,273.1083852133267
3006923,81.21587518685382
3006924,1660.6839725386048
3006925,3.6993673862729985
3006926,7.172573643866205
3006927,6.797863616829942
3006928,0.2259887124717949
3006929,1.2568450897130141
3006930,3110.308306706586
3006931,0.0
3006932,631.3301918693877
3006933,16.026917074691564
3006934,1041.7108423485504
3006935,713.2084186263693
3006936,286.8753552832781
3006937,200.4817124428787
3006938,169.4104676901057
3006939,4303.2696147697025
3006940,23.405590992827435
3006941,1.1950751121853969
3006942,23.489095971410052
3006943,22.481820124695464
3006944,0.21033028927521868
3006945,240.64704372133286
3006946,0.0
3006947,8.352607631329377
3006948,5.1377380073734376
3006949,181.97529820101892
3006950,2.3048233900616157
3006951,117.1993443024599
3006952,230.6531839317346
3006953,6.484355478032109
3006954,5.761494243461934
3006955,208.40543148696878
3006956,69.58642160095351
3006957,1177.8657748653955
3006958,1.7579639186969942
3006959,8.697250818296336
3006960,17.78445804116039
3006961,0.8711607552205123
3006962,15.744803020257944
3006963,11066.198905672456
3006964,0.06429062720133323
3006965,1258.3271657949072
3006966,66.26746763112055
3006967,2164.7143095148895
3006968,2253.3201103339015
3006969,421.6308071599655
3006970,559.2101884121557
3006971,519.6498950006883
3006972,8713.409037967496
3006973,104.53392852397138
3006974,2.4928376696091403
3006975,50.718153360922976
3006976,55.4757894588653
3006977,0.6638319611763144
3006978,737.1257683558812
3006979,64.41523597814775
3006980,84.20890396410421
3006981,29.034283242850883
3006982,420.5286386740998
3006983,39.524068368907585
3006984,790.5725794544572
3006985,700.0340332506141
3006986,20.012954775688307
3006987,32.0091029520098
3006988,1222.4201319730878
3006989,294.5931044461232
3006990,8395.161593206461
3006991,1.5268724877877498
3006992,85.43850759756307
3006993,3.6909530190577624
3006994,0.18238516424404888
3006995,0.5519284083702184
3006996,1716.9916311493198
3006997,0.0
3006998,174.28802002367297
3006999,4.786257718124886
3007000,729.5060976514551
3007001,304.86834518133264
3007002,137.84166129661563
3007003,153.1110128070855
3007004,92.79003916606463
3007005,2071.9036023299136
3007006,4.497149897720434
3007007,0.267799662603326
3007008,12.23298829856152
3007009,7.640616041310964
3007010,0.5165222402814186
3007011,147.5873255543293
3007012,0.22390885258030216
3007013,0.0
3007014,4.2081073755798934
3007015,65.20354781083714
3007016,1.0403877632491039
3007017,61.889571387734605
3007018,114.83295443107559
3007019,2.9270419778779697
3007020,5.080119471218849
3007021,127.49238944966498
3007022,22.862017879683545
3007023,524.079376266839
3007024,0.0
3007025,3.692228633756839
3007026,10.520487259744815
3007027,0.12672287285240963
3007028,3.652039423480116
3007029,3586.6754685624173
3007030,0.0
3007031,617.4813823447154
3007032,14.343524720713589
3007033,1845.7459279262844
3007034,820.078888061179
3007035,296.00024930337406
3007036,248.914230555085
3007037,165.95911434069856
3007038,5430.984808528734
3007039,21.76350427543627
3007040,0.32818193802740103
3007041,26.918318515923648
3007042,23.25918771411449
3007043,0.26671612227268404
3007044,303.860743792082
3007045,2.6325441664045948
3007046,8.108193662521845
3007047,11.979109585806256
3007048,42.13781838168398
3007049,2.298635137008334
3007050,342.90982939065674
3007051,314.3090838542618
3007052,4.378468226687698
3007053,8.728075062826
3007054,167.86799235731078
3007055,66.13810818074683
3007056,1377.2823904059142
3007057,1.5431813439410749
3007058,5.811082900386763
3007059,1.6089110711088779
3007060,0.0
3007061,0.4144783320492851
3007062,1234.1949516448708
3007063,0.0
3007064,119.29574920288859
3007065,3.0192941703010243
3007066,843.8103724778766
3007067,177.43398643123618
3007068,89.0976002054829
3007069,114.0095145918252
3007070,37.43630056175537
3007071,1958.8051300510024
3007072,3.0631896001231196
3007073,0.23826718198131586
3007074,9.648430552669591
3007075,4.000915119654374
3007076,0.030391393205784302
3007077,104.15055515679423
3007078,0.0
3007079,0.0
3007080,0.5143160313094106
3007081,50.90331920409686
3007082,0.29694356672938993
3007083,67.71721822011965
3007084,87.08643823523896
3007085,0.2531339041451295
3007086,0.959154018227262
3007087,73.1133883162323
3007088,12.715418994386404
3007089,240.67435175131453
3007090,0.0
3007091,0.8622132694326324
3007092,8.88650761711439
3007093,0.0
3007094,0.6857580570932912
3007095,2258.121431585173
3007096,0.0
3007097,265.93063200968714
3007098,11.327947592485488
3007099,1156.9528110342699
3007100,531.981150273
3007101,204.23358540177367
3007102,181.19906784105402
3007103,158.60039663753236
3007104,3464.6594186795664
3007105,3.736131091683644
3007106,0.4756028823258338
3007107,21.00219791932774
3007108,21.73553813215739
3007109,0.14115737613382912
3007110,272.30354624544094
3007111,0.0
3007112,0.0
3007113,16.016744625734077
3007114,41.07613479167381
3007115,1.666337770649289
3007116,304.41396116768647
3007117,214.59957064528578
3007118,1.1863826401642585
3007119,5.344769878307567
3007120,167.1617218175295
3007121,25.36063975254371
3007122,1374.1489753225223
3007123,0.0
3007124,1.7064838156931588
3007125,3.564139170544748
3007126,0.27434540939178514
3007127,1.2350719925760594
3007128,3104.383266219241
3007129,0.0
3007130,681.3351916601125
3007131,9.916984418698146
3007132,898.0650836383174
3007133,719.8517383097436
3007134,233.7359782517811
3007135,121.65559853673396
3007136,94.4470500481927
3007137,4613.908243371754
3007138,8.371519371112301
3007139,4.449972866855417
3007140,28.145992301302083
3007141,44.33425428942426
3007142,0.45342556361857184
3007143,223.8186244803467
3007144,2.3711907899783053
3007145,11.676035441003826
3007146,4.5104479093621626
3007147,82.73105461991639
3007148,3.5673350443663954
3007149,192.09813639101264
3007150,250.25978551426144
3007151,4.011530519337479
3007152,6.327172210200239
3007153,158.87710016922838
3007154,38.53695621194581
3007155,679.5563341615609
3007156,2.069117552300094
3007157,5.241823863877038
3007158,5.147240356985245
3007159,0.010236514342215997
3007160,0.2991092104661393
3007161,1750.2896553167457
3007162,0.0
3007163,100.85699437911208
3007164,6.563413896964063
3007165,530.6175342783455
3007166,197.83211065199515
3007167,97.07180471819808
3007168,141.94670674757356
3007169,86.68188759728697
3007170,2114.6240035843102
3007171,9.154385701840067
3007172,0.2136176374965154
3007173,11.70137713137973
3007174,8.268051175253774
3007175,0.25938259961953797
3007176,106.82332763002552
3007177,0.0
3007178,0.0
3007179,0.4316507283797718
3007180,93.12409537640471
3007181,0.7055018165044451
3007182,170.50475772698246
3007183,100.24122956654662
3007184,1.1189643325509586
3007185,1.3887373312745168
3007186,60.46849890902615
3007187,20.70511299908859
3007188,412.88653373751424
3007189,0.019668264293303574
3007190,1.5433338004937762
3007191,4.5546482691409444
3007192,0.021374671576667732
3007193,0.3870581465756856
3007194,3210.6920518933603
3007195,0.0
3007196,545.5506292996076
3007197,13.30741886375111
3007198,1045.4040557689646
3007199,602.1743937771919
3007200,216.58385274791334
3007201,116.47203927732147
3007202,163.30134252037087
3007203,4085.4409657589754
3007204,8.44732686479554
3007205,0.34182141561864904
3007206,20.212989284643065
3007207,8.818853361806045
3007208,0.1775636288901923
3007209,213.65709788459802
3007210,0.0
3007211,35.2001988384678
3007212,2.5597948948474625
3007213,91.04659448123833
3007214,0.9852106590290497
3007215,220.74961210138375
3007216,225.1093243436403
3007217,1.3272558188574815
3007218,3.5167485071415134
3007219,127.44091910598046
3007220,49.464499625350996
3007221,1324.869187243764
3007222,0.3837474159222046
3007223,0.6949647412991209
3007224,3.0137504241866715
3007225,0.0
3007226,7.141314731252656
3007227,3145.078232895472
3007228,0.0791383368584922
3007229,574.1722743156256
3007230,13.255329739652922
3007231,985.257601509953
3007232,914.8355241764234
3007233,181.0423213087936
3007234,151.12265586341243
3007235,116.33433226178181
3007236,4008.860688566733
3007237,69.07635887103842
3007238,1.6135307210480216
3007239,25.559857371487205
3007240,23.906015188672804
3007241,0.229233359275341
3007242,311.2546895667844
3007243,28.585505220115422
3007244,26.71016133568493
3007245,1.7127852290499732
3007246,190.21906409093862
3007247,11.85999247279342
3007248,251.91974727281172
3007249,296.7789826676956
3007250,11.217664541251004
3007251,14.453547548156278
3007252,325.36349265695003
3007253,64.66052980572817
3007254,2826.682747039109
3007255,0.04271081991395419
3007256,13.459675734298656
3007257,7.572146249526726
3007258,0.0
3007259,12.396940145153575
3007260,4274.211277525747
3007261,0.0
3007262,552.4448613282673
3007263,20.864399560620413
3007264,1590.799505163402
3007265,953.7179841547397
3007266,188.94720209578276
3007267,119.63523688706191
3007268,126.34579530600567
3007269,5149.437729942199
3007270,38.13125276595904
3007271,1.3714248967844758
3007272,41.654270650307176
3007273,54.682188104286524
3007274,0.10865577381339406
3007275,552.598248292371
3007276,28.225143366083834
3007277,27.216914569367795
3007278,9.861389746979953
3007279,159.63584909180304
3007280,14.989326366093643
3007281,167.5102789526793
3007282,607.8528344322622
3007283,9.3456668976272
3007284,12.003210164721667
3007285,171.6856062970982
3007286,97.07362305384362
3007287,2083.4257119771837
3007288,0.0004857494042703773
3007289,20.26912831301493
3007290,10.556833318703788
3007291,0.3756688679358068
3007292,5.059892772868999
3007293,4235.9103323401805
3007294,0.0
3007295,706.8819818460821
3007296,13.451593415147975
3007297,2142.2986543115667
3007298,709.1284344032454
3007299,216.63321833342644
3007300,313.8420846830304
3007301,124.8735353906191
3007302,5323.210123495224
3007303,41.57718892186399
3007304,1.4575641527191878
3007305,27.263577745809442
3007306,22.916985749493872
3007307,0.2207801788127648
3007308,316.27482307650223
3007309,8.093761712778054
3007310,20.601794928239986
3007311,11.634508204919523
3007312,99.17193246236519
3007313,6.029561958863841
3007314,188.12192649195785
3007315,329.1085589820474
3007316,7.4659749447112596
3007317,14.441335420339033
3007318,273.0297818481828
3007319,64.09713958673285
3007320,1722.9239658611123
3007321,13.173875871458563
3007322,20.338751900121533
3007323,5.1500447475953735
3007324,0.09785274272703615
3007325,4.770843415125464
3007326,3547.3803876305974
3007327,0.039960395010602764
3007328,421.13290497835555
3007329,12.858328005551883
3007330,983.3660371156778
3007331,880.7875940106586
3007332,272.16429060614774
3007333,164.63372657762034
3007334,119.17890629126235
3007335,3961.136343033876
3007336,43.670818798187824
3007337,1.2796331477712086
3007338,16.316371634655045
3007339,19.93184358545651
3007340,0.24606149417057405
3007341,335.86342392129706
3007342,23.587793161207877
3007343,31.37898730864121
3007344,1.3237454608336956
3007345,191.77538090951074
3007346,9.486469521422771
3007347,375.04049768580353
3007348,310.59021095070176
3007349,7.668786877527699
3007350,11.21282560098757
3007351,444.4758437880016
3007352,49.715248175527876
3007353,2509.31128340623
3007354,0.051187192907406295
3007355,28.693053758037326
3007356,4.907358269572105
3007357,0.128404639118239
3007358,3.341313646361457
3007359,5330.781965980033
3007360,0.0
3007361,453.8660391956878
3007362,13.66491791871293
3007363,2507.1503945395716
3007364,741.0237298336915
3007365,291.6317556266633
3007366,180.0525535110487
3007367,133.69692352482969
3007368,6778.148110589015
3007369,13.410112691160814
3007370,1.780016294533982
3007371,28.35423195947437
3007372,30.912876255041617
3007373,0.24845232426295819
3007374,487.2387685193592
3007375,0.0
3007376,0.5043545684829712
3007377,5.467456554888259
3007378,94.23952929247515
3007379,2.6765625677302647
3007380,171.55489450966064
3007381,385.1110594878266
3007382,3.028897406632636
3007383,8.628930591651564
3007384,187.23343629537294
3007385,70.10682925471858
3007386,1283.7975896340786
3007387,0.0
3007388,5.732692545184957
3007389,8.3600968207317
3007390,0.04222060445318904
3007391,8.171983907265568
3007392,4265.219347049411
3007393,0.009987312039891238
3007394,621.7164490676253
3007395,14.12728980296722
3007396,1405.588868340059
3007397,864.9843782530615
3007398,297.71508553065553
3007399,164.68915514951794
3007400,206.92852402685588
3007401,4705.6536018636025
3007402,69.79976425215953
3007403,1.1771586145607538
3007404,33.25826541729367
3007405,38.663054253940295
3007406,0.22703170293354347
3007407,354.9560287267804
3007408,25.06813858909549
3007409,32.88415747550209
3007410,9.641738422240842
3007411,329.0658167630618
3007412,15.471401448609619
3007413,261.6000191684368
3007414,547.0419913055002
3007415,13.916003966257612
3007416,10.784759740888763
3007417,227.51749184640823
3007418,73.31118176510296
3007419,2256.7705098435436
3007420,0.3783246982157864
3007421,7.336173712528989
3007422,4.604255501637953
3007423,0.0
3007424,6.872879514621357
3007425,3693.1981145094624
3007426,0.0
3007427,577.4237931110006
3007428,15.419209356099987
3007429,866.4111683611287
3007430,905.3807284979097
3007431,208.9693096098638
3007432,163.43362311794857
3007433,131.90600690775966
3007434,3703.658331153805
3007435,48.125882122768374
3007436,0.912387538982957
3007437,24.43695053682518
3007438,22.537088064658235
3007439,0.15467055823203596
3007440,257.6692245947694
3007441,28.482264072436152
3007442,55.56482167322766
3007443,7.203368916650759
3007444,143.53519640701347
3007445,12.309763803594915
3007446,289.59184499793423
3007447,259.9832510652735
3007448,10.973682709325807
3007449,11.420252543616957
3007450,274.6745595160216
3007451,71.14184747164168
3007452,2617.2162194807815
3007453,0.0418304036686841
3007454,14.58845447726329
3007455,4.449052813242458
3007456,0.052641993590560425
3007457,3.4672450899278915
3007458,5479.237714609974
3007459,0.0
3007460,604.111218894572
3007461,22.967340191548868
3007462,1381.220498349181
3007463,699.9749786310915
3007464,301.57465876095665
3007465,177.24208220821447
3007466,111.49986644709624
3007467,5423.650802401957
3007468,11.40245145293085
3007469,0.08311366972523877
3007470,19.747176640703564
3007471,18.52910391963769
3007472,0.1280730577779921
3007473,256.52375220273234
3007474,0.0
3007475,9.162395429940517
3007476,0.7644501047455781
3007477,136.65676577939576
3007478,3.981794645501763
3007479,188.6400064602123
3007480,359.34416914855274
3007481,3.9249789896781597
3007482,4.339986554416826
3007483,247.70883347900138
3007484,130.86519434317202
3007485,1322.339526853459
3007486,1.4790503184874693
3007487,0.3994503070740959
3007488,21.499407405137255
3007489,0.0
3007490,25.38609929699311
3007491,13500.54043083522
3007492,0.017636225471103793
3007493,1944.9328323395268
3007494,38.43638308798354
3007495,3513.231492926453
3007496,3270.2564598837007
3007497,767.7451001088396
3007498,824.7243158069168
3007499,646.4409355174564
3007500,13562.253751923066
3007501,111.2990340488435
3007502,4.9451116396088795
3007503,118.46042027677805
3007504,144.68408439834775
3007505,0.5643964481320369
3007506,1205.1466183517339
3007507,64.91093822556002
3007508,42.3462401375032
3007509,34.6327428269829
3007510,697.8037221263463
3007511,34.36087416906845
3007512,1137.4925004144454
3007513,979.4284979377398
3007514,63.661463852692314
3007515,46.97867368059477
3007516,1499.7759463895056
3007517,316.9226849114442
3007518,11948.60737070762
3007519,31.76761699147304
3007520,111.24851466317156
3007521,16.953040125569878
3007522,0.0
3007523,19.000822175857046
3007524,12333.62806740558
3007525,0.07742565789578315
3007526,1379.1205888001632
3007527,34.97763471641867
3007528,3404.0132250955317
3007529,2548.9717538029495
3007530,883.1419543522723
3007531,457.3072698611813
3007532,433.297559788822
3007533,13245.479916545119
3007534,257.05719398815745
3007535,2.0436001867433866
3007536,70.24516981247726
3007537,101.09390234393744
3007538,0.6846347379516968
3007539,987.9568969016193
3007540,45.559768577735014
3007541,58.42228256473494
3007542,20.139036537682
3007543,398.4927993318706
3007544,23.057778418445615
3007545,1399.2964128224257
3007546,991.9196883874473
3007547,31.65214753213567
3007548,38.532177085857775
3007549,1528.4759478078465
3007550,296.42622925798463
3007551,7530.937674173307
3007552,211.19497828822998
3007553,88.29626964869044
3007554,14.371075805749294
3007555,0.0
3007556,22.16695882461797
3007557,8815.87873362887
3007558,0.15059860694545774
3007559,1157.927588727118
3007560,27.825193071748423
3007561,3427.9748040525137
3007562,1956.1166666560964
3007563,1070.0960027245624
3007564,214.72429919069603
3007565,326.014708136426
3007566,12773.418637248244
3007567,72.43606397906046
3007568,2.2696672519521526
3007569,39.14894730996098
3007570,36.86502044239807
3007571,0.42986331637991704
3007572,1023.7277525690947
3007573,53.11235760230201
3007574,50.39463654411157
3007575,14.413075596638762
3007576,261.5189393402062
3007577,12.575767478181884
3007578,1056.5428524843198
3007579,1076.9074480792951
3007580,33.84871627268912
3007581,62.03530496155999
3007582,1058.6215379651662
3007583,162.9620988417025
3007584,3662.449543199114
3007585,54.98281746484423
3007586,60.41104126718167
3007587,18.056899983865122
3007588,0.0
3007589,24.666220958186027
3007590,12236.34083734332
3007591,0.08356417033095402
3007592,1228.1619007641013
3007593,33.51579621178481
3007594,2999.668956842981
3007595,2526.0808835620073
3007596,863.0371121618911
3007597,412.7558188799415
3007598,355.06280414895474
3007599,12832.180802783454
3007600,87.08026900464247
3007601,1.9850962555706404
3007602,63.5320053419027
3007603,94.51113945735823
3007604,0.5943475589301729
3007605,989.9638921179501
3007606,54.78569600279686
3007607,43.27264875927694
3007608,43.05671857053268
3007609,402.6218300239872
3007610,23.133108038183572
3007611,1017.1833123328653
3007612,1012.7438739143143
3007613,25.390982642996676
3007614,36.93915145450504
3007615,1353.8052410781222
3007616,285.00908566884897
3007617,6556.330122368904
3007618,110.64605140415694
3007619,72.0683386325977
3007620,18.191933420337392
3007621,0.0
3007622,22.595167977749547
3007623,7000.288730758291
3007624,0.030348562401703534
3007625,980.1082248607977
3007626,33.05622763426449
3007627,2858.432670270162
3007628,1572.6905313790717
3007629,811.4345525654758
3007630,150.30394196644525
3007631,244.54916341341684
3007632,9931.634577274152
3007633,65.03541728158065
3007634,0.932915147704696
3007635,34.46831301924678
3007636,43.54342470858391
3007637,0.6616659201827192
3007638,946.3391168851226
3007639,59.532022247181764
3007640,21.218728220353128
3007641,11.288318512528084
3007642,228.0754796653793
3007643,8.565032497291613
3007644,1012.4157420176921
3007645,988.2039910256401
3007646,22.681251075019553
3007647,32.46322602022259
3007648,1148.3275952389104
3007649,109.21632783633271
3007650,2434.010753659681
3007651,160.5270593280472
3007652,24.696702316354582
3007653,12.732567178289385
3007654,0.0
3007655,14.125281965719575
3007656,8334.77832902721
3007657,0.0
3007658,1093.7508300726058
3007659,27.14004173221286
3007660,1892.6274253442814
3007661,2128.0548603090897
3007662,504.6677901396711
3007663,477.0970599588823
3007664,418.40118308576814
3007665,7787.058156221463
3007666,74.57513936828408
3007667,1.6199930944573424
3007668,45.01387223595869
3007669,54.59787996467012
3007670,0.36089083336016137
3007671,611.8843578588423
3007672,19.815103651564186
3007673,41.95523902510152
3007674,19.923866635924654
3007675,460.1498346190504
3007676,23.391597731328066
3007677,771.6781463064212
3007678,610.030422634555
3007679,21.917407980811284
3007680,37.394709476491556
3007681,1036.1100216063421
3007682,244.53393189360943
3007683,7758.769217142057
3007684,45.47566748735416
3007685,74.6206931572407
3007686,5.933098061357329
3007687,0.3078065363596798
3007688,6.377499635569977
3007689,2314.4517087006034
3007690,0.0
3007691,354.24599362718607
3007692,29.805874650641954
3007693,1240.9869301247304
3007694,560.2734592416483
3007695,236.46842397067982
3007696,88.2167574857557
3007697,132.56616835752686
3007698,3408.6389071416033
3007699,75.32127989187364
3007700,1.4026197196411663
3007701,26.73187698079152
3007702,25.1220470043216
3007703,0.43492340957459374
3007704,281.20378850432303
3007705,16.39865081262046
3007706,13.968786546938572
3007707,11.454343501149921
3007708,125.18382597479506
3007709,8.11947248888388
3007710,247.31277746830776
3007711,286.63902944262765
3007712,4.547649157146048
3007713,8.00038699408605
3007714,263.35336081755406
3007715,60.01038727083458
3007716,1654.0150812237175
3007717,0.4898046335337486
3007718,7.7577703463268
3007719,9.731332050320322
3007720,0.0
3007721,21.05108239930595
3007722,6506.629575450669
3007723,0.09719423453528923
3007724,701.8139056458556
3007725,36.13689152618312
3007726,2645.3855443109856
3007727,1398.5364763118848
3007728,603.6883535307035
3007729,144.63158638779782
3007730,206.26281421166112
3007731,8408.929292778195
3007732,189.05416216301725
3007733,1.9359228490010927
3007734,58.78382653632455
3007735,45.46868100730637
3007736,0.47685282331025297
3007737,817.6111590485973
3007738,42.104737232631265
3007739,14.68337014262611
3007740,1.5177134087488109
3007741,229.26131112915704
3007742,12.11340877841183
3007743,635.6149796945938
3007744,828.7923252243347
3007745,20.342391687363047
3007746,34.88810556577276
3007747,506.0514135991721
3007748,107.19894235097816
3007749,2537.0853202193175
3007750,67.25671867847737
3007751,22.21229622342515
3007752,7.8829098209940796
3007753,0.0
3007754,6.804882307381072
3007755,5592.21513066719
3007756,0.0
3007757,1021.7517056523686
3007758,11.447346026097314
3007759,1621.9412274316337
3007760,1675.3650212433536
3007761,304.01358558022116
3007762,359.88279180697157
3007763,398.6599310224382
3007764,5744.6217343436965
3007765,55.43573116060132
3007766,1.3518299826211488
3007767,37.53931794069822
3007768,42.78427917487735
3007769,0.48345266421403543
3007770,424.9366627438144
3007771,2.8350365104218427
3007772,56.51808699344204
3007773,8.550209372611098
3007774,322.34737943054904
3007775,13.96180240443464
3007776,667.2507749358228
3007777,371.143814582983
3007778,22.46571211341059
3007779,13.41960619517232
3007780,737.4084104743206
3007781,137.0720406467941
3007782,5665.684834268035
3007783,2.717085383524835
3007784,52.23179225436914
3007785,13.774970424116576
3007786,0.0
3007787,11.470973181710612
3007788,6204.628891464737
3007789,0.0
3007790,1052.0595604742637
3007791,16.74510971668727
3007792,2172.708773247481
3007793,1437.4055444996818
3007794,452.63900903203444
3007795,272.45374995445076
3007796,466.92909876510214
3007797,7680.490751696121
3007798,78.50480854289651
3007799,3.6621191729186595
3007800,45.81963739726457
3007801,47.32724477267449
3007802,0.6483680674375483
3007803,549.764721726937
3007804,13.51984921588755
3007805,90.77612375844218
3007806,7.158070448939107
3007807,387.56902684687896
3007808,17.663472589932717
3007809,608.9341144747248
3007810,508.56496068131815
3007811,19.83380288721782
3007812,34.12680292091805
3007813,642.959484532515
3007814,129.1921095982226
3007815,5783.051027977959
3007816,4.202501360554745
3007817,10.379211306224184
3007818,12.695399876568056
3007819,0.07573553334562248
3007820,5.611339976331944
3007821,3049.9261310060097
3007822,0.0
3007823,580.4886957177895
3007824,9.459834245243666
3007825,1272.7083419184355
3007826,595.1000020107144
3007827,325.8315015088711
3007828,109.85806052289001
3007829,204.35407512839532
3007830,4204.688395462924
3007831,24.256254871117616
3007832,1.259896514645755
3007833,31.05173620826408
3007834,31.04716289489141
3007835,0.19865589361528446
3007836,316.4204083769332
3007837,5.512227792955213
3007838,26.2375641906603
3007839,7.7329499799787
3007840,215.30921622111617
3007841,4.159167461403277
3007842,368.21640110263314
3007843,316.9052303434789
3007844,6.035176741229722
3007845,7.857580962070334
3007846,269.4520490318015
3007847,77.40378038004152
3007848,2370.271793985325
3007849,0.16867176154749214
3007850,2.329788128398256
3007851,7.3973241657265625
3007852,0.0
3007853,1.2436220463074765
3007854,3451.00516311829
3007855,0.0
3007856,227.17071920055494
3007857,5.305998126332474
3007858,1499.493252339882
3007859,270.932839892347
3007860,240.45055883799827
3007861,60.60922567785335
3007862,70.88181850944403
3007863,3930.819510896539
3007864,8.100624071248006
3007865,0.5005978255075536
3007866,25.040808438902047
3007867,13.10125124631543
3007868,0.10219062420162234
3007869,252.2244160381337
3007870,0.0
3007871,0.0
3007872,2.9135722127700063
3007873,47.50693397472288
3007874,1.6842707935869121
3007875,58.06212432118723
3007876,170.44332729282638
3007877,0.323769115739136
3007878,2.7490399738959237
3007879,91.2933423643949
3007880,89.56861415400944
3007881,692.9020214198237
3007882,0.0
3007883,3.128088805512687
3007884,8.789168298068274
3007885,0.1028433615002678
3007886,7.925119992078313
3007887,4490.387054140274
3007888,0.0
3007889,618.6672111766126
3007890,23.958152883255828
3007891,1477.0875740855697
3007892,1044.6207532588019
3007893,391.2607149297979
3007894,214.42539619962912
3007895,231.75174061577468
3007896,5394.045766874583
3007897,49.65258399913052
3007898,1.2216794455969056
3007899,45.46879316542209
3007900,52.323466643786716
3007901,0.07948452380195031
3007902,425.7071091475653
3007903,32.3761018140793
3007904,24.51223993648748
3007905,13.831289170690875
3007906,228.74485438423355
3007907,9.56428977763871
3007908,527.2942285531498
3007909,364.3113425234452
3007910,11.055920445323775
3007911,13.935525052213391
3007912,603.2820166899078
3007913,119.27691153569417
3007914,2715.74161932108
3007915,0.0
3007916,35.58555552842677
3007917,4.746012897378685
3007918,0.13021964349300602
3007919,5.182766007864328
3007920,4099.294284272824
3007921,0.03268007643942148
3007922,647.6834775574554
3007923,28.151644437183883
3007924,864.479351971255
3007925,1148.1447743193282
3007926,186.75983813715038
3007927,247.99727826482712
3007928,310.14965484592403
3007929,3575.8881057888366
3007930,44.56551964797698
3007931,1.986885882087193
3007932,23.996053152497897
3007933,29.39034945654504
3007934,0.6611712628857742
3007935,233.1331150829264
3007936,17.58242823839761
3007937,56.584630161706386
3007938,5.770163827128678
3007939,344.64806882434937
3007940,15.082638376404072
3007941,448.3729561315368
3007942,229.12020643508325
3007943,5.888871489808683
3007944,19.329753338181817
3007945,597.6573072629499
3007946,132.92090587661306
3007947,4531.01074572458
3007948,0.1684257444306686
3007949,32.37777563300773
3007950,7.049467024109356
3007951,0.16519210070819595
3007952,12.921025607810257
3007953,5925.22387725758
3007954,0.030534261826905582
3007955,863.6485716066827
3007956,27.608803069881517
3007957,1372.8519971733274
3007958,1688.317827622182
3007959,342.4950292432994
3007960,391.17724271457325
3007961,199.1987166281834
3007962,5907.558267770921
3007963,51.575067950136145
3007964,4.945613353893519
3007965,46.93514901872613
3007966,56.958827186894595
3007967,0.23936485924762638
3007968,443.19148127786593
3007969,42.963726551158494
3007970,54.79112435179125
3007971,25.576756143978603
3007972,245.7197481458723
3007973,21.79782054984473
3007974,541.1023978268006
3007975,416.2007028620825
3007976,22.845484081371747
3007977,23.09382242055904
3007978,777.5285124021584
3007979,166.34538666015223
3007980,5503.192978329318
3007981,0.19554636444295193
3007982,44.46742834146595
3007983,11.728950972581758
3007984,0.09990809525240636
3007985,7.187323898841582
3007986,4081.2025590901267
3007987,0.0
3007988,585.8477729433839
3007989,24.79727936457662
3007990,1613.0616529682331
3007991,884.5066464139838
3007992,559.5027263200991
3007993,211.48395367262586
3007994,151.87029244457136
3007995,6783.7995065058985
3007996,19.25780245026303
3007997,0.9080691549298598
3007998,46.074780456860374
3007999,37.86814064681599
3008000,0.11981386076222575
3008001,417.38246472502783
3008002,16.50792390987151
3008003,8.385523791031815
3008004,7.266323745111238
3008005,108.36672718194241
3008006,4.236168778938636
3008007,373.7592066083355
3008008,508.67449015758314
3008009,7.97780521641952
3008010,8.677384878434665
3008011,445.56457125737575
3008012,118.81014350989639
3008013,1733.3074990829784
3008014,21.084317653236514
3008015,18.62864816641095
3008016,2.512221473106023
3008017,0.0
3008018,2.4836543306141774
3008019,1099.4973054094394
3008020,0.010691813296339055
3008021,163.78540004175872
3008022,4.035543442008758
3008023,254.6340917109924
3008024,364.2862985283982
3008025,66.40056775746802
3008026,79.93862200523867
3008027,51.0828678386505
3008028,1272.7679300239774
3008029,9.371321233575182
3008030,0.6195510635330712
3008031,3.8239894092285613
3008032,8.426508433122683
3008033,0.5137807701917098
3008034,101.976005531344
3008035,6.005457182717288
3008036,13.616313324106986
3008037,1.5980658766383953
3008038,50.27054277495056
3008039,3.033976189353367
3008040,158.7109383229086
3008041,86.65969739595215
3008042,2.8869660196986153
3008043,4.615410238712786
3008044,150.25042290462628
3008045,40.10383005985068
3008046,1223.9247251153042
3008047,0.0
3008048,10.199165434394402
3008049,1.3330107153980983
3008050,0.0
3008051,1.0047085406366412
3008052,1419.24443628406
3008053,0.0
3008054,119.24438082289186
3008055,4.919748625483521
3008056,844.7086078426573
3008057,270.9006966695837
3008058,262.3056207426244
3008059,46.18028484279691
3008060,32.33643435834037
3008061,2664.0196706369234
3008062,5.853831935290668
3008063,0.3241226904831733
3008064,8.413763249637412
3008065,9.110630458529435
3008066,0.1405211110134615
3008067,165.68991743238854
3008068,3.747048578571998
3008069,0.0
3008070,1.0626643117133199
3008071,12.064552280830277
3008072,0.46737294580974675
3008073,176.54538535348064
3008074,181.60590033486127
3008075,1.147156160155157
3008076,4.625556386796533
3008077,204.4237847381237
3008078,24.530596896298903
3008079,285.2897744795178
3008080,13.296396360139418
3008081,0.559691138653569
3008082,8.03386337750693
3008083,0.3237351192098009
3008084,3.20242048390552
3008085,4609.60418106145
3008086,0.0
3008087,846.6628978880613
3008088,10.164373038710972
3008089,1831.9725748800029
3008090,792.5772474782018
3008091,554.6140957407964
3008092,250.15471911252178
3008093,93.83295726586154
3008094,7608.3305957741595
3008095,36.21413325790283
3008096,0.6435509078169076
3008097,30.31639525190277
3008098,25.467950592713446
3008099,0.35739717922300296
3008100,443.28321873811603
3008101,19.33898902635859
3008102,3.722438777195722
3008103,8.229964823310157
3008104,35.97786361420118
3008105,4.203210502724204
3008106,566.3946675459608
3008107,411.6406033816503
3008108,3.698286487578782
3008109,16.158639610923476
3008110,488.93171555244317
3008111,97.07003412877832
3008112,1521.1222224019707
3008113,31.499462544333618
3008114,11.828231137137667
3008115,5.759305342481852
3008116,0.06683126832766603
3008117,0.061256145176701686
3008118,1804.9228336165952
3008119,0.0
3008120,225.82363976166255
3008121,10.557134419178857
3008122,1013.9195986403371
3008123,457.6103824958367
3008124,211.67441786148223
3008125,54.6648465459992
3008126,38.01623621550709
3008127,3238.1010755248803
3008128,13.89292828668675
3008129,0.6957479571445506
3008130,10.556737464270538
3008131,18.530760187265543
3008132,0.3220756098146577
3008133,170.52187525717002
3008134,10.553395826452325
3008135,0.0
3008136,6.810661905980215
3008137,49.311376519114745
3008138,1.3134523264244247
3008139,148.01136463370023
3008140,188.73359856608815
3008141,1.4691204962617506
3008142,6.7313618735444205
3008143,177.53276397446515
3008144,30.18236865626544
3008145,378.85122858102767
3008146,6.3605191559124385
3008147,1.6646201827950895
3008148,4.04546559012084
3008149,0.0
3008150,3.118788165894692
3008151,1546.695225032288
3008152,0.0
3008153,156.74370059614077
3008154,6.236876940108608
3008155,773.9429388532302
3008156,242.45392478511062
3008157,147.8592379339335
3008158,39.46435450971972
3008159,30.205234885397136
3008160,2503.5877769021795
3008161,16.65232980810343
3008162,0.07949430733685389
3008163,15.888933576005185
3008164,11.413046223133078
3008165,0.06174072545439129
3008166,125.43925375199191
3008167,1.167640887984538
3008168,0.0
3008169,2.7123926329393853
3008170,19.828430414292157
3008171,1.3013155283436262
3008172,117.63596032565167
3008173,143.3909205870973
3008174,0.6136080579179709
3008175,5.515981644206984
3008176,99.09879073478555
3008177,26.539335794082277
3008178,176.2886275711161
3008179,18.178472946258267
3008180,1.770457623001066
3008181,3.6032857099559163
3008182,0.0
3008183,0.9052437941729159
3008184,1385.96393943776
3008185,0.0
3008186,176.89861127023494
3008187,5.556287275036912
3008188,1703.3839394451593
3008189,313.8738400250343
3008190,201.82530204241485
3008191,43.050337524840856
3008192,34.5959351014172
3008193,3183.780162751044
3008194,10.285286931568145
3008195,0.46412752892502884
3008196,10.278622814374886
3008197,12.34731041592396
3008198,0.12690490180202124
3008199,166.6908024510675
3008200,1.5464120644940025
3008201,0.0
3008202,2.2037809576556016
3008203,18.89670384136656
3008204,1.5582058733790645
3008205,237.73064453162732
3008206,184.56511984707907
3008207,1.561075657795616
3008208,3.817065417123877
3008209,69.99890115048898
3008210,63.77624327375652
3008211,391.35878361808324
3008212,7.617780674904452
3008213,2.106949203770605
3008214,4.917102215725723
3008215,0.4900805321531341
3008216,3.0738173611076673
3008217,1318.0067945773358
3008218,0.0
3008219,168.75464249025117
3008220,1.8183446385308741
3008221,751.6840819042121
3008222,277.3134108127164
3008223,224.25080016240346
3008224,68.59661488523575
3008225,54.64348708438255
3008226,2294.4652953033305
3008227,9.420857221749436
3008228,0.7520761506255336
3008229,10.940808570512857
3008230,16.64319281886485
3008231,0.20211231408078015
3008232,172.19786373038303
3008233,9.159852775909838
3008234,0.0
3008235,2.45305877092843
3008236,11.93204986751472
3008237,1.3366033571053892
3008238,100.32830132889163
3008239,164.07684744789594
3008240,1.1941576817671973
3008241,4.3187071469142015
3008242,86.20291671257803
3008243,32.69008528618619
3008244,483.1127486688581
3008245,31.175200985105796
3008246,3.656300705593146
3008247,4.6797495528760695
3008248,0.08827588059960108
3008249,2.039070832803129
3008250,1778.3517675260778
3008251,0.0
3008252,235.17555338758325
3008253,4.849966567018255
3008254,1375.1383427496353
3008255,380.51339768296236
3008256,231.43700618545515
3008257,165.6300109364755
3008258,43.34322933654498
3008259,3109.9848054583035
3008260,10.591660150105739
3008261,0.3873094954363722
3008262,8.700020258098183
3008263,12.878439080898254
3008264,0.21324124143790635
3008265,207.58454436146243
3008266,0.0
3008267,0.0
3008268,2.312473093890413
3008269,32.52456281951713
3008270,1.203678987399999
3008271,74.6861294805853
3008272,215.93710499140082
3008273,1.3674799145779437
3008274,2.162613407209311
3008275,77.4919781548511
3008276,44.907621446110916
3008277,671.1492981729536
3008278,0.022079988690282677
3008279,0.5516283036685347
3008280,9.56949886956534
3008281,0.5624755068640197
3008282,3.9694566902551367
3008283,4171.30760739822
3008284,0.0
3008285,523.2681717833026
3008286,6.508789460571133
3008287,1612.8413177947973
3008288,897.5619933029795
3008289,576.8250699905191
3008290,242.77986404216395
3008291,124.72873696412623
3008292,5556.337371464112
3008293,26.56151980665541
3008294,1.4337673472623744
3008295,24.421702472415333
3008296,30.745766804836812
3008297,0.47726696251841805
3008298,373.2646055946111
3008299,2.1649318495798946
3008300,0.0
3008301,9.328958172098796
3008302,56.69036504161319
3008303,4.138494820044082
3008304,293.0975992540929
3008305,368.72284585061965
3008306,2.7576498702702503
3008307,10.267815408898803
3008308,494.9657687253585
3008309,66.95489548879138
3008310,1890.9501143504463
3008311,94.53728068361386
3008312,21.304426820887798
3008313,4.713967787352432
3008314,0.11918791470294582
3008315,6.597669272165138
3008316,2778.235170187729
3008317,0.0
3008318,789.4239077920402
3008319,6.396310010655932
3008320,730.4681066815732
3008321,770.8750969942639
3008322,255.8940787687739
3008323,227.88755027918108
3008324,70.93766488862158
3008325,3289.4489755738855
3008326,19.7495476027086
3008327,1.1717763173765385
3008328,35.466174106535746
3008329,20.29288617432326
3008330,0.42457085011890044
3008331,233.97611150676838
3008332,16.389179897924826
3008333,5.9031589050312885
3008334,6.20495150436971
3008335,48.69207301987743
3008336,2.7783265053042623
3008337,129.74151137919048
3008338,200.8867870894046
3008339,5.780886897517679
3008340,9.225552806527265
3008341,270.4078536300573
3008342,57.978023924246976
3008343,1982.2121393355628
3008344,19.21912644072755
3008345,18.992787131996188
3008346,7.9256802886696605
3008347,0.6653143897018716
3008348,2.9400879564127975
3008349,2872.4016887901403
3008350,0.0
3008351,239.98402608106923
3008352,5.300311807721902
3008353,978.7982263153867
3008354,385.80692661358336
3008355,309.39199477916645
3008356,75.37418222150177
3008357,46.2955763714055
3008358,3688.0847502048678
3008359,51.86895147785186
3008360,0.9298472487122518
3008361,15.268840004760712
3008362,16.94909976325927
3008363,0.13496084166987904
3008364,197.0467817783983
3008365,13.338696583831203
3008366,0.0
3008367,4.4995264040011085
3008368,33.18766619563666
3008369,2.799041201348036
3008370,151.34949452784414
3008371,201.86291919212007
3008372,1.6972674816143232
3008373,6.721795010427791
3008374,120.05997198031595
3008375,28.683760151551432
3008376,552.5575921327561
3008377,11.781831406486337
3008378,2.9740923708194877
3008379,7.614453401120711
3008380,0.043832870645808195
3008381,9.961571615300985
3008382,3935.4894942324263
3008383,0.0
3008384,805.0628992742386
3008385,9.599325588583532
3008386,1031.3960877430084
3008387,1019.0600673976053
3008388,271.1881429290269
3008389,230.79797929492523
3008390,118.98975414753289
3008391,4782.633111679972
3008392,65.86070067523116
3008393,3.409243118558422
3008394,15.760520345916586
3008395,27.78382764378668
3008396,0.38109361853748186
3008397,343.59867426533424
3008398,39.86597485488065
3008399,22.88118732652123
3008400,5.856027990476769
3008401,92.55729533285691
3008402,8.67111422705749
3008403,395.9343152214534
3008404,328.3276724545699
3008405,9.404008611511316
3008406,9.598608527702654
3008407,569.975830381024
3008408,112.71169700683157
3008409,2864.863945325648
3008410,0.06280585113191364
3008411,39.27122509011422
3008412,12.21217576239082
3008413,0.09198500943948608
3008414,9.267888080266022
3008415,5537.483609779881
3008416,0.0
3008417,980.0318425759317
3008418,13.554183350102653
3008419,2668.7947515725873
3008420,1142.5024273226659
3008421,939.3774515456499
3008422,162.2592973231899
3008423,93.37344765676183
3008424,8226.708102418339
3008425,26.551032262066542
3008426,0.7427858413381057
3008427,30.77639574924911
3008428,27.92004695540848
3008429,0.1529854410703663
3008430,527.7899567581443
3008431,6.4862442264085365
3008432,11.11946755787221
3008433,8.888850219791696
3008434,69.69455389683168
3008435,2.262415739909086
3008436,491.42943632848016
3008437,634.6104451217075
3008438,7.277080999679865
3008439,8.284924419052029
3008440,566.3215271244758
3008441,110.45315017071842
3008442,1764.519948488752
3008443,58.82368578121063
3008444,17.760812157701803
3008445,12.507213710499204
3008446,0.4529782753947659
3008447,4.847172183737502
3008448,4896.727987703309
3008449,0.0
3008450,911.1515187263321
3008451,5.887610351825233
3008452,2260.466751917843
3008453,1067.6598839334958
3008454,548.7358527404394
3008455,456.4305630313911
3008456,82.53129536825074
3008457,6778.757912415358
3008458,28.603786237569324
3008459,0.7082071791002059
3008460,44.89186277059967
3008461,49.80350413253466
3008462,0.4216391643145171
3008463,514.3426185803963
3008464,7.444278546741727
3008465,6.028621799564074
3008466,13.655902041506158
3008467,72.34636768807475
3008468,2.684619618551733
3008469,194.22654345084595
3008470,502.34475511805044
3008471,4.031422698091092
3008472,8.483130266089724
3008473,274.05615178885296
3008474,198.21059146436698
3008475,1956.789567594296
3008476,0.980267133258565
3008477,11.488012360066707
3008478,4.959739353777243
3008479,0.09758233492595876
3008480,1.8044451173137441
3008481,1779.4431033961826
3008482,0.0
3008483,169.98911198028796
3008484,7.49839189553485
3008485,845.2921888924427
3008486,321.8168111606228
3008487,169.42251541021665
3008488,51.78210005437208
3008489,47.625487005379995
3008490,2503.225806810502
3008491,11.965258914116296
3008492,0.5683537131216768
3008493,19.675598461108763
3008494,18.91146978664568
3008495,0.2959147934131192
3008496,168.15465201792358
3008497,1.9649641044359298
3008498,0.0
3008499,4.687430385325744
3008500,33.34866389013154
3008501,2.3609562438851257
3008502,105.49623457570475
3008503,181.04386957868522
3008504,1.3872509127428563
3008505,6.176428528987826
3008506,168.45036952682742
3008507,35.94343623332343
3008508,485.6448745186118
3008509,27.261484467882454
3008510,2.404843615779012
3008511,2.061347797704907
3008512,0.0
3008513,1.986271127027157
3008514,2097.5730191843368
3008515,0.0
3008516,259.3026578645059
3008517,15.292446165134333
3008518,592.7220379058999
3008519,564.0745166761242
3008520,139.8981421299403
3008521,58.19534083250318
3008522,60.221502014048035
3008523,2490.87014133922
3008524,17.881708715677068
3008525,0.4080277767699461
3008526,13.08872933414225
3008527,16.303852004901078
3008528,0.19393635351486066
3008529,166.95822941828763
3008530,13.807295194805114
3008531,7.04805958506789
3008532,6.619269445290213
3008533,56.69051032916662
3008534,5.645113056148597
3008535,814.2017754343241
3008536,202.74596342878374
3008537,3.856961309479058
3008538,7.186920081903026
3008539,306.40513037278293
3008540,31.483834315321303
3008541,1227.4179347709023
3008542,0.0
3008543,7.862881199225681
3008544,4.261262187992596
3008545,0.09900269551710175
3008546,3.6220668024468132
3008547,3967.109499837169
3008548,0.017694766243632913
3008549,727.4916360333502
3008550,13.230310780840085
3008551,1151.2271554335443
3008552,1229.6476603557956
3008553,264.0708072319241
3008554,214.54680161118472
3008555,128.81066483015118
3008556,4148.435857784883
3008557,29.769239006814715
3008558,0.9984953226512411
3008559,18.53049561649855
3008560,38.416260629356266
3008561,0.11292907564580382
3008562,280.57927228079984
3008563,14.384231813970047
3008564,40.05546863502252
3008565,6.240165782676938
3008566,79.77519826500847
3008567,11.011083654653493
3008568,357.055344735939
3008569,316.6888906040592
3008570,16.759148212321072
3008571,10.160305645912317
3008572,526.7592740261264
3008573,107.2858244170286
3008574,3339.5505785750283
3008575,0.0
3008576,17.798178708366066
3008577,4.384070869504811
3008578,0.08564638054673358
3008579,2.973223650377155
3008580,2196.759690143159
3008581,0.011179049454060192
3008582,426.9822533879385
3008583,6.926693671560449
3008584,484.34810878567066
3008585,587.0542661824586
3008586,152.53664279610237
3008587,131.76629323731848
3008588,96.64428892039653
3008589,2273.7938129648887
3008590,27.314072438839414
3008591,0.8214581300880635
3008592,17.762582858521466
3008593,18.316244260644275
3008594,0.2656213267493976
3008595,137.28646097399218
3008596,0.0
3008597,35.45690298564636
3008598,3.7894063501821194
3008599,111.142164162305
3008600,7.926629760577576
3008601,207.2358111870465
3008602,149.05791221507738
3008603,5.5685532443444545
3008604,6.884982533612305
3008605,187.83165273638232
3008606,45.75244404660385
3008607,1618.4798219228546
3008608,0.9376152620746792
3008609,2.61962760287824
3008610,6.362221803473112
3008611,0.0
3008612,0.4307969335845756
3008613,1545.3200264269385
3008614,0.0
3008615,268.07755159844567
3008616,5.754203145203471
3008617,605.193349111461
3008618,334.24154187451177
3008619,133.22441682034855
3008620,51.31902775858617
3008621,41.777403389807674
3008622,2121.24449577563
3008623,19.04047850966301
3008624,0.7994820301260934
3008625,10.73604144115797
3008626,16.13868780688214
3008627,0.43490961087604546
3008628,130.35215210926532
3008629,0.6298813457023866
3008630,8.170387530231794
3008631,1.4828654225556548
3008632,29.561756500850173
3008633,0.9024024696257518
3008634,363.24806470427046
3008635,189.18757058543338
3008636,5.014400749020821
3008637,2.0374725458992917
3008638,206.2639113366736
3008639,25.490128882127078
3008640,577.5276632445554
3008641,0.6337644910868975
3008642,3.1710875654417725
3008643,8.09382673931909
3008644,0.21817218071438368
3008645,6.141205512814678
3008646,5305.647638442383
3008647,0.13803267330469346
3008648,905.0124512350834
3008649,20.65476521928482
3008650,1237.0043299118781
3008651,1356.811998216049
3008652,381.2133192160995
3008653,327.78924081293815
3008654,171.48497515463777
3008655,5672.158925648076
3008656,42.386706448901215
3008657,3.0370843586262204
3008658,28.452840542110586
3008659,31.141048485072375
3008660,0.2675153280752782
3008661,380.75242499030645
3008662,11.649541195975125
3008663,49.20920243924658
3008664,7.241713751522796
3008665,278.71540291001816
3008666,5.422118562761868
3008667,374.18525292279594
3008668,350.45522481727346
3008669,13.768614637880702
3008670,13.012435376921418
3008671,537.9178018807266
3008672,121.98646462333724
3008673,3275.791880296816
3008674,1.9442459489521409
3008675,22.134943871337697
3008676,8.649429344950585
3008677,0.03043924539988211
3008678,4.070064412057566
3008679,4782.281459131961
3008680,0.0
3008681,1047.8045214574636
3008682,13.46821520792787
3008683,1726.7019107991532
3008684,1255.7427161123233
3008685,519.483796227277
3008686,344.02075097598754
3008687,84.26785184170802
3008688,6658.715701811162
3008689,21.71916825471825
3008690,1.2580133011401888
3008691,33.20806069947191
3008692,27.389865770427516
3008693,0.42167755565998233
3008694,377.82269463572374
3008695,0.0
3008696,6.714440931010728
3008697,6.691972472922236
3008698,62.62130144660806
3008699,2.1208603595186863
3008700,207.7582966894131
3008701,373.00684013190994
3008702,6.331544739342973
3008703,5.551879657868444
3008704,317.37598038544303
3008705,83.70365241904932
3008706,1766.414533067093
3008707,5.245546997848325
3008708,4.200782382571601
3008709,8.22319379037122
3008710,0.377846823712582
3008711,1.836490861332918
3008712,4185.570196183004
3008713,0.0
3008714,805.2849681163765
3008715,12.474789671894221
3008716,1236.133201330969
3008717,963.7245045187251
3008718,360.9890419796063
3008719,274.5833615162025
3008720,92.62853493468884
3008721,4668.602523969299
3008722,31.86372709893096
3008723,1.5611219752652397
3008724,30.185350383882632
3008725,25.007537044955217
3008726,0.24964705384927902
3008727,310.10175501244436
3008728,0.0
3008729,7.089398166324017
3008730,5.1061658342899
3008731,106.81524830452945
3008732,2.4192818175261355
3008733,139.9103961715966
3008734,327.7406282556404
3008735,6.986017196607639
3008736,5.484222319478232
3008737,238.83924020020373
3008738,70.84680348466502
3008739,1488.80924804081
3008740,3.156947047272733
3008741,7.131588181368388
3008742,16.454044351692485
3008743,0.9166192642264182
3008744,22.012919546689776
3008745,11952.358346893452
3008746,0.05437894846989173
3008747,1425.268059718028
3008748,40.54421995966898
3008749,2484.662332134091
3008750,2529.298369457316
3008751,442.7989682878557
3008752,633.3040423112459
3008753,429.92995285498097
3008754,10176.017281021655
3008755,111.41557089063316
3008756,2.4146029064242116
3008757,55.647955559722334
3008758,72.01983303829644
3008759,0.5973838474878608
3008760,816.8370158529002
3008761,68.99434544393961
3008762,73.0851401286456
3008763,35.898188681029026
3008764,242.69076556207736
3008765,32.845807561568684
3008766,882.5388361527012
3008767,832.2871908120949
3008768,22.6650606506372
3008769,29.593537077466273
3008770,1424.9118564505425
3008771,314.0442079761799
3008772,8947.301498670146
3008773,1.984897856790032
3008774,92.35191231985256
3008775,3.562340830500215
3008776,0.15882746155115923
3008777,0.5258246827564095
3008778,1538.5399393691803
3008779,0.0
3008780,210.71235631194207
3008781,3.8524121586276516
3008782,622.9697813443332
3008783,316.1705552328174
3008784,141.4178087366398
3008785,151.4789764001345
3008786,48.06060825692866
3008787,2091.786384334547
3008788,8.803831380997458
3008789,0.29532918352758997
3008790,13.08717103128346
3008791,9.937112945791863
3008792,0.4646750133826893
3008793,157.8680205689297
3008794,0.42084605900235444
3008795,0.0
3008796,3.762115115892709
3008797,28.280752720265692
3008798,0.9948860624822162
3008799,66.31998223660256
3008800,106.40068209359269
3008801,2.7803055989353194
3008802,4.217325291096015
3008803,131.95010143950657
3008804,20.19769728811984
3008805,559.9747864260862
3008806,0.023260335976202577
3008807,3.33908595947487
3008808,9.871719363692964
3008809,0.1218490493212078
3008810,5.163131178477629
3008811,4576.231854555313
3008812,0.0
3008813,866.9207881828651
3008814,8.992759679546602
3008815,1931.6041376370608
3008816,1079.1428806645
3008817,317.20488466789016
3008818,429.4383362776635
3008819,77.74741138616153
3008820,6446.4620575399895
3008821,26.17978110370622
3008822,0.35094725747224514
3008823,32.42203172074721
3008824,28.461209374239743
3008825,0.2702468011027312
3008826,395.0471024484145
3008827,3.789399716828248
3008828,6.503131140293168
3008829,13.165859853517084
3008830,15.637129870486644
3008831,2.026125744467358
3008832,495.05952680517987
3008833,432.61687839550086
3008834,4.460700993430747
3008835,11.726935573990094
3008836,197.87998513073012
3008837,83.70243300989439
3008838,1531.8544431286648
3008839,2.716449981184147
3008840,3.9450216132496667
3008841,1.52187796190147
3008842,0.0
3008843,0.5448641606838237
3008844,1123.479057112346
3008845,0.0
3008846,189.00689768635766
3008847,2.253516720661445
3008848,609.3390854154927
3008849,188.2274833328988
3008850,95.55477594682768
3008851,145.48775448739005
3008852,23.29659465950342
3008853,1826.7816305758497
3008854,7.5405781716882725
3008855,0.27473897393164
3008856,9.872297657646413
3008857,5.106998069387769
3008858,0.031787801788309325
3008859,86.44960283414972
3008860,0.0
3008861,0.0
3008862,0.40171479526419684
3008863,24.385068462685325
3008864,0.35792334480353627
3008865,78.27376031240232
3008866,90.43689454289053
3008867,0.23607569435372733
3008868,0.930671016812004
3008869,75.21203664976292
3008870,12.293440343774172
3008871,213.29917351915168
3008872,0.0
3008873,1.0900834290735513
3008874,8.86543429461642
3008875,0.0
3008876,2.105868757029141
3008877,2691.3310187486672
3008878,0.0
3008879,345.53644923614615
3008880,8.253351337328677
3008881,1311.3049345371464
3008882,575.2706063519307
3008883,201.13739164080565
3008884,158.3565251355588
3008885,49.02172464367776
3008886,3888.9396699970375
3008887,4.186518404548537
3008888,0.7665773967197149
3008889,23.069488757300093
3008890,19.681228983607248
3008891,0.2634848418001446
3008892,258.8394300955184
3008893,0.0
3008894,0.0
3008895,16.187569933784562
3008896,26.104602109104125
3008897,1.945315132491106
3008898,371.6531761473693
3008899,290.34929969110567
3008900,1.539973998848572
3008901,7.47717384953223
3008902,209.56366580626005
3008903,24.36603641491324
3008904,1438.0802994322612
3008905,0.01140840300130507
3008906,0.733460981898012
3008907,3.740671965136654
3008908,0.1791705711770314
3008909,1.1883864010627245
3008910,2637.0967615965496
3008911,0.0
3008912,728.8682383535128
3008913,6.103343982268787
3008914,870.5637187501065
3008915,612.8079379115006
3008916,237.67053970855045
3008917,124.6070213420826
3008918,61.66080745374537
3008919,4090.7926245974895
3008920,9.186338946221975
3008921,4.383422814975111
3008922,26.848524881074148
3008923,46.11231970844915
3008924,0.427213150581237
3008925,186.25603745134254
3008926,4.055514931581984
3008927,6.155728423615454
3008928,3.519059357800033
3008929,35.01204632931534
3008930,2.829572965426478
3008931,181.4462006340702
3008932,242.21813388286455
3008933,3.1839568241377414
3008934,6.876707330963436
3008935,145.64080667913404
3008936,36.23894224113778
3008937,620.5667263711757
3008938,2.631147603667472
3008939,2.7383507095780666
3008940,4.7549152110565815
3008941,0.015263657586491616
3008942,0.472913059659137
3008943,1719.1293758555523
3008944,0.0
3008945,154.04311309045173
3008946,4.4990626849031745
3008947,670.792424394823
3008948,256.8044607135642
3008949,121.26168184522032
3008950,177.7770970154914
3008951,42.803081737939934
3008952,2620.661049999574
3008953,14.463500177802958
3008954,0.28027793842897464
3008955,11.611484454531613
3008956,21.85416609364387
3008957,0.3026504295108132
3008958,132.2335315827874
3008959,0.0
3008960,0.0
3008961,0.44782709308737645
3008962,42.622117650089436
3008963,0.5619747191938783
3008964,252.779970512072
3008965,133.4003939004825
3008966,1.311232632357648
3008967,1.5767328449159002
3008968,93.63116695875205
3008969,26.374756051746473
3008970,461.3079773540853
3008971,0.08558235084995085
3008972,0.3500787938825735
3008973,5.0879773375587325
3008974,0.013817984776558882
3008975,0.8949224428143776
3008976,3761.424173874731
3008977,0.0
3008978,664.8833618571155
3008979,7.066200360303459
3008980,1029.312209534049
3008981,816.7792375916328
3008982,267.4776179978271
3008983,141.101002300151
3008984,90.34484221336304
3008985,4498.685967383824
3008986,12.767200429282507
3008987,0.3249050302362235
3008988,16.063454272902284
3008989,11.74398652024693
3008990,0.15145448379914891
3008991,231.82828972255007
3008992,0.0
3008993,18.975937706984173
3008994,2.7416517006004324
3008995,43.553589231809894
3008996,1.2535397750713844
3008997,210.2100114892643
3008998,241.84151398680365
3008999,1.2740461844975994
3009000,4.5109735849235975
3009001,137.9532807417911
3009002,47.816518793238764
3009003,1245.1998666032123
3009004,0.6407649394031709
3009005,0.9624480991523052
3009006,3.3079539139492247
3009007,0.0
3009008,5.80997030175197
3009009,2436.8156281550014
3009010,0.051309875723237794
3009011,457.4033531965592
3009012,7.490728546262699
3009013,804.6843896837927
3009014,703.1760587261966
3009015,142.29921301922587
3009016,121.59888214417138
3009017,75.76785309352918
3009018,3017.601477847871
3009019,70.15400835802839
3009020,1.2573885169964727
3009021,14.085362052509442
3009022,20.27394356222187
3009023,0.17612928534879746
3009024,244.00942038237537
3009025,23.80823137287564
3009026,18.498038989571207
3009027,1.534369821000732
3009028,106.56670144351372
3009029,6.7262340883357385
3009030,194.65231841820795
3009031,265.84535496791926
3009032,9.280053567312482
3009033,11.914815463384762
3009034,236.37690964407858
3009035,53.796861610732144
3009036,2096.2128560142523
3009037,0.03243793940201466
3009038,11.555533563799667
3009039,8.327786623905803
3009040,0.0
3009041,10.209202700102303
3009042,3178.840358307153
3009043,0.0
3009044,559.340597529904
3009045,15.467602211979617
3009046,1757.6077988791496
3009047,878.5755122117853
3009048,170.503279238254
3009049,128.91235450171422
3009050,103.64845079816348
3009051,5153.815026280719
3009052,34.72146303306465
3009053,1.4833297307793816
3009054,35.15958741830652
3009055,48.45965219606004
3009056,0.1389291622416677
3009057,500.24001811249724
3009058,35.82448252054223
3009059,19.327590513575867
3009060,8.7719908935007
3009061,97.53679975405787
3009062,15.56183979125839
3009063,156.7873936172215
3009064,579.5090156898342
3009065,7.29411074950442
3009066,13.714596495125726
3009067,165.74583049851788
3009068,91.05734756100055
3009069,2106.778669217527
3009070,0.02788866070125584
3009071,18.654660880166507
3009072,10.77112136282248
3009073,0.2434816610354555
3009074,4.976758056365583
3009075,4589.79189369471
3009076,0.0
3009077,874.8549350321613
3009078,9.449787818218125
3009079,2232.512785338234
3009080,745.7831271913689
3009081,198.18395131634645
3009082,385.3686926505074
3009083,65.2007144154126
3009084,6147.233945951555
3009085,42.9983857953567
3009086,2.390359553124914
3009087,28.296326174372176
3009088,18.656325021561464
3009089,0.24495118732805943
3009090,372.94116301335896
3009091,9.432954073939113
3009092,14.434521992896915
3009093,8.888262602328938
3009094,58.52850194019195
3009095,4.371511546866142
3009096,179.3262266463619
3009097,435.5170270596073
3009098,8.322965066246036
3009099,12.09202503453347
3009100,287.20640260815753
3009101,57.80895444845271
3009102,1928.5256132536288
3009103,29.329842078248685
3009104,19.120561890378568
3009105,4.928081420991273
3009106,0.08920908958054047
3009107,6.600011822292656
3009108,3695.9000269301623
3009109,0.03662811623214328
3009110,515.50003923239
3009111,9.45818743196302
3009112,1065.3063127892099
3009113,997.4648286924194
3009114,263.94142610964053
3009115,206.47129446947974
3009116,117.2744264423257
3009117,4253.034122160281
3009118,40.21887451466202
3009119,2.153021181982702
3009120,14.023532824849706
3009121,17.694437325295674
3009122,0.3516272565729325
3009123,362.98687876930273
3009124,28.581329613401344
3009125,27.750564802863693
3009126,1.209152416639271
3009127,126.15987296653503
3009128,6.4914926803506985
3009129,401.33603421695034
3009130,376.87024114407234
3009131,8.548479334163329
3009132,12.491646450579779
3009133,528.686056287901
3009134,44.43442776947957
3009135,3065.4723772956104
3009136,0.10831984239840267
3009137,34.727745078317255
3009138,4.3561888776132545
3009139,0.10037872597144984
3009140,2.476818776193346
3009141,4706.346396995497
3009142,0.0
3009143,552.914528866762
3009144,7.561581028075084
3009145,2296.8907128348505
3009146,769.9637622366041
3009147,301.1463184936175
3009148,156.14177708884174
3009149,69.33458607112917
3009150,6290.376491496763
3009151,13.53524263580444
3009152,1.834858115565885
3009153,29.4723601528479
3009154,24.529144799336777
3009155,0.293984019153069
3009156,437.03527732737956
3009157,0.0
3009158,0.2843248361296935
3009159,5.018554035517121
3009160,22.88665288609133
3009161,2.3746897617513745
3009162,153.04962215865916
3009163,362.7121046618454
3009164,2.6666509979098256
3009165,8.459432185321539
3009166,208.26644836198838
3009167,70.3387070968977
3009168,1109.0323770417144
3009169,0.0
3009170,3.4543792392821278
3009171,8.777319445644304
3009172,0.054821082064473906
3009173,10.666403263192073
3009174,5061.73022058961
3009175,0.005589665895044496
3009176,785.0800813504113
3009177,10.671996800091176
3009178,1704.8188998783053
3009179,1101.540923468692
3009180,370.59691266705727
3009181,222.04894897452172
3009182,149.21094548660633
3009183,5753.2368623756265
3009184,69.20887259779225
3009185,1.4718202998022847
3009186,32.82461789686757
3009187,44.6151282690285
3009188,0.27814068236195116
3009189,501.1382021313314
3009190,43.39122779982648
3009191,30.886481912642267
3009192,11.350051331305323
3009193,76.48056061998628
3009194,15.56577898733168
3009195,318.9590139152903
3009196,636.8739605504107
3009197,18.713258539564734
3009198,12.156245735321834
3009199,312.05115613208994
3009200,86.7924684089233
3009201,2901.894558566618
3009202,0.7071924839526181
3009203,8.457179418188424
3009204,5.02450469313022
3009205,0.0
3009206,6.82240627985336
3009207,3628.727257835908
3009208,0.0
3009209,617.8133660446172
3009210,9.768307139085463
3009211,920.9964527740831
3009212,949.7819488902754
3009213,213.38455332124127
3009214,170.72953296319008
3009215,118.92602532858322
3009216,3951.19309226857
3009217,43.13411065458587
3009218,1.2910292441219284
3009219,27.940318444152616
3009220,24.57836572753265
3009221,0.16867709544107484
3009222,293.73607266390985
3009223,29.23353046344087
3009224,41.264320119092034
3009225,7.532855248660532
3009226,78.01535678628161
3009227,11.704705785664103
3009228,270.22276231261344
3009229,297.7039939969813
3009230,9.907696944629791
3009231,11.5050959149198
3009232,284.6582285918105
3009233,72.80361172346082
3009234,2811.7031021221846
3009235,0.15485793777622311
3009236,19.763912760310724
3009237,4.2617741346582
3009238,0.04914531915151257
3009239,3.094777473133877
3009240,5952.3596847892895
3009241,0.0
3009242,762.7184601559945
3009243,19.401828443074127
3009244,1380.6728472367308
3009245,880.8059678506125
3009246,347.99374971546257
3009247,185.47335126658578
3009248,61.48052410732966
3009249,5642.72200306674
3009250,9.339080715959605
3009251,0.11678698975193895
3009252,19.693337575744174
3009253,20.616642447118622
3009254,0.1674969858661726
3009255,305.3059886582689
3009256,0.0
3009257,10.573966708073657
3009258,0.7524504239702822
3009259,96.74320139544005
3009260,3.3243612718284536
3009261,216.58012104083485
3009262,351.97532433383844
3009263,4.221544881764179
3009264,4.049600993057837
3009265,279.40495206608665
3009266,146.2229417951581
3009267,1334.7557588655343
3009268,1.7461983297577395
3009269,1.1042492084685989
3009270,17.674654327351895
3009271,0.0
3009272,27.289558183469154
3009273,14302.543411997349
3009274,0.0025155455900498606
3009275,2128.5301997602087
3009276,23.09236887665756
3009277,3820.527084413698
3009278,3585.858184271876
3009279,919.9068159240933
3009280,972.8166855589989
3009281,582.4959230464474
3009282,14231.718312334258
3009283,111.87136782665705
3009284,5.442689407787195
3009285,143.15013904408602
3009286,146.3396726483957
3009287,0.46555992014433356
3009288,1488.8112257631822
3009289,70.54230364715362
3009290,28.07526241225206
3009291,29.481223811702634
3009292,414.90518734109946
3009293,33.81461673284541
3009294,1108.4880666075815
3009295,1134.1689184576262
3009296,62.487083510060664
3009297,57.18518481890749
3009298,1681.2866562764264
3009299,338.5665839667501
3009300,12772.711658738946
3009301,39.71200585105741
3009302,118.44268995857249
3009303,23.680729093017863
3009304,0.0
3009305,23.441205692749193
3009306,13495.680704085054
3009307,0.06440815758889006
3009308,1650.0847235532262
3009309,21.277705014545734
3009310,3796.489847366171
3009311,2958.640348489726
3009312,1056.9797355620508
3009313,601.681054134885
3009314,426.83613942653164
3009315,14184.864047931662
3009316,188.51803928572156
3009317,2.993406421874097
3009318,77.3585093635345
3009319,112.05365928200833
3009320,0.9221685043783309
3009321,1190.9184357626573
3009322,62.716465260596095
3009323,54.21750466214468
3009324,86.16277347639016
3009325,227.21461165985932
3009326,26.810612491749886
3009327,1612.6910094205377
3009328,1242.6579424549607
3009329,39.78342927391889
3009330,46.26197023877417
3009331,1842.4794864678306
3009332,338.14338426107753
3009333,8763.23686855879
3009334,256.17688082031333
3009335,137.28000618139285
3009336,17.162435967545
3009337,0.0
3009338,28.312583743018955
3009339,10863.044583381372
3009340,0.12715018969958114
3009341,1329.047994728073
3009342,13.09840462537831
3009343,4239.7191484781615
3009344,2439.054532767849
3009345,1260.433678018466
3009346,249.68414043127953
3009347,332.09408223777984
3009348,14060.730258869162
3009349,76.61821700886385
3009350,3.3092574818437854
3009351,43.32396291353228
3009352,45.58240974698329
3009353,0.5103427878900941
3009354,1210.2489404215046
3009355,81.72917848394704
3009356,45.44419191779917
3009357,15.332918943600124
3009358,142.86124370478888
3009359,11.927439725647385
3009360,1211.4633299040224
3009361,1229.8874896208822
3009362,39.34138896260872
3009363,68.05721818309213
3009364,1328.5791658683277
3009365,147.1976823173939
3009366,4479.730467004525
3009367,179.58200524364693
3009368,69.06755813943008
3009369,20.988490862146676
3009370,0.0
3009371,28.91809983582427
3009372,13442.50467869443
3009373,0.06504234954880381
3009374,1488.829520369395
3009375,17.408317263345207
3009376,3481.714710377095
3009377,2817.3391752538582
3009378,1000.9145280825799
3009379,554.3723262554784
3009380,341.3532224402501
3009381,13964.247337033532
3009382,79.52909256448379
3009383,2.6461967075894046
3009384,72.32823679113291
3009385,106.46349140401007
3009386,0.6447697577456619
3009387,1104.3806065726246
3009388,70.19206891122192
3009389,42.18377115689569
3009390,17.898095670476735
3009391,228.65976123657654
3009392,16.872477679479
3009393,1113.5941988876248
3009394,1207.33112971082
3009395,35.88570544191123
3009396,51.428428040162416
3009397,1707.06413953209
3009398,283.63736378799035
3009399,7626.217661562144
3009400,108.31447389672417
3009401,92.0824418911909
3009402,20.21547259761254
3009403,0.0
3009404,33.010496801984516
3009405,9755.594449625614
3009406,0.0274676328918807
3009407,1161.8792042336777
3009408,18.0286055936228
3009409,3723.1476712447075
3009410,1958.7321368296903
3009411,1071.332393018156
3009412,221.2749280338346
3009413,260.07420710521467
3009414,13087.171961142041
3009415,82.75944219242419
3009416,1.1792088640323104
3009417,48.262178887895885
3009418,59.24276305213344
3009419,0.7104362917522575
3009420,1143.037493064145
3009421,48.71928646865002
3009422,21.63567753311697
3009423,8.358852345633531
3009424,124.23866219507653
3009425,8.347050989842005
3009426,1309.6502036335373
3009427,1236.0375445525228
3009428,25.79209719195791
3009429,44.44800753833328
3009430,1521.5699304485474
3009431,146.82042959622706
3009432,3392.1978420970217
3009433,108.82301548104905
3009434,35.441878142640235
3009435,9.990953403482965
3009436,0.0
3009437,13.35279904728861
3009438,8991.735097389996
3009439,0.0
3009440,1278.6695181015025
3009441,19.706204621730905
3009442,2103.4397254022656
3009443,2441.1140285278325
3009444,582.5537850200112
3009445,569.8937920754811
3009446,366.70484622612497
3009447,8978.322122025611
3009448,76.5700692338479
3009449,1.986529746183006
3009450,39.99141807817342
3009451,66.35323180839157
3009452,0.3960462621733125
3009453,793.3796047477529
3009454,36.50394508285599
3009455,29.032986404319182
3009456,20.17240214992094
3009457,256.1242606731322
3009458,19.8256481878828
3009459,860.9628955703453
3009460,818.5892116222243
3009461,27.877130659768092
3009462,44.01309083684017
3009463,1146.3508732415357
3009464,236.5775563932011
3009465,8737.50249355879
3009466,71.7574993779007
3009467,72.27573413917727
3009468,6.260794258186057
3009469,0.27568839854022364
3009470,5.7352185601046335
3009471,2862.113347493108
3009472,0.0
3009473,431.75111178266127
3009474,22.195528504718585
3009475,1140.48007066029
3009476,741.169933644962
3009477,270.853876988043
3009478,118.39269765814164
3009479,89.13389944627764
3009480,3949.3725798086525
3009481,95.95012386695538
3009482,1.113137589400457
3009483,23.509104492817606
3009484,24.829168925788323
3009485,0.4981201858718467
3009486,318.3520528997929
3009487,17.402772471987163
3009488,11.946607667984361
3009489,11.784800235100885
3009490,69.55615325886191
3009491,7.26127987466151
3009492,277.13337860283207
3009493,354.28316140426546
3009494,4.953632443883969
3009495,8.150101672273959
3009496,292.26557716474895
3009497,61.998691418178375
3009498,1970.1605838067057
3009499,0.6061226933277978
3009500,8.598271807273768
3009501,11.755385448491243
3009502,0.0
3009503,18.854642991452476
3009504,7240.68774296285
3009505,0.0868175054061918
3009506,748.9822936425741
3009507,31.984249778321512
3009508,2668.4787288709194
3009509,1426.7951731188537
3009510,685.3028408456153
3009511,161.1897292979851
3009512,146.84096938418037
3009513,8622.994649772982
3009514,234.82072222777867
3009515,2.254056975681808
3009516,47.502382983420546
3009517,47.358568288327085
3009518,0.42842008360599726
3009519,842.4790015131881
3009520,41.23219701381331
3009521,12.294074355936864
3009522,2.483399069584422
3009523,146.12199455826763
3009524,10.099213921137917
3009525,568.845490058237
3009526,856.7658995544493
3009527,14.80504620934071
3009528,39.99597947334448
3009529,581.8871226877825
3009530,84.97974719268261
3009531,2787.0462184239145
3009532,64.59183290482099
3009533,24.122502282173812
3009534,9.104718185064
3009535,0.0
3009536,6.841228827027025
3009537,6464.669031757954
3009538,0.0
3009539,1074.8449507145378
3009540,6.523717910424353
3009541,1748.541149026098
3009542,1842.1096366015909
3009543,318.45079919203397
3009544,423.2723202291561
3009545,290.7920202280105
3009546,6767.191197761727
3009547,58.43221656211597
3009548,1.8949520761387935
3009549,40.85389455281543
3009550,47.45981958360206
3009551,0.5725236800758241
3009552,502.12105688779104
3009553,3.747799234175392
3009554,55.44125373256348
3009555,6.405865477682626
3009556,164.13475811289112
3009557,13.739905264146472
3009558,694.4860224745619
3009559,413.5577463729817
3009560,23.923984650466203
3009561,15.169122151323936
3009562,813.0988722082146
3009563,159.51981839242325
3009564,5709.7240878920575
3009565,4.536892191833525
3009566,60.454572582528485
3009567,15.544743001394453
3009568,0.0
3009569,9.85710940490958
3009570,6137.923046595258
3009571,0.0
3009572,1113.7555657524674
3009573,14.254379969826926
3009574,2064.0727849571845
3009575,1432.0547975820468
3009576,493.0738517054905
3009577,301.5274401843809
3009578,343.735376115858
3009579,8039.976588706123
3009580,73.11289035154411
3009581,3.596973931148167
3009582,40.516901295704
3009583,57.880686760226
3009584,0.6433344155633894
3009585,560.6884472669228
3009586,13.276749218139452
3009587,70.18204818804122
3009588,8.422365165177055
3009589,204.3032123960204
3009590,13.133248385206155
3009591,578.679264032412
3009592,547.6433142641235
3009593,19.22183791218725
3009594,37.51595458841213
3009595,630.0894539304813
3009596,142.2813871053853
3009597,5045.6540001368185
3009598,4.223126778531095
3009599,9.875064836905615
3009600,11.703777922285505
3009601,0.07913715126250903
3009602,6.386180860687794
3009603,3435.384614371358
3009604,0.0
3009605,703.5681062297598
3009606,7.658035345065285
3009607,1512.0448491727914
3009608,788.65706878187
3009609,333.0221455403863
3009610,140.4678357173877
3009611,131.32771892227552
3009612,4704.92101467405
3009613,22.63600796281976
3009614,1.7479076580281558
3009615,29.449160040962887
3009616,27.943640583052918
3009617,0.23348487094460277
3009618,387.14361507113574
3009619,6.287895887740653
3009620,20.303383528198605
3009621,6.49506357152615
3009622,113.12154542042774
3009623,4.581213527082837
3009624,335.72297949857943
3009625,374.6111239961366
3009626,7.198452283896209
3009627,8.0428457679036
3009628,310.32737981912345
3009629,84.22129555735194
3009630,2780.0497174805223
3009631,0.2635292864638964
3009632,2.829822903714337
3009633,7.960578258702184
3009634,0.0
3009635,2.68847970806798
3009636,4880.28882755986
3009637,0.0
3009638,449.31373623246543
3009639,3.328510009318657
3009640,1470.9178128079334
3009641,365.3588905095798
3009642,320.314507052507
3009643,85.00189767131468
3009644,50.17553143218533
3009645,4884.808365934707
3009646,8.244894874409942
3009647,0.936123709062934
3009648,30.76984998594956
3009649,14.603862986927409
3009650,0.17029677514896802
3009651,358.9982587547032
3009652,0.0
3009653,0.0
3009654,4.265835444180268
3009655,23.963074830520753
3009656,1.2042683481124656
3009657,74.70081969573405
3009658,315.6677713844487
3009659,0.3051698330127478
3009660,3.405558247999152
3009661,83.61940337941563
3009662,125.42558637795712
3009663,813.7070138023802
3009664,0.038627701443395314
3009665,3.4737860550319195
3009666,7.514304811562887
3009667,0.10203411668873291
3009668,10.588165098629524
3009669,5552.767717888485
3009670,0.0
3009671,677.9616716103654
3009672,13.034553669841824
3009673,1764.9052874346407
3009674,1229.8438142388325
3009675,506.4853090012226
3009676,267.9933305302434
3009677,176.03551299048857
3009678,6301.737612214162
3009679,48.72225024108392
3009680,1.7723903403604848
3009681,40.66963076885468
3009682,52.79955387002512
3009683,0.09641167193463035
3009684,575.4346286431485
3009685,40.73768628033997
3009686,21.963297484469585
3009687,16.255301628183453
3009688,141.42680856052272
3009689,10.655595312193787
3009690,575.0744286210323
3009691,510.5974766253699
3009692,11.730160950191006
3009693,20.117772228471622
3009694,738.9490510308165
3009695,110.10033898926736
3009696,3371.5854894793633
3009697,0.0
3009698,45.10559338965215
3009699,4.807589403233745
3009700,0.12565730578374712
3009701,5.962139650276302
3009702,3961.089839049607
3009703,0.046595862959068125
3009704,642.4522652984622
3009705,13.374059122426667
3009706,901.5949418545626
3009707,1156.8525219744315
3009708,191.87166039273444
3009709,264.82645340519855
3009710,222.6371138631847
3009711,3752.4219305073243
3009712,39.25999870426398
3009713,1.908772436266716
3009714,20.924165405232632
3009715,28.499247163739966
3009716,0.6636010744795064
3009717,258.03870414463415
3009718,20.599993937517056
3009719,40.83196466178855
3009720,8.358678446694169
3009721,219.8014396688319
3009722,13.834182584520441
3009723,419.77074196264107
3009724,262.67261033679836
3009725,5.925511163340972
3009726,17.997978057661513
3009727,598.2807787023448
3009728,122.59191983490513
3009729,4632.333881311717
3009730,0.21192587040037672
3009731,32.33156646096975
3009732,5.690635380165628
3009733,0.14186891869158486
3009734,13.655610734055944
3009735,6338.379052834778
3009736,0.0
3009737,963.8798908829367
3009738,22.275635140854373
3009739,1448.4576596011293
3009740,1673.3077755938932
3009741,389.96623935046284
3009742,427.05595473999784
3009743,188.1349962338374
3009744,5771.827802166979
3009745,42.517689663086834
3009746,4.072961747727644
3009747,40.14297313221449
3009748,54.72576572853158
3009749,0.19500252134685384
3009750,459.18203893197705
3009751,39.7635416177503
3009752,44.136805740402316
3009753,28.49534593689412
3009754,127.08932831924695
3009755,21.71880924456348
3009756,483.2386323099859
3009757,495.95886712746466
3009758,28.58738211859249
3009759,21.468431134649897
3009760,770.941487252293
3009761,170.48442474735353
3009762,5950.640601300629
3009763,0.363536115852767
3009764,47.268225142970294
3009765,12.768426459843358
3009766,0.23261588669558436
3009767,8.004742888537793
3009768,4269.399475519026
3009769,0.0
3009770,695.6782206019766
3009771,15.498535236096806
3009772,1794.34438141264
3009773,973.8726318425153
3009774,606.7820659458653
3009775,244.02000886821463
3009776,123.86248392024562
3009777,7082.88632728925
3009778,18.75290345698817
3009779,1.1973613992310235
3009780,40.28668956348425
3009781,50.60168937434104
3009782,0.13993542152566452
3009783,443.69757149820043
3009784,19.06673892040442
3009785,6.804887144001272
3009786,9.464108156262341
3009787,69.69769371572555
3009788,3.818704990242014
3009789,430.83737372600194
3009790,527.6724419345763
3009791,8.349237393992244
3009792,10.803559431851948
3009793,531.479831507218
3009794,112.16087824213955
3009795,1885.0378530217704
3009796,16.140895569629294
3009797,18.254106508381003
3009798,4.511323332177885
3009799,0.0
3009800,3.7080006259545164
3009801,2342.3302604012015
3009802,0.20137139663736675
3009803,388.8480586215245
3009804,12.027047510496871
3009805,659.7707703268668
3009806,761.2381663940313
3009807,167.8362941564851
3009808,147.35888304287812
3009809,127.83770136215512
3009810,2821.1288348234452
3009811,19.438761487754547
3009812,1.6734164801674598
3009813,12.179197704039677
3009814,28.55804653446573
3009815,0.8390723239803938
3009816,235.11864656999307
3009817,15.027305970142692
3009818,16.95627335476052
3009819,4.241347792097758
3009820,76.09533315018916
3009821,5.844183011512886
3009822,303.94410821433405
3009823,199.59756072351598
3009824,3.9826293920074436
3009825,10.755365590041515
3009826,379.7159142281828
3009827,66.12108249504647
3009828,2639.538764146181
3009829,0.041395429543983994
3009830,23.815327392585296
3009831,1.2809399460967346
3009832,0.0
3009833,1.44870715274787
3009834,1360.2560924496156
3009835,0.0
3009836,119.3648454671276
3009837,2.5595212083968435
3009838,1038.283370997925
3009839,291.227854357925
3009840,223.74821801793357
3009841,77.46141557270431
3009842,24.06493858666979
3009843,2775.164401686456
3009844,4.499759870402741
3009845,0.30691543974185365
3009846,4.8743922393029155
3009847,6.110196572759918
3009848,0.06962560101637105
3009849,182.20931356057454
3009850,1.7935219521770822
3009851,0.0
3009852,0.7509210640983746
3009853,5.155300933768718
3009854,0.47483072544783017
3009855,193.9453525696541
3009856,188.5303598160519
3009857,0.8717698339407175
3009858,2.8345268155935512
3009859,143.98622856585948
3009860,23.50451315025064
3009861,272.8799705934906
3009862,6.1122736170446625
3009863,0.8420983537017492
3009864,5.123215619997934
3009865,0.27942719122403337
3009866,2.5305601777003632
3009867,4131.5696628835285
3009868,0.0
3009869,731.4363284552444
3009870,8.08659967404931
3009871,1848.282415077674
3009872,695.1198405326427
3009873,556.0244780713952
3009874,488.67593207308994
3009875,68.15342117426377
3009876,7221.138709833005
3009877,26.187993817475743
3009878,0.4745887396080015
3009879,13.225959590743837
3009880,23.054533903027536
3009881,0.23018539952442418
3009882,489.5545216744192
3009883,10.597323626479316
3009884,1.2687788537231275
3009885,7.37222987820121
3009886,28.184190498051045
3009887,2.250979156851346
3009888,575.3530737414808
3009889,409.5451404832775
3009890,2.057854021339263
3009891,15.245324748271372
3009892,322.5502979384873
3009893,72.51631386097533
3009894,1622.086571164243
3009895,15.725623920477002
3009896,6.839254062138175
3009897,4.241101123476703
3009898,0.07398292519160299
3009899,1.7093139238603967
3009900,1765.7261789062368
3009901,0.0
3009902,218.13358635082943
3009903,5.824008061752006
3009904,1178.273586018918
3009905,377.1583530129554
3009906,182.55882395009883
3009907,80.11079612958844
3009908,28.578281044791872
3009909,3193.505127846117
3009910,8.812032569437394
3009911,0.49220477000375557
3009912,9.308391473455671
3009913,16.618802381004066
3009914,0.36798949223888755
3009915,179.6614071226214
3009916,5.922045148955406
3009917,0.0
3009918,7.385397806841139
3009919,18.611504998297907
3009920,1.4761834463901882
3009921,163.0777905489773
3009922,171.76001908587767
3009923,0.9462493462181849
3009924,5.144820634044558
3009925,184.0897275305215
3009926,29.639679842034003
3009927,336.3009216326782
3009928,15.227325562688208
3009929,1.6516169910949234
3009930,3.6479239821223963
3009931,0.0
3009932,2.113400879877331
3009933,1745.9975851115312
3009934,0.0
3009935,148.85792148399605
3009936,4.105133013851309
3009937,1016.3487105981906
3009938,275.84801859947214
3009939,172.9039953903606
3009940,74.29302805606984
3009941,31.527833628801666
3009942,3157.382584562054
3009943,10.248244413642214
3009944,0.12132318623345914
3009945,13.951622080176715
3009946,9.777816646297152
3009947,0.11451009144117599
3009948,151.71603436287776
3009949,1.3998372538919972
3009950,0.0
3009951,2.724527398374528
3009952,23.80182353168842
3009953,0.6920878335073245
3009954,177.60943880601133
3009955,253.8269648643085
3009956,0.4279594356320602
3009957,4.562302758571111
3009958,69.22601373021996
3009959,19.374301624003134
3009960,181.91288243659324
3009961,15.133303133656174
3009962,1.7027340237396715
3009963,3.3460410361735624
3009964,0.0
3009965,1.1934665174648937
3009966,1621.4386138035243
3009967,0.0
3009968,178.9767962993588
3009969,4.639567808602652
3009970,1504.518671871933
3009971,368.8855318381576
3009972,239.51648573894028
3009973,49.8390348054101
3009974,30.111002382669618
3009975,3382.1582574583767
3009976,11.059141597422904
3009977,0.3194637895268178
3009978,7.7163884359686765
3009979,22.667968881279776
3009980,0.1942413658153127
3009981,249.4544241999131
3009982,1.3721693204724017
3009983,0.0
3009984,2.457619263457744
3009985,8.522502719258759
3009986,1.7684210768061295
3009987,250.43043104390375
3009988,254.63986964760264
3009989,1.5072842491204508
3009990,4.393709386830687
3009991,73.2820832646379
3009992,85.23555173456977
3009993,403.54300538732076
3009994,14.002029801769844
3009995,2.4917982876061884
3009996,2.5234577506014757
3009997,0.4076280355874695
3009998,4.491473924792071
3009999,1855.3394164744866
3010000,0.0
3010001,180.7747613070033
3010002,1.8770738062685652
3010003,919.3444577275786
3010004,382.6372247073033
3010005,263.76606880794543
3010006,121.83594784415298
3010007,54.57526886797375
3010008,2867.6514721536914
3010009,11.140887214794713
3010010,0.5727086171234357
3010011,15.814686851382174
3010012,15.91216390821342
3010013,0.24159909215770714
3010014,221.85848196937735
3010015,7.490212719369803
3010016,0.0
3010017,3.1810122117614577
3010018,11.553788666889828
3010019,1.7761800004623236
3010020,144.50294672588126
3010021,208.17593334575017
3010022,0.9168765072547436
3010023,4.185876307833004
3010024,112.69339336768057
3010025,40.6719903469199
3010026,641.2411201973912
3010027,28.111416469752847
3010028,4.37851432757806
3010029,3.52112471814927
3010030,0.07887203561838227
3010031,0.3642564268753332
3010032,1415.4161425743696
3010033,0.0
3010034,179.10949382661778
3010035,4.07327349460517
3010036,783.4742153034487
3010037,256.83176819568945
3010038,165.07469064873456
3010039,198.19949735251933
3010040,20.65492987357276
3010041,2440.2494820042302
3010042,4.664158587738143
3010043,0.25777242619881713
3010044,7.832414770329395
3010045,7.960434389971603
3010046,0.12146268085635478
3010047,149.53216778147785
3010048,0.0
3010049,0.0
3010050,1.7753826357024762
3010051,11.81467020081199
3010052,0.8829761652349124
3010053,70.48751878538687
3010054,150.9122987705206
3010055,0.8702833044771752
3010056,2.106054688210506
3010057,67.72978185625733
3010058,32.51028608065856
3010059,577.1919368071328
3010060,0.04592959973704405
3010061,0.721376316058854
3010062,6.08962885801067
3010063,0.5617043972539295
3010064,2.4859355803750125
3010065,3360.5901537324153
3010066,0.0
3010067,355.8841009727031
3010068,3.0793363005220638
3010069,1326.6563382495353
3010070,724.649187177876
3010071,505.8964897289069
3010072,337.8637237035473
3010073,90.13671293201772
3010074,4814.814434929693
3010075,20.479180582478435
3010076,0.841047907906558
3010077,16.488556537424287
3010078,24.456464123227683
3010079,0.34117658910700804
3010080,314.3465971574097
3010081,1.258170355728757
3010082,0.0
3010083,6.750285408695625
3010084,23.050698015220057
3010085,2.206072988037017
3010086,280.24410480295677
3010087,336.9519746410133
3010088,1.5918274447021972
3010089,6.899253902818961
3010090,452.3739871079568
3010091,55.003033896440975
3010092,1420.9136322780719
3010093,87.20680086170465
3010094,10.355933232813708
3010095,2.5567397230153843
3010096,0.05794259870941704
3010097,4.4012060498326155
3010098,2041.3395196323168
3010099,0.0
3010100,576.877868635848
3010101,5.5992864084853045
3010102,611.6505517010842
3010103,572.5103399646109
3010104,187.77379613098293
3010105,203.4174939977369
3010106,40.92810759054306
3010107,2883.8355355421163
3010108,10.321650697455953
3010109,0.8726219386989222
3010110,19.563502808967996
3010111,11.385236415686197
3010112,0.3449586556187535
3010113,162.13000703520663
3010114,9.704551165700245
3010115,3.677618469104639
3010116,5.548684379560505
3010117,32.64443698735943
3010118,1.440566383471803
3010119,93.41116663085316
3010120,174.46974495912434
3010121,3.672541631676622
3010122,4.8818621845398695
3010123,180.39191773456767
3010124,55.422239432996435
3010125,1511.8258999294492
3010126,21.17669242245009
3010127,10.256667183677528
3010128,5.235019327683723
3010129,0.638138595792778
3010130,3.0362378326004986
3010131,2792.4098526652588
3010132,0.0
3010133,188.10884399681493
3010134,3.955277995520566
3010135,1053.8275866429171
3010136,407.71053906730464
3010137,289.7686122241896
3010138,109.41753737066756
3010139,37.74158659499049
3010140,3808.253104941673
3010141,63.47673900323537
3010142,0.6026411555589002
3010143,11.287898879897785
3010144,15.20712717006282
3010145,0.1295681271658763
3010146,177.8608563495617
3010147,8.580494110047113
3010148,0.0
3010149,4.099835345740651
3010150,30.555060101904424
3010151,1.7200160776521163
3010152,152.5291531593677
3010153,203.02206067396887
3010154,0.9594199882698542
3010155,4.911655854422839
3010156,108.65662198950331
3010157,29.17217555328937
3010158,536.9128558250302
3010159,24.20721278905697
3010160,3.7401710934556567
3010161,5.461110412091692
3010162,0.04365178114725718
3010163,8.145385634464567
3010164,3212.205025684274
3010165,0.0
3010166,664.050687499262
3010167,8.856152038028743
3010168,919.2804420644371
3010169,820.3495059939155
3010170,239.53856173214916
3010171,160.90969061646672
3010172,85.50662938623873
3010173,3735.666491605948
3010174,60.13919924176639
3010175,1.1818291608412033
3010176,10.702807090155986
3010177,26.047549023957554
3010178,0.3504007532675091
3010179,278.7028741132875
3010180,19.528933379586576
3010181,10.677692865296041
3010182,8.91105713415529
3010183,47.92046673741847
3010184,7.042032758136024
3010185,381.5906326943528
3010186,301.8422770911025
3010187,7.548553672229976
3010188,7.735694620681809
3010189,465.88997018975454
3010190,112.95509792685107
3010191,2213.5032640383015
3010192,0.06925148795052695
3010193,29.332460071727812
3010194,5.8015502123746465
3010195,0.06400693959621566
3010196,3.899874941589914
3010197,3232.3401007888287
3010198,0.0
3010199,529.5127401862727
3010200,6.466522160108144
3010201,2073.8636999392543
3010202,702.9608411492857
3010203,590.7730745702396
3010204,172.94506949075932
3010205,63.406037993690695
3010206,5406.738876831829
3010207,13.199044401386715
3010208,0.5015533026848953
3010209,16.766046044846284
3010210,14.000510685079085
3010211,0.061659610654933125
3010212,307.54545539259925
3010213,1.853495910883892
3010214,3.951611768481663
3010215,3.838778352454234
3010216,22.577933611013737
3010217,0.8934578531622169
3010218,274.96407880270806
3010219,355.97036893753085
3010220,3.891564207551102
3010221,4.417807902869072
3010222,325.34312257714805
3010223,54.655992789119566
3010224,967.11333682255
3010225,47.25972729242159
3010226,9.3393032457621
3010227,7.8201458169294416
3010228,0.3099051076616582
3010229,2.9825622188264833
3010230,3597.2026995373144
3010231,0.0
3010232,499.4290516764381
3010233,5.414235181564889
3010234,1598.235618040065
3010235,635.7625411686636
3010236,359.74122180232325
3010237,367.2491268743846
3010238,59.94760817041343
3010239,4551.804253386517
3010240,14.69604767250577
3010241,0.7707016656308244
3010242,20.957707491176066
3010243,32.30118473528456
3010244,0.24033261583897345
3010245,340.8956611450562
3010246,2.0688979475935905
3010247,1.3044165087090696
3010248,8.515546587857575
3010249,53.09193746086654
3010250,1.371972001317577
3010251,122.34118844456339
3010252,319.21485743409494
3010253,2.0023346132918087
3010254,5.626841416610496
3010255,168.21374036309766
3010256,138.85134530856706
3010257,1293.6273189906656
3010258,0.7484109967152988
3010259,6.159559601762057
3010260,4.03784331835075
3010261,0.20476009648626503
3010262,1.3119504914568987
3010263,1897.9371153899076
3010264,0.0
3010265,241.56045126272636
3010266,7.305795811143042
3010267,750.0910416167054
3010268,373.92334873707966
3010269,169.71337834547688
3010270,82.59167281350494
3010271,38.2241539880931
3010272,2966.329988697204
3010273,11.481581165504394
3010274,0.37849912403159114
3010275,15.387224589038158
3010276,13.315265402753658
3010277,0.21019712825743306
3010278,154.58173782393752
3010279,1.484709375537999
3010280,0.0
3010281,4.1699903883062435
3010282,33.970437878459485
3010283,1.917881607933392
3010284,138.34953549981716
3010285,204.04850056336886
3010286,1.5110784379573854
3010287,4.903594766294084
3010288,204.6418148256936
3010289,24.70876280374943
3010290,818.0065433419792
3010291,25.491285559295804
3010292,2.28254808685145
3010293,1.3689341607044452
3010294,0.0
3010295,3.047275795919629
3010296,1404.9468122661551
3010297,0.0065853947909095215
3010298,274.7983639493798
3010299,9.454379068093312
3010300,522.3850022352517
3010301,498.08960468108694
3010302,133.0664278959456
3010303,46.252036708222434
3010304,44.824930261554286
3010305,2224.3901282247402
3010306,15.866584018349716
3010307,0.34834845297676964
3010308,9.917902953416341
3010309,12.004101877834497
3010310,0.10415985909050751
3010311,141.5881173684222
3010312,9.536887867934107
3010313,2.0059227003687763
3010314,4.6060693001364035
3010315,30.974999344012243
3010316,4.277006040653613
3010317,426.3358886813567
3010318,144.95617484648577
3010319,2.775350967308733
3010320,4.115830347951542
3010321,367.26945746916726
3010322,29.10573647413933
3010323,1139.3636290642667
3010324,0.0
3010325,5.864703447694808
3010326,2.7334783081866716
3010327,0.13559453168901803
3010328,5.706034436158004
3010329,3659.3481661070305
3010330,0.05764403856577477
3010331,717.0804799161822
3010332,15.851158224639562
3010333,1004.5274593964473
3010334,1229.8040055361912
3010335,258.9122901629101
3010336,232.39666827984757
3010337,148.00259891020147
3010338,4020.835609414158
3010339,34.90640072999334
3010340,0.8931587654295208
3010341,17.22720086558217
3010342,30.99339605592953
3010343,0.08426366643837921
3010344,271.1359270971267
3010345,11.01953871686437
3010346,26.71465774174276
3010347,7.752542775571603
3010348,62.60960683392131
3010349,10.277208477809419
3010350,369.68044200249483
3010351,278.4091890093586
3010352,15.551063594543914
3010353,9.180920899180496
3010354,526.870587216569
3010355,96.25922323075875
3010356,3404.7779677938515
3010357,0.022148708146689983
3010358,14.417697526001415
3010359,2.290112592695058
3010360,0.08237079525634673
3010361,3.1196131518417554
3010362,1625.3931753751008
3010363,0.016556079561483656
3010364,339.0686943584419
3010365,3.104499821819201
3010366,391.58307008623433
3010367,494.32593530712074
3010368,121.40680753209037
3010369,95.44045234934086
3010370,50.87662228599356
3010371,1659.8871741672453
3010372,15.83143536038116
3010373,0.4673781633097064
3010374,9.124235890261387
3010375,13.13860586096897
3010376,0.08441896830660875
3010377,96.26749331443057
3010378,0.0
3010379,9.820184226627989
3010380,1.74283130831706
3010381,71.27162148319296
3010382,4.856233587370896
3010383,162.70280093543758
3010384,92.60490433431558
3010385,3.051834676809044
3010386,4.404671588580168
3010387,130.4901886414287
3010388,24.85680761807364
3010389,1325.0119765138534
3010390,0.49163542713152164
3010391,1.865813784733447
3010392,4.12326395764526
3010393,0.0
3010394,0.016470684428765075
3010395,1176.6312583978522
3010396,0.0
3010397,229.53393010332832
3010398,3.6748902692325256
3010399,500.880173508114
3010400,272.1909959353722
3010401,106.90333369007615
3010402,36.117462793733885
3010403,26.610504909649606
3010404,1857.1874884844888
3010405,19.644280522179873
3010406,0.49467420353588754
3010407,7.612562195837532
3010408,8.888763321940125
3010409,0.30107988890227194
3010410,127.9236735310138
3010411,0.2377594471383629
3010412,3.932043563745748
3010413,0.7245629453354688
3010414,12.412317407571603
3010415,0.33941031335622046
3010416,287.52656129044624
3010417,187.09462359381752
3010418,2.674028603076119
3010419,1.7068476134892065
3010420,158.7761037209084
3010421,19.578099952647513
3010422,493.0139449900913
3010423,0.4593780657319927
3010424,1.676076248355975
3010425,4.951007479783405
3010426,0.1762247021956861
3010427,4.715291340107711
3010428,3934.5650013488334
3010429,0.12181833132155247
3010430,834.742103259843
3010431,11.588045180574976
3010432,1106.4213337770173
3010433,1235.3578300652289
3010434,327.2986497745535
3010435,283.20437809415125
3010436,101.09712335574585
3010437,4680.347275321227
3010438,20.319283672690723
3010439,2.0044833488638263
3010440,17.11705274019615
3010441,22.685225591805676
3010442,0.4799465619880876
3010443,325.4009155215521
3010444,5.684714785688679
3010445,22.794570595636188
3010446,5.215005267362251
3010447,86.79694546198003
3010448,3.3964337648979015
3010449,344.57785463179465
3010450,303.8262785196748
3010451,8.953261298631922
3010452,8.084724320388796
3010453,489.29846927214334
3010454,85.84758807491066
3010455,3110.340469320625
3010456,1.1751239043509047
3010457,14.402999047060579
3010458,6.498101649613181
3010459,0.028371342540328852
3010460,2.111803385154873
3010461,3916.528898646812
3010462,0.0
3010463,863.1701962953568
3010464,11.246649432034857
3010465,1596.3105818912952
3010466,1023.9600312675352
3010467,385.28753994048895
3010468,353.49814353586237
3010469,57.45490326128649
3010470,5453.303324420296
3010471,8.514216455852477
3010472,0.6505654703730219
3010473,22.680274436660216
3010474,15.995722957779778
3010475,0.4176843945792779
3010476,286.8671293121598
3010477,0.0
3010478,3.0422167986772894
3010479,5.312353743965964
3010480,21.720475343589882
3010481,1.2256149927754894
3010482,178.76673316352307
3010483,323.829330132929
3010484,3.8927532794582724
3010485,3.683960408975901
3010486,225.33594029721633
3010487,84.2014589244663
3010488,1629.3698437560379
3010489,2.544221207299
3010490,2.3755697688857675
3010491,5.897795214128622
3010492,0.3177932659754948
3010493,1.6002446029938262
3010494,3495.5797541075754
3010495,0.0
3010496,818.1844129143788
3010497,7.0631628521759815
3010498,1055.6918749762735
3010499,822.1464032420334
3010500,254.12362740126107
3010501,464.89409590370065
3010502,51.147778623528296
3010503,4478.048737659479
3010504,12.543177520722733
3010505,0.845476151734337
3010506,17.548898794356848
3010507,12.12898347081956
3010508,0.14772083104410913
3010509,250.11967581998366
3010510,0.0
3010511,4.080558671356603
3010512,4.159289089324456
3010513,45.66863541319587
3010514,1.1172938250314688
3010515,127.47333154549177
3010516,294.8803190364254
3010517,5.459940406037443
3010518,3.886451888492145
3010519,212.35733625937763
3010520,67.84808105264804
3010521,1083.376509048176
3010522,1.8934623218979918
3010523,3.986527319316457
3010524,8.937332456348322
3010525,0.6526258657840978
3010526,13.008289800489612
3010527,8331.589313274666
3010528,0.1011284269351235
3010529,1182.1095918022086
3010530,32.16028965819503
3010531,2097.892223982447
3010532,1945.368651773051
3010533,326.3173696982042
3010534,498.3012111999635
3010535,325.15469744164625
3010536,7767.525908826601
3010537,82.97400765762575
3010538,2.1645097148740096
3010539,28.947794825640457
3010540,53.65786173502905
3010541,0.5879196356862872
3010542,564.1872660057403
3010543,34.907565303609
3010544,44.75973126592217
3010545,19.556852933224597
3010546,125.87033630011166
3010547,21.655799011487257
3010548,673.0876338378358
3010549,583.8248263316931
3010550,13.340647339308443
3010551,20.814689368426393
3010552,1153.336603869913
3010553,220.57895118248538
3010554,7870.434166020717
3010555,1.245709331885276
3010556,77.4933111234101
3010557,2.9671941559423836
3010558,0.25515045791085084
3010559,0.5283069221468937
3010560,1549.2745788731204
3010561,0.0
3010562,183.44288685738223
3010563,2.686998343817949
3010564,634.4105123467887
3010565,316.4728212811803
3010566,124.77081018090092
3010567,199.06493064537443
3010568,28.602318529104878
3010569,2255.7955347644797
3010570,3.7709933186541202
3010571,0.22788015320523783
3010572,12.098827503465415
3010573,11.365933196865809
3010574,0.28296182570436085
3010575,145.82699903862311
3010576,0.22394530654785716
3010577,0.0
3010578,3.019063911124676
3010579,19.32502144491106
3010580,0.8599252315649728
3010581,59.87543338600588
3010582,102.74895072679055
3010583,2.032906547717524
3010584,3.6209347437564623
3010585,91.34127614131103
3010586,19.119087778749094
3010587,511.89088454053456
3010588,0.055607342426182406
3010589,3.318800690886043
3010590,6.744636694663132
3010591,0.1152990640250564
3010592,1.8450337647150492
3010593,3305.69174999463
3010594,0.0
3010595,582.5914297308627
3010596,8.23426641962282
3010597,1295.897038960392
3010598,674.1956947702577
3010599,220.3052006459841
3010600,531.4836928589468
3010601,57.531862916522996
3010602,4646.116567078208
3010603,13.910755224101557
3010604,0.3142945122764138
3010605,14.4614395452084
3010606,19.22260436951903
3010607,0.13347582340527314
3010608,250.46298971251508
3010609,1.2482661155930066
3010610,3.1937976903788363
3010611,8.867625476959985
3010612,9.698528866442334
3010613,1.3584168870592
3010614,381.2327465608
3010615,260.87313840032425
3010616,3.401367737868303
3010617,6.241334091426395
3010618,129.17798587856464
3010619,58.91065705774854
3010620,1134.3847143001399
3010621,1.4557798522406409
3010622,3.601393211618353
3010623,1.332883237241768
3010624,0.0
3010625,0.49384600710323057
3010626,1094.1538202236818
3010627,0.0
3010628,161.59523519755476
3010629,1.5430754179399087
3010630,799.8283157264774
3010631,186.26701511068381
3010632,92.33295903140919
3010633,457.9680455297262
3010634,14.785889906161847
3010635,1798.030041300795
3010636,1.8699733075237486
3010637,0.2608487214594209
3010638,6.533225703364861
3010639,3.4510740146629195
3010640,0.021812129307619298
3010641,82.98424173737699
3010642,0.0
3010643,0.0
3010644,0.3947171347626881
3010645,11.860478079783283
3010646,0.31532247139161873
3010647,76.39061294072144
3010648,79.5318037964604
3010649,0.3877803379756367
3010650,1.241235179155586
3010651,68.48598828198672
3010652,9.99437612848519
3010653,205.96003615042295
3010654,0.026688437065420272
3010655,1.3395309700825813
3010656,5.501621817199794
3010657,0.0
3010658,0.9525547143110225
3010659,2320.182355273738
3010660,0.0
3010661,261.0728936795048
3010662,3.732593236883282
3010663,1027.0041484658364
3010664,410.450265736922
3010665,167.92332620185357
3010666,335.0752778747493
3010667,30.930206412968072
3010668,3141.3477079003756
3010669,2.6738108757033476
3010670,0.5374460442271409
3010671,17.569688677331726
3010672,14.246796989927741
3010673,0.1237936059926453
3010674,173.1217012524829
3010675,0.0
3010676,0.0
3010677,10.714324130055557
3010678,8.499279160233698
3010679,1.4021624486856554
3010680,208.58039009651424
3010681,203.35459120605555
3010682,1.064052511432978
3010683,4.336093452626813
3010684,169.73567611840974
3010685,21.54267617677407
3010686,1218.6971188498107
3010687,0.04523670020360325
3010688,0.6767605898899436
3010689,3.053777948920324
3010690,0.2778035332344671
3010691,1.6482665572641007
3010692,2366.9214663931953
3010693,0.0
3010694,648.1926864767496
3010695,5.553080970376274
3010696,933.9494273000892
3010697,647.5157954574291
3010698,237.61702354781784
3010699,157.8365004272959
3010700,48.546359877439585
3010701,3883.402525131593
3010702,5.7287157553237815
3010703,4.4518313944201235
3010704,16.021149011813435
3010705,36.05438701777179
3010706,0.2972783289226834
3010707,197.65189127193082
3010708,2.734017493193464
3010709,5.116460870461131
3010710,3.2895359304665908
3010711,14.75373286264238
3010712,2.000231356637258
3010713,174.27496507056293
3010714,271.73210554681464
3010715,3.397890710752874
3010716,5.822080371787518
3010717,147.17427318970135
3010718,30.468237141066446
3010719,625.2421456009951
3010720,2.623558330544408
3010721,2.7640678625376545
3010722,3.2883258329654934
3010723,0.01639314874851982
3010724,0.2365456221865747
3010725,1644.909934958388
3010726,0.0
3010727,95.29609830717365
3010728,2.266889021947109
3010729,538.2599683267065
3010730,177.1519050474196
3010731,90.85462891458553
3010732,243.96170954159658
3010733,25.767932399667924
3010734,2118.8189990463397
3010735,6.310732207756224
3010736,0.22445028039022802
3010737,6.938420992616532
3010738,8.553534086928309
3010739,0.12333386392544865
3010740,100.6471102275923
3010741,0.0
3010742,0.0
3010743,0.5818988837962646
3010744,17.892887581438604
3010745,0.49490169796161176
3010746,195.20414434276796
3010747,97.65442859226147
3010748,1.0088971404991929
3010749,0.8929850563533177
3010750,55.05900026318274
3010751,18.458700040201794
3010752,348.9079454522088
3010753,0.11019176850844146
3010754,0.3944727412690242
3010755,3.1888336144562333
3010756,0.033935738364424754
3010757,0.542015670185358
3010758,3259.8204213195
3010759,0.0
3010760,569.7271304038903
3010761,5.877368995655526
3010762,850.5299853462745
3010763,577.2775625363549
3010764,193.93855512367819
3010765,162.77491484968007
3010766,46.60567346189596
3010767,3853.6558942044812
3010768,4.844469521366248
3010769,0.30360423057357905
3010770,13.901109373113252
3010771,8.462604064048913
3010772,0.165080916568458
3010773,209.0161284972326
3010774,0.0
3010775,10.012809180417214
3010776,2.6023114792680544
3010777,16.8983778879878
3010778,0.48341586962832733
3010779,200.68226277041938
3010780,220.3831869037042
3010781,1.4636623250366292
3010782,3.8596960761643375
3010783,112.95659006874561
3010784,41.21958488066986
3010785,1104.2648834912427
3010786,0.39007283446755925
3010787,0.5812668421520502
3010788,3.1033152882416903
3010789,0.0
3010790,6.488073524251211
3010791,3524.405736801177
3010792,0.09365839438991204
3010793,609.4953265481494
3010794,6.954996140113666
3010795,1041.6169484351417
3010796,980.4021524700104
3010797,182.1957170948433
3010798,137.29117801971572
3010799,108.11910706708598
3010800,3816.2110994908608
3010801,68.26194023456057
3010802,1.437144923912857
3010803,17.99504750817518
3010804,27.08026506747848
3010805,0.30896904919097196
3010806,303.3699386766639
3010807,19.297859999301
3010808,21.53983614914042
3010809,1.2098816743181842
3010810,86.3859467896102
3010811,6.792922681913877
3010812,208.50870615804445
3010813,282.2503860688342
3010814,9.34585243707919
3010815,13.665909420408912
3010816,248.47394424822136
3010817,61.74875566404503
3010818,2522.6335214764413
3010819,0.16204087017551005
3010820,10.57420816481256
3010821,4.5245689485015514
3010822,0.0
3010823,6.071324997069661
3010824,2415.982512872185
3010825,0.0
3010826,506.08518325176397
3010827,9.28558765639067
3010828,1169.4433339617237
3010829,706.0188300816247
3010830,149.9721674926173
3010831,91.17864432492487
3010832,81.8041809659036
3010833,4027.849676177652
3010834,24.31598682835174
3010835,0.8909542017410903
3010836,27.54377869175854
3010837,43.16038535591065
3010838,0.02375621896044092
3010839,349.41903422973417
3010840,19.968507172370437
3010841,11.873496403412913
3010842,5.585134886150893
3010843,77.41713269353257
3010844,8.914435115611516
3010845,157.41773927451206
3010846,464.80753336576555
3010847,6.43533978182877
3010848,8.283113192515003
3010849,101.93488554163606
3010850,79.28712473103522
3010851,1869.6666674273265
3010852,0.09630675498731066
3010853,10.756090595429857
3010854,6.893213337780771
3010855,0.2694906326422528
3010856,2.120108902230558
3010857,4135.153643021484
3010858,0.0
3010859,736.779813653211
3010860,5.626805197437513
3010861,2280.7816719070165
3010862,697.3755664456255
3010863,199.40566008520443
3010864,1567.575789956743
3010865,53.89013846014608
3010866,6160.6179742108025
3010867,35.768029342473326
3010868,1.525011711224526
3010869,16.17582646945429
3010870,19.847134912616113
3010871,0.19178750031156688
3010872,307.83727295430566
3010873,4.208716180405219
3010874,10.746944487947433
3010875,7.5116691046359945
3010876,30.852172790445977
3010877,2.2047102770596263
3010878,169.4127141184061
3010879,314.61449624835603
3010880,5.597836626968426
3010881,8.732573029181609
3010882,238.39902664837126
3010883,55.37193692970343
3010884,1684.4262452289884
3010885,14.234518341800424
3010886,13.87052304788817
3010887,2.572614566405124
3010888,0.10512189578422615
3010889,5.544167231871521
3010890,2634.864613631037
3010891,0.03876733535321443
3010892,425.4373664674119
3010893,5.548835231959046
3010894,767.8235358710621
3010895,734.9755776093018
3010896,186.6365847258176
3010897,130.29043623873002
3010898,76.80245959932802
3010899,3139.8650117550546
3010900,21.499467706740656
3010901,1.5084548610000397
3010902,8.174201406895069
3010903,11.051937224032027
3010904,0.2332205200181847
3010905,261.71141608303924
3010906,16.8993795617037
3010907,15.142235433798332
3010908,1.0993642422409744
3010909,50.466908176874384
3010910,6.19471612376576
3010911,348.65025657125835
3010912,260.03901926703077
3010913,6.084656928488773
3010914,8.42198048343412
3010915,359.5841133849176
3010916,39.3851757964484
3010917,2102.02623429903
3010918,0.05531062154734857
3010919,21.449451975057922
3010920,3.3009511936939018
3010921,0.1623996721052741
3010922,1.3841447646144367
3010923,4249.576524886078
3010924,0.0
3010925,479.7494378391057
3010926,5.703247489433194
3010927,1754.743247429157
3010928,624.2822567062684
3010929,255.80643634234815
3010930,251.70768763005782
3010931,71.19976122229254
3010932,5708.139646018175
3010933,8.483774550969734
3010934,1.4660431957071323
3010935,25.287297206443792
3010936,18.419976914099802
3010937,0.23244144411132528
3010938,480.8606848873145
3010939,0.0
3010940,0.07494745342284445
3010941,5.134635382791038
3010942,16.98909421357245
3010943,1.0701091485033547
3010944,143.9198304284996
3010945,328.36563331604145
3010946,2.192323885813694
3010947,7.56216567815115
3010948,188.80451577384582
3010949,71.165476035827
3010950,1186.7025215486094
3010951,0.058319343335085205
3010952,6.330434969275988
3010953,5.11111236674509
3010954,0.02793429595952724
3010955,5.960242422771869
3010956,3014.585888976005
3010957,0.014572623673202487
3010958,567.6233419448341
3010959,6.362256347324335
3010960,1086.0958929851197
3010961,756.3790619481329
3010962,225.68861128588193
3010963,153.48354033912466
3010964,84.01273913903157
3010965,3776.940768457224
3010966,47.30863385992258
3010967,0.9640283409013712
3010968,15.381817674169254
3010969,23.343795489700646
3010970,0.19879662182225344
3010971,318.2256887834087
3010972,12.375429949207946
3010973,13.547425526075779
3010974,6.64024540560013
3010975,94.85841705230793
3010976,8.859278735847024
3010977,209.8046374912468
3010978,381.2852166780609
3010979,12.245697982314013
3010980,9.184575413174464
3010981,220.06809407404248
3010982,57.931531863450694
3010983,2151.360732679227
3010984,0.43509468012671665
3010985,6.1106739493912965
3010986,2.4403506308935
3010987,0.0
3010988,5.16740634794059
3010989,3022.716127603465
3010990,0.0
3010991,610.4521159967908
3010992,8.33583745713016
3010993,796.1992171011705
3010994,843.3213969068275
3010995,192.2567875850391
3010996,140.67208834294672
3010997,105.20550441303719
3010998,3366.7400498609218
3010999,33.568878620516145
3011000,0.8274643399607122
3011001,15.236216690098704
3011002,15.003611597904014
3011003,0.11511594935361316
3011004,264.11586225887754
3011005,15.709273185632249
3011006,30.138170370212332
3011007,5.310466401991609
3011008,50.416229033899164
3011009,9.03257981941205
3011010,228.34326926930464
3011011,275.365977821251
3011012,7.862197980879115
3011013,8.39941573310109
3011014,211.23048808676282
3011015,63.42484838357453
3011016,2422.515059917037
3011017,0.049519167651408354
3011018,12.267930285929982
3011019,3.700695663769233
3011020,0.08549309855246087
3011021,2.6512779651198928
3011022,6126.472118276375
3011023,0.0
3011024,702.5498130702339
3011025,10.104816308317874
3011026,1402.1511820065523
3011027,785.6169671214028
3011028,327.9436754478833
3011029,414.27271808176897
3011030,52.2026532385964
3011031,5589.47001193406
3011032,7.860895485271987
3011033,0.10638066158739604
3011034,11.76097580751143
3011035,14.8488930215968
3011036,0.1066204143157155
3011037,288.76419590648663
3011038,0.0
3011039,3.5496116979589236
3011040,0.6276800262237339
3011041,38.402248538552925
3011042,2.6321805538741856
3011043,240.66394237073422
3011044,350.6035107016906
3011045,3.125799910908518
3011046,2.975333203830623
3011047,198.17328964406948
3011048,144.99266966613047
3011049,1305.0283881254081
3011050,2.27778576298989
3011051,1.1592565575770015
3011052,11.858631657294548
3011053,0.0
3011054,15.387687646684794
3011055,10600.214748183556
3011056,0.01967788889981051
3011057,1608.7532346294522
3011058,25.47865102104705
3011059,2601.201767614807
3011060,2313.7587057291266
3011061,593.5152217496063
3011062,612.152875120616
3011063,383.6880019668978
3011064,9567.85938059967
3011065,104.60240809122665
3011066,5.875543043540768
3011067,72.01627615835721
3011068,112.22257081619357
3011069,0.4189846604346421
3011070,796.5485812843732
3011071,42.8900658531262
3011072,18.42026729860837
3011073,23.92338209491303
3011074,218.908390704251
3011075,21.707939055773153
3011076,814.1667113748749
3011077,677.9356744079404
3011078,30.96824099006083
3011079,35.23093831703258
3011080,1172.6057543636477
3011081,303.92693697049145
3011082,8807.899120393198
3011083,32.51123058755835
3011084,86.1777738687148
3011085,14.070393599597434
3011086,0.0
3011087,13.479535777594819
3011088,9388.411962944689
3011089,0.05478889461751676
3011090,1237.4762251250359
3011091,16.18414519341989
3011092,2818.3965885837906
3011093,2069.5580577287496
3011094,663.7246564691732
3011095,408.00678594194824
3011096,256.5330396424488
3011097,11416.751826827158
3011098,170.74237841415
3011099,1.8969950550366592
3011100,45.00346196052149
3011101,82.34550321504952
3011102,0.5824369272371074
3011103,795.0970254481339
3011104,24.63056951645383
3011105,21.140849611313214
3011106,40.65683751451239
3011107,129.18846285409214
3011108,14.641431596743278
3011109,1169.2403539348704
3011110,972.8036313381593
3011111,17.752329999309588
3011112,30.538954160587835
3011113,1194.655173871555
3011114,234.22241087053231
3011115,6210.991783753636
3011116,112.93394224909487
3011117,78.57436864006884
3011118,9.496529598620235
3011119,0.0
3011120,13.89609552945445
3011121,6491.831014302578
3011122,0.09398502637187495
3011123,967.7819117642613
3011124,11.478156419462868
3011125,2279.103188659667
3011126,1821.5789360905485
3011127,810.1698716477107
3011128,135.37173724099029
3011129,193.8662429276007
3011130,10090.364238897131
3011131,45.474164917379454
3011132,1.8349011436745943
3011133,20.930299174276588
3011134,25.47216801810262
3011135,0.5558068986751884
3011136,710.4119583519278
3011137,25.03179895549801
3011138,17.490710800581017
3011139,9.78935002759466
3011140,108.91989382186061
3011141,6.8776914557706235
3011142,1041.1479869368154
3011143,814.3474191454325
3011144,19.543438833108045
3011145,32.61017446138159
3011146,784.2768423202081
3011147,158.74366106609074
3011148,2764.560127985911
3011149,94.63295748876224
3011150,34.15408242056478
3011151,12.555295582369673
3011152,0.0
3011153,14.549345632989922
3011154,8489.8674435371
3011155,0.03129364635088069
3011156,1200.8070630174964
3011157,17.563038294218906
3011158,2574.3070215754205
3011159,1970.2247966692905
3011160,712.2306239060431
3011161,367.2599731013515
3011162,218.36992336618903
3011163,10501.541969552158
3011164,56.42638501133132
3011165,1.762406460671087
3011166,39.866444391308235
3011167,73.20924631889864
3011168,0.5045318737862234
3011169,756.0300181283699
3011170,35.91521184170989
3011171,15.697097735966523
3011172,24.526701318544454
3011173,129.90889589356937
3011174,8.969637748778887
3011175,821.1957259590422
3011176,796.7130687242742
3011177,21.97961702742596
3011178,25.4668965301512
3011179,1218.7554187962892
3011180,225.623482241138
3011181,5563.577940765836
3011182,41.17416762726927
3011183,68.64622789140465
3011184,10.02605987370018
3011185,0.0
3011186,15.784210289187804
3011187,5023.924586594875
3011188,0.0369504740577243
3011189,969.253999718449
3011190,12.069586646885492
3011191,2466.176769386403
3011192,1360.2352582766446
3011193,654.5456222560606
3011194,107.6597208607916
3011195,143.7461105625573
3011196,8409.746092575608
3011197,50.4240558748065
3011198,0.8498822373328528
3011199,22.944337830759466
3011200,35.14752552312612
3011201,0.543366516405118
3011202,802.0627048924855
3011203,35.521517005735106
3011204,7.835566049311241
3011205,7.804050676284647
3011206,80.14194841275926
3011207,4.431228516327049
3011208,960.2540939680356
3011209,934.4576688001766
3011210,15.250288994227265
3011211,22.397712052060882
3011212,847.0166133135314
3011213,96.42061380980513
3011214,1900.249042674218
3011215,51.1338052825049
3011216,19.72187265832099
3011217,10.336385063912223
3011218,0.0
3011219,8.733782564542302
3011220,7229.235711759941
3011221,0.0
3011222,1148.5172369058087
3011223,19.40807007761633
3011224,1902.6847965788784
3011225,2076.688926805341
3011226,452.4666664683661
3011227,483.96455826685894
3011228,271.99847460470994
3011229,8073.938171266425
3011230,68.66005797929728
3011231,2.387693296531937
3011232,31.173569039072646
3011233,73.95022115430122
3011234,0.29048370480156105
3011235,577.3217025257125
3011236,21.881521368983634
3011237,18.750310383559054
3011238,7.364472231657487
3011239,190.08026121403924
3011240,15.545003058250284
3011241,816.006694994358
3011242,578.0034174852717
3011243,18.435874879619675
3011244,28.741964051256822
3011245,1088.2295090694984
3011246,207.26407558448616
3011247,7810.195356910365
3011248,86.87933106740097
3011249,79.00311794399788
3011250,4.659757591498711
3011251,0.27144768315235795
3011252,5.321023294690447
3011253,2082.413751732399
3011254,0.0
3011255,362.01809274327127
3011256,17.373527374077035
3011257,1044.551760268945
3011258,582.3176275114147
3011259,231.46130509359477
3011260,84.49101445827637
3011261,77.70785506958156
3011262,3340.2204435695858
3011263,69.55447074896122
3011264,1.0391813763878226
3011265,18.22693902901709
3011266,23.6848211370593
3011267,0.42875161171994963
3011268,271.54684122876847
3011269,12.646565627081632
3011270,7.7443542863591155
3011271,11.158879753604335
3011272,39.25013794689934
3011273,5.120975717084216
3011274,272.2689151157621
3011275,275.8443591521664
3011276,3.5610026820090974
3011277,7.413162207490071
3011278,224.48800840726625
3011279,58.00534539601504
3011280,1499.9554950127351
3011281,0.6883447456025873
3011282,6.896677835902713
3011283,6.540604049676494
3011284,0.0
3011285,11.456008406453009
3011286,4559.127932578856
3011287,0.09601488343431122
3011288,637.4760073704256
3011289,22.579362732429402
3011290,2060.414181461716
3011291,1143.1568319116463
3011292,495.5909662167735
3011293,121.19817079648061
3011294,102.99818428600793
3011295,7148.955255972622
3011296,111.46699934306974
3011297,0.8537026955424477
3011298,29.213453922238653
3011299,38.18573230533908
3011300,0.3377951409164747
3011301,580.0869424031163
3011302,21.22946070580504
3011303,5.358603070872121
3011304,0.8154840986772368
3011305,96.38072439588603
3011306,5.808953981403855
3011307,596.6892462062115
3011308,662.0086136739972
3011309,10.516630697805097
3011310,22.509190968478425
3011311,419.614594953359
3011312,80.42243530617975
3011313,2088.5583193729963
3011314,65.86827945346897
3011315,15.195714130263589
3011316,6.0443984006343765
3011317,0.0
3011318,4.997487999169051
3011319,4923.759287489833
3011320,0.010476955524202981
3011321,955.9435418442574
3011322,5.916254086442385
3011323,1556.7326708314606
3011324,1625.0440907327247
3011325,285.91225092962713
3011326,356.47871205940686
3011327,217.81451551388744
3011328,5746.416685412889
3011329,34.66758883115083
3011330,1.3165091853996123
3011331,23.093785463602977
3011332,32.663304073263916
3011333,0.4012757833566315
3011334,462.99047526004335
3011335,1.9258763163014974
3011336,32.26679897146077
3011337,5.765474267071847
3011338,98.77807930730597
3011339,9.651798959717656
3011340,610.8017367532422
3011341,399.70129234310116
3011342,20.044398039484072
3011343,8.841414111955602
3011344,718.1386696021144
3011345,120.62804130840354
3011346,5163.121518885399
3011347,3.5361409642876818
3011348,38.67593681876011
3011349,8.610537091267952
3011350,0.0
3011351,7.716015396182128
3011352,4392.342647349225
3011353,0.0
3011354,839.6748404236731
3011355,9.351625834700215
3011356,1482.3873307698495
3011357,1126.623169842598
3011358,346.5998329016929
3011359,230.31564462632096
3011360,225.25758106363085
3011361,5645.925597250166
3011362,79.2442654097198
3011363,3.0899789789784102
3011364,31.96537259635393
3011365,35.10162275339071
3011366,0.4297527751476003
3011367,345.8397732626497
3011368,6.47829413282445
3011369,38.32061815186916
3011370,6.630348073852825
3011371,150.32731870361226
3011372,8.3239950195905
3011373,458.8324201997806
3011374,317.0713253648477
3011375,12.199904995107408
3011376,18.023661822925042
3011377,453.4508800741771
3011378,132.4285486411057
3011379,4317.765471559389
3011380,2.9968901880281145
3011381,6.309838254534015
3011382,7.4936584757142874
3011383,0.06279928737196246
3011384,5.0034969893351215
3011385,2510.5919258234007
3011386,0.0
3011387,474.8310289805959
3011388,5.1796524780952256
3011389,1070.0291378746747
3011390,528.3978171434819
3011391,213.58192499935834
3011392,86.25167460496067
3011393,71.40277648822924
3011394,3310.6978876797916
3011395,14.215305274674279
3011396,1.118142518259782
3011397,16.310275111604003
3011398,23.541131582756808
3011399,0.06731316951855172
3011400,237.5169983600205
3011401,3.005073742200509
3011402,9.104770831588505
3011403,4.273230628708476
3011404,48.27875801706622
3011405,3.485093409090129
3011406,222.54746966444193
3011407,220.9648634831363
3011408,5.419643404991987
3011409,5.276334743375738
3011410,166.806653005548
3011411,57.378773539665666
3011412,1837.00987143674
3011413,0.09926483043776176
3011414,2.3358207469922654
3011415,4.658516010161669
3011416,0.0
3011417,2.1266645145134957
3011418,3934.2161273831907
3011419,0.0
3011420,295.17597848865
3011421,2.131168356633722
3011422,1433.449748225893
3011423,260.51599882520367
3011424,244.5583209948667
3011425,73.47187229338262
3011426,23.14408108179925
3011427,4022.399085858514
3011428,5.919619152242953
3011429,0.537659459701695
3011430,16.274054960793638
3011431,11.494611604582753
3011432,0.08896725013591378
3011433,237.3338535655844
3011434,0.0
3011435,0.0
3011436,2.2899908123418764
3011437,9.326156195039932
3011438,0.8748191193666146
3011439,50.373588374746056
3011440,210.32710135483399
3011441,0.2969636056218328
3011442,2.068544461732432
3011443,68.02107568138159
3011444,94.08298143755586
3011445,643.1375533326677
3011446,0.043372540536563364
3011447,2.434493671929266
3011448,4.279526878009556
3011449,0.08997930909356538
3011450,6.5989901073570865
3011451,3742.3754513368935
3011452,0.0
3011453,565.5227791504726
3011454,5.763775798244711
3011455,1318.185721011726
3011456,950.1350202625953
3011457,354.24959412040295
3011458,174.03434243896234
3011459,127.75292966432607
3011460,5163.475212679401
3011461,33.06002661441177
3011462,0.9932553809528645
3011463,24.3731035739981
3011464,52.471248951768615
3011465,0.08393750640328061
3011466,491.2850856631957
3011467,18.33341474819503
3011468,12.803336914544854
3011469,12.634765436392474
3011470,42.953768508678536
3011471,6.18731099870649
3011472,444.4248657548718
3011473,352.4052983325506
3011474,7.6485391800075755
3011475,11.841450053269464
3011476,542.5293973883303
3011477,73.11830088691504
3011478,2531.2571557745305
3011479,0.0
3011480,30.60984550887585
3011481,4.343972425378375
3011482,0.11978729916243772
3011483,6.102668470242108
3011484,3845.454789018883
3011485,0.07063373326842695
3011486,708.6685990527772
3011487,14.700914317082225
3011488,1154.301392888793
3011489,1317.282286181211
3011490,183.14391640492454
3011491,311.01147159439324
3011492,198.94666513598773
3011493,4293.980154717966
3011494,40.955350218549924
3011495,2.2066963049619432
3011496,18.818705524850955
3011497,32.28053816152987
3011498,0.6495202177052752
3011499,294.67434741638056
3011500,13.559984775055627
3011501,32.092289796517925
3011502,4.211076672216873
3011503,118.03182503649599
3011504,9.451890314639531
3011505,518.4580837650758
3011506,280.8792226705072
3011507,6.084004929411371
3011508,13.721573757370864
3011509,689.1869932124628
3011510,135.13856640509314
3011511,5263.3996878331345
3011512,0.3318676415590861
3011513,39.77575249733496
3011514,3.9274295972288855
3011515,0.13819294636903373
3011516,10.725954429724624
3011517,4277.765519095529
3011518,0.02722811517179708
3011519,859.9060014778677
3011520,14.787425540865378
3011521,1188.4045910299835
3011522,1319.8799851091026
3011523,283.3974600573643
3011524,322.8283108678261
3011525,143.28455079916213
3011526,4784.385796823974
3011527,39.65308175565317
3011528,5.267840494407419
3011529,29.991859223094824
3011530,49.280787343822105
3011531,0.26468611180015694
3011532,361.33177903641206
3011533,23.44497537601132
3011534,25.780070963085947
3011535,24.736862194404125
3011536,112.17760574275749
3011537,16.190812243697412
3011538,437.5797349839162
3011539,352.2976767751388
3011540,15.923967039154636
3011541,16.38806545808485
3011542,627.7571698261428
3011543,131.82465534490902
3011544,4386.424721414312
3011545,0.30998349978641326
3011546,34.8309028618766
3011547,9.297300189518388
3011548,0.18294110323891802
3011549,5.633881250301423
3011550,3333.5873497493985
3011551,0.0
3011552,618.7526511119684
3011553,10.431105720276538
3011554,1674.949825214455
3011555,744.403686141995
3011556,524.9147976477105
3011557,279.0514122290337
3011558,75.85128883630323
3011559,6449.302053730527
3011560,12.527131514484122
3011561,0.919098684719199
3011562,32.92752691934757
3011563,36.91259386164555
3011564,0.13249135820307864
3011565,451.7166243191253
3011566,9.510901992320482
3011567,4.414072478300214
3011568,7.2059696806702895
3011569,32.80107387674278
3011570,2.515566368539961
3011571,354.80603479125597
3011572,413.3072026198057
3011573,7.625097494857524
3011574,6.314592848136554
3011575,362.74976981951954
3011576,82.30116408198526
3011577,1493.3203950567272
3011578,18.79368362872636
3011579,11.507050326339158
3011580,4.726019619706967
3011581,0.0
3011582,1.9439213053317055
3011583,2400.122570189982
3011584,0.1978970486981831
3011585,374.9507695105721
3011586,12.470186709889557
3011587,686.2557098916665
3011588,662.6371980897037
3011589,142.03908305190586
3011590,140.5702090256768
3011591,127.79266640573428
3011592,2578.6074504774606
3011593,24.843108647136173
3011594,1.5361993165819978
3011595,14.322762930589185
3011596,28.591562733571248
3011597,0.6338580577327
3011598,229.48608326727296
3011599,13.923109949464177
3011600,19.791772042351866
3011601,5.536778839409359
3011602,73.09019026024832
3011603,5.588399698335397
3011604,275.9844428794021
3011605,176.17637590983023
3011606,3.7994758607931356
3011607,13.435273589128839
3011608,349.74781374203826
3011609,61.28969027500685
3011610,2264.3054903380557
3011611,0.03287340678784881
3011612,21.469417088545725
3011613,0.9941323237465765
3011614,0.0
3011615,1.1882653405960686
3011616,1339.1881783059748
3011617,0.0
3011618,97.65200281783083
3011619,3.165494929619343
3011620,691.0000761759293
3011621,236.7647283147628
3011622,230.11127941093787
3011623,37.55078854768575
3011624,22.085110224155642
3011625,2495.5716766826636
3011626,5.174382077189237
3011627,0.2537752757200488
3011628,6.19285258806774
3011629,6.814979150198906
3011630,0.0635077016645534
3011631,143.15995876528189
3011632,1.4779400596573065
3011633,0.0
3011634,0.5999773980657733
3011635,7.425827864611412
3011636,0.4733517992674196
3011637,184.82929161274555
3011638,164.400722423061
3011639,0.8580270028305049
3011640,3.1229148875956905
3011641,151.88700561855242
3011642,20.795668014565088
3011643,356.1281369742544
3011644,8.864644483067467
3011645,0.8376170431863116
3011646,5.1097929739923185
3011647,0.2433903557557266
3011648,3.924848191970935
3011649,3974.7368297099338
3011650,0.0
3011651,669.6043383654542
3011652,9.78373155082156
3011653,1773.9582282290978
3011654,653.4687945818961
3011655,531.450188585396
3011656,475.70338651782043
3011657,74.88980615021536
3011658,6798.735557078564
3011659,34.18014049119283
3011660,0.6151718643632011
3011661,15.871399995846609
3011662,17.68585121727599
3011663,0.14831594809963755
3011664,443.9692140991526
3011665,13.80855799925873
3011666,2.19894708144578
3011667,6.976634067989615
3011668,27.39485728583625
3011669,2.218590212065963
3011670,653.3881988591596
3011671,370.51250824347863
3011672,2.017922778124323
3011673,13.317399092064361
3011674,501.7888990462019
3011675,96.5944306590689
3011676,2390.03938447705
3011677,8.671092723796937
3011678,6.101563993872328
3011679,3.903907725050047
3011680,0.05631352967437016
3011681,0.09650424297397107
3011682,1504.6152610288914
3011683,0.0
3011684,177.28959874923822
3011685,6.779430249642519
3011686,1261.1986185406581
3011687,339.9771121721356
3011688,196.6293420890011
3011689,46.06460393426921
3011690,31.490744519038348
3011691,2828.0167309884955
3011692,9.984033450820228
3011693,0.41158387239690886
3011694,11.686506534807512
3011695,12.609585099023366
3011696,0.25673819748852794
3011697,158.24644240348354
3011698,5.266254431881973
3011699,0.0
3011700,7.545991060358114
3011701,30.106087643049463
3011702,1.0910207179596405
3011703,216.61175226280645
3011704,169.53734102336335
3011705,0.8362788704320172
3011706,4.832549537046056
3011707,170.16621802759164
3011708,30.777284802827452
3011709,436.14812999554573
3011710,15.25459394791176
3011711,3.6463334131571528
3011712,3.2010779652577206
3011713,0.0
3011714,3.060922046027079
3011715,1404.0357910232103
3011716,0.0
3011717,141.88893371958625
3011718,5.010802321793263
3011719,816.4696886030102
3011720,245.53561888092884
3011721,184.7855605982219
3011722,39.78629153698424
3011723,27.40178382145432
3011724,2615.118074014531
3011725,10.50347863263534
3011726,0.08363454925508138
3011727,14.64327433120419
3011728,6.121597462387475
3011729,0.059773898889931516
3011730,134.13497813140611
3011731,1.4299672550008717
3011732,0.0
3011733,2.309223646512768
3011734,24.652793779683474
3011735,0.8301159741755786
3011736,196.78527349536938
3011737,168.71893768733582
3011738,0.3983122698637175
3011739,3.36168687952099
3011740,99.57153880236109
3011741,18.253742537523845
3011742,241.79291403639428
3011743,20.657179655554447
3011744,1.847874585823079
3011745,2.8179631983808457
3011746,0.0
3011747,1.4353670228933881
3011748,1419.1064331298169
3011749,0.0
3011750,190.03504816278848
3011751,5.4725189648698205
3011752,1375.8456314899245
3011753,340.9473917762073
3011754,250.78339422037078
3011755,31.37395290810579
3011756,34.49880737983206
3011757,2948.0352209517887
3011758,13.378641954483973
3011759,0.2880522685080727
3011760,8.502130962771671
3011761,15.274095435403515
3011762,0.1479334413318609
3011763,183.85046556523696
3011764,1.0271193526812747
3011765,0.0
3011766,2.052619738277739
3011767,17.16412942168262
3011768,1.4863767943267137
3011769,250.91282923513032
3011770,239.9237616006269
3011771,1.1530661614540085
3011772,3.9320673509770843
3011773,79.13604812448
3011774,79.3022024779159
3011775,548.4035345431241
3011776,14.309115652411764
3011777,2.2183095892670406
3011778,2.3453891193213314
3011779,0.45468858043806937
3011780,2.81310299022191
3011781,1753.1327994546002
3011782,0.0
3011783,170.6746230827701
3011784,1.6255895445981963
3011785,885.1074564994165
3011786,338.82707179791464
3011787,257.8698558532157
3011788,88.15043560119541
3011789,70.2440654492465
3011790,2856.8368917196754
3011791,9.678879705325956
3011792,0.5977872029585231
3011793,12.974876569069727
3011794,18.529320799725895
3011795,0.20429414555953251
3011796,219.7053420168232
3011797,6.702745218855723
3011798,0.0
3011799,2.129199450393386
3011800,14.209518957705614
3011801,1.2839202527628668
3011802,135.12418244609546
3011803,197.1454028079587
3011804,0.7764838716220974
3011805,4.8089494239556405
3011806,113.3836152756395
3011807,50.538336917252735
3011808,986.9423110968177
3011809,33.459526554612644
3011810,4.982642686664093
3011811,3.319284741158617
3011812,0.06648328689043427
3011813,0.31097109506643683
3011814,1323.2610017659622
3011815,0.0
3011816,163.36919277729493
3011817,3.8506697309349063
3011818,715.7651200507657
3011819,223.94217524842955
3011820,156.3638192482084
3011821,118.31831217775279
3011822,22.686556719482102
3011823,2061.422794241792
3011824,3.6769273974069643
3011825,0.2164875359401231
3011826,5.310546123618072
3011827,8.339235717669101
3011828,0.05964469187564392
3011829,136.23363790151154
3011830,0.0
3011831,0.0
3011832,1.503409043524932
3011833,14.530395207246901
3011834,0.7258185037616964
3011835,55.54272073502244
3011836,141.744460800298
3011837,0.7567446376941473
3011838,2.293422194623742
3011839,65.74138507497204
3011840,35.88073766135769
3011841,937.1895558727996
3011842,0.0191630678233924
3011843,0.6752582407310704
3011844,6.5946950077018105
3011845,0.595140990733242
3011846,2.274333601777684
3011847,3240.4468772073947
3011848,0.0
3011849,320.810841257132
3011850,3.7099054591625826
3011851,1208.383799559369
3011852,646.7222269557035
3011853,474.9583409433934
3011854,170.0634945281847
3011855,76.2144228817854
3011856,4915.126545543369
3011857,18.577056331179318
3011858,0.8486595586873249
3011859,16.892697787852878
3011860,23.175076566857207
3011861,0.30226596662807304
3011862,261.10278541276233
3011863,1.1332176021910507
3011864,0.0
3011865,6.047687603437789
3011866,19.409774385903656
3011867,2.1409269489623113
3011868,304.1561529299156
3011869,250.8097050779779
3011870,1.9003312589249357
3011871,6.96473126549692
3011872,407.98234677240146
3011873,51.43827079630974
3011874,2275.8677662460072
3011875,32.2811726107644
3011876,11.236760108239675
3011877,2.5571454782481937
3011878,0.04852738373531769
3011879,3.3317001044116616
3011880,2408.37973029592
3011881,0.0
3011882,535.4231663549006
3011883,5.566048399391056
3011884,576.7464971694103
3011885,640.2294089309546
3011886,222.04614172937144
3011887,176.30053875952905
3011888,47.532056323285765
3011889,3027.651379141034
3011890,8.949681571612038
3011891,0.6567815311306339
3011892,13.154236278320166
3011893,13.126955933715548
3011894,0.3053658502192813
3011895,181.5060535514668
3011896,6.6897586142798025
3011897,5.02946764039466
3011898,6.366829682601094
3011899,39.70810291788878
3011900,1.7405535564786727
3011901,112.4517218942433
3011902,151.07532191485066
3011903,3.4810428670719
3011904,5.687225971993652
3011905,208.6772265708821
3011906,60.61463327452726
3011907,3001.817603087119
3011908,16.40615379769042
3011909,10.207437260618427
3011910,4.323574194389135
3011911,0.38667021652702444
3011912,3.182860461372442
3011913,2411.006626583416
3011914,0.0
3011915,185.51295043161684
3011916,5.6012314114350055
3011917,807.6650124610715
3011918,317.05895233066576
3011919,268.26949700887457
3011920,50.74372892265799
3011921,36.9145933597304
3011922,3017.759743623361
3011923,60.5852353538405
3011924,0.5394691161177528
3011925,10.39982673010664
3011926,14.287650765030078
3011927,0.09466347305259354
3011928,150.53954541692082
3011929,6.073770794023656
3011930,0.0
3011931,3.035424618349384
3011932,35.62027296093236
3011933,1.7885178358447464
3011934,171.58787796440484
3011935,155.53147176343032
3011936,0.9040549630071967
3011937,4.245941456306868
3011938,113.75511659244482
3011939,26.3429258106473
3011940,589.8851571424186
3011941,28.066161105259113
3011942,2.7983690196151896
3011943,4.7710853577492
3011944,0.038605783904729074
3011945,8.270364659908902
3011946,2757.2896339558265
3011947,0.0
3011948,601.379877986996
3011949,8.08820662258869
3011950,807.642540768549
3011951,764.1488487430065
3011952,190.03834934872359
3011953,149.64283419487873
3011954,82.05896640017032
3011955,3623.9043564439744
3011956,47.49599010414255
3011957,0.835595707705437
3011958,15.001153743115275
3011959,23.110379810259133
3011960,0.3522681498126935
3011961,250.3587763369511
3011962,20.88996442385406
3011963,11.720393541455635
3011964,4.3582311065834265
3011965,57.66470144156991
3011966,6.753074297493309
3011967,429.745460337534
3011968,247.86787795610883
3011969,7.016230898378195
3011970,8.102620232895838
3011971,421.48934909318865
3011972,87.77868441879764
3011973,2122.671938784316
3011974,0.02667161434464335
3011975,25.957862458512466
3011976,6.642526362040857
3011977,0.039968078574770735
3011978,3.490400787868446
3011979,3094.6636801281825
3011980,0.0
3011981,478.8977043489144
3011982,5.7538003059580465
3011983,1871.5265959701483
3011984,579.604933403014
3011985,528.1292356411593
3011986,98.77743637482811
3011987,66.04223224444868
3011988,4088.19438362247
3011989,11.645763116908196
3011990,0.3913461184442873
3011991,14.066237939088595
3011992,13.517643708862092
3011993,0.040139763847906254
3011994,245.15028081239063
3011995,1.671268770397293
3011996,11.80399234274321
3011997,4.890973380060482
3011998,27.435534061648976
3011999,0.7769326690821985
3012000,258.6374909609963
3012001,276.89385229466404
3012002,3.212552964881678
3012003,3.9167598637709724
3012004,270.8626177299172
3012005,55.33011340280221
3012006,1459.8908697925983
3012007,11.105636718485004
3012008,7.150198691842151
3012009,8.397577841374469
3012010,0.27207921017042136
3012011,2.8111069393308727
3012012,2539.410267786495
3012013,0.0
3012014,441.2612991199619
3012015,4.294001192078971
3012016,1653.3090805977595
3012017,563.3626295764286
3012018,316.30796499929625
3012019,188.37353645142704
3012020,59.917535397453534
3012021,3927.4200613398593
3012022,14.695503236904885
3012023,0.37613280909249924
3012024,26.2512452936347
3012025,30.05918329034309
3012026,0.1929952126193472
3012027,268.50866350035386
3012028,1.590551222115236
3012029,3.528307371307915
3012030,10.214806546030538
3012031,63.590413053341415
3012032,1.2872460909605645
3012033,124.80964011474146
3012034,247.40191075182264
3012035,1.6092333170630237
3012036,6.413842996579138
3012037,173.9591855032599
3012038,138.4734827479448
3012039,2413.006633394284
3012040,0.6327677317425296
3012041,6.520356977790288
3012042,4.2151657888482355
3012043,0.15251135691748585
3012044,0.8710509363526857
3012045,1755.0968182765137
3012046,0.0
3012047,145.41665200011767
3012048,6.742049551269355
3012049,651.006723583515
3012050,285.7548984851548
3012051,147.20398459325352
3012052,48.488322041093824
3012053,36.35206316863871
3012054,2750.1420910999987
3012055,13.033582632665448
3012056,0.3452933477610307
3012057,15.826167578762508
3012058,16.038987869428617
3012059,0.13320277871431244
3012060,150.83440270042556
3012061,1.0804992191035623
3012062,0.0
3012063,3.8855418735449994
3012064,48.6760056677269
3012065,1.891586885164158
3012066,104.0850200144612
3012067,151.32687891786702
3012068,0.9912301229599421
3012069,4.441036260264326
3012070,120.79821226860604
3012071,30.3717183412528
3012072,618.679481180333
3012073,17.783687674653862
3012074,1.9498759757032302
3012075,1.1924617186551973
3012076,0.0
3012077,1.5909187530935858
3012078,1369.1316942113474
3012079,0.011721399192050862
3012080,274.27254833786867
3012081,11.785194811118917
3012082,490.25070245849673
3012083,475.19353711968614
3012084,122.45676425203936
3012085,49.484021486461614
3012086,46.98346022364552
3012087,2096.590456732525
3012088,22.30211362584149
3012089,0.33552757667157573
3012090,9.399536263720705
3012091,10.229443428370853
3012092,0.0955309800729933
3012093,118.64550170695878
3012094,9.631975696799222
3012095,1.954833986989693
3012096,4.591240593679783
3012097,45.23812073880143
3012098,4.616789819207015
3012099,557.6093365637269
3012100,140.69972605366866
3012101,2.846194978018723
3012102,3.6168112346399566
3012103,334.68294963224366
3012104,28.929954917316838
3012105,1123.9198913473017
3012106,0.0
3012107,7.0230261271777294
3012108,2.6505050363032323
3012109,0.15281529297272103
3012110,5.343492899224354
3012111,3531.825771990778
3012112,0.05373072340572797
3012113,742.8087455699161
3012114,15.975161062629555
3012115,1071.023477048288
3012116,1169.7783233334592
3012117,251.68308810893348
3012118,217.41539087781877
3012119,150.51106508784113
3012120,4059.2857493464016
3012121,33.377347518561024
3012122,0.8875280240237724
3012123,17.4633764441301
3012124,34.10823167596507
3012125,0.10276684129721843
3012126,260.6732973131589
3012127,10.687912908363849
3012128,30.362923531150457
3012129,7.435812518410847
3012130,74.37248995228182
3012131,11.235341924924796
3012132,380.5372392396225
3012133,291.54515583861456
3012134,13.995606441876946
3012135,8.935044197974186
3012136,511.8894995677813
3012137,92.95706502491788
3012138,3181.0697432831716
3012139,0.01948397403531374
3012140,15.940087699856416
3012141,2.1392152147463723
3012142,0.10172062409540567
3012143,2.830343945783217
3012144,1623.58732371098
3012145,0.016882800440049636
3012146,276.87574031547945
3012147,3.2587105363391555
3012148,323.5354265621226
3012149,470.45384460249124
3012150,141.82015892672538
3012151,99.21107794488586
3012152,50.789961252251466
3012153,1759.4048267405806
3012154,14.965177741554484
3012155,0.4995001263834501
3012156,9.997090413387452
3012157,14.740336762541698
3012158,0.07832031883315838
3012159,95.6323069973073
3012160,0.0
3012161,14.382870083167298
3012162,1.7741732175876161
3012163,121.84174989605572
3012164,4.9221625734325
3012165,170.39176736924003
3012166,113.6722897901102
3012167,2.7141683319139647
3012168,3.5060279038321327
3012169,143.64860263823016
3012170,26.703625404060013
3012171,1088.0679915389596
3012172,0.6661035782793923
3012173,1.7297079864072014
3012174,3.7481994036005
3012175,0.0
3012176,0.09405456358313273
3012177,1233.8777570102375
3012178,0.0
3012179,233.40187547670266
3012180,4.164178648772421
3012181,384.107476059599
3012182,237.47234618956944
3012183,71.33652806192346
3012184,31.133034461347695
3012185,24.604314752938315
3012186,1611.3511301029346
3012187,17.567376236399838
3012188,0.5226679584324967
3012189,7.139637179497012
3012190,11.149591216229194
3012191,0.22927884961853248
3012192,90.42892885622764
3012193,0.13652810168611904
3012194,3.4725590941316593
3012195,0.49384034229143114
3012196,18.51287488098907
3012197,0.30430961056457906
3012198,272.74484416444517
3012199,152.55186008984623
3012200,2.039543965410932
3012201,1.2531740696889229
3012202,134.84808217770842
3012203,17.26055982897449
3012204,421.8944036186546
3012205,0.35313599253954786
3012206,1.1082739593215356
3012207,4.888196080719372
3012208,0.1483323206282207
3012209,1.29234220174672
3012210,3012.35493134317
3012211,0.12136431223965888
3012212,653.0056274850601
3012213,11.995840127583264
3012214,857.2492387420378
3012215,948.168784397411
3012216,282.8759913849931
3012217,229.89105357886004
3012218,77.38931246637577
3012219,3996.5678680397045
3012220,18.482393769398293
3012221,1.6507386275422342
3012222,15.012006533504755
3012223,23.5721617366908
3012224,0.3250459639377486
3012225,275.2831546904884
3012226,3.2196290235986047
3012227,23.63386675723008
3012228,4.306230611380017
3012229,71.94119310954437
3012230,3.089013596001083
3012231,273.6503525692998
3012232,248.53780283016178
3012233,7.106264233538499
3012234,6.999793151821854
3012235,379.3292780540586
3012236,69.82178614068411
3012237,2335.563272435177
3012238,0.8129443793026958
3012239,11.941475544114518
3012240,6.318412273770204
3012241,0.034029856515183
3012242,2.9196213686416654
3012243,3483.120849005101
3012244,0.0
3012245,689.0960113222145
3012246,12.302477715029404
3012247,1268.3861334249384
3012248,1015.6465280260047
3012249,361.3794746057837
3012250,295.8976535525238
3012251,61.87465083066448
3012252,4465.522697827348
3012253,10.27521379707595
3012254,0.6495491428237352
3012255,25.53542019232994
3012256,15.660265836683617
3012257,0.30154974388122097
3012258,260.077808006051
3012259,0.0
3012260,3.30905461156214
3012261,4.661275482487851
3012262,30.971319719274955
3012263,1.3638582318734889
3012264,207.43909191457732
3012265,338.30095100512347
3012266,3.7331230986553456
3012267,3.499251957144436
3012268,224.313462548069
3012269,76.24619805098914
3012270,2800.600926115134
3012271,2.409858752113649
3012272,2.4326493308483172
3012273,5.318325978682511
3012274,0.37467232125641065
3012275,2.240716636413484
3012276,2955.785633791168
3012277,0.0
3012278,639.9131279462586
3012279,11.097209122824545
3012280,923.8301446316405
3012281,704.7369701123218
3012282,252.17942701205413
3012283,193.57151407044307
3012284,59.90222193842966
3012285,3923.0299922842396
3012286,13.807663712646312
3012287,0.8981900305434793
3012288,17.646868161623345
3012289,13.62421875650167
3012290,0.14303627166485666
3012291,229.49378419113478
3012292,0.0
3012293,6.343318553417308
3012294,3.4752952820008565
3012295,37.09265895300794
3012296,1.114802295735048
3012297,134.13081517951105
3012298,278.6257563266041
3012299,5.008910181385269
3012300,3.2884544665608373
3012301,225.18162061401136
3012302,60.27159408938783
3012303,2209.963578890854
3012304,1.8373584976360142
3012305,4.10302438692743
3012306,9.85588240248554
3012307,0.627964592800803
3012308,13.299703058496588
3012309,7004.875695478719
3012310,0.09666856664896131
3012311,1072.040189064507
3012312,37.59214970542195
3012313,1767.8626820933148
3012314,1839.1785833650308
3012315,307.5084154689918
3012316,425.97653579306666
3012317,277.62947382867867
3012318,6872.922346006485
3012319,80.60742800988376
3012320,2.4843364340691214
3012321,33.796739419771356
3012322,52.0773959409024
3012323,0.49851942940741634
3012324,550.2069485107775
3012325,30.292233462174742
3012326,50.21672397077582
3012327,22.65522563645837
3012328,144.03926363144487
3012329,19.63793894586733
3012330,603.4412684409965
3012331,507.404623916457
3012332,15.310058655339875
3012333,18.238562180352286
3012334,950.87696895769
3012335,240.53097223308097
3012336,6238.598893118446
3012337,1.080987622419484
3012338,73.57130758165378
3012339,3.4211720040354168
3012340,0.3522504763088653
3012341,0.44833047803512205
3012342,1664.9769946988488
3012343,0.0
3012344,194.26069471741437
3012345,2.646436572462363
3012346,670.4879505224905
3012347,302.58681992207437
3012348,121.3757486137052
3012349,117.51772661567165
3012350,41.90170319037534
3012351,2430.1335450882307
3012352,3.805079073778219
3012353,0.2257519961083917
3012354,12.335028627824636
3012355,11.461774505455798
3012356,0.28527716511897794
3012357,291.0558309608519
3012358,0.22214408957791532
3012359,0.0
3012360,3.01321355012167
3012361,16.944465273986253
3012362,0.7349871700952614
3012363,81.09751428640554
3012364,96.53574615145575
3012365,1.7565001263664572
3012366,3.9684014522104145
3012367,117.33559943298283
3012368,20.121848674516755
3012369,1194.55825855326
3012370,0.05648657295899477
3012371,2.862740467453966
3012372,6.916945462988291
3012373,0.18584863489873427
3012374,1.7619493672456468
3012375,3995.6449486981687
3012376,0.0
3012377,620.2543368551757
3012378,7.838552209310421
3012379,1436.9311615681154
3012380,654.9431220325766
3012381,228.88285126859452
3012382,328.69774993249024
3012383,74.23761739594477
3012384,4757.7564618579745
3012385,13.825890386661852
3012386,0.27513533727999506
3012387,18.645161893790487
3012388,19.800395172582114
3012389,0.1293272490151643
3012390,240.16299153629092
3012391,1.1611730537150962
3012392,4.959019824989352
3012393,9.744727792445733
3012394,14.02881151831168
3012395,1.4692141834818935
3012396,326.9160136134179
3012397,266.69691176962
3012398,3.178709811616187
3012399,6.942824272256521
3012400,155.08566522619785
3012401,51.163341179412654
3012402,2865.215161009637
3012403,1.3937380955997654
3012404,3.858013913910929
3012405,1.2090517143782542
3012406,0.0
3012407,0.41015292037840906
3012408,962.0729707567457
3012409,0.0
3012410,119.62105048731588
3012411,1.6780487442174685
3012412,621.850268478791
3012413,150.8277847353654
3012414,95.31433959548576
3012415,162.47227242452882
3012416,13.19709065456371
3012417,1676.8752648953907
3012418,2.09931975770186
3012419,0.19345213698155225
3012420,6.715008085902749
3012421,3.4878648656696347
3012422,0.01999067820451035
3012423,82.9860819213125
3012424,0.0
3012425,0.0
3012426,0.34362295177146995
3012427,7.126457107601556
3012428,0.3139672480861948
3012429,66.64004281142931
3012430,67.04410901835361
3012431,0.37244919631306517
3012432,1.2131786721463884
3012433,54.94044254802731
3012434,9.495555724915771
3012435,343.4813313355978
3012436,0.02319542116722226
3012437,0.9117354786929182
3012438,7.364160671747328
3012439,0.0
3012440,0.7551979245931977
3012441,2018.2591143584436
3012442,0.0
3012443,249.15644738750478
3012444,6.657561019603115
3012445,1034.4937905229663
3012446,322.8286251603448
3012447,179.36866379299275
3012448,94.06350975914185
3012449,46.225503276977804
3012450,2989.1245856522555
3012451,2.7104886781312976
3012452,0.48726379679116183
3012453,18.09944383291991
3012454,10.759036386334706
3012455,0.0903853367158597
3012456,164.05161177020605
3012457,0.0
3012458,0.0
3012459,11.309811793110129
3012460,10.05150922630617
3012461,1.2589955020067336
3012462,233.31345576751482
3012463,187.31092048791393
3012464,0.9279256192543982
3012465,3.6532452886138023
3012466,172.47082823047907
3012467,19.967107581059572
3012468,2063.0151100466264
3012469,0.02501757146367376
3012470,0.7283047318005149
3012471,2.919968437032916
3012472,0.21140703576978942
3012473,1.966164849115156
3012474,2080.3283381403153
3012475,0.0
3012476,630.3226103178351
3012477,5.564669952824837
3012478,748.0351286725183
3012479,535.1558200997218
3012480,199.95777467468665
3012481,107.84568597274071
3012482,46.95413101864327
3012483,3499.3599910174958
3012484,5.49243988557955
3012485,4.472201225546912
3012486,20.046124262614185
3012487,38.161548805720045
3012488,0.19710037797135974
3012489,183.75004098837084
3012490,2.127324387855323
3012491,6.674377577900529
3012492,2.68917243862954
3012493,20.737123370498416
3012494,1.7677598709769844
3012495,171.77884739515065
3012496,241.57406742813794
3012497,2.591909415012531
3012498,5.065210850303331
3012499,143.67691196162332
3012500,32.49563812033219
3012501,952.1827895296437
3012502,2.325722005970032
3012503,2.4876937569320967
3012504,2.7218491214460054
3012505,0.010001898345348495
3012506,0.24616030328290806
3012507,1186.0394712076863
3012508,0.0
3012509,100.31776930183715
3012510,2.1366931141414387
3012511,342.7087804242329
3012512,149.26900043197776
3012513,70.04025310348386
3012514,72.60912135693613
3012515,24.239368017165166
3012516,1830.411376741013
3012517,5.525803400415235
3012518,0.2121902780997746
3012519,6.0323851647117515
3012520,7.6543537849523196
3012521,0.06427697753111501
3012522,107.17275445781827
3012523,0.0
3012524,0.0
3012525,0.3696825119791588
3012526,12.367118176766617
3012527,0.5631953960865934
3012528,183.8140827082326
3012529,96.58976007250457
3012530,0.8099689101138847
3012531,0.7307883452471502
3012532,52.5701947203804
3012533,16.131738378844148
3012534,585.1447352669586
3012535,0.10591270977037745
3012536,0.34904453273690605
3012537,3.51234867038539
3012538,0.0416587209206847
3012539,0.6208374358737235
3012540,3059.099431425769
3012541,0.0
3012542,514.9069313162038
3012543,5.184376756512236
3012544,848.6562026536203
3012545,614.5321464225201
3012546,196.57100600995417
3012547,127.4504665771348
3012548,57.98733891126018
3012549,3803.800695271452
3012550,7.932639406806459
3012551,0.25707368966045424
3012552,10.944833574751142
3012553,10.445375434410739
3012554,0.24886852115848657
3012555,177.80545083552195
3012556,0.0
3012557,18.324699819103913
3012558,1.6829179925006783
3012559,33.60705396751394
3012560,0.5166130760512233
3012561,215.72718864830958
3012562,184.48472960300845
3012563,1.5119615398744628
3012564,3.406409277773844
3012565,126.55507271602643
3012566,40.637430977460745
3012567,2543.862105446747
3012568,0.5446107309196051
3012569,0.6307817768650514
3012570,3.9310644587583243
3012571,0.0
3012572,4.659867716066477
3012573,3132.223542874568
3012574,0.0938750979643852
3012575,580.1208762382756
3012576,8.497382272474445
3012577,1079.1388641665244
3012578,831.1434875335668
3012579,170.40775026867675
3012580,129.01538707840575
3012581,120.9704252824617
3012582,4186.661274317425
3012583,67.48183982437449
3012584,1.4278305122994306
3012585,24.178859464179446
3012586,27.057832530681306
3012587,0.4000680346104395
3012588,296.30382387953495
3012589,19.09667203995147
3012590,21.26325162759258
3012591,1.0378874892818224
3012592,118.21339737153404
3012593,7.788637155999483
3012594,241.15860205506823
3012595,281.7041748472861
3012596,7.786216340648905
3012597,11.731492214456766
3012598,252.57294012102778
3012599,69.10789376931527
3012600,2370.421294239492
3012601,0.1322921456321984
3012602,10.051052664601084
3012603,4.657628781059423
3012604,0.0
3012605,8.517972579166026
3012606,2198.443676157026
3012607,0.0
3012608,378.3116187496911
3012609,9.938695525049177
3012610,1075.777458836555
3012611,671.446927814078
3012612,139.8559683079451
3012613,82.8859026183498
3012614,81.4370196894281
3012615,3496.3130106387916
3012616,29.03640810989318
3012617,1.1375429748059696
3012618,24.95926048690784
3012619,51.04400683641789
3012620,0.037442616056914575
3012621,281.5839686961434
3012622,15.074266897251704
3012623,13.50447106654634
3012624,5.854125896366993
3012625,75.61287940330432
3012626,8.923411933650303
3012627,127.5696366540765
3012628,365.6550289374863
3012629,6.133656277866351
3012630,8.661959492673049
3012631,104.74039881741649
3012632,74.1569423381787
3012633,1621.7320508592295
3012634,0.07566859479819912
3012635,11.232491413649605
3012636,6.587785525343612
3012637,0.251866611739819
3012638,1.1434550293879415
3012639,4242.04032201295
3012640,0.0
3012641,657.8241283358957
3012642,5.921948257526456
3012643,2147.62497201613
3012644,644.1981006163921
3012645,208.00602788744044
3012646,277.44497087051184
3012647,65.0136637613111
3012648,5499.670505442244
3012649,29.560535714299963
3012650,1.3626930776784467
3012651,16.81302460411
3012652,18.24170098209454
3012653,0.15193772403619735
3012654,350.2856990623435
3012655,3.8959780785557294
3012656,14.063184909420805
3012657,3.859351868788042
3012658,30.993464749890375
3012659,1.938048448645286
3012660,167.4454510051221
3012661,303.25700805190826
3012662,6.472327964814005
3012663,8.176268771368791
3012664,194.7939099409985
3012665,53.50826649195963
3012666,2844.485692445796
3012667,13.02926590379694
3012668,13.423140157737098
3012669,2.553979470977187
3012670,0.10513469188609659
3012671,3.387565562715686
3012672,2503.770284304308
3012673,0.040830698183016295
3012674,356.53462881225545
3012675,6.435289696601332
3012676,744.8519762072347
3012677,669.161114128608
3012678,181.83500196505105
3012679,126.36593455800599
3012680,71.21281463782799
3012681,3271.56025552932
3012682,23.789279153368586
3012683,1.3160005405372726
3012684,9.029682700923107
3012685,11.678567564256188
3012686,0.20316363474031407
3012687,255.8472297742115
3012688,16.805451058602113
3012689,14.753861983885997
3012690,0.982644220017858
3012691,59.456096644674
3012692,5.282669489702509
3012693,406.6980567128043
3012694,230.75382153812777
3012695,3.179600620227896
3012696,7.7135597527002755
3012697,355.3379129732315
3012698,45.675387059389415
3012699,2030.6368091484273
3012700,0.037698262375270256
3012701,19.70322633763345
3012702,3.66071849990234
3012703,0.19269611713881785
3012704,0.9930967298027531
3012705,4148.167307844223
3012706,0.0
3012707,488.4381726088718
3012708,5.9343205221985755
3012709,1996.5237002444587
3012710,585.2180571798268
3012711,260.0074638252839
3012712,187.98280417235262
3012713,69.96575530213184
3012714,5350.966655701801
3012715,8.292857154101156
3012716,1.3374266913534825
3012717,26.00071692567667
3012718,18.872975316555745
3012719,0.20333012620564833
3012720,615.0485856661512
3012721,0.0
3012722,0.0477835769327557
3012723,6.019844667098415
3012724,14.04236206349933
3012725,1.036490060787689
3012726,142.80547262571298
3012727,279.34577383357805
3012728,2.3937283930742157
3012729,8.000024343069475
3012730,197.00019283554496
3012731,65.78801914765845
3012732,2336.55102944091
3012733,0.02547562319223589
3012734,4.471136897553093
3012735,5.408404105361701
3012736,0.02850429614972693
3012737,6.163668054995931
3012738,2586.5501915254617
3012739,0.01685818867887527
3012740,429.1703084588614
3012741,6.276440057226134
3012742,1075.9185895411238
3012743,634.7593252433103
3012744,218.4857723142615
3012745,122.12233877851818
3012746,87.42124209168104
3012747,3668.6948293704095
3012748,44.56520538005706
3012749,1.1040529010357005
3012750,16.204519351227475
3012751,31.209985727252764
3012752,0.16404095411190764
3012753,263.7528928170626
3012754,13.668683466479386
3012755,15.135554678940416
3012756,7.943224474108483
3012757,84.64293399096842
3012758,7.47391153144278
3012759,199.78861169390944
3012760,712.0345245183546
3012761,10.915185608747922
3012762,8.481106568002238
3012763,218.49931107182522
3012764,52.39142974841269
3012765,1790.154946065569
3012766,0.28130491648719325
3012767,5.6874159210581805
3012768,2.632838301312125
3012769,0.0
3012770,4.098760531591938
3012771,3175.8531826751196
3012772,0.0
3012773,501.79314412542374
3012774,9.037792464239908
3012775,730.2457686708258
3012776,787.2335344959473
3012777,172.8537202866449
3012778,128.0407647023209
3012779,109.55950453282142
3012780,3261.3828285524696
3012781,32.426340654342354
3012782,0.8654985354760205
3012783,14.970130328072763
3012784,17.31247022403869
3012785,0.11472954238488653
3012786,212.0718361943884
3012787,12.697747128592594
3012788,27.97977745557005
3012789,3.148916886951376
3012790,55.507647372991734
3012791,8.405927510008706
3012792,212.46081968350626
3012793,224.26882035297166
3012794,7.587076972846116
3012795,8.578877472853733
3012796,221.70921153327436
3012797,57.27206266619216
3012798,2289.439876472993
3012799,0.06123951920324612
3012800,11.976529706686776
3012801,3.92059573173132
3012802,0.0907732579659377
3012803,1.486020946182168
3012804,5006.183087337426
3012805,0.0
3012806,593.0944032057687
3012807,10.672934998869533
3012808,1184.6519323879002
3012809,673.7890995167667
3012810,247.61505244386706
3012811,169.60712891102602
3012812,57.66817094675105
3012813,4744.4808987738215
3012814,6.241961078408893
3012815,0.0974857898403936
3012816,11.821473264139588
3012817,12.222188431633608
3012818,0.08714727512532457
3012819,232.72419827889436
3012820,0.0
3012821,5.834699209305249
3012822,0.5345416654538633
3012823,42.824036482204036
3012824,2.6193295505689624
3012825,215.99674318575597
3012826,255.73380389381785
3012827,2.818469859959185
3012828,2.5559822885859993
3012829,278.0764431967065
3012830,164.38520990990204
3012831,1921.3976507410125
3012832,2.4543282626531937
3012833,1.10119952907408
3012834,11.146714747594007
3012835,0.0
3012836,12.242379289556006
3012837,7689.081023856253
3012838,0.0
3012839,1387.6761783560562
3012840,24.40307233520244
3012841,2533.9585703430785
3012842,2058.2455457745564
3012843,514.9274576662286
3012844,512.6041599657354
3012845,386.5344288372597
3012846,8865.797577964924
3012847,105.74829785861525
3012848,4.853007380580085
3012849,90.31214401396184
3012850,114.49606784958044
3012851,0.30385277007259526
3012852,688.8360690834361
3012853,38.69232490857634
3012854,18.456648570192126
3012855,32.465772783518105
3012856,211.624040607647
3012857,20.868073813331485
3012858,747.5899022033942
3012859,572.0622606823009
3012860,30.968115107350762
3012861,34.03250205260763
3012862,937.1460394439541
3012863,269.83063562604866
3012864,7177.085019491331
3012865,34.3344913094256
3012866,81.956216106173
3012867,13.319574467839299
3012868,0.0
3012869,11.906195918518709
3012870,7295.4400580592155
3012871,0.011504268999104573
3012872,1012.0814913305062
3012873,20.59787419935066
3012874,2391.8886320184574
3012875,1879.0797763194546
3012876,577.9765694650164
3012877,319.38057744074604
3012878,217.67642670670733
3012879,9706.835360621742
3012880,170.4264232542826
3012881,1.7801425135264137
3012882,38.67345848524998
3012883,71.42810258499254
3012884,0.43067863654559824
3012885,615.4976303272192
3012886,24.472868626847188
3012887,24.26489878937409
3012888,17.135767320405762
3012889,153.10053744623397
3012890,16.817647971557307
3012891,980.3994764592394
3012892,637.5374047681432
3012893,19.063646579180194
3012894,25.772804407368476
3012895,1015.6353856341159
3012896,205.58068429105975
3012897,4860.963137226818
3012898,113.39076701252888
3012899,72.95291563626944
3012900,9.410413956565222
3012901,0.0
3012902,12.734542940524895
3012903,4972.184020320455
3012904,0.08744981528470466
3012905,792.5253825804883
3012906,11.616951987223763
3012907,2040.1604102790361
3012908,1328.0072606209874
3012909,709.5156404752096
3012910,125.80689841100238
3012911,171.04104805890546
3012912,8401.438987631802
3012913,53.190989090032524
3012914,1.9703469261259572
3012915,23.127886699486783
3012916,24.461965835026028
3012917,0.2963558089068348
3012918,573.9140705438215
3012919,26.454134857857373
3012920,16.537785832399805
3012921,8.505903447180174
3012922,101.05429801193523
3012923,6.891967579321503
3012924,884.7979500531865
3012925,656.5224331460164
3012926,16.753418361170827
3012927,29.064228031460306
3012928,677.798520939069
3012929,123.07569214603643
3012930,2275.2761373596077
3012931,108.24344253368184
3012932,29.819402531038925
3012933,12.727094384271027
3012934,0.0
3012935,15.56023866706416
3012936,7309.9749701685905
3012937,0.02681262279238294
3012938,1041.149753835347
3012939,17.937632941729674
3012940,2044.9019525513877
3012941,1771.372604455034
3012942,566.4059739402112
3012943,292.2994579948555
3012944,204.22477108294655
3012945,8995.578124856002
3012946,52.04388793072795
3012947,1.5659216901446098
3012948,31.827800390087596
3012949,65.52525274076902
3012950,0.47564948624309045
3012951,629.0692772994196
3012952,36.95888930510088
3012953,16.33924439656208
3012954,19.92752112330333
3012955,165.32262689412318
3012956,8.252561497632017
3012957,746.6679118313066
3012958,664.9611858852959
3012959,17.117780569449035
3012960,26.297632556033633
3012961,995.5509876414027
3012962,188.00297394989073
3012963,4368.943961610175
3012964,141.34639274521243
3012965,50.09025482063559
3012966,9.415699965678996
3012967,0.0
3012968,14.41973235163266
3012969,4103.592792120082
3012970,0.031378372575451834
3012971,635.8344748315328
3012972,13.227537234486128
3012973,1850.9219121145209
3012974,950.9289006101708
3012975,516.9573425125595
3012976,97.22552111501413
3012977,135.09510374535023
3012978,6448.089552252586
3012979,40.40714269242114
3012980,0.4656760808069813
3012981,23.36789709446523
3012982,40.25577601760447
3012983,0.4803122383945797
3012984,589.0580010349573
3012985,20.255045174503977
3012986,6.326976691581692
3012987,8.527596534248078
3012988,93.22426658661402
3012989,4.7738373189718315
3012990,791.7909595858654
3012991,642.9719724176709
3012992,12.359520647771237
3012993,19.64295768059343
3012994,641.3478024957865
3012995,80.181766689575
3012996,1720.7946148932422
3012997,28.509196821062886
3012998,15.15043102050388
3012999,8.97767171829929
3013000,0.0
3013001,10.861958468950887
3013002,5813.457706364602
3013003,0.0
3013004,996.9925193732468
3013005,21.89483389002295
3013006,1634.334603293758
3013007,1899.9326319704082
3013008,383.52189178831213
3013009,426.11002397955417
3013010,243.17827162953745
3013011,6714.234009351704
3013012,87.46342623034367
3013013,1.3103940763552335
3013014,40.236070694783294
3013015,52.457384585160824
3013016,0.23735881648427007
3013017,524.6996845141797
3013018,15.488548114163168
3013019,21.80085936434507
3013020,14.090467558209536
3013021,163.13879761782502
3013022,12.706469190513916
3013023,675.1243642773198
3013024,503.7140023326441
3013025,14.721373740225596
3013026,24.050905246012746
3013027,838.7237638193798
3013028,189.73201231322724
3013029,5860.739244170671
3013030,132.11865857540113
3013031,64.41659931271487
3013032,4.573241410913411
3013033,0.24136600189692586
3013034,5.106191798510781
3013035,1778.9416519087745
3013036,0.0
3013037,328.06159753001805
3013038,19.732231118057584
3013039,919.2891093736209
3013040,465.34458284142454
3013041,214.1172601165717
3013042,83.68986372945987
3013043,71.89925823956204
3013044,2606.0663133108874
3013045,71.90852744857594
3013046,0.9142856412169643
3013047,20.470708088451243
3013048,22.015254495222486
3013049,0.3022042759552762
3013050,222.1760283595181
3013051,10.451968884459225
3013052,6.596247465450135
3013053,8.876588341522284
3013054,36.23603171934822
3013055,4.274904204316588
3013056,245.22847580989065
3013057,283.6874280020617
3013058,3.0110427847831347
3013059,6.8373704328161775
3013060,225.56715318494554
3013061,52.20565691859491
3013062,1473.4107560427765
3013063,0.6935030325433451
3013064,6.218345778466246
3013065,6.912500297678831
3013066,0.0
3013067,10.96749512193643
3013068,4279.169604639026
3013069,0.06296673203922622
3013070,541.2400460092188
3013071,22.83242531082221
3013072,1841.088948015113
3013073,988.1136829018267
3013074,427.27920856716537
3013075,93.6916309025474
3013076,107.49443066558695
3013077,6470.945296235093
3013078,108.34768300723553
3013079,1.0302626675166093
3013080,35.34274766972763
3013081,33.72552472293471
3013082,0.3149812855179089
3013083,515.2672965783769
3013084,17.562798309456326
3013085,5.258706596504204
3013086,0.7491651028201507
3013087,115.92336943402543
3013088,5.79819344924345
3013089,537.3355169022166
3013090,514.9999353209954
3013091,8.88365440279702
3013092,22.80394321573509
3013093,412.2031077195969
3013094,72.31812477716922
3013095,1915.4399552455698
3013096,21.63507684228493
3013097,16.402872947264303
3013098,6.923510225816285
3013099,0.0
3013100,3.306462007499869
3013101,4351.86295379769
3013102,0.008453035636329567
3013103,823.8540168982511
3013104,5.862038244559126
3013105,1360.0431710892676
3013106,1422.914949661785
3013107,217.02984118801425
3013108,321.3572854973154
3013109,207.36672805077998
3013110,5074.3840473794
3013111,33.208076513499286
3013112,1.0997800518458563
3013113,26.222488338975463
3013114,36.35431986836463
3013115,0.3679538683804462
3013116,368.38581801044575
3013117,1.3967563279135904
3013118,27.871175465076874
3013119,5.2719963500292835
3013120,100.733895630294
3013121,9.1535887735294
3013122,566.3708828397816
3013123,328.2696025777954
3013124,17.397099707015485
3013125,9.098328096843309
3013126,629.5204684080047
3013127,109.71580497641048
3013128,4596.626015399899
3013129,3.1227919441955243
3013130,39.30059771644632
3013131,7.224574528690174
3013132,0.0
3013133,7.268826400410027
3013134,4135.5952460368535
3013135,0.0
3013136,659.2935647559946
3013137,9.353693176144082
3013138,1416.4618903382268
3013139,939.6332587898762
3013140,295.8750560211495
3013141,192.06317485702561
3013142,209.74369496711262
3013143,5204.101385139418
3013144,51.23869043329427
3013145,2.6145330276829277
3013146,28.496235266536416
3013147,36.5373169790851
3013148,0.3647851938029264
3013149,321.8975262131759
3013150,5.776674386427335
3013151,29.46414452307519
3013152,6.601880696241196
3013153,163.24986531227822
3013154,6.647539306591648
3013155,390.3016787534734
3013156,282.67374535198144
3013157,12.170703781600391
3013158,17.043699440430167
3013159,402.0213682318624
3013160,121.84433770462812
3013161,3585.8096096616305
3013162,2.7209860264065417
3013163,6.161641295202966
3013164,6.6653435304813655
3013165,0.05382323677055022
3013166,1.578651020176372
3013167,2047.7030739801662
3013168,0.0
3013169,445.6216850832995
3013170,5.2539269838748215
3013171,899.0130316945958
3013172,506.5253535602485
3013173,184.06973177787808
3013174,75.3253517215561
3013175,90.1138642088693
3013176,2640.5274646815274
3013177,14.55341298950455
3013178,1.0661139842991763
3013179,19.553341383298186
3013180,25.044648259109987
3013181,0.0946995647350912
3013182,221.458340243345
3013183,2.57186616224122
3013184,11.00510420919399
3013185,3.5477608651939985
3013186,44.7414381036958
3013187,3.1585156426210386
3013188,219.56188691714968
3013189,201.68254913753867
3013190,5.2873686830349795
3013191,4.8667065315834614
3013192,159.83356569133733
3013193,54.46262333868886
3013194,1424.3463107276966
3013195,0.053709046575203465
3013196,1.9345860844221
3013197,4.696702862165956
3013198,0.0
3013199,2.042889735609938
3013200,3195.5145927324374
3013201,0.0
3013202,253.52649861254855
3013203,2.576221583323289
3013204,909.5308263487703
3013205,227.18375872556555
3013206,225.7359774995615
3013207,70.54335845606421
3013208,26.77145533229521
3013209,3448.110560933346
3013210,6.443438683820886
3013211,0.4427016278434346
3013212,14.356702783170569
3013213,9.966736324321902
3013214,0.04615953704905476
3013215,263.557209787439
3013216,0.0
3013217,0.0
3013218,2.7499073773951723
3013219,15.245261254780049
3013220,0.8730144696796949
3013221,64.41420405230974
3013222,163.21430592953584
3013223,0.26163339154007426
3013224,1.5701955885536028
3013225,60.57092859242756
3013226,80.25090451368388
3013227,960.4881081750503
3013228,0.01707187168462304
3013229,2.1391232242822706
3013230,4.824138360295868
3013231,0.05535318406933326
3013232,7.943661762176283
3013233,3246.186841850273
3013234,0.0
3013235,529.2426428603427
3013236,10.171529215631114
3013237,1393.5789552998274
3013238,835.7587121968492
3013239,363.26795287629557
3013240,148.59619926090215
3013241,132.02677672565704
3013242,4253.146939475686
3013243,31.331500688682492
3013244,0.7322641091548299
3013245,19.115270191796906
3013246,48.81969032232063
3013247,0.06240471863178415
3013248,337.2974293848478
3013249,18.82980063373159
3013250,9.899913419577304
3013251,9.184821706873409
3013252,54.29648506069739
3013253,6.340844864432645
3013254,449.10053416177993
3013255,323.0224664507333
3013256,7.099474856958201
3013257,11.008830944181883
3013258,489.56710553518593
3013259,64.04060834158821
3013260,1994.6866726874564
3013261,0.0
3013262,26.135445142516208
3013263,4.089562744355969
3013264,0.0748911862627133
3013265,5.553351308520794
3013266,3596.8397085213273
3013267,0.050615951490701444
3013268,645.1869550970778
3013269,15.721945334881553
3013270,1018.6398476260333
3013271,1167.668357157616
3013272,186.24140557615232
3013273,247.4371564050882
3013274,203.4594235193667
3013275,4074.502613000621
3013276,42.76910474907368
3013277,2.27411972788165
3013278,20.243931516731628
3013279,25.635090348539997
3013280,0.688615770929643
3013281,241.4482711410261
3013282,10.800818288583102
3013283,38.116665779870814
3013284,6.241953427786445
3013285,120.2544124501758
3013286,9.081099975936155
3013287,446.8036296445862
3013288,294.63766956654183
3013289,5.736965140827907
3013290,14.075405065417554
3013291,656.334287824927
3013292,116.14708217197669
3013293,4337.9811664407025
3013294,0.2764568980750683
3013295,35.134261992066484
3013296,2.7556687285057158
3013297,0.12436702476236143
3013298,10.513404447381179
3013299,4114.536766017496
3013300,0.02067269191159524
3013301,722.5678147462376
3013302,17.62358148582498
3013303,1077.6045444789556
3013304,1150.513270842022
3013305,236.3977623199328
3013306,263.92467003675426
3013307,129.7061525593777
3013308,4359.646312931239
3013309,33.18388944929219
3013310,4.054758294145894
3013311,29.319723128682533
3013312,52.91584737936673
3013313,0.20879354724997723
3013314,297.6132674335281
3013315,23.858264692382555
3013316,25.425802300723365
3013317,25.847563435432182
3013318,122.08416279047412
3013319,13.663316234061618
3013320,352.79238076015235
3013321,315.18642257779106
3013322,12.313216096539952
3013323,18.85015180421113
3013324,502.181299291098
3013325,105.62063081732676
3013326,3749.996881933699
3013327,0.273695184371736
3013328,30.132879184132193
3013329,10.79474066780092
3013330,0.17086513343104964
3013331,4.591939546341897
3013332,3614.000569184375
3013333,0.0
3013334,523.4334031164587
3013335,12.020689520654686
3013336,1653.0071071549933
3013337,709.9741467723984
3013338,478.2960137430045
3013339,190.11667900499594
3013340,81.93004374099618
3013341,6099.544574696547
3013342,12.966847562303322
3013343,0.8763115899838865
3013344,33.25883794370988
3013345,30.159795832473524
3013346,0.10239975254856144
3013347,370.3569966229139
3013348,8.266606114424274
3013349,8.35878706509222
3013350,6.849557583836716
3013351,39.80185234653953
3013352,2.182864534853667
3013353,344.24225421342305
3013354,450.33146598416647
3013355,6.717727777995195
3013356,6.355486890421821
3013357,356.2430087594738
3013358,65.44025020451083
3013359,2232.3846760368624
3013360,15.460564768485128
3013361,10.97444259660174
3013362,3.7517804952340965
3013363,0.0
3013364,3.317568321913324
3013365,2426.432952252617
3013366,0.22180189570088735
3013367,382.1208242788918
3013368,11.2321665408452
3013369,753.1030841214888
3013370,792.2395591046944
3013371,149.8049590033577
3013372,141.29206206400897
3013373,142.63805943040455
3013374,2854.2871042707347
3013375,25.78262714030963
3013376,1.4448731444320326
3013377,14.387921065911637
3013378,24.67865850672635
3013379,0.6002772619591716
3013380,225.8875681388794
3013381,15.251234729346717
3013382,26.301352958406717
3013383,5.170979217521382
3013384,108.74957893222317
3013385,5.729117802914547
3013386,268.815649036873
3013387,173.32874645259616
3013388,3.139679941405452
3013389,10.186933502464418
3013390,358.1312021107337
3013391,62.84448816507713
3013392,3666.847505986235
3013393,0.0355124072932141
3013394,20.478691905323398
3013395,1.020531150718361
3013396,0.0
3013397,1.0606671681849846
3013398,965.9177479121281
3013399,0.0
3013400,90.10324154869232
3013401,2.5814657134740773
3013402,688.1785601554209
3013403,289.0520524906532
3013404,188.05971710851978
3013405,21.527944870740928
3013406,25.781610778571377
3013407,1975.4082725131912
3013408,3.3048695554146743
3013409,0.21322632714723078
3013410,4.74249417344857
3013411,6.932571231446998
3013412,0.025544315739788565
3013413,128.26317124507753
3013414,1.2576353883895646
3013415,0.0
3013416,0.44356773251715986
3013417,6.432579897113255
3013418,0.3650639367619788
3013419,165.40597711841826
3013420,139.77447316782033
3013421,0.6679746436112003
3013422,2.353252098046525
3013423,139.58633662903242
3013424,22.370880006652744
3013425,235.1578869666204
3013426,3.14321743536424
3013427,0.6057629883735102
3013428,5.385000101706771
3013429,0.30845239254919365
3013430,3.594500601107451
3013431,3955.924975694048
3013432,0.0
3013433,583.9734695432116
3013434,9.126755430475384
3013435,1649.4934091415948
3013436,620.502762431926
3013437,453.8128880916198
3013438,222.32839839992369
3013439,67.38233858070325
3013440,6083.699696726446
3013441,44.78215388123482
3013442,0.637955653961932
3013443,15.371485636975589
3013444,19.080609436377884
3013445,0.14792344942506028
3013446,414.37397540261816
3013447,11.605862272532642
3013448,0.9952918652668805
3013449,7.365667043253076
3013450,30.715508260614403
3013451,2.2141227798592524
3013452,677.6739235127767
3013453,351.6549442288749
3013454,2.4937842303307436
3013455,13.988034265890311
3013456,357.26848603656543
3013457,98.64906741789167
3013458,1227.0096155731117
3013459,16.2467641384971
3013460,7.495831514716871
3013461,4.231890657847129
3013462,0.07203502100342583
3013463,0.06614426570843772
3013464,1370.5480469102647
3013465,0.0
3013466,172.86361490570184
3013467,6.734666168551443
3013468,1093.3394432102195
3013469,439.00919850027
3013470,184.7842839504484
3013471,54.96718807014582
3013472,31.066002742840237
3013473,2629.254171148624
3013474,10.8297980210722
3013475,0.4176050599686417
3013476,8.889032614120865
3013477,13.963875249859028
3013478,0.2513504424268665
3013479,147.6527350877563
3013480,6.35717010268414
3013481,0.0
3013482,7.299810192417876
3013483,27.429303239299543
3013484,1.0756783687108564
3013485,161.50679018507145
3013486,154.07887412179207
3013487,0.8564791746294538
3013488,4.602848245208936
3013489,136.25883943906922
3013490,28.68885033726381
3013491,293.0577722155485
3013492,27.38721341451808
3013493,2.5129441094339744
3013494,3.0623228304665804
3013495,0.0
3013496,2.7344496100530598
3013497,1283.7090549084285
3013498,0.0
3013499,118.78152368069377
3013500,4.99072491648582
3013501,700.5133174116443
3013502,274.63956309094755
3013503,135.23327662144277
3013504,40.13530060705831
3013505,28.055756139981753
3013506,2334.674493416791
3013507,11.120891160433914
3013508,0.0953973263037676
3013509,12.026228961139658
3013510,6.914250094247846
3013511,0.04500635492673324
3013512,119.97957438406578
3013513,1.2950500449193334
3013514,0.0
3013515,2.4133273585355743
3013516,34.32643421721057
3013517,0.5194524981697687
3013518,141.6601777911356
3013519,149.00792028859803
3013520,0.49495063085441204
3013521,3.7924436324582587
3013522,69.29471942500295
3013523,20.082647723670462
3013524,164.88877730533602
3013525,83.30465726937274
3013526,1.1070932646675533
3013527,2.886162893499153
3013528,0.0
3013529,1.6662934813479082
3013530,1699.1182511126028
3013531,0.0
3013532,163.14251893873907
3013533,4.708626743161708
3013534,1150.6312325386925
3013535,347.3258422441937
3013536,226.31658123118007
3013537,31.257116622269265
3013538,37.98303448661648
3013539,2407.044009067471
3013540,13.117543393939313
3013541,0.3118389768466947
3013542,9.092580932080846
3013543,17.451566542518837
3013544,0.12333978187102557
3013545,166.21995150248978
3013546,0.8543217399608015
3013547,0.0
3013548,2.1889357879141977
3013549,15.147508980581819
3013550,1.1391316314415512
3013551,142.9453531085509
3013552,239.7617627174262
3013553,1.2580662658127313
3013554,3.234581306258729
3013555,84.05974054406717
3013556,87.58228495747322
3013557,325.54491785712037
3013558,28.346199520095617
3013559,2.501738729982065
3013560,2.23493979263206
3013561,0.5216540109525142
3013562,2.467042477580369
3013563,1636.6994819474282
3013564,0.0
3013565,145.47026380878236
3013566,1.6209802288577455
3013567,822.1014242828294
3013568,361.55352878146647
3013569,232.1147634234953
3013570,99.95821180375373
3013571,61.71096703394816
3013572,2479.712025862729
3013573,10.155853305889828
3013574,0.6226622052238939
3013575,15.215087809086054
3013576,17.533424454534423
3013577,0.13263658941277773
3013578,182.47392958676906
3013579,5.916306080218398
3013580,0.0
3013581,2.4087191342875496
3013582,25.12444470819151
3013583,1.5487100422598281
3013584,131.87718939604932
3013585,172.66076840639994
3013586,0.8052054663735995
3013587,4.110345716173424
3013588,113.84955713747766
3013589,47.116699453732245
3013590,542.4374028190964
3013591,123.08905564606634
3013592,4.133286744697159
3013593,2.880702907636851
3013594,0.06553010251510676
3013595,0.7694116712633088
3013596,1375.212082883781
3013597,0.0
3013598,147.6439702685196
3013599,3.4769002432744114
3013600,890.3056023111676
3013601,289.27631867854313
3013602,153.55137375925804
3013603,126.3220274381894
3013604,23.271399321964743
3013605,2562.3031172374585
3013606,3.5000291325297397
3013607,0.19688410759448965
3013608,5.647368833140277
3013609,7.555302001612343
3013610,0.12261712296411544
3013611,139.74991733025718
3013612,0.0
3013613,0.0
3013614,1.1671368430723743
3013615,13.658570229587646
3013616,0.6496426406944746
3013617,62.56339177332628
3013618,141.13051472923743
3013619,0.6794878782396457
3013620,2.259724037579831
3013621,67.89245389844245
3013622,29.87508241311084
3013623,500.8822730065908
3013624,0.0
3013625,0.602888950865236
3013626,5.976424432560602
3013627,0.6458382235535184
3013628,2.1530969583396047
3013629,2517.2910026191544
3013630,0.0
3013631,269.8409063140323
3013632,4.2015209533309426
3013633,942.6438969563484
3013634,889.7051028512975
3013635,357.55781042550575
3013636,145.7236080206542
3013637,70.45634417574149
3013638,3714.167103398163
3013639,15.80311429633094
3013640,0.9534048091836369
3013641,14.988469678484698
3013642,23.35510768282652
3013643,0.27909420527292317
3013644,229.67813486680313
3013645,0.9735140841577148
3013646,0.0
3013647,8.503412373664197
3013648,21.795480902695388
3013649,2.166214594070334
3013650,239.42563128674806
3013651,236.93914986167215
3013652,1.596350711121182
3013653,6.225036927136214
3013654,304.7024600120285
3013655,44.978077841715944
3013656,1120.5869752178326
3013657,25.906505666341843
3013658,9.241159343709148
3013659,2.686136799586583
3013660,0.05619067561520607
3013661,2.5850675704655326
3013662,1955.2572310005874
3013663,0.0
3013664,468.9979920951939
3013665,5.508477718857404
3013666,506.470938645205
3013667,803.5743446713511
3013668,174.5737639008477
3013669,160.71310844998467
3013670,46.16826580680301
3013671,2391.6035266898853
3013672,10.291130412940115
3013673,0.7308767090464909
3013674,13.447804048465471
3013675,12.340789175335509
3013676,0.2967410592144099
3013677,142.90046937934784
3013678,9.064867655683404
3013679,4.350684242892837
3013680,6.454835217964952
3013681,41.58713004419041
3013682,1.6138366929774275
3013683,92.69986107482475
3013684,148.97226129900153
3013685,3.184667185636811
3013686,5.003631045354265
3013687,161.2420432900999
3013688,53.45412026083862
3013689,1182.4706102079435
3013690,20.151466306197452
3013691,8.659851819022235
3013692,4.874068004836714
3013693,0.36213271277936215
3013694,2.6879309505511166
3013695,2159.0529413182285
3013696,0.0
3013697,160.40817582367296
3013698,5.774420966682282
3013699,842.59619094856
3013700,338.0856902495216
3013701,232.6760294896643
3013702,35.183857119365086
3013703,31.907033742849997
3013704,2934.6619960271987
3013705,44.11446760595135
3013706,0.589752543363339
3013707,11.33815897466247
3013708,13.623254026027531
3013709,0.08234487002647023
3013710,141.42067858068427
3013711,5.249409065709738
3013712,0.0
3013713,3.8359370175960934
3013714,23.86999829509189
3013715,2.0240710505219917
3013716,138.54291984761258
3013717,153.04114875471524
3013718,0.8390917872533532
3013719,3.259937324455962
3013720,98.09581092531283
3013721,18.694124065885205
3013722,321.4574571924943
3013723,6.2191626069775365
3013724,1.926851163245516
3013725,5.115015676262704
3013726,0.04996037554649231
3013727,8.246799318027803
3013728,3068.002848359427
3013729,0.0
3013730,608.1336420199426
3013731,7.968520116373054
3013732,890.3310617682207
3013733,751.051175093424
3013734,209.90985433785704
3013735,152.98332473801304
3013736,96.98094916961263
3013737,3655.7041911935034
3013738,44.67079292728526
3013739,0.9041748998133952
3013740,13.126413932976401
3013741,28.720868556717623
3013742,0.3311102732208642
3013743,243.64676649445227
3013744,20.212936600481253
3013745,18.651234810923807
3013746,6.80056711934096
3013747,54.096095410960615
3013748,6.759481185837927
3013749,388.3878049000081
3013750,264.10548012794834
3013751,7.21190542466162
3013752,8.58446020884211
3013753,440.8098145746594
3013754,110.72406410899794
3013755,3154.145503979644
3013756,0.03183983832182546
3013757,28.1468252165864
3013758,6.0853391692992815
3013759,0.05743688367751848
3013760,2.3269810162298867
3013761,2699.968467308177
3013762,0.0
3013763,406.7967157797189
3013764,6.7731550390624005
3013765,1761.5153314973334
3013766,809.4016731908515
3013767,467.1080927150409
3013768,60.04741028694609
3013769,57.38844560906297
3013770,4080.1063643476573
3013771,12.431705139556062
3013772,0.40805231169639167
3013773,16.97659204326456
3013774,12.341172860495584
3013775,0.055964556655340954
3013776,223.50851150148014
3013777,1.5130967040638466
3013778,4.818211382308438
3013779,2.734867546714639
3013780,42.817937377494
3013781,0.7186368739161124
3013782,292.6302717024465
3013783,253.88050884744143
3013784,2.868336725799458
3013785,3.5183675162398194
3013786,230.12573809748963
3013787,50.706477139283336
3013788,753.6196492193209
3013789,19.57759897763166
3013790,6.689905631592802
3013791,6.911546584126124
3013792,0.2797041521607377
3013793,1.5904455083912983
3013794,2557.2344448406807
3013795,0.0
3013796,400.36361573090664
3013797,3.419636799242774
3013798,1531.535052235632
3013799,733.3482405605168
3013800,255.95690196214423
3013801,158.09297238195143
3013802,74.33096616536679
3013803,3817.210074148409
3013804,15.787541642147364
3013805,0.3884661453409626
3013806,19.654835656366945
3013807,27.63565780660744
3013808,0.13261646497124935
3013809,221.98560048510944
3013810,1.633006604006268
3013811,1.9422874926356863
3013812,7.736630790176969
3013813,81.63006929830067
3013814,1.1207420246133446
3013815,111.43825932739261
3013816,221.21229137179
3013817,1.343468351599416
3013818,2.1981002617741154
3013819,153.9728641391752
3013820,124.59347788390915
3013821,1063.146287436248
3013822,0.5661281102034418
3013823,3.669671867447307
3013824,3.8584529374581935
3013825,0.13971208680464695
3013826,0.8440698251601708
3013827,1385.1433196133053
3013828,0.0
3013829,122.25892727069649
3013830,6.014685515647635
3013831,629.5669447916995
3013832,297.70867527885235
3013833,135.94764044827633
3013834,49.17439879334508
3013835,38.206767315232305
3013836,2531.8185759573644
3013837,12.463238429396892
3013838,0.3492591151887072
3013839,12.871925697815538
3013840,12.435545569274302
3013841,0.09589326979374657
3013842,134.4036894966551
3013843,1.055876956162977
3013844,0.0
3013845,3.27759364657275
3013846,48.46613678894306
3013847,1.5254062584020756
3013848,118.60956166004411
3013849,143.55627388769028
3013850,1.1035192124141582
3013851,3.860714733633389
3013852,144.41171549770706
3013853,24.590604679814426
3013854,406.39247158019816
3013855,15.736689455701912
3013856,1.5976935433411419
3013857,1.9386927174261894
3013858,0.0
3013859,2.920551184869284
3013860,1451.2052003925614
3013861,0.0189800649824934
3013862,283.6461680940158
3013863,10.878682943291167
3013864,527.1152141237598
3013865,470.2062367719743
3013866,120.87003594000674
3013867,47.1624319157109
3013868,51.81640872717116
3013869,2351.213749762821
3013870,23.84553697782353
3013871,0.2688478209468911
3013872,9.582612609634497
3013873,11.117278820844223
3013874,0.1047355623429517
3013875,144.85744914142865
3013876,9.940964291964953
3013877,2.0133391073221634
3013878,1.673931316246765
3013879,46.680203944778214
3013880,4.146285371435233
3013881,543.2051616923085
3013882,163.3323500043839
3013883,2.568253262963486
3013884,4.905971561408691
3013885,312.5288505665807
3013886,33.988105594791506
3013887,1474.6880917285769
3013888,0.0
3013889,6.7762059305605895
3013890,2.5202867618239515
3013891,0.11528544567515264
3013892,2.3953566067246985
3013893,3647.7154049868236
3013894,0.05501631314210106
3013895,739.3729134063511
3013896,15.343765206241631
3013897,1103.2446077610434
3013898,1336.030499808901
3013899,275.04195000489824
3013900,229.57093051269754
3013901,148.94568256756202
3013902,4228.092270795982
3013903,36.24045656064213
3013904,0.7958390851864332
3013905,13.997997875284083
3013906,34.60940182406477
3013907,0.09487408023409924
3013908,307.5744433898654
3013909,10.534912981752058
3013910,41.895648020380754
3013911,8.34154799628281
3013912,88.16284639225282
3013913,10.226111646187181
3013914,436.57667347433085
3013915,294.6052537917385
3013916,14.237345289304868
3013917,9.326254835857029
3013918,545.1562839549593
3013919,103.78835515212444
3013920,5491.079315918758
3013921,0.0
3013922,18.850294034838896
3013923,2.222507621484409
3013924,0.10822779331482762
3013925,1.347729531162252
3013926,1665.2063701527136
3013927,0.012427951954699194
3013928,347.10075690291933
3013929,4.421550612680299
3013930,387.9901522130133
3013931,459.9287563554187
3013932,138.88700302312293
3013933,98.37678802535945
3013934,52.233262694772826
3013935,1759.1502289472523
3013936,17.058434927596586
3013937,0.4594839152558474
3013938,9.661233482315756
3013939,12.296247287351468
3013940,0.08969383978490038
3013941,99.02195104988397
3013942,0.0
3013943,32.580833190194866
3013944,2.0601454756063866
3013945,121.55697516517769
3013946,4.6536807130107505
3013947,221.29017478344753
3013948,94.69413158333309
3013949,2.781083513160149
3013950,3.5972882122726393
3013951,157.9654295225933
3013952,29.87393476265066
3013953,2656.233461349006
3013954,0.6114545547891221
3013955,2.143579152075451
3013956,3.9827929165005775
3013957,0.0
3013958,0.10453159199541141
3013959,937.3243332996354
3013960,0.0
3013961,213.04992093094694
3013962,4.792654106913629
3013963,384.78469332680163
3013964,224.90351218539695
3013965,83.93578136605157
3013966,30.176686039898662
3013967,20.402425371224425
3013968,1552.024287705906
3013969,16.324347866105477
3013970,0.4272518719017158
3013971,6.898398573845851
3013972,8.920838251964728
3013973,0.21504276380173232
3013974,83.0382025925824
3013975,0.11369092339989476
3013976,7.129471145776203
3013977,0.480628780811293
3013978,19.860481080130384
3013979,0.30223416747391635
3013980,238.0724495569132
3013981,139.51054098174126
3013982,1.7573939947518924
3013983,1.1032855112566384
3013984,135.2138392846759
3013985,15.99116207422221
3013986,932.6709883141866
3013987,0.4634631495544467
3013988,1.7121365538361872
3013989,4.889467778224919
3013990,0.13061492864406213
3013991,2.8360328550105613
3013992,2969.633117786383
3013993,0.11735252984943445
3013994,666.6508180193587
3013995,11.782980502249687
3013996,933.0011148129224
3013997,906.9876695412818
3013998,277.91899005579114
3013999,224.38805932068723
3014000,89.22493448300185
3014001,3559.445738171286
3014002,20.306312921441457
3014003,1.5079443129065155
3014004,16.53974501643326
3014005,20.275380443266027
3014006,0.26112918769543847
3014007,231.0625532779101
3014008,2.7705671919338495
3014009,27.883965563666667
3014010,3.8459418344753673
3014011,93.51353641670228
3014012,3.147231879719543
3014013,270.34404583660273
3014014,220.48660372972722
3014015,8.490501400982408
3014016,6.838493490887443
3014017,368.6714282533655
3014018,73.70407274560878
3014019,4090.72749387975
3014020,0.7394968718850966
3014021,13.893328168916998
3014022,5.231507342806928
3014023,0.032749177010972894
3014024,1.841686055055417
3014025,2500.130840653665
3014026,0.0
3014027,552.7837932670906
3014028,12.092965278437035
3014029,889.846539329803
3014030,794.6930183289219
3014031,288.7552100804637
3014032,184.56645002856652
3014033,50.79953292682809
3014034,3699.0436129711134
3014035,10.770747195043093
3014036,0.701216347960629
3014037,19.264367514529276
3014038,11.729034934847189
3014039,0.3493625622896097
3014040,210.31986894032423
3014041,0.0
3014042,3.8513166455174472
3014043,3.4491726202500423
3014044,32.23836063315976
3014045,1.203053549219648
3014046,175.66346660306576
3014047,214.5512282787602
3014048,3.3405118056144834
3014049,2.8051198988939916
3014050,159.3170828711816
3014051,70.92199707687381
3014052,1091.1062188885135
3014053,2.0798589834426333
3014054,1.729265171788184
3014055,5.302194801950616
3014056,0.3286874268037947
3014057,2.0063225383787024
3014058,2649.957981124563
3014059,0.0
3014060,561.7943420906123
3014061,7.6919826625180665
3014062,796.7677504044416
3014063,718.859728500617
3014064,208.10877131228804
3014065,146.14189191810175
3014066,50.80323479229517
3014067,3175.085560829115
3014068,10.610550562901079
3014069,0.7907722265281271
3014070,16.720933208338444
3014071,15.134549229923584
3014072,0.12098397151373091
3014073,188.67774618571622
3014074,0.0
3014075,5.388072042775819
3014076,3.3953978960166222
3014077,46.813178884504836
3014078,0.9041718441920819
3014079,108.95729079121931
3014080,188.85273528005007
3014081,4.1499192462353705
3014082,3.3997175541523172
3014083,175.80923031593804
3014084,53.530989629822535
3014085,905.1516039588552
3014086,1.509858467665431
3014087,4.226659301324148
3014088,10.296591072490951
3014089,0.6107082272264643
3014090,12.81647986062943
3014091,7371.830885510142
3014092,0.11541398845726332
3014093,1153.3323730210122
3014094,36.89862908769278
3014095,1941.5310273709324
3014096,1886.1387302751866
3014097,280.99790121111755
3014098,446.67599132309834
3014099,309.6601885375947
3014100,6975.142638737071
3014101,88.41376721541268
3014102,2.255470356106977
3014103,28.73646388212911
3014104,55.60411668578731
3014105,0.4704275120549021
3014106,538.9755948597776
3014107,29.212766060726118
3014108,68.89170794149288
3014109,15.255829697578893
3014110,186.12230400597298
3014111,20.025824555659593
3014112,630.235547787832
3014113,498.9883645187648
3014114,14.550832481115775
3014115,20.39736603128871
3014116,1004.6500596491882
3014117,197.68643574502136
3014118,9297.86927380383
3014119,1.313615304960576
3014120,76.28799305310444
3014121,2.742054942271241
3014122,0.34023057849999033
3014123,0.3371949533853896
3014124,1534.7772996626975
3014125,0.0
3014126,162.69741275442476
3014127,2.6156565264649583
3014128,596.2138327909186
3014129,375.1164056445052
3014130,117.77297398439748
3014131,98.11565628017067
3014132,39.965396175032836
3014133,2331.0950648738526
3014134,2.9312809749808375
3014135,0.25269985988543436
3014136,12.338717455061063
3014137,8.058523528165566
3014138,0.23282607692087892
3014139,129.70335773707632
3014140,0.22333047335652498
3014141,0.0
3014142,3.2780101088863116
3014143,24.264184178238988
3014144,0.6172972778251534
3014145,70.07017746462421
3014146,105.50903057617107
3014147,1.8885004903194942
3014148,3.0735394564569747
3014149,104.61146539733825
3014150,17.006761581726423
3014151,489.42388485133586
3014152,0.03582825692269001
3014153,2.700043752174553
3014154,6.6412319145917085
3014155,0.21912420930196325
3014156,1.8174203550403885
3014157,2870.69843581455
3014158,0.0
3014159,434.25194472677947
3014160,8.575721362170999
3014161,1505.224966740134
3014162,687.4907289845655
3014163,184.42489323909507
3014164,198.6641485450896
3014165,54.15760365309957
3014166,4011.7152329899595
3014167,10.578765567869905
3014168,0.24265179206224544
3014169,14.326332497557077
3014170,20.345985557715988
3014171,0.13633164168207768
3014172,213.73857806048093
3014173,1.0654122622681343
3014174,4.9543394280592175
3014175,7.469259173451717
3014176,13.03817983538627
3014177,1.555767495259616
3014178,322.80827749737745
3014179,234.46479593813808
3014180,3.404687151288787
3014181,5.966704004425801
3014182,119.29268024541301
3014183,74.99425394353274
3014184,944.3257663739524
3014185,1.273298528246454
3014186,3.5170045506202277
3014187,1.3117463065173653
3014188,0.0
3014189,0.4817054490123815
3014190,765.5621437159107
3014191,0.0
3014192,116.75747772380775
3014193,1.6137521867010376
3014194,828.9065248555544
3014195,177.69515075280935
3014196,93.41091319076014
3014197,145.7135431202247
3014198,11.352253050822082
3014199,1498.5293734148156
3014200,2.212583973580626
3014201,0.22192840692046695
3014202,8.389114099434057
3014203,3.829354537395445
3014204,0.029908924866166017
3014205,70.46528203197903
3014206,0.0
3014207,0.0
3014208,0.3264050509626729
3014209,6.622718119383038
3014210,0.3078285376645829
3014211,69.15404469974506
3014212,79.05173561569221
3014213,0.36176631106111634
3014214,1.1322103619097463
3014215,53.51048168247995
3014216,9.567900098460884
3014217,164.52013536628894
3014218,0.00789699000221546
3014219,0.8605727124947314
3014220,6.345584341793094
3014221,0.0
3014222,0.5098060552385979
3014223,1814.330264127428
3014224,0.0
3014225,204.70634638097096
3014226,7.126828687362465
3014227,886.1684976924012
3014228,519.2274589308131
3014229,149.930879746463
3014230,119.92910899537938
3014231,40.86794953851968
3014232,2403.8590342472853
3014233,2.4156641695504066
3014234,0.501933168971375
3014235,15.551574027295212
3014236,11.202774973129179
3014237,0.046613914940707366
3014238,167.88923799178093
3014239,0.0
3014240,0.0
3014241,9.539386669800969
3014242,20.424458495305238
3014243,1.0194531796103803
3014244,273.1042181579806
3014245,188.96249885064145
3014246,1.008185684210856
3014247,2.893015526500885
3014248,229.8379465076671
3014249,24.353834659518057
3014250,962.7062410896069
3014251,0.0
3014252,0.6186166769330245
3014253,2.7722734844955212
3014254,0.19463799181143515
3014255,2.1039457019365697
3014256,1845.571094131249
3014257,0.0
3014258,582.4162766805023
3014259,5.298951057093502
3014260,625.1560885503479
3014261,617.7010794353744
3014262,200.5779882334798
3014263,80.52085783648582
3014264,48.6195042895832
3014265,3105.037486997376
3014266,5.05684628256128
3014267,3.740265360109099
3014268,21.00701989459277
3014269,28.579502679272114
3014270,0.24039621442292616
3014271,148.83110161452197
3014272,2.065714920032506
3014273,5.340043859643803
3014274,2.2523448809930744
3014275,31.6911842877069
3014276,1.5333186608971336
3014277,186.55387320948137
3014278,208.2453690617828
3014279,2.5623074503742322
3014280,4.855402416621488
3014281,158.0560250645161
3014282,23.62074016171408
3014283,570.2538503112522
3014284,2.166781425438717
3014285,2.792380404128869
3014286,2.5029677369493806
3014287,0.003152524340150435
3014288,0.1450764476400961
3014289,1221.0197689496013
3014290,0.0
3014291,88.28876044941478
3014292,3.020981798442316
3014293,492.6120631461118
3014294,219.49378959934666
3014295,88.68797754527489
3014296,103.04261003548622
3014297,25.702940467198477
3014298,2013.5818601440437
3014299,4.804838288451995
3014300,0.2306262301316308
3014301,7.609427374223791
3014302,9.405987377903156
3014303,0.10844405352578648
3014304,92.84576543486212
3014305,0.0
3014306,0.0
3014307,0.2780990960939714
3014308,8.623611009107975
3014309,0.3045463890837437
3014310,188.62972917851837
3014311,95.15014659824652
3014312,0.6871264345246265
3014313,0.8030297198974361
3014314,45.94550689756016
3014315,15.757871658057018
3014316,333.74419406968354
3014317,0.07494844918690849
3014318,0.3748045770576144
3014319,3.272207673360528
3014320,0.028802386341675527
3014321,0.5262577229549096
3014322,2998.008059693349
3014323,0.0
3014324,391.68153096833566
3014325,4.9038863979981215
3014326,784.704245497618
3014327,603.1915911128167
3014328,207.17199759247836
3014329,98.48309306761087
3014330,61.19589676045513
3014331,3394.311260974363
3014332,5.204915856969222
3014333,0.2627932735067343
3014334,15.236190355193909
3014335,7.299254616652268
3014336,0.22440343773155325
3014337,173.26066476476578
3014338,0.0
3014339,18.301021163814298
3014340,2.1185801209526787
3014341,22.3604273618362
3014342,0.4987012423759093
3014343,204.20291832361468
3014344,178.131136327039
3014345,1.1409201893494894
3014346,2.8795277525207417
3014347,101.9697348988727
3014348,47.01720325453296
3014349,908.4368960881918
3014350,0.513779313948329
3014351,0.6341361022439551
3014352,3.0961888569262364
3014353,0.0
3014354,6.274765947786592
3014355,3104.2927898691823
3014356,0.11016074493228784
3014357,554.4380803751411
3014358,9.018810145374163
3014359,1046.4372618717168
3014360,848.8367893674051
3014361,164.7738261346975
3014362,128.75446912801902
3014363,109.02062818363001
3014364,4050.379925128251
3014365,74.60031862417337
3014366,1.5342284531338795
3014367,23.075623809001275
3014368,23.6217127254938
3014369,0.43174073588136
3014370,255.04445929497703
3014371,19.563030525857997
3014372,30.722596908084057
3014373,1.3620274640509173
3014374,133.0207098899974
3014375,6.905184410731353
3014376,215.72649722174117
3014377,270.3288608890266
3014378,11.343050301526224
3014379,14.821135064840243
3014380,255.7308518574281
3014381,79.55164433342935
3014382,3571.181824561754
3014383,0.12844696585568885
3014384,8.99561997656612
3014385,4.8830764557804205
3014386,0.0
3014387,8.412267748305155
3014388,2351.406397955453
3014389,0.0040688708404446015
3014390,472.6702218440129
3014391,9.79648342993494
3014392,1454.4213491017122
3014393,687.3521824847485
3014394,134.84867846366916
3014395,86.37508937803099
3014396,123.25653242032041
3014397,3799.2195802011393
3014398,30.788310038784257
3014399,0.9399589010770156
3014400,26.492476304618044
3014401,64.36789591500684
3014402,0.05173647128596424
3014403,323.483377668339
3014404,15.330800400018628
3014405,21.123104775794175
3014406,5.1892960811560815
3014407,91.71471594565838
3014408,8.848359653894903
3014409,148.81714712614257
3014410,863.8547777470754
3014411,6.051385074909076
3014412,12.084225008698505
3014413,132.72553948647382
3014414,72.48370772693696
3014415,2726.5556951146827
3014416,0.07230099023667658
3014417,10.715383783527555
3014418,6.606548985350397
3014419,0.23080754466338518
3014420,3.307923267161475
3014421,3593.806130704792
3014422,0.0
3014423,556.1886388595045
3014424,6.296811065587279
3014425,2101.8267429714206
3014426,598.0366679176635
3014427,184.43761353036658
3014428,252.99014771280247
3014429,52.2816395833108
3014430,4464.150150884836
3014431,26.178607875589865
3014432,1.144682533057992
3014433,15.791013440170445
3014434,20.901495009075028
3014435,0.13391015674089254
3014436,241.5485796098678
3014437,3.9752988631436996
3014438,10.53426777008955
3014439,5.7765958464595375
3014440,34.49310950696306
3014441,1.8329761459749179
3014442,147.7214794867853
3014443,250.87432912655092
3014444,4.928953879719745
3014445,7.502052109749412
3014446,194.6226918710162
3014447,51.908933149508975
3014448,1326.6670967149794
3014449,14.391346915826006
3014450,10.265921966333224
3014451,4.149789348001413
3014452,0.2135225565722364
3014453,3.7449838594755707
3014454,2252.4582394929557
3014455,0.054316178708638696
3014456,365.29468870025073
3014457,5.829902815310613
3014458,789.7458063008798
3014459,646.3340531353307
3014460,173.53997327297276
3014461,117.88070935264949
3014462,76.08307694048463
3014463,2988.064384010004
3014464,27.865542033990526
3014465,1.470768544267108
3014466,10.78306125314211
3014467,13.518452672617121
3014468,0.21538371679294357
3014469,222.05761874436573
3014470,15.189166771196184
3014471,25.688672766316138
3014472,0.9982700117604079
3014473,66.5906781636544
3014474,5.926121896077358
3014475,311.8110865065622
3014476,241.9813823490779
3014477,4.422147386398071
3014478,7.935181065168776
3014479,308.7074636263064
3014480,45.50038025711985
3014481,2764.2084731548393
3014482,0.04188359859361872
3014483,20.237893766839726
3014484,3.0732023921129095
3014485,0.19526001304710175
3014486,1.6556655130267246
3014487,4102.4431061073965
3014488,0.0
3014489,366.74147770325385
3014490,6.048654010347182
3014491,1810.88983562983
3014492,786.1224869546805
3014493,228.7804394298368
3014494,165.41910198579242
3014495,47.813967419888016
3014496,4622.6557267370345
3014497,9.56354937566815
3014498,1.702538167657921
3014499,22.88638349879915
3014500,21.358200801499592
3014501,0.19957655398335017
3014502,448.7835013014498
3014503,0.0
3014504,0.07615894762731346
3014505,6.225304706578751
3014506,27.76702445284847
3014507,1.5276642506987228
3014508,142.2500552162708
3014509,315.0985098078583
3014510,2.2789004925758576
3014511,6.82135193214865
3014512,156.814588026654
3014513,57.161066229731134
3014514,908.2977872792367
3014515,0.01068331221982841
3014516,3.590968590894764
3014517,5.686843233893715
3014518,0.043694590962964394
3014519,6.247282607639146
3014520,3329.2714085955554
3014521,0.031325440694448196
3014522,485.49505881268806
3014523,7.990904123644641
3014524,1445.5420505325262
3014525,713.7869335841177
3014526,210.15849121023894
3014527,123.7968411969718
3014528,86.08155313668836
3014529,4073.5667629633335
3014530,42.6999676889141
3014531,1.1456657307438425
3014532,17.52546705955094
3014533,27.424285253006822
3014534,0.17075798866035427
3014535,287.3750101594847
3014536,12.675987753718044
3014537,22.982258657575773
3014538,6.829551401925216
3014539,155.87106991990893
3014540,9.239068640969489
3014541,230.15422634828894
3014542,934.0411877358235
3014543,11.904692350351448
3014544,7.025251860384267
3014545,227.6382047848412
3014546,63.07898920175373
3014547,3091.8999619514016
3014548,0.2789553719209994
3014549,5.664800585214642
3014550,2.374067831862044
3014551,0.0
3014552,4.744227018745123
3014553,3131.3066094065507
3014554,0.0
3014555,474.94907812191343
3014556,10.638690189454856
3014557,722.4276975754008
3014558,740.1943572840306
3014559,161.91983914390013
3014560,129.99958308781584
3014561,113.76070744944673
3014562,3154.245511866551
3014563,34.60852914229191
3014564,0.7760117887324988
3014565,15.66226100088339
3014566,13.597532639146298
3014567,0.14456836458201044
3014568,206.12640268605878
3014569,13.670964512813075
3014570,35.123766896714386
3014571,7.786659916761412
3014572,78.43805137257728
3014573,7.821679525097789
3014574,232.60333582556018
3014575,221.830086753425
3014576,9.233500450013183
3014577,8.318061225733024
3014578,229.68972116947987
3014579,56.26397693534658
3014580,3125.390633205441
3014581,0.06207925208232949
3014582,11.957424938747094
3014583,3.76345492256219
3014584,0.0841769254382321
3014585,1.9040076085396298
3014586,4111.838124609019
3014587,0.0
3014588,517.2959076821816
3014589,10.958638348295942
3014590,1096.489086137816
3014591,623.0608798079521
3014592,245.41437644041747
3014593,183.64620736875847
3014594,55.00398785593427
3014595,4093.754789593449
3014596,6.651416795849815
3014597,0.14484239772817936
3014598,12.728546260479652
3014599,13.121827619811853
3014600,0.07514404232496735
3014601,225.51635100871857
3014602,0.0
3014603,6.778710058813347
3014604,0.5175894536210849
3014605,34.49902743474513
3014606,2.1994381764282185
3014607,211.54578127048848
3014608,266.39724866127085
3014609,2.704719256714666
3014610,2.287066700302204
3014611,243.45326206111508
3014612,120.14035827912005
3014613,990.7457189983663
3014614,1.598673516099549
3014615,0.9890069582850041
3014616,11.875297171106192
3014617,0.0
3014618,14.612746180829799
3014619,7961.7504100650885
3014620,0.006552271966427409
3014621,1590.9111056478737
3014622,24.09166256254899
3014623,2849.026755410251
3014624,2319.0766784187917
3014625,487.76172293089763
3014626,555.5090035927142
3014627,400.4052987203261
3014628,9604.150998985748
3014629,113.25552724938105
3014630,3.9152615465520193
3014631,94.2970406642892
3014632,120.62840902715745
3014633,0.3428952962300471
3014634,732.02609400744
3014635,39.804305561058165
3014636,26.768110972120226
3014637,25.609736622868756
3014638,260.9486305898382
3014639,18.608898397774055
3014640,814.590632783776
3014641,577.7410788694546
3014642,30.048291750119823
3014643,32.46362600937022
3014644,1031.158458955924
3014645,276.45426416277627
3014646,11654.73896904874
3014647,47.977776045676165
3014648,83.46317519006593
3014649,13.647614172306502
3014650,0.0
3014651,11.99644078116818
3014652,8513.6007865156
3014653,0.01966933402466907
3014654,1073.13728650701
3014655,20.916691717814526
3014656,2362.400609061693
3014657,1886.574840411621
3014658,550.226721745863
3014659,318.02811252113247
3014660,252.27147451371826
3014661,9616.277950291891
3014662,166.20526592149295
3014663,1.456326766932708
3014664,45.958870344282424
3014665,81.49268931897821
3014666,0.5541785556726747
3014667,606.4085339481896
3014668,28.530633983450922
3014669,31.040265693794137
3014670,10.432215198789631
3014671,204.08176255899954
3014672,14.877092523403588
3014673,955.2079230607836
3014674,618.5726768772738
3014675,17.650713465680305
3014676,23.986939861113605
3014677,1029.2485219609734
3014678,259.6331714011224
3014679,7615.268989292137
3014680,165.9685451562671
3014681,66.19268559704214
3014682,9.872705967937087
3014683,0.0
3014684,13.016281317057771
3014685,4612.417015252957
3014686,0.12695077509009936
3014687,832.6273219214937
3014688,12.17362031532419
3014689,2225.9803001620385
3014690,1244.7299997001955
3014691,615.888973561334
3014692,115.73747643232025
3014693,180.6503150227474
3014694,8316.257177949843
3014695,41.955124315367016
3014696,1.4015046748323683
3014697,26.441825177573612
3014698,24.487114850175743
3014699,0.29130319743454935
3014700,561.5016040083768
3014701,32.35834629761162
3014702,27.856213384365514
3014703,9.290896202832808
3014704,112.14723756304517
3014705,6.976198344301666
3014706,911.6808786381364
3014707,610.3591900465334
3014708,18.122865188495886
3014709,34.5533317437296
3014710,574.961911331301
3014711,119.58657865443355
3014712,3294.9362988702487
3014713,130.83571011792282
3014714,31.881483062139907
3014715,12.146206152560687
3014716,0.0
3014717,16.148600006658032
3014718,7718.553084756086
3014719,0.025209320421004936
3014720,991.8191677112977
3014721,16.71240956688452
3014722,2212.141778567493
3014723,1880.864325089985
3014724,566.2665768807018
3014725,297.24586963406665
3014726,211.39047574998173
3014727,9610.819942479391
3014728,53.94165509785199
3014729,1.3559148537945207
3014730,54.84365490636661
3014731,71.1335978673055
3014732,0.4865819869745994
3014733,581.3487992186986
3014734,33.52788260154196
3014735,34.383927668401206
3014736,25.26164716896945
3014737,200.18307590057134
3014738,8.343628615122096
3014739,702.5126003387875
3014740,610.4374193826803
3014741,17.89467451440729
3014742,24.982742605562482
3014743,861.6203506302525
3014744,184.35426293418948
3014745,6713.878068883057
3014746,189.17092210760734
3014747,53.092563015994415
3014748,9.598966366799834
3014749,0.0
3014750,15.169778624545838
3014751,4270.277596843762
3014752,0.022219101610267803
3014753,675.7510044010415
3014754,13.128789544913236
3014755,1803.2817413514372
3014756,1063.6734551936695
3014757,553.3193422332524
3014758,103.59099577741011
3014759,127.26126521758755
3014760,6869.349735959806
3014761,39.62209521237659
3014762,0.4979401591145325
3014763,23.960081088990385
3014764,44.19628577335125
3014765,0.3229076749618471
3014766,615.8306066648113
3014767,14.44074189193211
3014768,12.574130819991543
3014769,9.852911650278426
3014770,107.52886353426277
3014771,3.042508544834705
3014772,764.0227975711471
3014773,851.1873559051708
3014774,11.56441373541348
3014775,20.062492332797063
3014776,609.0437473828554
3014777,76.64434516890515
3014778,2526.5201177468484
3014779,22.972662101403966
3014780,16.360988219614597
3014781,7.842820378775493
3014782,0.0
3014783,10.934229251916662
3014784,5978.495245742306
3014785,0.0
3014786,1076.2569338211106
3014787,19.700053327910453
3014788,1859.7486212590727
3014789,1914.4372078098884
3014790,361.28194863970396
3014791,419.00003436303484
3014792,316.8207579978942
3014793,6818.537249169509
3014794,77.23572060783994
3014795,1.498118870250555
3014796,30.155284749298772
3014797,60.75040404238484
3014798,0.2632806319808825
3014799,501.166655785518
3014800,17.132522987968066
3014801,27.518820172238982
3014802,13.114672847112455
3014803,212.6472629471204
3014804,13.790721098645806
3014805,647.1354069532241
3014806,504.7167765808681
3014807,13.975651039940852
3014808,26.697463647091617
3014809,837.5505826913238
3014810,210.80247920502785
3014811,9008.296955413965
3014812,125.30844175103672
3014813,77.21841326806026
3014814,5.045999906345319
3014815,0.21452693770353432
3014816,2.421020700682254
3014817,2192.5138158542964
3014818,0.0
3014819,330.36391164516385
3014820,16.71486273979874
3014821,1012.7465776187407
3014822,518.9268866128616
3014823,217.8202344335749
3014824,77.44824759716742
3014825,70.37776138408094
3014826,2893.6494656339596
3014827,58.353290797650295
3014828,0.8238556692663027
3014829,20.31531017728003
3014830,24.956881749437105
3014831,0.26950383690015306
3014832,214.9580102148826
3014833,9.425948549093004
3014834,10.978203335879574
3014835,8.307723953240952
3014836,40.08972640110345
3014837,4.212972900249706
3014838,230.96033186435074
3014839,243.6058190025511
3014840,2.3584995751202324
3014841,6.579907861949939
3014842,230.45703053676567
3014843,49.60722445510762
3014844,2136.5064886923515
3014845,0.7557727601831687
3014846,6.711104642909074
3014847,6.5866235587225965
3014848,0.0
3014849,11.630144726836107
3014850,4030.841703037263
3014851,0.045570084681583946
3014852,546.9865979361723
3014853,21.169881871357628
3014854,1834.6817174712896
3014855,951.6237077170547
3014856,427.7830556066109
3014857,95.2098193054492
3014858,129.9033140459622
3014859,5988.930480596313
3014860,97.70904435529907
3014861,1.3142758060272337
3014862,38.67081321287361
3014863,39.045251488472545
3014864,0.31687443210303434
3014865,479.31346558167104
3014866,15.06767625591105
3014867,10.44265589446452
3014868,0.959042895772094
3014869,112.47371857734831
3014870,5.037519804240976
3014871,565.362048549682
3014872,493.89630844673
3014873,8.502126212548408
3014874,21.349508435636004
3014875,368.12415568215954
3014876,77.88486704103698
3014877,2768.4858211067535
3014878,51.321999676593634
3014879,18.41054193565452
3014880,7.096883769457651
3014881,0.0
3014882,5.026717087150459
3014883,4580.857971436679
3014884,0.018959326496364528
3014885,886.1294471649983
3014886,7.085252465023627
3014887,1512.3969393007183
3014888,1677.0847188311711
3014889,230.64272135430875
3014890,362.04764228006013
3014891,225.87658149129857
3014892,5393.251035964977
3014893,29.628257930760416
3014894,1.0508612358670375
3014895,23.745726164683852
3014896,32.96187799769103
3014897,0.36932082522471454
3014898,377.5967193145552
3014899,1.0637759145381822
3014900,36.06129953520626
3014901,4.473756940525879
3014902,121.02315737120821
3014903,8.477212219477847
3014904,597.4007150880941
3014905,326.8249970469873
3014906,18.62355666640326
3014907,9.224672845013655
3014908,694.1245926850645
3014909,117.65871213547639
3014910,7521.352838794412
3014911,3.2072207278674814
3014912,40.5991306785992
3014913,9.085677957391995
3014914,0.0
3014915,7.306554795506719
3014916,4346.654372568884
3014917,0.0
3014918,759.5388930509268
3014919,9.192763432045112
3014920,1802.356761974068
3014921,1137.088709842213
3014922,303.19926286617135
3014923,233.1983760516354
3014924,263.1863664939769
3014925,5769.074928538184
3014926,68.51938083863095
3014927,2.750795624496955
3014928,33.33597325944744
3014929,36.8591401119508
3014930,0.4080683968216422
3014931,368.56789630389295
3014932,6.614881160600049
3014933,58.566281786846304
3014934,5.935587279423336
3014935,228.96307252382235
3014936,7.614049403751803
3014937,483.08397891409453
3014938,330.6972164626269
3014939,12.84825448252302
3014940,21.638828191111564
3014941,476.10130936230746
3014942,130.34852287050438
3014943,7109.625268945487
3014944,2.742478988001975
3014945,9.672569305419941
3014946,7.43041079389289
3014947,0.06768073211545368
3014948,4.8679754238616315
3014949,2500.292823065416
3014950,0.0
3014951,467.8366087657714
3014952,6.332530775376661
3014953,1087.7019711945227
3014954,538.0358463997177
3014955,201.62410258275804
3014956,84.17590044412995
3014957,85.23690367426804
3014958,3130.7182654200087
3014959,14.24776545781519
3014960,0.7051397530229834
3014961,18.862488159071397
3014962,21.620390155680454
3014963,0.1009107762523644
3014964,221.62429454507378
3014965,2.953397876776324
3014966,20.91851696742295
3014967,4.121303917395657
3014968,61.20597079823085
3014969,2.7558905820085933
3014970,265.0415802549349
3014971,246.25155936575078
3014972,4.922871739845553
3014973,4.582438188869633
3014974,179.54979126802107
3014975,84.4738352064303
3014976,2993.5488329026994
3014977,0.03386711049584225
3014978,2.104567012253978
3014979,4.30385689179688
3014980,0.0
3014981,0.6506022816088932
3014982,2260.923271762775
3014983,0.0
3014984,214.8377424911604
3014985,2.643299753170609
3014986,926.1749483495666
3014987,226.57296105274497
3014988,178.32496323456914
3014989,45.21442237892943
3014990,25.450487213185117
3014991,2712.241787499041
3014992,5.026439306789746
3014993,0.4720995437179436
3014994,12.557614534871878
3014995,7.164804456388031
3014996,0.03321124960347063
3014997,166.56523705962127
3014998,0.0
3014999,0.0
3015000,2.8199485375824667
3015001,9.44441853873126
3015002,0.7002551766928359
3015003,49.83380486014918
3015004,161.84598433648245
3015005,0.23220029722938235
3015006,1.5577045545920554
3015007,46.44448507058882
3015008,76.9849722530547
3015009,497.2094473436214
3015010,0.0
3015011,1.6033541843217702
3015012,5.157702546756029
3015013,0.04882674270031569
3015014,7.398290721118805
3015015,3250.289389115645
3015016,0.0
3015017,530.1010855928362
3015018,11.139412697593068
3015019,1221.1115185840654
3015020,864.7597501544823
3015021,280.9314342275701
3015022,161.6936162789956
3015023,122.03211505124905
3015024,4265.661393438626
3015025,27.13952362936924
3015026,0.6234547109825339
3015027,24.64956671622786
3015028,47.179030099718844
3015029,0.0434206446751854
3015030,306.6169359157808
3015031,17.917565461064285
3015032,21.282186338847367
3015033,11.419947373190315
3015034,76.15244536305929
3015035,6.096496895443826
3015036,422.11848638231766
3015037,320.9566936529145
3015038,7.836442045805718
3015039,12.639673857766521
3015040,451.85411316107707
3015041,80.94401885238999
3015042,3482.996256011048
3015043,0.0
3015044,28.519313065932746
3015045,4.613615879282426
3015046,0.05142607258224914
3015047,5.572829079995735
3015048,3907.3231296569
3015049,0.09609785407541771
3015050,643.1286455395297
3015051,14.683387501877244
3015052,1060.5461185062559
3015053,1315.2882133089588
3015054,182.92321955150302
3015055,266.5583235648657
3015056,208.95531380798874
3015057,4101.041677647421
3015058,43.80662376546365
3015059,2.5584366904464653
3015060,17.05895042196218
3015061,26.53608436008202
3015062,0.5688928817638875
3015063,271.7829066418002
3015064,11.989098597115706
3015065,41.570772965294665
3015066,7.2142193287211285
3015067,142.8650495291437
3015068,8.606380390033793
3015069,463.97682701793417
3015070,277.49570650494763
3015071,6.839510374486855
3015072,13.559491322933349
3015073,639.8554639136531
3015074,127.73357020039558
3015075,6222.4233980599765
3015076,0.2879667617666785
3015077,42.34706486725763
3015078,3.9860157746217317
3015079,0.2536707629797685
3015080,11.29320306968194
3015081,4184.478141509634
3015082,0.033690457588384244
3015083,794.2572242387661
3015084,17.55325137274699
3015085,1219.318346933806
3015086,1272.13910890546
3015087,255.55269604756646
3015088,276.3501852424506
3015089,149.83150201637275
3015090,4482.339643560377
3015091,36.68366040648859
3015092,4.6727014672539955
3015093,31.076318113612334
3015094,59.27342465167042
3015095,0.21655732746108036
3015096,312.1024347680103
3015097,24.282777624618895
3015098,39.47901027612552
3015099,21.058718628898628
3015100,116.32621157753584
3015101,14.787342768946939
3015102,345.03843115147026
3015103,279.1212058494539
3015104,13.179885109609351
3015105,17.396446770694894
3015106,523.7504967712206
3015107,146.97256644330594
3015108,5938.15803221805
3015109,0.5332830121952759
3015110,37.715656866947704
3015111,8.491788835948899
3015112,0.16468020300753222
3015113,4.516683588016722
3015114,2788.609222775295
3015115,0.0
3015116,418.47789729413586
3015117,11.208563049598638
3015118,1483.4529893637837
3015119,686.0795297530378
3015120,433.35764209035864
3015121,156.37546277989597
3015122,87.31030583032063
3015123,4798.357025431221
3015124,11.112896572179507
3015125,0.8321741042616542
3015126,30.5730029464984
3015127,32.53905468215102
3015128,0.11083155383440024
3015129,290.7902447486295
3015130,6.534386924108937
3015131,5.3930586489751065
3015132,10.543504797442846
3015133,43.982027326512934
3015134,2.5712239810685764
3015135,311.1723730918745
3015136,340.9686510600926
3015137,7.1443483276582285
3015138,6.8514549078994715
3015139,360.6159460018581
3015140,72.0287920068053
3015141,1089.3197566584643
3015142,16.064898629388598
3015143,11.460809662187588
3015144,4.089460700266521
3015145,0.0
3015146,1.5628034762701872
3015147,2211.8103009769616
3015148,0.1989925243486916
3015149,296.7980847870945
3015150,11.708877868286345
3015151,632.163071197499
3015152,591.6284794003276
3015153,132.29746525782684
3015154,126.87874783738305
3015155,129.56129835011018
3015156,2432.6447485547196
3015157,25.378892727705477
3015158,1.3849906664010252
3015159,15.471087515796663
3015160,25.291522757809354
3015161,0.6690444419959521
3015162,181.59625139892105
3015163,13.980557888738007
3015164,17.504697961495747
3015165,4.298618882565284
3015166,92.14358286969845
3015167,5.77666608895108
3015168,265.09126387613026
3015169,153.7202338098188
3015170,3.3071616772484593
3015171,7.97051836193943
3015172,290.3215329567792
3015173,62.74896264063259
3015174,2161.8237394132857
3015175,0.04652199788932629
3015176,24.261696097864593
3015177,0.8588593743718304
3015178,0.0
3015179,0.8409485533539152
3015180,1091.3410234513856
3015181,0.0
3015182,86.34882634149024
3015183,3.0828373030841076
3015184,1087.9378564052645
3015185,219.01413810233404
3015186,200.54886018742445
3015187,27.326460449847062
3015188,28.99822270695957
3015189,2196.661037403971
3015190,4.369278498321304
3015191,0.21762349693531685
3015192,7.897790575632097
3015193,4.906410613808731
3015194,0.035287194998475005
3015195,122.83697983626564
3015196,1.4703766236977658
3015197,0.0
3015198,0.5876967147962813
3015199,6.529175631073721
3015200,0.4181930411304481
3015201,262.34286185953187
3015202,155.0063909995868
3015203,0.6783406678158898
3015204,2.8811298441136053
3015205,125.9797493147977
3015206,25.311935579998952
3015207,229.36011840391598
3015208,3.174200795470253
3015209,0.5993473781469301
3015210,5.386319315882128
3015211,0.2569108702935925
3015212,2.9478176524272266
3015213,3986.2125292659193
3015214,0.0
3015215,581.1443644689006
3015216,11.078018017161062
3015217,1665.4074566093946
3015218,548.0096755256154
3015219,421.93128242060925
3015220,178.8304869608519
3015221,62.36704297934557
3015222,6100.31565846848
3015223,38.37746731130866
3015224,0.6045669074656179
3015225,16.467400962196397
3015226,21.566886527637415
3015227,0.1085452785342301
3015228,401.46746996837624
3015229,8.325463702353092
3015230,1.3851202677780772
3015231,7.656973207950964
3015232,30.033621559464667
3015233,1.6677149700171687
3015234,870.2122932009098
3015235,349.68170898973267
3015236,2.9294941291780043
3015237,13.568607824543307
3015238,365.61805942744127
3015239,98.13724608993611
3015240,1158.5296339027675
3015241,15.84111555903891
3015242,7.124690642171983
3015243,4.670072172942769
3015244,0.06112244803839993
3015245,0.39566317015161634
3015246,1357.5950458330065
3015247,0.0
3015248,157.848854580246
3015249,6.817957178122434
3015250,1174.0460381065986
3015251,333.51952578230686
3015252,166.98454421290808
3015253,71.71249357053843
3015254,31.87055162185462
3015255,2938.9202620516435
3015256,9.941645418487393
3015257,0.45495274927848356
3015258,9.787983985845372
3015259,15.357299329749322
3015260,0.27579827850152494
3015261,152.6399154552875
3015262,6.425292985453609
3015263,0.0
3015264,8.069839369760134
3015265,28.538721283580394
3015266,1.4255446646917758
3015267,222.30042610870424
3015268,160.15170486521222
3015269,0.9664215667870321
3015270,4.957936233120383
3015271,151.98622662544673
3015272,31.723546732163584
3015273,323.46613532168925
3015274,22.122667002999478
3015275,1.999117018599686
3015276,3.2819004087360617
3015277,0.0
3015278,1.0930450457352532
3015279,1389.0401503463656
3015280,0.0
3015281,97.98880353290629
3015282,6.750346791979171
3015283,1129.4200585505869
3015284,202.6630191955273
3015285,115.22543211309019
3015286,31.1419473297594
3015287,27.8505800455852
3015288,2554.686960392858
3015289,11.192731999265513
3015290,0.10319666671442579
3015291,11.117169007236201
3015292,8.43768073179776
3015293,0.021132754599981537
3015294,113.95667097760574
3015295,1.4665563791941933
3015296,0.0
3015297,1.9524480918257743
3015298,19.928272084927563
3015299,0.5663970502695931
3015300,195.21178439641338
3015301,166.41774191886947
3015302,0.31897701927245425
3015303,3.9626878865692916
3015304,88.18565304008061
3015305,17.987376795389224
3015306,151.0069314789001
3015307,91.02714691763742
3015308,0.9285820169074016
3015309,2.974381712191762
3015310,0.0
3015311,2.6899786221032618
3015312,1623.5490178497
3015313,0.0
3015314,145.60003877975964
3015315,4.858627244909016
3015316,2554.0337056258786
3015317,333.92194010677036
3015318,183.9985489503792
3015319,23.10864061876505
3015320,36.93393641629777
3015321,2910.4397034215144
3015322,10.17097162580784
3015323,0.40879038851397587
3015324,10.001206284102585
3015325,15.71558011048348
3015326,0.15291096641381335
3015327,201.77351082346132
3015328,1.2444775527002676
3015329,0.0
3015330,2.478675253642133
3015331,13.946814786852501
3015332,1.2241697262141567
3015333,353.0880794228965
3015334,213.4441759770449
3015335,1.2095358913124596
3015336,3.8711406523412606
3015337,77.10129131431452
3015338,90.33517606844023
3015339,333.847876227019
3015340,3.368488257435742
3015341,2.5376920340373097
3015342,3.34901448725293
3015343,0.45356533517512443
3015344,2.6070146359076123
3015345,1683.132964713795
3015346,0.0
3015347,173.21035719722911
3015348,1.6591527892872748
3015349,962.2313165024073
3015350,300.2643156951446
3015351,273.8575443583983
3015352,70.33134683606382
3015353,64.50073140195306
3015354,2676.808105268128
3015355,8.387289796705124
3015356,0.6275361328794582
3015357,10.25174363118619
3015358,18.36095807921435
3015359,0.08728753009157181
3015360,184.12912771587582
3015361,6.484024303271043
3015362,0.0
3015363,1.5772960413060082
3015364,17.204717733174018
3015365,0.9289215809872228
3015366,170.84903531152293
3015367,189.29714250777738
3015368,0.8856344713714451
3015369,5.348143162313823
3015370,123.67541431690745
3015371,49.25840266175414
3015372,524.0014805548805
3015373,9.435720647066532
3015374,4.6525377238183285
3015375,3.017411365571647
3015376,0.03456499313230775
3015377,0.5018435999156003
3015378,1102.9286551396494
3015379,0.0
3015380,122.26979229068316
3015381,4.0158453253948
3015382,1102.4699401189105
3015383,175.3358020815072
3015384,127.92540942120681
3015385,117.93370270032216
3015386,23.070706214324858
3015387,1803.022684117612
3015388,3.452590658377506
3015389,0.19483369420294752
3015390,9.443265010352615
3015391,6.3794373997888
3015392,0.1629305356209646
3015393,116.67341095024088
3015394,0.0
3015395,0.0
3015396,1.621826603051867
3015397,16.23626987876839
3015398,0.741029052977242
3015399,65.69354381556718
3015400,116.78207505491923
3015401,0.739501122129575
3015402,2.3827288960937496
3015403,68.87619627765739
3015404,30.837491935603836
3015405,358.52530692168983
3015406,0.030928483003700546
3015407,0.6437189951324949
3015408,6.026651638498059
3015409,0.580387759251633
3015410,2.10393402312631
3015411,2659.9290177261273
3015412,0.0
3015413,253.675461958353
3015414,6.404839742772019
3015415,978.2564600351725
3015416,506.65944416044243
3015417,385.70725687485003
3015418,167.83215959654535
3015419,74.49231606702037
3015420,3672.275881548762
3015421,15.714568417298043
3015422,0.9493177464199574
3015423,13.938720432855776
3015424,19.819463126620697
3015425,0.2896754044818582
3015426,211.1833200553886
3015427,0.7900265221747709
3015428,0.0
3015429,11.36514068352443
3015430,20.963111255907755
3015431,1.57437435851991
3015432,282.3636678764361
3015433,221.1269827000738
3015434,1.5651432019639009
3015435,7.225780029870568
3015436,300.08729847535466
3015437,51.235347544941554
3015438,1061.046739848884
3015439,20.29707804839539
3015440,9.5052902271871
3015441,2.818229983749034
3015442,0.037423241888097036
3015443,3.429943924889735
3015444,1939.5282715693097
3015445,0.0
3015446,483.0865779149186
3015447,7.939079464929973
3015448,532.9715467224096
3015449,456.54662545330245
3015450,155.6800483718684
3015451,120.22506923331
3015452,42.808153839084966
3015453,2436.081013018338
3015454,9.236653546008801
3015455,0.772486612099604
3015456,19.759902636005545
3015457,12.618068257618821
3015458,0.28339590334786513
3015459,139.25792369934265
3015460,7.879601667426744
3015461,5.191202187528788
3015462,4.1132609561501425
3015463,46.044302978897434
3015464,1.414833661698355
3015465,192.20082927829958
3015466,127.40530506910183
3015467,3.145638726473762
3015468,4.286270324512205
3015469,148.99619517468892
3015470,55.94229764314821
3015471,1211.6544261081694
3015472,16.521251000627984
3015473,7.211882517628812
3015474,4.923397967564334
3015475,0.4197337846030394
3015476,2.911144192184473
3015477,2009.691229860598
3015478,0.0
3015479,137.8915327426749
3015480,5.549407806913626
3015481,801.0079619627393
3015482,253.1040039039742
3015483,182.11294900130383
3015484,42.6869446762921
3015485,37.97338542257857
3015486,2788.5551830678323
3015487,43.81207207624052
3015488,0.6134035482094434
3015489,11.441429790610684
3015490,11.326647344691866
3015491,0.09970475102946828
3015492,130.07486272145877
3015493,4.780122483103963
3015494,0.0
3015495,3.4301392973500797
3015496,33.877892339458434
3015497,1.948761439520928
3015498,152.26956717192274
3015499,140.77333033010976
3015500,0.9167778103996715
3015501,4.189901693800741
3015502,185.48283753478233
3015503,24.75294153296071
3015504,401.1088948492211
3015505,2.0502915672465116
3015506,2.742115163670047
3015507,4.808897286723881
3015508,0.050895329347826215
3015509,4.314415140257134
3015510,2576.7105965629535
3015511,0.0
3015512,564.945556668216
3015513,8.37588430622919
3015514,769.090171539597
3015515,627.7008921119344
3015516,182.60092524674886
3015517,132.26893180973494
3015518,82.87355720364573
3015519,3347.7352866758733
3015520,39.205923018217284
3015521,1.022747787838849
3015522,12.164349562962782
3015523,24.990646562384352
3015524,0.2727802365657935
3015525,234.09195366305684
3015526,20.313810000692058
3015527,12.733529183098005
3015528,7.436418540943204
3015529,64.25926947791672
3015530,6.501687371702067
3015531,299.4080571994408
3015532,224.924646379468
3015533,7.129111917443195
3015534,7.66502788789213
3015535,369.9295342969133
3015536,91.31184260803721
3015537,1883.9425748209492
3015538,0.04377045709378555
3015539,24.701675123355447
3015540,5.615275934193047
3015541,0.04751208175507468
3015542,3.7740260216126718
3015543,3122.0754455434408
3015544,0.0
3015545,385.74884680463185
3015546,6.7016461088757175
3015547,1817.7052449987586
3015548,522.899888815406
3015549,480.3185621812496
3015550,62.35853889194295
3015551,66.02278125886953
3015552,4545.908230467871
3015553,11.73307435361072
3015554,2.1038941561095656
3015555,17.31754184833863
3015556,10.76597416503932
3015557,0.05945805655513152
3015558,240.14307021507346
3015559,1.7245166406162564
3015560,4.927702687099486
3015561,5.0911336300299235
3015562,33.91810592474181
3015563,0.6662585274876218
3015564,719.5122636486582
3015565,278.86766711998337
3015566,3.056904106091083
3015567,4.0840886228689355
3015568,251.66953681181354
3015569,52.02365046762116
3015570,719.5494761462306
3015571,10.069977044758442
3015572,6.894258816557798
3015573,8.688107439015946
3015574,0.2864791558573767
3015575,1.3893003749430342
3015576,2501.6322853734946
3015577,0.0
3015578,337.8081442261987
3015579,4.824055472529264
3015580,2168.1961865240255
3015581,393.015841245152
3015582,208.5394827617459
3015583,157.1549371290272
3015584,57.16528474162267
3015585,3468.5680817361003
3015586,13.476083956915247
3015587,0.39569873867708455
3015588,19.35609696983306
3015589,24.501375139132918
3015590,0.14973252949247962
3015591,261.0903451379274
3015592,1.7095096594966468
3015593,2.180759028553018
3015594,8.304213660406765
3015595,83.56492024760387
3015596,1.153162498412245
3015597,123.62348292662557
3015598,194.55475682533677
3015599,1.0046326834620838
3015600,2.7643964507297993
3015601,146.2538612509417
3015602,124.09601914853374
3015603,739.8629493681872
3015604,0.4698945062787073
3015605,4.215532773867397
3015606,4.186940814245734
3015607,0.13642441380812595
3015608,0.6803493896472721
3015609,1851.5696581990037
3015610,0.0
3015611,121.75518398953142
3015612,7.13594966101794
3015613,966.04364597124
3015614,277.88588753753424
3015615,130.1164726635483
3015616,53.5504417646993
3015617,42.579332865072935
3015618,2482.6989400241464
3015619,10.17331107057256
3015620,0.3204930961040795
3015621,13.229398851138917
3015622,15.228960169372696
3015623,0.10969686941462128
3015624,131.04338744559047
3015625,0.9015299237806028
3015626,0.0
3015627,2.8075008683577973
3015628,40.62307669120494
3015629,1.7741245479182095
3015630,124.42501719426483
3015631,138.36589831823346
3015632,1.2463051608736704
3015633,4.423927046250681
3015634,109.60474125715027
3015635,28.047375026423865
3015636,396.8659798656161
3015637,6.981067942166838
3015638,1.1180743687900918
3015639,1.8555556903718422
3015640,0.0
3015641,0.5110938259455905
3015642,1491.33170142612
3015643,0.04451117357828084
3015644,239.4969500832345
3015645,11.446164772754164
3015646,537.88581459273
3015647,481.1897209096643
3015648,111.09221549490822
3015649,48.291076989537835
3015650,52.968525339338406
3015651,2137.4104096006618
3015652,25.227011156683563
3015653,0.4141937920667128
3015654,9.90998896754242
3015655,11.552518517870503
3015656,0.2145731153767027
3015657,121.27050274251056
3015658,9.235877008112448
3015659,4.644567512938817
3015660,6.41033250984203
3015661,41.02089285594839
3015662,4.51199460772847
3015663,684.4771527854894
3015664,139.7978804176507
3015665,3.4908380107122357
3015666,4.66642230415265
3015667,317.27481723181205
3015668,31.960611825512697
3015669,988.5151086508955
3015670,0.0
3015671,8.652222301444384
3015672,2.36572767604946
3015673,0.10793886421777257
3015674,2.2108154733854652
3015675,3231.619024524847
3015676,0.04551255091620405
3015677,629.840476617132
3015678,20.78637708026498
3015679,1045.6923428584812
3015680,989.2702432719279
3015681,225.6043004879568
3015682,180.97719178448529
3015683,159.12952433110425
3015684,3653.777498811643
3015685,36.20443510709168
3015686,0.6903527170838555
3015687,17.220001172286405
3015688,34.37349530480417
3015689,0.06981792888341876
3015690,236.89579097989466
3015691,9.989507002126055
3015692,30.90332980628307
3015693,8.281005331804176
3015694,76.27406877828747
3015695,10.81224100975681
3015696,309.34404407127084
3015697,245.0998401142712
3015698,13.775905847439503
3015699,8.045986146650726
3015700,473.1392005810231
3015701,94.22233479694151
3015702,2900.2930027345565
3015703,0.0
3015704,16.92723610596326
3015705,2.7559909008612546
3015706,0.12091604155667571
3015707,2.7389769999552622
3015708,1678.1542106150837
3015709,0.02954792142779923
3015710,277.1174371608726
3015711,5.173926164994283
3015712,411.20427914179714
3015713,427.2765947193486
3015714,118.7104478750277
3015715,88.65833596290176
3015716,60.41713523908239
3015717,1588.8968833520762
3015718,15.292209269162576
3015719,0.45508042640391844
3015720,9.501983565779645
3015721,13.695298012257545
3015722,0.08434089675168295
3015723,83.1203259239353
3015724,0.0
3015725,19.71323692288862
3015726,2.389933644408492
3015727,113.52306929087992
3015728,3.3972322765901604
3015729,156.5181709634562
3015730,93.64446039644041
3015731,2.853222231757628
3015732,4.717557516828453
3015733,133.22444219788716
3015734,30.103092006750877
3015735,1080.5558176814945
3015736,0.5303771815405374
3015737,1.9277601599038907
3015738,3.4376587961170166
3015739,0.0
3015740,1.3553838989943063
3015741,673.7319660742189
3015742,0.0
3015743,180.09997721681034
3015744,4.555675031967031
3015745,292.1590779180597
3015746,168.52372386157117
3015747,51.15102186620797
3015748,27.30883971032528
3015749,32.681389562101636
3015750,1192.9955220163613
3015751,11.141914338944435
3015752,0.3503813883903109
3015753,8.287491282383325
3015754,7.000596158251872
3015755,0.22835370011861228
3015756,70.7315107052977
3015757,0.11483657977251595
3015758,5.416428191868949
3015759,0.5011035564594035
3015760,20.414785414518345
3015761,0.26157278661730204
3015762,216.90613339651202
3015763,123.50893337333707
3015764,1.8103725204793022
3015765,1.044066832169265
3015766,103.5361264816345
3015767,12.970476133977435
3015768,333.60973253835
3015769,0.3765184536107935
3015770,1.9067842941695012
3015771,4.488569362549212
3015772,0.13157884571154027
3015773,3.6572893404293714
3015774,2542.970471473122
3015775,0.12404656470650846
3015776,537.5323375469036
3015777,12.84440811357485
3015778,617.2629319203415
3015779,720.237035876226
3015780,197.33704955160624
3015781,177.75148830874218
3015782,88.29035878965966
3015783,3033.3020517703544
3015784,17.978935113270083
3015785,1.4525574675136734
3015786,14.774987829982946
3015787,21.71341999643127
3015788,0.2965566320279589
3015789,192.85094433755427
3015790,2.8356078449261095
3015791,26.07135688038982
3015792,4.381217739845632
3015793,99.3459460515904
3015794,3.0885015496264767
3015795,201.87568420160204
3015796,152.76583298952636
3015797,8.234566510199729
3015798,6.5056220438489305
3015799,274.5161934045943
3015800,59.051088169358366
3015801,1917.0269902949976
3015802,0.8107917663369001
3015803,10.260639373935478
3015804,5.745894544801062
3015805,0.009907683259060981
3015806,1.5087637429956846
3015807,2679.5723942764594
3015808,0.0
3015809,486.3786717872174
3015810,10.95766170023527
3015811,1017.5206916964985
3015812,615.8694562505225
3015813,279.96690772264367
3015814,199.19124502301887
3015815,55.01186068244589
3015816,3785.017830629774
3015817,10.797620650500436
3015818,0.6187323181374969
3015819,21.698165884871976
3015820,13.556789559504304
3015821,0.369676528269903
3015822,199.64444957774916
3015823,0.0
3015824,4.84280438243217
3015825,3.582001164702321
3015826,29.672061938688987
3015827,1.0620349028108407
3015828,289.2536485010538
3015829,202.9191600192459
3015830,3.1111975260614044
3015831,2.9134922179709832
3015832,182.16247143934643
3015833,76.51747381272823
3015834,1292.0039967858943
3015835,1.9596217243858645
3015836,1.6437976640015237
3015837,4.8656262277439115
3015838,0.3071409453133506
3015839,1.0673458758352363
3015840,2766.3779253493312
3015841,0.0
3015842,570.0870321340974
3015843,10.21151075042497
3015844,906.3191652300895
3015845,473.29908577935805
3015846,222.58681742587524
3015847,160.3352286874078
3015848,52.36097685126087
3015849,3661.173819413649
3015850,10.704372802922588
3015851,0.7974034358609807
3015852,17.658196828939143
3015853,12.449458417991849
3015854,0.11150207987386432
3015855,201.87808082942288
3015856,0.0
3015857,4.449000334113858
3015858,3.5087176079939937
3015859,61.19314001971658
3015860,1.0518915777925433
3015861,158.02348405321797
3015862,194.18351621656245
3015863,4.347941582328654
3015864,2.925194250297838
3015865,173.23884481262274
3015866,43.19554537803606
3015867,856.1243011970924
3015868,1.514502228063718
3015869,4.091419836007557
3015870,10.199870821100015
3015871,0.45453928557173845
3015872,10.282695625508227
3015873,6866.7635545450075
3015874,0.07597004853302321
3015875,1007.2027971006466
3015876,67.77112327887238
3015877,1609.0074370494265
3015878,1567.4586589463584
3015879,291.3647185152107
3015880,377.2862755087665
3015881,286.0065432581807
3015882,6830.9121689905505
3015883,69.82567413356857
3015884,1.8841450886983433
3015885,25.862000681335115
3015886,48.1831482273055
3015887,0.42798421560982697
3015888,427.04301085656346
3015889,25.6718819962152
3015890,42.386336393874274
3015891,24.910375307065966
3015892,181.2664754402359
3015893,21.518830398498853
3015894,604.5979578783515
3015895,469.5447995962703
3015896,14.666773779976024
3015897,19.994276089071498
3015898,925.5943669014894
3015899,198.33834712904905
3015900,5789.859572933442
3015901,1.0460269660792196
3015902,68.13871975673553
3015903,3.5048368289462406
3015904,0.3568088575233588
3015905,0.3433112225526474
3015906,1628.7883544167541
3015907,0.0
3015908,171.2448664439989
3015909,3.830695490604924
3015910,813.6649567201919
3015911,236.55116118171145
3015912,114.459005842317
3015913,124.00393091851012
3015914,39.83990648990003
3015915,2988.1942705225974
3015916,3.196337476273306
3015917,0.30122093168338226
3015918,12.923473022156628
3015919,9.12156819016173
3015920,0.26678956381035174
3015921,213.78140924879997
3015922,0.2262737977339495
3015923,0.0
3015924,2.818714652332183
3015925,17.792315973364676
3015926,0.6923674365484342
3015927,164.54408527262115
3015928,95.82150234910368
3015929,1.8127220439850207
3015930,3.5346463021161787
3015931,103.66750915107988
3015932,18.895180304320156
3015933,477.02111898104374
3015934,0.118995035345047
3015935,2.8111982303282175
3015936,6.749320444369991
3015937,0.2213884697525771
3015938,1.8383019910162166
3015939,2777.362973151995
3015940,0.0
3015941,505.4007609469816
3015942,9.970108907639059
3015943,1609.5951637856203
3015944,465.89545144633297
3015945,184.84283795105372
3015946,243.0768878200086
3015947,68.77155632808153
3015948,4299.565965574795
3015949,12.3571283783238
3015950,0.3284225900032322
3015951,19.041562768964734
3015952,17.48613633479667
3015953,0.15886096975152503
3015954,228.56847653373273
3015955,1.2429791997301325
3015956,3.6116225788077934
3015957,8.345968765940821
3015958,15.272582332517525
3015959,1.1981093734200732
3015960,710.8144762289752
3015961,243.00084071113173
3015962,2.7876456119817186
3015963,6.55767444338597
3015964,138.71216867669824
3015965,51.933201890775834
3015966,1041.0278630921462
3015967,1.2209817174442703
3015968,3.688404576801473
3015969,1.5176411913337424
3015970,0.0
3015971,0.5032299873615845
3015972,1035.4815162387026
3015973,0.0
3015974,143.22657431129863
3015975,2.368223551028307
3015976,839.6855890256501
3015977,128.1335375075301
3015978,81.27479137664852
3015979,162.12421210495464
3015980,15.704457934016908
3015981,1736.676354896292
3015982,1.692533199137249
3015983,0.22164897357770885
3015984,7.372535226707352
3015985,2.9380238752421985
3015986,0.027967556657322867
3015987,66.9806393283897
3015988,0.0
3015989,0.0
3015990,0.31801322294309253
3015991,7.516774478384237
3015992,0.2780033334799553
3015993,112.5683044631104
3015994,73.19944004848888
3015995,0.37446374176764496
3015996,1.150997838268899
3015997,50.1587951184409
3015998,10.61192068260953
3015999,148.83875419646273
3016000,0.020140572557962862
3016001,0.8088594718110989
3016002,6.831333160519561
3016003,0.0
3016004,0.7481477564286125
3016005,1585.788468773904
3016006,0.0
3016007,181.3442787779174
3016008,6.038112669598438
3016009,943.1869514124916
3016010,261.5681634564692
3016011,154.58884451313696
3016012,97.23837234216109
3016013,47.2747493438966
3016014,2604.573546453691
3016015,2.219394176391394
3016016,0.49188661991479954
3016017,15.726617456230198
3016018,10.773186059144871
3016019,0.09715571330770101
3016020,152.75019246982882
3016021,0.0
3016022,0.0
3016023,10.072493891504662
3016024,14.895451473587421
3016025,0.9312388002048602
3016026,328.63355620636764
3016027,158.25768667013048
3016028,1.1526010923898522
3016029,3.3533638810938156
3016030,178.30256912814997
3016031,16.722068643796707
3016032,1004.2965461178402
3016033,0.0
3016034,0.6214594900231842
3016035,3.311823973805867
3016036,0.196715185333922
3016037,0.9374444376305684
3016038,2164.308627433027
3016039,0.0
3016040,559.7969397162033
3016041,6.6349817752507425
3016042,746.3621994331621
3016043,482.1058162232697
3016044,197.28343327914644
3016045,64.42309772103384
3016046,56.185603086790316
3016047,3663.124494784027
3016048,4.734370518534281
3016049,3.375819056325077
3016050,20.877206283848594
3016051,31.060983192900906
3016052,0.2910647349288083
3016053,171.26943577121642
3016054,2.7779747590046275
3016055,6.083862746791889
3016056,2.91057829216649
3016057,35.464471855189366
3016058,1.9744890324918825
3016059,239.36066910165437
3016060,228.67270438600514
3016061,3.1312417924021028
3016062,5.985991585261962
3016063,132.01874378864179
3016064,25.570298700001814
3016065,548.3898376822974
3016066,1.9890165604775545
3016067,2.6112321411170587
3016068,2.5084021949502318
3016069,0.012883550103374651
3016070,0.15865904603821365
3016071,1109.702266861348
3016072,0.0
3016073,68.15036864658916
3016074,2.903958660319998
3016075,362.91222504526104
3016076,141.37452082919268
3016077,63.399546556901484
3016078,90.71631663088094
3016079,22.54747227527723
3016080,1829.7679131877594
3016081,4.572623007818263
3016082,0.2424628762334338
3016083,6.627669068647151
3016084,8.015844637715173
3016085,0.13114407096413983
3016086,77.02044565122014
3016087,0.0
3016088,0.0
3016089,0.3456464306315333
3016090,14.880896004564528
3016091,0.3685300054250192
3016092,299.56298754360137
3016093,75.46580084636989
3016094,0.6232902697452398
3016095,1.1406770914270115
3016096,53.56690178176164
3016097,15.27613057336498
3016098,288.1729858735747
3016099,0.11413467676562233
3016100,0.3761890636499815
3016101,3.234401605841904
3016102,0.03555797398655058
3016103,0.4252355108944505
3016104,2821.8905386879146
3016105,0.0
3016106,404.0773238048744
3016107,6.292510758126262
3016108,704.7418463804296
3016109,410.08612601875
3016110,169.14504623440413
3016111,146.28750499039612
3016112,48.893855847108355
3016113,3290.9389650852254
3016114,4.87721426712059
3016115,0.19875671866083464
3016116,11.984390218714573
3016117,7.833972421252989
3016118,0.2276568424635981
3016119,174.0019300193095
3016120,0.0
3016121,19.320103904659618
3016122,1.937687884667866
3016123,20.456708470784832
3016124,0.6056651776809993
3016125,392.91498764801617
3016126,170.73700238111516
3016127,0.9337207960335463
3016128,2.894430996423831
3016129,126.10303658449861
3016130,37.97071148314205
3016131,931.8429084046004
3016132,0.47562329812975457
3016133,0.4949593681490989
3016134,2.9252756040435286
3016135,0.0
3016136,5.6908482491454295
3016137,2728.713318333264
3016138,0.09204801097213616
3016139,494.141151733285
3016140,8.70995673757692
3016141,867.9111637477806
3016142,707.532106672167
3016143,173.39293129487203
3016144,121.71628946042932
3016145,107.18192050233895
3016146,3579.4346017757216
3016147,66.95056273187011
3016148,1.4624809005828132
3016149,23.485165517734906
3016150,26.501670395542956
3016151,0.3762463568485619
3016152,231.22663844637808
3016153,17.60504148477282
3016154,22.968096407817782
3016155,1.5403136330289706
3016156,123.53332110262724
3016157,7.031519446469225
3016158,217.30439278835792
3016159,264.6740152744024
3016160,11.111064767058348
3016161,13.529292061102293
3016162,237.99412560130835
3016163,72.38232466058561
3016164,2290.8958700165576
3016165,0.11320425339015044
3016166,9.117450470455498
3016167,4.721615426765571
3016168,0.0
3016169,4.175459220797151
3016170,2000.966410963859
3016171,0.0
3016172,377.36830034255564
3016173,12.703255625051385
3016174,844.8511065953293
3016175,559.9698340181349
3016176,102.89830883710331
3016177,61.6420808090581
3016178,82.05083230998278
3016179,3134.5494333781076
3016180,28.010602743101945
3016181,0.7987192548224168
3016182,28.298724027988925
3016183,44.93904683452965
3016184,0.023643745964625255
3016185,259.5538294983946
3016186,13.187257100856307
3016187,15.340840540954412
3016188,5.779855404673487
3016189,79.41701459605154
3016190,8.528099218847302
3016191,138.31208509068804
3016192,336.9446349992336
3016193,5.172448109122874
3016194,8.669195429304251
3016195,107.65679757269707
3016196,72.15505305601215
3016197,1561.1963351584873
3016198,0.0606249634036885
3016199,16.58844417656528
3016200,6.993923711064615
3016201,0.18281510146806765
3016202,3.173339562670291
3016203,3255.7223619482393
3016204,0.0
3016205,575.4973480103898
3016206,7.565830694616858
3016207,3238.3493867394227
3016208,508.9107279181008
3016209,152.97392032781772
3016210,263.6164999086093
3016211,56.13822647824345
3016212,5247.273332250614
3016213,27.348066304167443
3016214,1.3660988789206037
3016215,18.350070155217235
3016216,19.89813422761882
3016217,0.12841592533488413
3016218,242.37694652680082
3016219,3.3717825839869047
3016220,11.932708111832866
3016221,6.1458502802937955
3016222,41.5505933714911
3016223,1.7991641842180977
3016224,242.95340807347782
3016225,316.8796904071129
3016226,6.121671639885897
3016227,7.483605511559212
3016228,217.17318492009585
3016229,51.23616646765673
3016230,1252.1767496839311
3016231,4.9178842957308895
3016232,10.300944032897428
3016233,3.111038759067607
3016234,0.31391589948272963
3016235,1.5628944277273076
3016236,2109.5425938136077
3016237,0.05470226872649386
3016238,317.4854374602869
3016239,5.933225942778442
3016240,610.5353018448106
3016241,564.7716669273426
3016242,168.49705167514435
3016243,107.30176614349018
3016244,62.87305836722224
3016245,2716.2157835164408
3016246,22.54327110773472
3016247,1.308721935562093
3016248,9.651269660735318
3016249,9.751779551596808
3016250,0.20547806329585405
3016251,210.40032087717074
3016252,15.473095074308187
3016253,15.173048322711441
3016254,0.9642240746756562
3016255,46.91933708607665
3016256,6.004822670343633
3016257,304.8704362603917
3016258,221.9275353674828
3016259,4.0343184130111664
3016260,6.7578819439458675
3016261,270.507105205155
3016262,32.744629917402065
3016263,1603.3551297311187
3016264,0.04842332064561229
3016265,18.910116351426545
3016266,3.4617105237176804
3016267,0.17526353753439677
3016268,1.4293530292407846
3016269,3465.9784072340253
3016270,0.0
3016271,343.05675354429263
3016272,5.4524710910335585
3016273,1771.4672700394651
3016274,485.9700457533113
3016275,211.18130847654078
3016276,131.9179965070201
3016277,59.7992113906553
3016278,4595.585766289898
3016279,8.410986655182715
3016280,1.5684928515257939
3016281,22.17123250637655
3016282,16.429261958211466
3016283,0.21579696084521127
3016284,335.81708821466896
3016285,0.0
3016286,0.11551361329651136
3016287,6.865734772454921
3016288,24.695920809346937
3016289,1.4200047659025699
3016290,172.61669051847446
3016291,261.7823698445971
3016292,2.612108654229048
3016293,8.327185751151148
3016294,156.985900135538
3016295,51.58924342422226
3016296,768.7387118420255
3016297,0.022197011893322686
3016298,3.8980318726460195
3016299,5.503712451882814
3016300,0.021592553751084306
3016301,3.980162175891084
3016302,2093.734536148015
3016303,0.014952234531622968
3016304,372.3143127597324
3016305,8.582543737984897
3016306,1128.577368365292
3016307,511.1112728316366
3016308,182.49797138557216
3016309,88.25873210261541
3016310,122.14295909243901
3016311,3438.484999131087
3016312,34.81581222418606
3016313,0.8451425338390982
3016314,14.7869598694828
3016315,26.21316422664349
3016316,0.1434715552430551
3016317,195.93699553251494
3016318,12.799075942391271
3016319,14.284879075685339
3016320,4.679312882748939
3016321,79.90113732406888
3016322,8.426912600519087
3016323,186.4774012606996
3016324,295.039079459124
3016325,10.756087591081428
3016326,6.567491415202437
3016327,156.21958665016422
3016328,54.710435135761756
3016329,1534.6483501723426
3016330,0.3233286243916037
3016331,5.135298246939248
3016332,2.2614094390198263
3016333,0.0
3016334,4.648945372320654
3016335,2267.5962840850752
3016336,0.0
3016337,418.572628521874
3016338,10.617555775532761
3016339,624.7542488980937
3016340,662.6499414751846
3016341,144.15485370058758
3016342,115.61544495162792
3016343,102.40172362946709
3016344,2780.342742280037
3016345,23.67319934750229
3016346,0.6970014492383941
3016347,15.164589091572289
3016348,14.64012480232698
3016349,0.0964924383425622
3016350,172.40166824775469
3016351,12.642536155788571
3016352,29.788351895065503
3016353,4.561976416769169
3016354,56.16501948357636
3016355,7.850093916265072
3016356,222.8013245409668
3016357,177.05010985761544
3016358,8.07481920124593
3016359,6.722385157594615
3016360,207.46888675024687
3016361,51.15485332263674
3016362,2025.0186654942788
3016363,0.04978010260408787
3016364,12.78411313865146
3016365,3.8076595576954526
3016366,0.12007816779840699
3016367,1.949983817858625
3016368,4130.065702165313
3016369,0.0
3016370,461.4885606856075
3016371,10.979208058083664
3016372,1109.868143395596
3016373,488.949516546214
3016374,226.6580521900939
3016375,155.2711112068774
3016376,51.83636044875257
3016377,3943.1079848542468
3016378,6.177569135636318
3016379,0.13179337744912284
3016380,11.5315296014513
3016381,11.514452021803418
3016382,0.05035986129361382
3016383,212.16553541668412
3016384,0.0
3016385,6.634220943149982
3016386,0.6373828790307353
3016387,42.697471368423464
3016388,2.0003841649609906
3016389,269.3250985410388
3016390,249.0981873453244
3016391,2.5898437529995286
3016392,1.6507096151139313
3016393,203.77903570256083
3016394,141.57459470777474
3016395,1028.4210797175424
3016396,1.5064901227568481
3016397,1.0281864768961382
3016398,12.264587875112772
3016399,0.0
3016400,14.00140877803433
3016401,7760.851899806967
3016402,0.004675458112103709
3016403,1238.8271323239596
3016404,28.56786042167539
3016405,2073.1653095717684
3016406,1900.413717272529
3016407,427.5848777876844
3016408,444.7433108091381
3016409,401.1370691654929
3016410,8005.809133377069
3016411,95.47946518655907
3016412,4.598838597599534
3016413,83.50522246723874
3016414,118.01411853031783
3016415,0.32690972529562584
3016416,554.9422289235852
3016417,35.59207680925339
3016418,20.621850747121115
3016419,28.187994048350017
3016420,361.9361017575799
3016421,20.40332603081134
3016422,708.1817327822487
3016423,482.0995246437364
3016424,32.01966157609881
3016425,30.453626441163113
3016426,934.5891136574711
3016427,279.7410912762632
3016428,6555.405420797367
3016429,72.98794077949793
3016430,75.98157776464448
3016431,11.573183889703024
3016432,0.0
3016433,10.942686134389957
3016434,7205.604123873087
3016435,0.0014313045962845525
3016436,897.6324786610751
3016437,25.71887840736362
3016438,2096.737793196943
3016439,1641.9664970029917
3016440,522.9377755463963
3016441,294.0799765252097
3016442,240.7671805054025
3016443,8110.3590042337055
3016444,138.9117166205199
3016445,1.2339968175102944
3016446,51.085530538073506
3016447,74.47312611919985
3016448,0.5104000857748806
3016449,558.4400366745715
3016450,29.553874117716965
3016451,32.67566653816436
3016452,11.829774916050706
3016453,210.20591752522174
3016454,14.101799300121572
3016455,917.2845042682234
3016456,564.1888765038518
3016457,18.828444591105995
3016458,23.29171368681781
3016459,823.1872635935844
3016460,216.67648181622027
3016461,4487.799707951461
3016462,132.38700715121655
3016463,58.231931883040446
3016464,9.36344771324749
3016465,0.0
3016466,13.015453846154985
3016467,4505.846325898935
3016468,0.13422730949666029
3016469,770.7772941649876
3016470,13.844315970330168
3016471,2012.1641381189563
3016472,1135.3462718818419
3016473,625.5141101405587
3016474,105.83226754782848
3016475,232.35872175612906
3016476,7191.584064341708
3016477,43.91766296429098
3016478,1.493972673026717
3016479,19.888147579728695
3016480,28.212959384918737
3016481,0.3491409589307912
3016482,515.5857988848186
3016483,26.46856925324746
3016484,16.48806740171768
3016485,10.952823756033458
3016486,113.631036612304
3016487,7.2544191625579675
3016488,775.9984747150479
3016489,575.3737731034478
3016490,18.622401913334627
3016491,28.540209690814244
3016492,616.2800104676014
3016493,121.0979826104724
3016494,2139.3174182570933
3016495,102.30579360996505
3016496,32.46287269957582
3016497,13.536344000216738
3016498,0.0
3016499,14.485201698381259
3016500,6296.252635842498
3016501,0.01843862718963091
3016502,896.5319346355301
3016503,21.06748032515044
3016504,1983.9001544388575
3016505,1630.834828707853
3016506,498.28014978915485
3016507,258.65030941275626
3016508,184.27155875238563
3016509,8201.8141395027
3016510,52.1869330868251
3016511,1.4143150356596252
3016512,44.36754263384906
3016513,73.773150001746
3016514,0.45475192728557906
3016515,565.4990431159506
3016516,37.13042317205765
3016517,23.3637103675501
3016518,15.278223883180821
3016519,197.6947594075314
3016520,9.86775498009318
3016521,716.4572964746585
3016522,601.4773072136153
3016523,17.926897878998478
3016524,26.712681070163043
3016525,907.4906551282486
3016526,182.99841477397035
3016527,4353.8822767825395
3016528,131.35557955528833
3016529,56.2857370554506
3016530,9.788438140056275
3016531,0.0
3016532,15.412693687087305
3016533,3969.4008245046857
3016534,0.026086528497422382
3016535,658.4727251437021
3016536,12.844158279725857
3016537,1780.5255702464383
3016538,941.9839840614138
3016539,522.0137874801055
3016540,89.09873107908564
3016541,166.68000608564654
3016542,6871.978450511917
3016543,39.441236833812816
3016544,0.4091737684056932
3016545,20.126924222442078
3016546,40.824027042820475
3016547,0.24676719845849654
3016548,518.1961511440885
3016549,25.079771754754685
3016550,10.051771378844538
3016551,6.7013787894266
3016552,112.51528723916115
3016553,3.539499458943359
3016554,672.5577667464554
3016555,588.1604736425054
3016556,11.910722310742067
3016557,17.428232159212065
3016558,625.211468373098
3016559,81.5528566036329
3016560,1547.173440312864
3016561,33.19374975998917
3016562,15.309508351814769
3016563,11.743360004286165
3016564,0.0
3016565,9.226529700728685
3016566,5091.922589656422
3016567,0.0069979681276219115
3016568,839.6821750899235
3016569,19.91659344198059
3016570,1485.4872425058309
3016571,1578.140032360063
3016572,332.86899795353287
3016573,340.9206897804231
3016574,280.56792383657654
3016575,5853.251112156681
3016576,66.95453363657887
3016577,1.8656864035994092
3016578,44.12788183149299
3016579,58.01678376907169
3016580,0.26202847528723255
3016581,416.2401317816663
3016582,20.460836292025324
3016583,21.8275418842191
3016584,15.161415284098318
3016585,217.22151945952604
3016586,11.5221100342497
3016587,580.2388225448524
3016588,457.14390056973934
3016589,15.196440953434294
3016590,24.6973898239108
3016591,687.0941951925529
3016592,168.46398629902015
3016593,5274.1566162010395
3016594,89.2971942928678
3016595,67.30116066162901
3016596,4.295670682042715
3016597,0.18173470226389873
3016598,3.2103920262031034
3016599,1605.1586601481808
3016600,0.0
3016601,305.9075954305416
3016602,18.23184252349518
3016603,715.3851946379694
3016604,418.93060154434215
3016605,191.28178321934564
3016606,59.00543664603924
3016607,67.4192174798746
3016608,2417.1640828276913
3016609,34.99174642664335
3016610,0.8535758774307727
3016611,21.335510888944782
3016612,19.257565474503473
3016613,0.2812066595324594
3016614,174.11686048223544
3016615,10.618332831183977
3016616,8.685485893008918
3016617,8.985512934075071
3016618,56.34427491257109
3016619,3.763235819610217
3016620,233.7284868331458
3016621,204.4091652949361
3016622,2.5564978571115184
3016623,6.6481150756514396
3016624,176.95375292428125
3016625,55.86212456271117
3016626,1238.1589169595281
3016627,0.5906961820938041
3016628,9.591958414649227
3016629,10.830499070921118
3016630,0.0
3016631,14.895217290697957
3016632,4633.857364897079
3016633,0.08748338591497434
3016634,623.5338219115623
3016635,27.172049416556693
3016636,1884.3363101056389
3016637,1148.6219386715466
3016638,487.32005468959255
3016639,101.07510884454743
3016640,198.81385306259392
3016641,6513.562680766476
3016642,110.06607818524343
3016643,1.2685876982812259
3016644,49.43324918415547
3016645,44.05790978617123
3016646,0.6246370837254208
3016647,482.57326356569376
3016648,18.056945988194734
3016649,12.027377342297294
3016650,1.6197795202022747
3016651,159.95793476894767
3016652,7.890476344694543
3016653,611.8913096246505
3016654,571.3623021824051
3016655,10.38785493934333
3016656,24.973396882086075
3016657,431.8758244584077
3016658,79.56523443720904
3016659,2288.180695226308
3016660,64.75151963113444
3016661,27.003874472943153
3016662,6.5014452080563885
3016663,0.0
3016664,3.3094997609139223
3016665,3619.707588839364
3016666,0.015815282300131375
3016667,719.1957825939919
3016668,7.591979220001509
3016669,1145.2291065848376
3016670,1227.001538158304
3016671,201.25586678225747
3016672,266.4710896830878
3016673,177.68047998844764
3016674,4040.3400220383405
3016675,36.878391397505354
3016676,0.8880282389444675
3016677,15.219018079351638
3016678,27.92442528991719
3016679,0.31120843958106575
3016680,273.2432627912624
3016681,0.7914357966105795
3016682,41.18218455183838
3016683,5.67609524721248
3016684,98.54952272046049
3016685,7.626446787229084
3016686,473.80079572290043
3016687,212.8426502659729
3016688,17.761751449988804
3016689,10.243544389167965
3016690,538.4964652135926
3016691,109.48212205761057
3016692,4139.801462322131
3016693,3.061460529899852
3016694,35.11845809119684
3016695,8.936748468111997
3016696,0.0
3016697,4.571809219833473
3016698,3875.7472844193217
3016699,0.0
3016700,638.6445316871576
3016701,11.69029175744869
3016702,1327.9677443816695
3016703,879.6419187725861
3016704,266.79762906729667
3016705,183.0160521431132
3016706,290.468932886532
3016707,4744.602430082154
3016708,55.195442602162466
3016709,2.6709218681453226
3016710,25.477367202804707
3016711,32.550734456507875
3016712,0.3895260510535345
3016713,289.70727000765163
3016714,6.373482485660567
3016715,48.79686180647029
3016716,5.392681188459086
3016717,249.66778207438475
3016718,7.0985965745736905
3016719,446.97382297239596
3016720,259.38597488972357
3016721,14.316756666606357
3016722,20.823743515094804
3016723,375.4759709972409
3016724,105.27659747726707
3016725,3732.6893041081926
3016726,2.4257060838174875
3016727,7.180858587177005
3016728,6.4289942281045285
3016729,0.043509896613007984
3016730,3.066376335830747
3016731,1703.5226505042385
3016732,0.0
3016733,366.8189351757585
3016734,7.644900468374683
3016735,762.6231277479892
3016736,361.18450575976226
3016737,190.6524807009473
3016738,63.62070970114364
3016739,72.91291054716943
3016740,2425.816574028031
3016741,14.590696158400215
3016742,0.7309079946027075
3016743,18.05566937093407
3016744,17.411256956823753
3016745,0.1007904596068322
3016746,147.933153987851
3016747,2.77111964189278
3016748,9.500860161073746
3016749,3.567238677723806
3016750,48.6638747976545
3016751,2.2211400491649473
3016752,205.0911127421561
3016753,207.7751964609407
3016754,4.536502147654788
3016755,4.731410148976249
3016756,148.67732949535144
3016757,46.1303100954538
3016758,1396.4750852154461
3016759,0.052837492302518614
3016760,1.9851434210115408
3016761,4.9214694480626
3016762,0.0
3016763,0.8473872892631551
3016764,2336.3329221365866
3016765,0.0
3016766,179.45237326320105
3016767,3.3218682880182335
3016768,1086.663555670035
3016769,186.59162035928762
3016770,193.88064627193484
3016771,51.516601318056026
3016772,28.48783023642533
3016773,3082.371228660131
3016774,5.830363402481678
3016775,0.47767024407001135
3016776,12.771226364542104
3016777,8.111968486370726
3016778,0.05345766316718453
3016779,162.73069407887638
3016780,0.0
3016781,0.0
3016782,2.8806411091469366
3016783,9.99145270615867
3016784,0.8840019854836227
3016785,57.188065981941044
3016786,150.70007923246317
3016787,0.2876340128109738
3016788,2.46404885932142
3016789,59.02728067893917
3016790,81.09966020995442
3016791,501.1747739859765
3016792,0.007774461027650193
3016793,1.8058171415793116
3016794,4.927846111381463
3016795,0.03774317611662266
3016796,5.627354404147335
3016797,2763.3136468295384
3016798,0.0
3016799,448.77150397816047
3016800,13.506326656779589
3016801,1062.2720672542923
3016802,686.7126859931648
3016803,266.90843301243166
3016804,133.35601121590463
3016805,106.31578284416851
3016806,3844.651285454193
3016807,28.060685196653328
3016808,0.8208526620916252
3016809,19.670818568760588
3016810,43.9353292490291
3016811,0.04327901821238332
3016812,264.94077388436267
3016813,18.66301718421473
3016814,14.48212002930943
3016815,13.872046249414035
3016816,68.5752327540099
3016817,6.0565528299497
3016818,388.0478170774127
3016819,259.1177452692654
3016820,6.552681781084057
3016821,11.592991695566136
3016822,416.110486258509
3016823,73.34922193538594
3016824,2003.1650027183366
3016825,0.0
3016826,21.29183882452297
3016827,4.040871875145603
3016828,0.04782978070491979
3016829,4.76301822168441
3016830,3408.3534042978167
3016831,0.08810700583690709
3016832,563.3485663659637
3016833,15.122881547415755
3016834,917.8598623693945
3016835,1028.4991336194776
3016836,148.78199553918896
3016837,222.22545350417607
3016838,179.02526682812896
3016839,3524.521224354011
3016840,38.28945057119189
3016841,2.0412851722697316
3016842,18.472315712415455
3016843,20.297078845979097
3016844,0.4466093312746988
3016845,222.26506512462504
3016846,11.37408601379579
3016847,34.41688240051571
3016848,7.891248754575764
3016849,144.16946458271875
3016850,9.871545447155139
3016851,403.1127905464057
3016852,225.82859377993333
3016853,6.078553214410942
3016854,12.824023575521657
3016855,549.0811906467055
3016856,114.5583682512081
3016857,4167.163221538623
3016858,0.3226954683476619
3016859,31.441025311649337
3016860,3.354271741663971
3016861,0.16068946986322147
3016862,9.298255232011108
3016863,3578.0540522428055
3016864,0.022369058693150375
3016865,678.1123846348013
3016866,21.151168496053913
3016867,949.2413999566828
3016868,1041.3604721843935
3016869,221.14185710423033
3016870,227.24825229735066
3016871,112.89037670388348
3016872,3900.6773474659117
3016873,35.71502865962995
3016874,2.8482472873275495
3016875,29.843336402009534
3016876,40.41872498849432
3016877,0.20110900514443897
3016878,274.983539529063
3016879,22.44695339162386
3016880,19.82501965323934
3016881,24.353729357421713
3016882,143.60197938451884
3016883,13.557431962357823
3016884,325.6866773144768
3016885,255.73072698952404
3016886,13.015442249297438
3016887,16.28651429523582
3016888,442.57555283669285
3016889,123.64413918890538
3016890,3181.4952495705093
3016891,0.5055070295486844
3016892,29.76091153342776
3016893,9.25718336866461
3016894,0.15465891133434878
3016895,4.577194324130076
3016896,2803.129509356529
3016897,0.0
3016898,394.9662667999686
3016899,10.7290131601934
3016900,1591.4255203099988
3016901,564.1865103030548
3016902,415.5565210409028
3016903,173.90123418655006
3016904,84.75687615892981
3016905,5730.302859402666
3016906,12.333937826177852
3016907,0.9749233427127066
3016908,26.736219744577006
3016909,30.890524413463545
3016910,0.07634136890643956
3016911,294.1787310622978
3016912,5.647833784005643
3016913,5.196712627226187
3016914,4.352881348376739
3016915,28.74619574859595
3016916,2.367206547641965
3016917,526.8803405811426
3016918,338.1468733833642
3016919,7.092415095341501
3016920,6.067651039122211
3016921,329.9250358763336
3016922,84.39429829008041
3016923,1183.1529180648504
3016924,19.96477298453249
3016925,10.915150050857878
3016926,4.485741386548817
3016927,0.0
3016928,2.1986382382539507
3016929,2588.7012483517256
3016930,0.19863810810722524
3016931,372.8540226595959
3016932,14.497388597668788
3016933,686.2534392150071
3016934,684.9206889079367
3016935,185.2634047228551
3016936,158.89836219522795
3016937,155.41847614628193
3016938,2868.1249511397596
3016939,20.95995841204441
3016940,1.5118342642747895
3016941,17.757626620668248
3016942,25.314806318411385
3016943,0.3941643073806771
3016944,184.8218849852051
3016945,13.853026689822144
3016946,21.78709558677786
3016947,5.781494088004377
3016948,161.03226547985577
3016949,5.365030308350956
3016950,589.9758132469841
3016951,156.46436185402285
3016952,4.055087364736354
3016953,8.646376663005753
3016954,535.5917153979067
3016955,72.86699936775273
3016956,2475.4948143286665
3016957,0.025363373358242458
3016958,30.93707267826221
3016959,0.9524618738544657
3016960,0.0
3016961,0.8473819329643026
3016962,1384.7725834824353
3016963,0.0
3016964,88.76717443905876
3016965,4.154101482410518
3016966,1006.4848213212617
3016967,235.25857515001695
3016968,320.63733815862133
3016969,32.54561180645743
3016970,31.67388276081747
3016971,2389.604016363834
3016972,5.751168474976974
3016973,0.22947188249625428
3016974,6.171216057097773
3016975,5.4921721462758315
3016976,0.014337282137273663
3016977,128.79003426473938
3016978,1.5985006742011785
3016979,0.0
3016980,0.7208771967765516
3016981,11.234690142710324
3016982,0.46133524360820255
3016983,154.827360872914
3016984,151.51035598525456
3016985,0.7887411936438591
3016986,2.8082741437104928
3016987,147.0377669283634
3016988,24.916894132860044
3016989,243.18545467589445
3016990,11.884174609130763
3016991,0.5283328993530775
3016992,5.930933418960992
3016993,0.25733476031272645
3016994,3.7656425392391055
3016995,5218.571957437305
3016996,0.0
3016997,680.7378460306644
3016998,14.115979839031322
3016999,1959.3228191845876
3017000,554.2681018315892
3017001,574.302441878557
3017002,306.804820593386
3017003,86.35963251793805
3017004,7391.439782907262
3017005,36.08480869339681
3017006,0.6075276236783381
3017007,16.934846971616306
3017008,22.10704926629485
3017009,0.15916006266189137
3017010,402.06250666966287
3017011,6.029457893249672
3017012,2.0803744820419565
3017013,9.139055191410385
3017014,68.63666398726404
3017015,1.897291537135244
3017016,601.8257395062876
3017017,342.685054620653
3017018,2.4814479024693434
3017019,13.332724785749885
3017020,561.7284585052605
3017021,92.1077337031928
3017022,1613.2732969443196
3017023,17.514430509295423
3017024,6.452258549023927
3017025,4.77250984614266
3017026,0.06968098559304166
3017027,0.32503164693874714
3017028,1723.1495775706874
3017029,0.0
3017030,174.58167140900116
3017031,11.779113863685001
3017032,1119.0023693112291
3017033,266.85372228655916
3017034,233.95777957870956
3017035,62.76651480996951
3017036,40.65112059345209
3017037,2782.190049585509
3017038,12.42835504189496
3017039,0.4782234282955915
3017040,11.234035398549755
3017041,14.35651947598715
3017042,0.22718639232726473
3017043,132.10132983425362
3017044,6.147420447429754
3017045,0.0
3017046,11.514254545422173
3017047,47.9904162864342
3017048,1.3246126572442738
3017049,129.5604302066284
3017050,148.81809805916768
3017051,0.9400021469127516
3017052,4.454509890973431
3017053,155.0956029670441
3017054,31.881777426069675
3017055,304.90524264551937
3017056,11.659627959858017
3017057,1.795941929170613
3017058,3.4800378972385513
3017059,0.0
3017060,2.7572527378337988
3017061,1727.0190591212513
3017062,0.0
3017063,104.31488807344681
3017064,6.291346079829548
3017065,975.8645051466215
3017066,228.94213973183926
3017067,166.90533105163038
3017068,35.44105527189812
3017069,33.522068116321144
3017070,2784.172386443669
3017071,17.511012625850434
3017072,0.11993183831841817
3017073,12.831539668557351
3017074,10.890038550167283
3017075,0.0004659018583817037
3017076,127.8908687707965
3017077,1.2467312761986202
3017078,0.0
3017079,2.3588494551248242
3017080,45.25489590168634
3017081,0.6096437065410378
3017082,140.05601118513474
3017083,157.58211460314868
3017084,0.39270214702980566
3017085,4.073847166745997
3017086,96.06484821344867
3017087,19.94028636117638
3017088,189.34653142050183
3017089,86.6266028829018
3017090,1.1337105338880975
3017091,2.833826567892166
3017092,0.0
3017093,2.5176545418967646
3017094,1591.4865598181439
3017095,0.0
3017096,158.0195944438547
3017097,6.944851867785786
3017098,1250.0142330580438
3017099,302.3181008663923
3017100,329.8559359328085
3017101,35.31038023979444
3017102,44.499418508808134
3017103,3308.253437836161
3017104,12.553293324586729
3017105,0.4780897515396503
3017106,8.857671404557555
3017107,18.78753982197288
3017108,0.14861773492794678
3017109,168.66411453896393
3017110,0.983405192619917
3017111,0.0
3017112,2.6393677534177034
3017113,25.536324161160557
3017114,1.5014412985216372
3017115,238.5055803142173
3017116,245.85541554227171
3017117,1.2466595961639477
3017118,3.9217498035078653
3017119,71.03329139435759
3017120,83.82702031972374
3017121,323.0756556583673
3017122,10.721603658394029
3017123,2.814324880755323
3017124,2.6644016273326656
3017125,0.4445877174258145
3017126,2.511896446627503
3017127,1799.107139037446
3017128,0.0
3017129,157.9643984213689
3017130,1.8376598445787473
3017131,1024.2238643550052
3017132,288.5430255712992
3017133,297.56519359021934
3017134,73.28722666371785
3017135,64.83109987281973
3017136,2584.934388978799
3017137,10.78538701908033
3017138,0.9645450085721378
3017139,13.579349353608976
3017140,15.891231965238273
3017141,0.09016336255298416
3017142,212.3180577183635
3017143,6.550480325079702
3017144,0.0
3017145,2.1002391523467194
3017146,29.73033798383237
3017147,1.239279366306914
3017148,126.09812119065164
3017149,176.80553576744495
3017150,0.7069414360169091
3017151,4.166590546534504
3017152,126.61291285453166
3017153,48.075970483241136
3017154,527.8935677747018
3017155,8.02857692872356
3017156,3.433828628403498
3017157,2.9465483576937292
3017158,0.03639660804493519
3017159,0.5709253638356584
3017160,1485.2320012201117
3017161,0.0
3017162,112.68958003926257
3017163,6.374205202503006
3017164,694.228731318552
3017165,184.8368336443827
3017166,153.1564964425148
3017167,98.22843173762624
3017168,33.69697391645906
3017169,1817.558680648877
3017170,3.461501774397051
3017171,0.2352510097793734
3017172,6.574905827983656
3017173,6.604290058267245
3017174,0.14206909141336466
3017175,132.4609447596781
3017176,0.0
3017177,0.0
3017178,1.4898371617624475
3017179,31.639675333751256
3017180,0.8198573662239541
3017181,51.05209844801689
3017182,116.92056968703855
3017183,0.713436430699806
3017184,2.2092974366835296
3017185,56.73012818038008
3017186,27.263633663260446
3017187,466.5129549561052
3017188,0.026857371567718738
3017189,0.5677600119177669
3017190,6.414306222712417
3017191,0.5890479150978407
3017192,2.5154257222108005
3017193,2740.085629594207
3017194,0.0
3017195,263.1802976071917
3017196,7.607918279364782
3017197,1040.1420913485595
3017198,476.908514070577
3017199,526.8295352430009
3017200,158.71627620907208
3017201,89.1144512101945
3017202,3658.155960712258
3017203,16.901521646467813
3017204,0.915616212944595
3017205,15.826085861597184
3017206,19.026565318061788
3017207,0.2600474065280043
3017208,223.32237752012935
3017209,0.8057617150990648
3017210,0.0
3017211,9.094759627593294
3017212,52.35053151660878
3017213,2.0026752525988925
3017214,204.2833801372641
3017215,219.54817402337397
3017216,1.6629445499764808
3017217,6.54512369677858
3017218,326.1137593388787
3017219,50.83170213284785
3017220,1032.047127342863
3017221,19.964808918316038
3017222,10.157947956250876
3017223,2.7742125034638376
3017224,0.04636373614075126
3017225,2.8525709262785464
3017226,1815.922216795899
3017227,0.0
3017228,424.85839505812004
3017229,6.135676979568973
3017230,448.3027636400443
3017231,411.76625643976774
3017232,197.54483519432998
3017233,126.8643525785298
3017234,51.73350118551588
3017235,2174.916399338111
3017236,8.214665557434113
3017237,0.6880396235665416
3017238,15.07658811189564
3017239,11.333067534997443
3017240,0.2076879464364366
3017241,126.3214614244547
3017242,5.50463977766533
3017243,4.735336411609909
3017244,3.983915847614165
3017245,60.46761117141497
3017246,1.2236806150605457
3017247,83.99730656461627
3017248,129.8012724138417
3017249,2.975187659467628
3017250,4.29621792123793
3017251,212.2015106322436
3017252,53.07639976732384
3017253,1069.8207320930082
3017254,16.087770363156093
3017255,6.961098028821619
3017256,4.580173323141626
3017257,0.40975621536752943
3017258,2.9730562967186414
3017259,2798.9449370076127
3017260,0.0
3017261,141.84872320245884
3017262,7.400425479575022
3017263,928.4214583908813
3017264,301.44731697873146
3017265,270.70436670100037
3017266,39.01410770490597
3017267,44.512083418014626
3017268,3434.281946000467
3017269,51.46720302323641
3017270,1.1975946621414266
3017271,13.94854269280522
3017272,12.604842702556486
3017273,0.07251614552481961
3017274,163.28212829183175
3017275,3.998496588025721
3017276,0.0
3017277,3.4463393833474147
3017278,57.19412213540193
3017279,2.2939793119123495
3017280,146.1058480170824
3017281,196.65270923385737
3017282,1.3025172863425707
3017283,4.359883365323002
3017284,119.99832009550605
3017285,20.649469901636756
3017286,398.5093028727772
3017287,7.27114370728612
3017288,2.523201430696544
3017289,5.040756932280265
3017290,0.06748802320057133
3017291,7.608836381185101
3017292,3128.885129956355
3017293,0.0
3017294,598.5484082000004
3017295,12.965554436408802
3017296,899.7164744895751
3017297,777.8281751516791
3017298,255.8552348120682
3017299,184.00243746090524
3017300,121.72061342697361
3017301,3836.7902542378206
3017302,37.6984218791107
3017303,1.5479834100900867
3017304,18.468663968355685
3017305,27.717499228701836
3017306,0.23397712193829817
3017307,251.6127604327266
3017308,20.802958703455364
3017309,16.562229104082284
3017310,7.76113811502041
3017311,122.6080799299375
3017312,8.306165611285245
3017313,1370.9009250158786
3017314,246.36235823459086
3017315,7.186820244918798
3017316,8.299826994089258
3017317,636.4926751976852
3017318,98.03398433023001
3017319,2173.0404769359598
3017320,0.05285590214205607
3017321,36.93640456913389
3017322,5.085292915149351
3017323,0.04237808015111079
3017324,2.854390328334923
3017325,3294.8712842551777
3017326,0.0
3017327,341.2720571307616
3017328,9.445598745165949
3017329,1452.566903615071
3017330,466.6003362132244
3017331,922.7510460941305
3017332,76.75902736463323
3017333,81.8084961412909
3017334,5038.840609412866
3017335,12.867574091008425
3017336,0.4790888492643447
3017337,18.457865013985018
3017338,11.280471465079959
3017339,0.025173068905432368
3017340,252.60352570659308
3017341,1.7862984473767145
3017342,4.472130636327731
3017343,2.7370721865133354
3017344,65.8727752643874
3017345,0.7683471447176171
3017346,261.5300482458541
3017347,256.9193812447939
3017348,3.051420834985473
3017349,3.5238797020571493
3017350,561.6991859976598
3017351,62.77342304210536
3017352,787.9342205589801
3017353,12.8534329800136
3017354,6.572752856827943
3017355,8.783798041687225
3017356,0.24159863110919094
3017357,1.9656100597273012
3017358,2726.4600570727484
3017359,0.0
3017360,333.59247376454215
3017361,4.793801471740668
3017362,1327.1570567462447
3017363,415.8752137909479
3017364,277.13568995919314
3017365,153.71145773463223
3017366,81.67767226007669
3017367,3598.5952989229536
3017368,12.118119044978094
3017369,0.38393007955645
3017370,28.247664767981316
3017371,21.186551288649643
3017372,0.1316067573657946
3017373,224.04213906577297
3017374,1.9785089425830398
3017375,2.2071888751066386
3017376,8.629407743488473
3017377,105.87116121330816
3017378,1.358065851477238
3017379,108.94734669656077
3017380,220.5843516939102
3017381,0.956079086586717
3017382,2.5662464155811855
3017383,166.57287158176138
3017384,144.14308721577203
3017385,1016.4725264993036
3017386,0.30969239170757046
3017387,3.031462440732683
3017388,3.6390271707545585
3017389,0.13486800110117986
3017390,0.9531730934422564
3017391,1735.2361075370577
3017392,0.0
3017393,211.70005469338747
3017394,7.835911715115688
3017395,816.5209471144808
3017396,289.8100636408153
3017397,154.53362511558566
3017398,80.94652720840529
3017399,54.27205686281934
3017400,2635.623874077103
3017401,10.453334853191418
3017402,0.3828336469626652
3017403,15.223051618750343
3017404,11.921919315545335
3017405,0.09786247811894558
3017406,150.9537770014929
3017407,1.0916171779250272
3017408,0.0
3017409,3.0931026517380036
3017410,67.3214986434706
3017411,1.9875133840718515
3017412,131.89932156471988
3017413,158.33918117976006
3017414,0.9586721859365995
3017415,4.1043138876907985
3017416,181.8277833571655
3017417,34.098542594619076
3017418,805.3646562187014
3017419,12.189501734162754
3017420,0.9199116911368173
3017421,1.5440281945980758
3017422,0.0
3017423,1.6522285415765596
3017424,1514.3594017769042
3017425,0.0
3017426,241.84222746436922
3017427,13.00836816882594
3017428,529.288802796161
3017429,448.5934360266966
3017430,130.81251360899677
3017431,56.06572551819604
3017432,76.97700561177294
3017433,2183.3458822115613
3017434,22.578985696698947
3017435,0.3446631882852482
3017436,9.352947290898257
3017437,17.114114014528333
3017438,0.057027694974317075
3017439,118.47553979608574
3017440,7.605785276156618
3017441,2.7633311872583475
3017442,4.3870173400503285
3017443,64.80870321066999
3017444,4.81890116044206
3017445,539.6187495354487
3017446,131.87758311473783
3017447,3.521102774668974
3017448,5.15800125871535
3017449,430.36598512189454
3017450,37.060882181140705
3017451,1098.2814221693511
3017452,0.0
3017453,11.943299950013435
3017454,2.6495639519629237
3017455,0.14150151944897987
3017456,4.367822899567367
3017457,3927.9724281838207
3017458,0.09681202339539662
3017459,786.0178703573308
3017460,25.314495358385788
3017461,1158.53215603836
3017462,1216.43298318664
3017463,301.7508771263475
3017464,267.4530051850036
3017465,211.7007899147282
3017466,4427.495942743181
3017467,35.68278060562019
3017468,0.6808805586596486
3017469,17.264656758773576
3017470,42.33680768127633
3017471,0.09126441141773088
3017472,241.4165024325408
3017473,12.52314547555766
3017474,36.775154700286045
3017475,7.596994942379609
3017476,142.05836098427878
3017477,11.922959171560022
3017478,701.6602700735033
3017479,261.1861404237198
3017480,13.821741857395557
3017481,7.865967264903482
3017482,837.8202378738861
3017483,128.23740071894707
3017484,3593.3469449272243
3017485,0.009963261165597573
3017486,37.62920892835399
3017487,3.0797883717568566
3017488,0.15646113845902798
3017489,3.1300404337592194
3017490,2126.7339546391536
3017491,0.03348656590867674
3017492,373.68927979702494
3017493,6.135732957602364
3017494,461.00327079204556
3017495,506.13673951797904
3017496,179.8833896546544
3017497,123.78212889374484
3017498,88.65550771011735
3017499,1983.7030935092575
3017500,20.103809040142707
3017501,0.6694452777515661
3017502,12.17249432284297
3017503,16.50142924153845
3017504,0.09254547642254136
3017505,102.80358901371015
3017506,0.0
3017507,23.464093087708676
3017508,2.312989333224116
3017509,218.67037571884205
3017510,6.24408959457978
3017511,361.81591558106453
3017512,99.81490163664571
3017513,3.334653196410694
3017514,5.377609330566252
3017515,272.99677756054706
3017516,38.11127619752044
3017517,1551.1595134822892
3017518,0.4644383772441065
3017519,4.859953648797305
3017520,3.4823493273845365
3017521,0.0
3017522,0.17167083845276132
3017523,790.4539194077935
3017524,0.0
3017525,213.95222238017874
3017526,5.09672028126568
3017527,385.05431343121916
3017528,204.30651047119426
3017529,108.20923779471211
3017530,37.11090363963985
3017531,27.434028476539734
3017532,1524.700315523462
3017533,13.655524677209954
3017534,0.48622444459473446
3017535,9.947467058242959
3017536,10.494210499142618
3017537,0.14345846008330856
3017538,74.30467629121574
3017539,0.09766600803727848
3017540,8.662389779072305
3017541,0.47384689117077494
3017542,24.898331768468605
3017543,0.3199072563347601
3017544,414.2245734796828
3017545,117.74798404681306
3017546,1.9381810181137302
3017547,0.9864008258446637
3017548,218.33440786260513
3017549,16.222998611031713
3017550,449.15757553859726
3017551,0.30896192084851165
3017552,1.3027961902779366
3017553,4.1253563031352405
3017554,0.1213441102097552
3017555,2.9590787640820664
3017556,2568.1639413755893
3017557,0.10315545246288073
3017558,513.7104000274372
3017559,14.54522763660059
3017560,648.946237391347
3017561,663.2811632261005
3017562,277.3116696141536
3017563,195.9036361819974
3017564,138.00231742568937
3017565,3130.5286542984
3017566,22.445023504707883
3017567,1.331849901769357
3017568,14.914232263729678
3017569,22.419408339188884
3017570,0.255403729699218
3017571,173.7551164507854
3017572,3.4262835678893677
3017573,32.05339082881849
3017574,4.468065715450462
3017575,216.82466867507637
3017576,2.9069124888181954
3017577,391.59578504264334
3017578,185.03130483795124
3017579,6.43708792412974
3017580,7.776215242573807
3017581,432.7129696927264
3017582,68.42041055988777
3017583,2025.4358481910824
3017584,0.793086358751308
3017585,23.33216200485796
3017586,5.211564786145597
3017587,0.0016784249384742024
3017588,1.5446116644806915
3017589,2862.2694949287443
3017590,0.0
3017591,425.2245406162866
3017592,13.917444189400337
3017593,1164.8427303230005
3017594,577.0578878675971
3017595,417.1937740294546
3017596,137.40462348560644
3017597,76.95458992409291
3017598,3860.72105789361
3017599,10.668730743104508
3017600,0.9568201732377091
3017601,21.185366185243243
3017602,18.440823384579325
3017603,0.3852222220629754
3017604,184.50237458796207
3017605,0.0
3017606,3.64476901204836
3017607,3.6296033934343157
3017608,66.03300750338146
3017609,1.0527167322172057
3017610,173.8132395675372
3017611,218.52382456790468
3017612,3.6046836721502
3017613,2.673527801230867
3017614,212.44913791199434
3017615,72.85371998296445
3017616,963.5768155832714
3017617,1.475423095652125
3017618,1.4183822416360543
3017619,4.019190794492457
3017620,0.2625732514478305
3017621,2.1193218448844755
3017622,2603.373463545762
3017623,0.0
3017624,515.7462262349902
3017625,11.387674106357634
3017626,907.0036328108602
3017627,476.24608607371766
3017628,248.32751659500533
3017629,132.48526708648197
3017630,77.49536247962402
3017631,3103.730376565419
3017632,11.874069147602972
3017633,0.7620605413712819
3017634,17.32980288790717
3017635,15.608220857637445
3017636,0.09507432143136983
3017637,175.57608504219854
3017638,0.0
3017639,4.762898157705437
3017640,2.944572069746613
3017641,90.83034436709555
3017642,1.071553323568134
3017643,97.7301814786257
3017644,175.5292235375192
3017645,4.2178674877304
3017646,2.91831450584054
3017647,220.02137241884776
3017648,52.27415219661165
3017649,701.2119594090366
3017650,1.2868816658341793
3017651,3.791463269871905
3017652,10.198103133750106
3017653,0.5833031615392664
3017654,12.649404959500814
3017655,8249.594098241227
3017656,0.08177067188886784
3017657,1193.5404821700822
3017658,48.092375193961274
3017659,1935.382930921586
3017660,1940.3120883917682
3017661,409.26982279227576
3017662,505.2892392871996
3017663,384.74049864231233
3017664,7827.4221032287405
3017665,86.34892293225337
3017666,2.131329792864122
3017667,35.86976856045999
3017668,60.0084223417364
3017669,0.42321716190531444
3017670,495.5249981653688
3017671,39.11199487210665
3017672,65.24529045094727
3017673,30.372639146129323
3017674,330.321090682463
3017675,31.753997469696188
3017676,1236.2268593427095
3017677,512.331309476232
3017678,17.911956831040506
3017679,17.3537153417669
3017680,1631.1321151239913
3017681,224.5956013226528
3017682,7206.999738064886
3017683,1.2250196180728579
3017684,115.67291697284153
3017685,2.9442924105129396
3017686,0.34549035688967783
3017687,0.31199480141183733
3017688,1335.0487586814252
3017689,0.0
3017690,142.32070516322696
3017691,3.615591855112645
3017692,587.3969468323085
3017693,216.81406646205875
3017694,141.828172087137
3017695,133.8932176568575
3017696,42.95976931877042
3017697,2221.7633614328884
3017698,3.1656546681949655
3017699,0.3167908782993541
3017700,12.912727831486361
3017701,8.604607252481873
3017702,0.22225674344119142
3017703,119.52574857967588
3017704,0.25319180519598716
3017705,0.0
3017706,3.0119914415720697
3017707,28.675595025675708
3017708,0.6952622556795166
3017709,69.60954422003533
3017710,92.31608456879214
3017711,2.8585310523413128
3017712,3.666624341696262
3017713,123.01287812663352
3017714,17.88398290136945
3017715,446.75536603887645
3017716,0.10611412755319097
3017717,2.6924614345162903
3017718,7.330627993417938
3017719,0.2291516350427235
3017720,2.0489705861146645
3017721,3059.5039278165104
3017722,0.0
3017723,525.4858042587166
3017724,12.144821306958058
3017725,1282.2208416908124
3017726,502.9856807944807
3017727,271.44570308180414
3017728,275.2885706653046
3017729,65.58834972577412
3017730,4410.497549150674
3017731,12.670262517183058
3017732,0.33857660670269474
3017733,23.211914685212015
3017734,17.134548772398826
3017735,0.1329701422726215
3017736,228.1418637873797
3017737,0.9450312397990088
3017738,2.8979191795207653
3017739,9.193833151833347
3017740,19.853781491282405
3017741,1.321170378240205
3017742,339.9186269055072
3017743,237.58768398237572
3017744,2.614554408094935
3017745,6.389209139773301
3017746,146.50118275054695
3017747,55.626115048248145
3017748,1072.0765927622217
3017749,1.2689386794838677
3017750,3.999342129236858
3017751,1.4613366720492988
3017752,0.0
3017753,0.46887097893138585
3017754,899.2451486746437
3017755,0.0
3017756,104.06021212342927
3017757,3.3336172177748233
3017758,512.8939403441094
3017759,113.35464431847771
3017760,109.32437309209631
3017761,135.50241986767114
3017762,15.349636692552702
3017763,1650.798142122997
3017764,1.9904362951142
3017765,0.1771145178205232
3017766,9.89720793064743
3017767,3.0384641093438574
3017768,0.01845431867534963
3017769,59.89828307753062
3017770,0.0
3017771,0.0
3017772,0.39332069262244923
3017773,66.54022247212774
3017774,0.33052468097611337
3017775,82.32334545599653
3017776,76.97194880836878
3017777,0.4259239780369888
3017778,0.9448319507132632
3017779,66.00386912407586
3017780,9.613691431800145
3017781,166.90178674147555
3017782,0.01687776259334398
3017783,0.7893532931438745
3017784,6.0944606336468
3017785,0.0
3017786,1.4643528211149623
3017787,1735.8398558657696
3017788,0.0
3017789,169.0316940872665
3017790,9.958493536705088
3017791,815.2973378022793
3017792,248.6360096266743
3017793,235.7331989088505
3017794,80.36377901540607
3017795,67.73178316765093
3017796,2707.224521843297
3017797,2.353281261635135
3017798,0.43700090505139255
3017799,15.563526700425074
3017800,11.469069460004839
3017801,0.10556788611197468
3017802,139.41169192521107
3017803,0.0
3017804,0.0
3017805,9.550107577488182
3017806,25.78988202066896
3017807,1.133114218061405
3017808,196.5278824593124
3017809,157.13394480950225
3017810,1.0974272585547507
3017811,3.6006034461970455
3017812,273.4853112280034
3017813,26.187635040990184
3017814,982.496324710292
3017815,0.0
3017816,0.5337795665402398
3017817,2.841522286261656
3017818,0.3186998351311682
3017819,0.9140444112898745
3017820,2347.365707254303
3017821,0.0
3017822,621.658769110056
3017823,8.150856756427507
3017824,947.6098119590492
3017825,509.90479821523974
3017826,247.40480592294168
3017827,96.17948193897362
3017828,72.77642030993849
3017829,3828.019139380088
3017830,5.6207011722123195
3017831,3.426418018535517
3017832,32.666134707201294
3017833,37.26408310394718
3017834,0.2500588609443937
3017835,195.80959578926797
3017836,2.0353190694534824
3017837,7.252650468345912
3017838,2.406361954197808
3017839,44.395588435857505
3017840,2.609324591818412
3017841,177.39902502380943
3017842,234.2756129590974
3017843,3.557049644945016
3017844,5.672033224631711
3017845,189.08710634171035
3017846,32.75093095412923
3017847,584.452666384753
3017848,1.4415661570439973
3017849,2.018901750133896
3017850,2.956291347087421
3017851,0.020744465152250473
3017852,0.15623196528684194
3017853,1299.8068703469744
3017854,0.0
3017855,89.6688511845907
3017856,3.5209046693453683
3017857,339.5756195733276
3017858,126.89925138354631
3017859,90.25613224712572
3017860,78.13901155820759
3017861,37.56565325833224
3017862,1711.188990692178
3017863,6.2824789311526885
3017864,0.23362546824027683
3017865,7.593613614300301
3017866,8.486740537863797
3017867,0.11203980983353534
3017868,70.96513605330009
3017869,0.0
3017870,0.0
3017871,0.31961022266406436
3017872,26.175496874267104
3017873,0.5642912254534469
3017874,146.8492585214076
3017875,81.86135501834013
3017876,0.6100551696221882
3017877,0.8718613528631876
3017878,75.50866254812719
3017879,16.26947227221194
3017880,281.0941016102218
3017881,0.01813310053282211
3017882,0.3181590807840329
3017883,3.6258323506999295
3017884,0.023821252094336484
3017885,0.36961873760114095
3017886,3222.761723822789
3017887,0.0
3017888,478.08270925713185
3017889,7.859705231836371
3017890,861.1081840813966
3017891,421.6429500643741
3017892,217.51854166394514
3017893,106.82588198561666
3017894,90.60334582445188
3017895,3510.070880555603
3017896,7.608398005324377
3017897,0.2711010038985749
3017898,12.578457767391928
3017899,7.636962176750705
3017900,0.20446994759935086
3017901,181.91099942433587
3017902,0.0
3017903,22.07503550697474
3017904,1.8918553380520207
3017905,50.24492526896471
3017906,0.8365339072690366
3017907,207.0633217844702
3017908,188.3442508601223
3017909,1.186067287768093
3017910,3.0014370767171075
3017911,128.66928430461158
3017912,39.7680146287551
3017913,1064.9972083194023
3017914,0.3549859542616345
3017915,0.5568798455888717
3017916,2.9132939925687062
3017917,0.0
3017918,6.33779446618267
3017919,3317.8767587055286
3017920,0.0869147685116444
3017921,537.2302329518448
3017922,10.59383088028444
3017923,896.8537372413888
3017924,854.0864970098634
3017925,186.6782400546347
3017926,148.54740963169354
3017927,139.4478060379485
3017928,3771.192918650155
3017929,71.46918615715609
3017930,1.569706098836833
3017931,16.677921583630262
3017932,22.929159713303704
3017933,0.36083125250611625
3017934,239.74296015826954
3017935,19.96403890216933
3017936,29.673460276399258
3017937,1.5687437618923268
3017938,162.84678512114266
3017939,5.230776854118709
3017940,368.1606318109606
3017941,248.79494265415258
3017942,11.602047226914536
3017943,13.1551744599894
3017944,323.4013808180643
3017945,72.66860276129046
3017946,2533.422740823531
3017947,0.0932064712526365
3017948,14.873222076454907
3017949,4.877772171457155
3017950,0.0
3017951,7.231220779923485
3017952,2531.227766323013
3017953,0.010343792463462228
3017954,398.93810454214173
3017955,13.288036188692042
3017956,978.5898904188306
3017957,779.9307818673261
3017958,151.5500110958128
3017959,98.79475013902568
3017960,115.43818394580097
3017961,3863.5409251208534
3017962,26.602694193662966
3017963,0.8862303511057747
3017964,32.665464138530176
3017965,56.65186169299517
3017966,0.03040352905921695
3017967,329.8120669290125
3017968,13.29358743513539
3017969,19.160811200579325
3017970,6.122397983411727
3017971,142.43073526779636
3017972,9.51719180174251
3017973,234.6649993070527
3017974,346.40760835312267
3017975,5.9804524051985695
3017976,8.756143994679618
3017977,208.7841746101164
3017978,95.05284569281297
3017979,1944.8856800293433
3017980,0.09705311260447405
3017981,20.168499506851614
3017982,7.891382459519212
3017983,0.18332255290545757
3017984,2.900768566202277
3017985,3438.067709540258
3017986,0.0
3017987,594.2228669381611
3017988,7.461796127131535
3017989,1782.028752105442
3017990,540.9895947889927
3017991,192.3836407670369
3017992,263.5307955713288
3017993,75.11156651587218
3017994,5674.934029507445
3017995,28.156652045827727
3017996,1.4434097676549686
3017997,22.474909497298405
3017998,16.19847233569682
3017999,0.0974634846706566
3018000,251.61154881570428
3018001,3.489441133773464
3018002,18.23194407501414
3018003,4.863808260022109
3018004,83.90662916536432
3018005,1.8820382069579114
3018006,148.2041108892534
3018007,279.1540232748193
3018008,6.559372747564912
3018009,8.06113098678816
3018010,304.02113258224574
3018011,54.88562220030372
3018012,1501.0883861863383
3018013,5.745409793456844
3018014,11.02028873462355
3018015,3.9302371269208756
3018016,0.45030446396374224
3018017,3.9823983610290004
3018018,2696.817299815568
3018019,0.04257666251438986
3018020,360.62909530495403
3018021,6.89112665895245
3018022,862.1873680071544
3018023,644.9361034006529
3018024,223.95098626772432
3018025,151.79187787062895
3018026,95.18204650234269
3018027,3656.6950355390877
3018028,29.10959339636036
3018029,1.302790636600683
3018030,12.420808191623461
3018031,14.070292366135089
3018032,0.18757952444785353
3018033,195.44776928191675
3018034,16.746256333306995
3018035,26.015528165002983
3018036,1.1429460076885531
3018037,152.1778795856445
3018038,6.90540978634899
3018039,662.2343494213708
3018040,246.18225065741296
3018041,4.5596660104482325
3018042,8.347484101004245
3018043,464.4793579957281
3018044,46.541158544934135
3018045,1978.157115692728
3018046,0.07362738583249184
3018047,31.15884267023982
3018048,3.19175764036451
3018049,0.1572764313083407
3018050,1.7102948247024665
3018051,5483.415352287313
3018052,0.0
3018053,367.33360677866204
3018054,6.970703709997151
3018055,1759.6024290235428
3018056,509.71970248670084
3018057,314.4103451292153
3018058,165.8706047435115
3018059,67.4117237314325
3018060,5502.076206385991
3018061,10.019856656022288
3018062,1.4041906692983424
3018063,21.075866530095382
3018064,18.399620319444715
3018065,0.21547584684722493
3018066,333.10475691430213
3018067,0.0
3018068,0.2939596588357725
3018069,7.090674662025708
3018070,53.61592696842181
3018071,1.4223498892760595
3018072,148.74102918380703
3018073,305.7748201884381
3018074,2.6065105878228447
3018075,8.44300666815671
3018076,264.7489116297585
3018077,58.1130590268006
3018078,985.0627993620343
3018079,0.0
3018080,3.7029085299840063
3018081,6.71797792666386
3018082,0.05076240326541695
3018083,3.9962534515896757
3018084,2301.314419146935
3018085,0.027279785462233745
3018086,429.6053137587047
3018087,12.321856645133629
3018088,963.756483782913
3018089,583.282586546281
3018090,234.39428967297027
3018091,127.7239727060988
3018092,145.21335908925505
3018093,3515.310392857791
3018094,55.29147006050643
3018095,0.9186356138384714
3018096,16.935512244310214
3018097,25.858944907800865
3018098,0.1406202859768927
3018099,225.9392325212894
3018100,12.48925250551837
3018101,24.813246363903765
3018102,5.709194287794517
3018103,171.4780515246211
3018104,9.562361268325398
3018105,330.83981774555946
3018106,314.35415351195195
3018107,12.30935123373291
3018108,6.772402037871605
3018109,245.33972558228768
3018110,71.93102014017724
3018111,1883.429719350982
3018112,0.20359765603461777
3018113,6.158252710261385
3018114,2.2752140127785845
3018115,0.0
3018116,1.9859267923432284
3018117,2825.4134638664327
3018118,0.0
3018119,450.27886310290626
3018120,10.881907163582014
3018121,673.4060572854294
3018122,733.569475125745
3018123,192.2296789059123
3018124,134.4226916475948
3018125,133.9116091625791
3018126,3012.290955807693
3018127,28.42224991100534
3018128,0.7320225456292611
3018129,16.40446331289445
3018130,16.926614229708125
3018131,0.08247717628149975
3018132,183.50016374647592
3018133,7.478863622606194
3018134,43.88703330149353
3018135,7.1591081020393705
3018136,75.44327570050335
3018137,8.144594939399196
3018138,292.81986894160644
3018139,178.48548408789554
3018140,8.180795503019457
3018141,6.529116789378058
3018142,263.1472944817539
3018143,51.64464716180692
3018144,2258.243208416585
3018145,0.059006918189751706
3018146,19.10029295793982
3018147,3.93827448070697
3018148,0.09003255836835584
3018149,0.9973323936550986
3018150,4553.229456804045
3018151,0.0
3018152,512.8144361105345
3018153,18.377298575385343
3018154,1214.977163904894
3018155,491.1229621368349
3018156,271.9853610797452
3018157,163.06904290192782
3018158,85.67088324082627
3018159,4464.6644952173665
3018160,8.315767103159276
3018161,0.08687531137334681
3018162,11.487517312681476
3018163,15.252824403631095
3018164,0.0015374858787298405
3018165,248.15802193898537
3018166,0.0
3018167,6.156402786258744
3018168,0.6686180926744905
3018169,77.01426232194015
3018170,1.3218205755971995
3018171,217.88158058284148
3018172,296.46833657740586
3018173,3.415607961328273
3018174,1.6733705247343524
3018175,326.29999231201396
3018176,133.30483255008085
3018177,1236.107647976393
3018178,1.266205689083867
3018179,0.9113607361298426
3018180,11.49457892746437
3018181,0.0
3018182,15.056505409245476
3018183,9240.706718058847
3018184,0.009445686597304676
3018185,1584.6302917902904
3018186,30.40863063995313
3018187,2383.9743177844366
3018188,2245.273816154294
3018189,583.1159891929169
3018190,638.0165087371759
3018191,497.23754758139796
3018192,8842.511309461777
3018193,104.10973141163491
3018194,4.343455663998665
3018195,72.03036670578453
3018196,116.9662568444619
3018197,0.3413782176340648
3018198,607.4988186360531
3018199,40.35276330211171
3018200,27.933512864845586
3018201,30.068809235984546
3018202,455.59908268238166
3018203,23.358364167526734
3018204,1453.556516964136
3018205,551.6313730049646
3018206,37.19696058268749
3018207,33.684954162455206
3018208,1840.4715045322637
3018209,273.32475573442684
3018210,7898.58423056213
3018211,91.83684688029405
3018212,139.5121149915509
3018213,13.379258496434735
3018214,0.0
3018215,12.400130585604657
3018216,9773.666627113562
3018217,0.010938464666219797
3018218,1245.4324024487382
3018219,34.19661075843595
3018220,2621.2205717290935
3018221,2030.7027955927747
3018222,798.0357574274294
3018223,387.9512290798209
3018224,419.0623569919308
3018225,11037.401485716498
3018226,127.50464489060752
3018227,1.2214626182388773
3018228,59.553689090543955
3018229,85.97631585877113
3018230,0.6746067450521488
3018231,626.9212270468419
3018232,26.832103872262195
3018233,49.66734944043078
3018234,25.155374518632325
3018235,345.9371140356222
3018236,18.612926502081447
3018237,2035.1710635211812
3018238,680.6197106927673
3018239,17.829465387141028
3018240,31.092345841524317
3018241,1825.9136674985702
3018242,264.4752122814739
3018243,5879.522357842704
3018244,272.86187172328243
3018245,100.13093797312033
3018246,8.993061379293838
3018247,0.0
3018248,13.11340423757577
3018249,5763.551207220206
3018250,0.0935547887310295
3018251,795.258112603783
3018252,15.700217470502306
3018253,2155.5269729510487
3018254,1304.1891186543114
3018255,850.0441512202665
3018256,137.84973660297783
3018257,258.86541588438143
3018258,8850.629873199205
3018259,49.20129803381995
3018260,1.5154709759879277
3018261,23.60757808464161
3018262,23.97461521249821
3018263,0.3248823774166243
3018264,574.6464571689646
3018265,20.556917787490022
3018266,24.924091915935477
3018267,8.810487890463616
3018268,173.89265382845068
3018269,8.074542070996712
3018270,1849.5392126244806
3018271,657.0653674969151
3018272,19.52817201450421
3018273,38.96693520295137
3018274,1016.3792625584978
3018275,134.07040168303018
3018276,2456.8344439607636
3018277,90.43894065219213
3018278,51.94550760299594
3018279,12.513366000961216
3018280,0.0
3018281,15.708291708868664
3018282,8796.354968212087
3018283,0.015060141693490157
3018284,1186.4137027583938
3018285,25.614818673944225
3018286,2220.036443765421
3018287,1841.21951514585
3018288,751.7374097312822
3018289,375.26084319155495
3018290,263.75299369518336
3018291,9186.963253294623
3018292,71.98751366401532
3018293,1.3081889673854814
3018294,44.14954685424398
3018295,84.13773223039144
3018296,0.2020143230267157
3018297,580.2258783653834
3018298,30.999476665048817
3018299,34.03589723980005
3018300,19.24887025289491
3018301,349.70763386468286
3018302,12.745552614363662
3018303,1842.8483032399413
3018304,636.3281225560607
3018305,20.1298124564005
3018306,24.73891657028798
3018307,1528.0009933605597
3018308,202.24296280024828
3018309,5038.875798769368
3018310,183.88063835279456
3018311,87.38617330692759
3018312,10.974700404616572
3018313,0.0
3018314,14.800777152929177
3018315,4842.060724909916
3018316,0.022177350485386858
3018317,717.0520962861751
3018318,15.863085157965807
3018319,1884.7191847047422
3018320,1061.6434660286059
3018321,663.8746556334554
3018322,116.4421593784516
3018323,164.68297389129208
3018324,7379.939992173841
3018325,50.64632283245238
3018326,0.4794350931664314
3018327,29.99920866963381
3018328,36.90206440950639
3018329,0.28371260923076225
3018330,519.6356766691047
3018331,26.936537152983675
3018332,15.010626209395003
3018333,8.148684313809397
3018334,154.59694341002736
3018335,4.220199788040537
3018336,1361.9516033753848
3018337,678.602844848943
3018338,12.927513449639749
3018339,23.336185751081864
3018340,1163.735947207762
3018341,77.21755207611945
3018342,1787.524679328507
3018343,89.01132863293154
3018344,30.322520472064
3018345,10.878354798280501
3018346,0.0
3018347,9.919372373391191
3018348,7026.8133996271345
3018349,0.0045427316812640395
3018350,1163.6903037856025
3018351,27.5457031989218
3018352,1782.4066602354706
3018353,1996.149509428703
3018354,517.6456721823319
3018355,471.8827077044954
3018356,399.70023942762765
3018357,7288.150808702532
3018358,80.63677189200502
3018359,1.645582205845101
3018360,43.897183806782856
3018361,68.41282773741833
3018362,0.2909902915183359
3018363,475.3253313096036
3018364,29.02213582626705
3018365,41.3166445691788
3018366,17.14805489765005
3018367,362.6062645311433
3018368,17.632791545156657
3018369,1386.031987709055
3018370,505.49270821328463
3018371,15.408094545864458
3018372,28.348516350406584
3018373,1369.8451377896233
3018374,218.5622599000888
3018375,6699.52405356553
3018376,151.76276867080367
3018377,112.56550190566327
3018378,4.550900756256837
3018379,0.19576242630430202
3018380,3.5430338293719172
3018381,1908.5742640142269
3018382,0.0
3018383,337.29287595933044
3018384,27.039839300253874
3018385,907.846656335876
3018386,452.1523075255873
3018387,227.51166257985457
3018388,94.74433582709578
3018389,119.81897745238632
3018390,2856.158801246849
3018391,52.86680187178143
3018392,0.8498094275603727
3018393,25.18829850357482
3018394,21.542038048943553
3018395,0.24385310233077254
3018396,194.48595205977364
3018397,10.315987011183424
3018398,11.382336814554884
3018399,8.380876767286633
3018400,84.2827247287522
3018401,5.888936265962938
3018402,302.1618170961232
3018403,207.58855395683167
3018404,3.1677258018467365
3018405,6.024455940213232
3018406,294.2075624323569
3018407,57.031381549396315
3018408,1601.9502827502502
3018409,0.48168343527876284
3018410,12.659151726593674
3018411,9.346256506695926
3018412,0.0
3018413,10.339610411123516
3018414,4418.026715597984
3018415,0.04508548262636294
3018416,628.3769308275967
3018417,35.760754900746626
3018418,1691.9356533764571
3018419,948.0409849880325
3018420,487.48877586809454
3018421,107.27723329062177
3018422,180.61042744720237
3018423,6124.209227839597
3018424,94.27001833140466
3018425,1.0299202646039989
3018426,58.177224659662656
3018427,33.68978045707069
3018428,0.3107088837553646
3018429,397.1972439875088
3018430,20.33102158383213
3018431,10.355444010251933
3018432,1.6848698239221356
3018433,183.19120542773814
3018434,6.641049165736423
3018435,791.5544728050705
3018436,516.6439501261691
3018437,10.230487933908314
3018438,19.5243651707177
3018439,532.2643629500858
3018440,79.15409990617246
3018441,2067.206059960348
3018442,118.73984004817707
3018443,30.26514060016811
3018444,7.714720700425616
3018445,0.0
3018446,3.4265883781320845
3018447,4683.772402987199
3018448,0.012329255444943732
3018449,867.6048165221908
3018450,10.463747905895236
3018451,1438.7501300329932
3018452,1545.8137394996083
3018453,311.54310786277995
3018454,403.7205573554861
3018455,353.0255358883557
3018456,5091.622076923193
3018457,39.46050889585707
3018458,1.0695050105937631
3018459,26.549355145958963
3018460,34.43047858804242
3018461,0.3665640211276602
3018462,293.12987677344995
3018463,0.8912212785369038
3018464,50.96250189473688
3018465,4.925303305977482
3018466,223.19556631378197
3018467,10.000077633388866
3018468,1222.911799577022
3018469,264.85065408777535
3018470,20.489871487269866
3018471,8.59886230599103
3018472,3098.4601324388514
3018473,126.95173622549869
3018474,5144.922117237602
3018475,2.7839774627097578
3018476,59.48734715856527
3018477,8.720291421680871
3018478,0.0
3018479,5.185001989736286
3018480,4905.5915344120185
3018481,0.0
3018482,978.620776674474
3018483,13.016951417953933
3018484,1717.7637860136658
3018485,1235.7803705387473
3018486,414.2729656405938
3018487,241.2061482504486
3018488,488.71547066835467
3018489,6388.180660799435
3018490,65.9331081861402
3018491,2.683165010375587
3018492,47.3167624128711
3018493,42.73061188181211
3018494,0.39734238404408606
3018495,370.230015705733
3018496,5.809231519707103
3018497,73.59635326912436
3018498,5.981443597275906
3018499,345.3893213170583
3018500,8.797547879729184
3018501,960.7874711133828
3018502,339.1152168276162
3018503,15.248161189104884
3018504,22.543184882883295
3018505,685.8294687468649
3018506,156.05824707453172
3018507,5078.032525580411
3018508,2.45329582435781
3018509,10.516213139314656
3018510,7.317757539644244
3018511,0.0652496942685754
3018512,2.541367366450486
3018513,2312.324646409005
3018514,0.0
3018515,441.7966799146489
3018516,8.123363123453927
3018517,1054.5853730131748
3018518,433.4986915623748
3018519,245.20965281937498
3018520,95.15286690619389
3018521,144.98582022709135
3018522,2965.362344496176
3018523,15.750290497397039
3018524,0.8584957918192043
3018525,19.892973282096133
3018526,22.127557904970644
3018527,0.08566230801786004
3018528,190.85578130068774
3018529,2.513039239152179
3018530,13.28764028815258
3018531,4.312503342666691
3018532,104.75324655275686
3018533,1.9453696087676233
3018534,466.39082377425353
3018535,169.93111611634092
3018536,5.161419476820477
3018537,5.137245969511223
3018538,241.9381395399605
3018539,58.85811861586127
3018540,1938.1270597947387
3018541,0.03638509791886934
3018542,4.859011318721786
3018543,4.694229169218573
3018544,0.0
3018545,1.1639193102568037
3018546,3134.6469544165816
3018547,0.0
3018548,193.46792508512578
3018549,4.506995118600638
3018550,994.5155029209263
3018551,211.47207124016776
3018552,222.32520423296336
3018553,56.58795580971115
3018554,36.463933420022
3018555,2945.568114759416
3018556,8.178940145716371
3018557,0.4044227089765847
3018558,13.994978463686408
3018559,8.369281917994378
3018560,0.045550937985364054
3018561,176.2188803890873
3018562,0.0
3018563,0.0
3018564,2.823977227111159
3018565,22.941796999139903
3018566,1.025398354476381
3018567,49.36762170634027
3018568,175.19859867650845
3018569,0.3731259541297779
3018570,2.360707086013148
3018571,59.57946490872469
3018572,78.3345399587358
3018573,532.0870186384639
3018574,0.0
3018575,1.2395292616058193
3018576,6.044119132597546
3018577,0.0382753975033162
3018578,5.697777669451871
3018579,3284.4673576810756
3018580,0.0
3018581,488.03191552291787
3018582,13.792898727250954
3018583,1295.5159429223327
3018584,799.8622843108035
3018585,360.53319088513354
3018586,169.75889922509114
3018587,151.86992248258167
3018588,4312.844694688338
3018589,32.890368583484246
3018590,0.5581961215033253
3018591,28.87633956714346
3018592,60.047048880597416
3018593,0.026373468941197076
3018594,298.64548110288916
3018595,20.52432207396917
3018596,16.40390790828974
3018597,10.513073053435258
3018598,150.4389442159914
3018599,7.41677685156836
3018600,642.2419316797667
3018601,267.80695640004024
3018602,8.387532979490317
3018603,10.885688926269253
3018604,668.1326897121451
3018605,90.10903221560822
3018606,2279.811248761049
3018607,0.0
3018608,45.0723788645213
3018609,4.915264648394997
3018610,0.060219839967968744
3018611,4.719344659865875
3018612,4098.434993479788
3018613,0.1124556410151607
3018614,661.6417496357931
3018615,21.87738228875274
3018616,1037.5869600414742
3018617,1168.8663209245817
3018618,218.20951323903324
3018619,282.47476455795766
3018620,275.5681142098889
3018621,3796.3713626008835
3018622,44.03011197896568
3018623,1.8621333099342048
3018624,20.076440004068957
3018625,25.13519449055863
3018626,0.4489112305155808
3018627,217.01792777995382
3018628,11.944749830736873
3018629,46.96388982895238
3018630,7.626984789946411
3018631,246.8250094667209
3018632,9.423385542225834
3018633,805.2171946239409
3018634,225.05744070801873
3018635,6.360586594089112
3018636,16.932092655699662
3018637,851.5419210824728
3018638,122.70958318131063
3018639,4373.3623694681455
3018640,0.3529695803456323
3018641,58.80654757822722
3018642,3.3644776369296334
3018643,0.2499093363028303
3018644,10.684155066034776
3018645,4838.408724720121
3018646,0.032234392680291185
3018647,819.5373212986224
3018648,28.419938600303773
3018649,1167.0357870094301
3018650,1324.7462675107329
3018651,310.2824335871958
3018652,336.01687361481487
3018653,176.90849398201587
3018654,4786.853739613389
3018655,43.420397669735685
3018656,3.4548168784674838
3018657,35.186503149520064
3018658,39.758745623043744
3018659,0.1929332595977625
3018660,312.0621562650289
3018661,29.30520345108098
3018662,34.88243017756268
3018663,22.860579293016894
3018664,220.27805953266235
3018665,16.414719770197557
3018666,831.2790064272306
3018667,324.48602725796104
3018668,13.336806563326203
3018669,18.319069887308288
3018670,911.7714990266055
3018671,146.73167546238528
3018672,3908.5818211124924
3018673,0.5340785760137703
3018674,67.47042248067518
3018675,9.80235766041851
3018676,0.16056125523900514
3018677,4.6184372192094845
3018678,3041.4300870852326
3018679,0.0
3018680,393.91838887089864
3018681,13.3098353273884
3018682,1472.3680683800185
3018683,550.6543551623638
3018684,553.8881132135914
3018685,143.81015427673012
3018686,93.29534703834432
3018687,5407.0252395579355
3018688,12.516274213784765
3018689,0.9157519988502225
3018690,28.33902519179047
3018691,33.70628972926843
3018692,0.06953036877291119
3018693,310.8103102852767
3018694,6.236340620219245
3018695,4.596089559606205
3018696,5.304187974420806
3018697,57.98250797877625
3018698,2.342986702255232
3018699,279.15996867519004
3018700,344.8908730437842
3018701,6.931411381721913
3018702,6.123696599704907
3018703,483.590624225383
3018704,83.19607109071933
3018705,1175.7877815113745
3018706,21.450947765329445
3018707,10.181261957134122
3018708,3.1220789945937995
3018709,0.0
3018710,3.806588138170639
3018711,2078.089787997983
3018712,0.04196340768173
3018713,269.1959408490049
3018714,9.306885902836605
3018715,495.77667915451826
3018716,560.7292969698444
3018717,114.40531214689443
3018718,131.84160172980683
3018719,129.20701826561134
3018720,2067.252892752179
3018721,13.846224147647472
3018722,1.063787666260633
3018723,11.234906165158412
3018724,24.77319956786667
3018725,0.3582866781487944
3018726,158.65583992967765
3018727,12.26561534370622
3018728,12.156768757132308
3018729,2.7540592789379863
3018730,119.72721067990841
3018731,5.430122269262007
3018732,239.74835447841238
3018733,140.8134268712966
3018734,4.14071318411453
3018735,6.521492715683078
3018736,220.2107955215334
3018737,51.07242119755392
3018738,2061.019880831753
3018739,0.0
3018740,18.976745571604862
3018741,1.5076034196942283
3018742,0.0
3018743,1.2978737764565615
3018744,1627.8027936309343
3018745,0.0
3018746,115.79443242989032
3018747,6.710372342027319
3018748,1035.4853639851783
3018749,283.611825244892
3018750,252.70815068350254
3018751,50.392306334619605
3018752,55.218751322794134
3018753,3152.5404705457886
3018754,9.883465459628177
3018755,0.322768360350679
3018756,11.41910850626248
3018757,10.68275944720067
3018758,0.09429679144802877
3018759,199.55501165181545
3018760,2.823835443468026
3018761,0.0
3018762,1.5557545073105365
3018763,28.034977004373175
3018764,0.7435454632120189
3018765,170.52571384920103
3018766,207.52623948043473
3018767,0.7605430365973793
3018768,5.382670316620539
3018769,149.8400587514204
3018770,30.385164639762742
3018771,242.9251861838638
3018772,27.598549444785938
3018773,1.6260930891100553
3018774,10.030826287476268
3018775,0.22310672009524335
3018776,4.968582329356975
3018777,4451.265047453823
3018778,0.0
3018779,538.8747513990204
3018780,17.67529678155312
3018781,1881.4317932435201
3018782,557.709092752062
3018783,422.6483061464145
3018784,239.1969207868775
3018785,117.88817790127919
3018786,7211.868915237283
3018787,41.811099492675794
3018788,1.0166726862939426
3018789,29.24965205532488
3018790,25.896757795229654
3018791,0.23047430338711017
3018792,402.5390413205222
3018793,11.5058354927865
3018794,2.9680962900669754
3018795,9.520365940826602
3018796,74.18564378754935
3018797,2.785791523418955
3018798,590.8476365993495
3018799,397.7892280258089
3018800,3.659207804579406
3018801,16.894067348566633
3018802,430.9156099015799
3018803,77.55888990632987
3018804,1200.0611207701959
3018805,20.706931964085847
3018806,15.704773951865796
3018807,5.770179578123816
3018808,0.0953802620943349
3018809,0.44883462552260656
3018810,1838.005297655324
3018811,0.0
3018812,195.91784782154434
3018813,13.354790707649608
3018814,1159.2887469990133
3018815,388.884171776165
3018816,199.23388893616766
3018817,62.25271747801322
3018818,66.2784741984618
3018819,3158.8867563695353
3018820,14.576833335864464
3018821,0.6924967033183598
3018822,16.80976401924466
3018823,19.10662892990535
3018824,0.28684995047239203
3018825,173.51035672647606
3018826,10.690535085779295
3018827,0.0
3018828,11.32201386297745
3018829,61.81907914938848
3018830,1.8924922800296553
3018831,151.24398306449555
3018832,202.67767393814214
3018833,1.4931696809906367
3018834,6.580855549042097
3018835,145.53012686453022
3018836,37.20372044668938
3018837,378.84453091363696
3018838,14.353024113980588
3018839,5.625724203460882
3018840,5.083560172671365
3018841,0.0
3018842,4.419748971580321
3018843,1990.4712610267386
3018844,0.0
3018845,132.9060490234561
3018846,10.374544048813771
3018847,1055.399987457358
3018848,316.42191408760766
3018849,192.32585316023247
3018850,44.648278027656175
3018851,48.76100266778645
3018852,3369.589362309802
3018853,21.556934599750488
3018854,0.10972804067484512
3018855,15.804176538930957
3018856,11.698162390464251
3018857,0.003655967628736708
3018858,186.09405353981975
3018859,2.2014064977789936
3018860,0.0
3018861,2.4810403779047325
3018862,64.04082933983604
3018863,0.49233361545544607
3018864,188.41382644418493
3018865,223.53660295510227
3018866,0.7071075615224329
3018867,4.5974374102672915
3018868,114.95337432070613
3018869,24.16811613158918
3018870,191.9464094825421
3018871,36.64668154244322
3018872,4.728674243837796
3018873,4.328007767320089
3018874,0.0
3018875,3.99624749549195
3018876,1862.990625109826
3018877,0.0
3018878,194.9074161867203
3018879,8.723207545997047
3018880,1654.8754288588034
3018881,439.186197972163
3018882,262.98096784851714
3018883,35.7150863361594
3018884,66.88533303913093
3018885,4042.525623263761
3018886,11.346514320570654
3018887,0.5606633236355928
3018888,14.927613082273876
3018889,31.33138803493667
3018890,0.17704866337831415
3018891,280.9691000321507
3018892,1.4399036712374422
3018893,0.0
3018894,3.191115168097808
3018895,32.39493636380211
3018896,2.1101364231326474
3018897,377.39709630358675
3018898,372.8817236168963
3018899,1.7365894066739378
3018900,5.0775871962263945
3018901,155.15123651293993
3018902,104.20722494732985
3018903,463.61907393598926
3018904,16.983720274602312
3018905,6.317658417333323
3018906,3.7522576349333443
3018907,0.6965035760126153
3018908,2.39092213428025
3018909,1784.918741240285
3018910,0.0
3018911,164.8905042561332
3018912,3.357259428473366
3018913,925.2812521578217
3018914,284.456410615873
3018915,225.02823583990116
3018916,78.1922673215659
3018917,89.22122571534199
3018918,2525.7647878725556
3018919,11.367718858590557
3018920,0.9275491467072081
3018921,16.600270813780543
3018922,16.10291111223153
3018923,0.1681886342968698
3018924,214.27219213817472
3018925,6.528338987672175
3018926,0.0
3018927,3.710910002778502
3018928,41.280479232410286
3018929,2.428210364516721
3018930,121.23602630426777
3018931,189.0950217026261
3018932,0.9929024394283014
3018933,5.631360165075007
3018934,90.06098090091396
3018935,47.8927385474927
3018936,549.3256607621017
3018937,9.034478679679845
3018938,3.4231527690847257
3018939,4.434958515339369
3018940,0.10844421302511109
3018941,0.868775940259251
3018942,1388.479983634419
3018943,0.0
3018944,162.11304466428052
3018945,6.494687070702771
3018946,1124.4286560240278
3018947,276.64762520083707
3018948,174.19018255730708
3018949,108.361571437932
3018950,64.22311215639193
3018951,2492.206153845337
3018952,4.16644327519666
3018953,0.33562626523562067
3018954,12.366673908154697
3018955,11.497383329753276
3018956,0.22370781762611522
3018957,168.8844191541841
3018958,0.0
3018959,0.0
3018960,2.0200467191680604
3018961,58.151036602265904
3018962,1.4200311634823592
3018963,55.32880344014656
3018964,160.45242333316097
3018965,1.3632082423772756
3018966,3.750932135749016
3018967,64.98395723199128
3018968,40.48443574967768
3018969,492.81731148164647
3018970,0.0
3018971,0.4427842754690075
3018972,10.397911378287999
3018973,0.7150428952394924
3018974,3.357901183277644
3018975,3432.2513149021597
3018976,0.0
3018977,307.05454815074233
3018978,12.067001366197502
3018979,1438.1146165407733
3018980,625.5564269944948
3018981,483.7780269804766
3018982,166.80992677800634
3018983,195.2735359749781
3018984,4799.957142421803
3018985,27.243725480163025
3018986,1.5330728546339496
3018987,23.30953222337893
3018988,32.79994544468383
3018989,0.43883258573943945
3018990,274.31465558159863
3018991,1.1685278431985495
3018992,0.0
3018993,12.588669584385858
3018994,81.22424077772462
3018995,3.6410141859274456
3018996,222.3269700380536
3018997,286.3934954876322
3018998,2.431909810863469
3018999,11.134602210341015
3019000,388.52865224121365
3019001,71.58542389761134
3019002,1400.9654062035945
3019003,23.687147192077923
3019004,19.322217982775513
3019005,5.031306775580602
3019006,0.12091988843050949
3019007,5.447264349443101
3019008,2702.3398974220427
3019009,0.0
3019010,552.6621777784512
3019011,7.059748032190029
3019012,702.6648747870315
3019013,594.4729539749912
3019014,244.5675088985764
3019015,195.5039747056806
3019016,101.39308817718299
3019017,3052.032642707624
3019018,15.395855519146032
3019019,0.6782848421801067
3019020,24.554948390378705
3019021,21.29299282127008
3019022,0.2858301233649402
3019023,200.2307183349456
3019024,13.283693792180202
3019025,5.83617376419786
3019026,4.856202972591653
3019027,91.07508716878151
3019028,1.9730283379207358
3019029,112.28604298434547
3019030,192.29820114896052
3019031,4.639855028580383
3019032,8.352184914950982
3019033,212.63056109757633
3019034,56.2423183854209
3019035,1751.5782566915027
3019036,14.220950090950682
3019037,21.293394184443482
3019038,8.234056093046084
3019039,0.4802910976682212
3019040,5.6801947922626015
3019041,3776.9286075955397
3019042,0.0
3019043,285.40901724956103
3019044,7.763493901773598
3019045,1635.0092588305401
3019046,490.31353347523253
3019047,354.45054989396874
3019048,67.37419641070933
3019049,67.5507051920118
3019050,5022.409007124634
3019051,27.333339303251652
3019052,1.7417269501890829
3019053,18.468620400519782
3019054,21.469087368500045
3019055,0.16172366926217308
3019056,281.767854099153
3019057,14.34581670411438
3019058,0.0
3019059,4.9827227685445425
3019060,68.46190062014855
3019061,2.654184106729597
3019062,229.58497820380126
3019063,285.26345330651435
3019064,1.793798983660301
3019065,6.8785072740957105
3019066,302.4783518577751
3019067,30.813928090020198
3019068,565.2123393924373
3019069,13.35629824229966
3019070,5.181558151205046
3019071,8.043905506760051
3019072,0.058304958703582904
3019073,9.200634119486738
3019074,3501.740683130517
3019075,0.0
3019076,661.2617318696425
3019077,12.969024456658957
3019078,897.7296847945418
3019079,840.6370569185951
3019080,284.31456213292756
3019081,180.09513158285907
3019082,145.33281244671775
3019083,4339.67392037352
3019084,44.60079439355229
3019085,1.7852750449593482
3019086,25.314752596901272
3019087,28.643477191117682
3019088,0.25299737314463694
3019089,276.83619055296975
3019090,29.630870431435042
3019091,21.322535965915623
3019092,9.648928707189768
3019093,161.0699648803129
3019094,9.559041792517757
3019095,429.35852530358807
3019096,291.1568698610179
3019097,8.035134482498075
3019098,9.969804949980201
3019099,482.7205969266749
3019100,114.67788856099835
3019101,2350.6078846846617
3019102,0.03598257034708891
3019103,46.397315452914064
3019104,10.698971121569564
3019105,0.08882951399644524
3019106,7.025829594879609
3019107,4718.430084304094
3019108,0.0
3019109,550.4296945808869
3019110,14.429819116790267
3019111,2321.79056500855
3019112,818.2645819173936
3019113,706.7341113848302
3019114,99.58258321359281
3019115,159.073858061203
3019116,6995.600573958497
3019117,20.61658303705057
3019118,0.6992245595657515
3019119,22.922220319020763
3019120,21.437198707396
3019121,0.07215564130815899
3019122,383.5860984129412
3019123,3.6367592863029
3019124,7.019440540000167
3019125,10.196563427206868
3019126,114.02880502381825
3019127,1.5072553311915051
3019128,387.1246898585017
3019129,473.37339470155666
3019130,6.447810732566606
3019131,6.318288930826314
3019132,363.1209932117807
3019133,89.81534628954856
3019134,1230.6394288874276
3019135,12.05859235258775
3019136,22.71508293823353
3019137,16.41058989747644
3019138,0.3463882611587587
3019139,3.687994098054384
3019140,3736.843965602734
3019141,0.0
3019142,474.0588794621922
3019143,8.133104131401922
3019144,2048.183330769679
3019145,661.7257824549444
3019146,363.387656272832
3019147,265.81745815650174
3019148,166.02498450327275
3019149,5168.044563633717
3019150,19.132115148866905
3019151,0.517053459241035
3019152,44.853526038076275
3019153,42.69085409335844
3019154,0.27424995926421086
3019155,397.83422711152247
3019156,6.009985537287981
3019157,5.773990829139307
3019158,10.451317536532905
3019159,167.58699675912885
3019160,1.9421865503270133
3019161,129.49552245662036
3019162,360.17828590670484
3019163,2.1016778581727644
3019164,4.951127514207425
3019165,213.71250480744828
3019166,167.803935864242
3019167,1620.5116640934152
3019168,0.627596226547744
3019169,12.277286862376878
3019170,4.7950336514247205
3019171,0.15151260258711302
3019172,1.0623508776219164
3019173,1750.4933007662662
3019174,0.0
3019175,143.73707125973343
3019176,9.2471809865724
3019177,825.2239381810748
3019178,311.09158357901464
3019179,135.98185245846375
3019180,49.207608959197955
3019181,93.07001425992685
3019182,2628.6962912513973
3019183,10.83800714045179
3019184,0.5263484993189785
3019185,24.57757298914907
3019186,16.77805110607481
3019187,0.21253868988924057
3019188,160.66036464013183
3019189,1.6699963221199163
3019190,0.0
3019191,3.7219024489538333
3019192,148.54714701725044
3019193,2.871385320312438
3019194,88.49496892697452
3019195,159.72339516564546
3019196,1.6185741406877532
3019197,6.218401965363919
3019198,93.08179316325632
3019199,27.426893268078942
3019200,410.59888422701675
3019201,40.14835577218987
3019202,1.0633976160051417
3019203,1.7742128424009906
3019204,0.0
3019205,0.7380960847506131
3019206,1478.8420069837216
3019207,0.02688581669019169
3019208,260.00413355147816
3019209,15.593402864085514
3019210,529.0902193291922
3019211,448.40893490930097
3019212,140.52192523795247
3019213,53.544808906966125
3019214,76.13078342719822
3019215,2152.684175433984
3019216,24.702728956854088
3019217,0.4014265535637585
3019218,11.319484106730133
3019219,18.773898145681255
3019220,0.09261268457693543
3019221,126.16510927417683
3019222,13.455479860632607
3019223,5.717049317668457
3019224,3.114918874048085
3019225,93.01732289996423
3019226,6.3086513738076935
3019227,311.42776723390745
3019228,163.47908399631137
3019229,3.901006254332586
3019230,4.871320984580356
3019231,224.15947387092768
3019232,34.880029175115425
3019233,1072.9440198326379
3019234,0.0
3019235,6.220132463257794
3019236,3.7489507753950075
3019237,0.14234011452072215
3019238,7.2325878902736385
3019239,4413.650971399237
3019240,0.05730575516396476
3019241,894.9394006959079
3019242,21.219543435151273
3019243,1345.7994297786493
3019244,1501.7161277702257
3019245,316.67573331023334
3019246,249.5080882797372
3019247,203.18502422313065
3019248,4836.702419445937
3019249,48.50237763739902
3019250,0.6342487139011116
3019251,22.6059971560795
3019252,43.81221370852931
3019253,0.12360977131626338
3019254,313.917729194504
3019255,13.338162995935111
3019256,46.794623682563405
3019257,11.270041249280775
3019258,181.4636857467551
3019259,13.97313503784612
3019260,421.77957361154864
3019261,362.8274478189052
3019262,20.27302814581306
3019263,9.702185002030774
3019264,578.9844582674291
3019265,134.29796565581233
3019266,3696.651317385275
3019267,0.003386648402299003
3019268,22.925222523363864
3019269,4.592220031907863
3019270,0.14161551682579732
3019271,2.6740888126898263
3019272,2691.257006815719
3019273,0.03462632644486782
3019274,436.36548723006445
3019275,9.429009511885315
3019276,548.8067696377964
3019277,633.2104358483937
3019278,199.32892461123737
3019279,149.8135822874073
3019280,163.54879619844365
3019281,2386.0701684157234
3019282,33.72169590563898
3019283,0.9302118355210991
3019284,13.993698081514594
3019285,24.81589155809367
3019286,0.23566501169056828
3019287,119.1693956395063
3019288,0.0
3019289,30.2817613470239
3019290,5.149130814382993
3019291,536.7294942895893
3019292,10.48312793788486
3019293,204.9648448596074
3019294,150.8957026307895
3019295,5.064801711666936
3019296,7.869074148555423
3019297,206.15338885293735
3019298,45.940403723422754
3019299,1743.2483442797493
3019300,1.2377543398868383
3019301,5.2122334345823615
3019302,6.053788057987083
3019303,0.0
3019304,0.11694240865429445
3019305,1259.5182982458923
3019306,0.0
3019307,246.4926088871546
3019308,8.208298582087865
3019309,438.3942827603945
3019310,274.1889837397033
3019311,111.3813368999813
3019312,43.204980381905045
3019313,39.865901593388124
3019314,1965.0095411856564
3019315,20.990700965922432
3019316,0.48743590904195133
3019317,13.239596559155965
3019318,11.13210256116589
3019319,0.1525912880017226
3019320,116.24442165557774
3019321,0.28381763794293224
3019322,10.070237771646704
3019323,1.417764222385842
3019324,44.17376689686173
3019325,0.4245984625274496
3019326,261.28479089200306
3019327,164.3753367017618
3019328,2.7379344624438646
3019329,1.7327989821543084
3019330,179.33336846345713
3019331,28.058629454076144
3019332,527.3352977030772
3019333,0.5455935159309372
3019334,2.298995599194621
3019335,9.645579275000278
3019336,0.11659010632642547
3019337,2.8544422691366425
3019338,4008.155166820604
3019339,0.159890083469158
3019340,641.4844727198702
3019341,26.886706735474906
3019342,978.5538965904198
3019343,1039.6392879704465
3019344,313.5995012848247
3019345,256.3773504145184
3019346,217.96879391912185
3019347,4597.777150130807
3019348,36.68279139914081
3019349,1.534448591895679
3019350,23.22362813460502
3019351,32.201050350742165
3019352,0.33302772649236656
3019353,258.9690266660672
3019354,11.091575407483113
3019355,49.0026894217572
3019356,8.48936167366841
3019357,308.5314754722414
3019358,3.3476573630034085
3019359,312.2887414230212
3019360,297.15007837356484
3019361,11.706825888577706
3019362,9.815545026470552
3019363,396.06858137595276
3019364,83.40348237474691
3019365,2686.128003279771
3019366,1.3888875117258834
3019367,16.28948502308399
3019368,8.657442063806094
3019369,0.026037615384830994
3019370,3.136847303663574
3019371,3951.3348976104608
3019372,0.0
3019373,668.6047533539402
3019374,23.1655613035418
3019375,1421.6439242981419
3019376,888.3648433708775
3019377,348.7980175605442
3019378,211.39830782120288
3019379,133.81082693481744
3019380,5121.057399457453
3019381,15.568441329950089
3019382,1.223077485170874
3019383,39.57824102148406
3019384,27.80808397317621
3019385,0.5588795237539365
3019386,295.0115235954539
3019387,0.0
3019388,5.530953218435862
3019389,7.282390435171367
3019390,117.6235472519106
3019391,2.0293481397087745
3019392,181.27854101042158
3019393,309.22653380974333
3019394,6.54323295273378
3019395,6.481681080623554
3019396,238.50325269063902
3019397,81.88438615085683
3019398,1403.7737070986805
3019399,3.222422674665857
3019400,7.673988940661636
3019401,8.541907233963979
3019402,0.3962771297090427
3019403,2.619031908568145
3019404,3570.8698919150684
3019405,0.0
3019406,692.356887284418
3019407,19.03090421030326
3019408,1259.6234303758313
3019409,743.2123404485683
3019410,292.16641873006813
3019411,189.2321093988281
3019412,184.80392081760093
3019413,4570.659716221053
3019414,17.354977755139195
3019415,1.284185993621976
3019416,22.844574402224847
3019417,22.254180285181217
3019418,0.1544723601990629
3019419,256.94188422048944
3019420,0.0
3019421,10.200259458673495
3019422,6.147052985463742
3019423,203.85785916352168
3019424,1.6242224920167991
3019425,131.7246674460689
3019426,285.30028873367877
3019427,6.474859577503754
3019428,5.122614240687826
3019429,202.39191534962947
3019430,68.47213049816597
3019431,1196.22588213459
3019432,1.8385516218687863
3019433,11.567301667607927
3019434,15.943855717802775
3019435,0.8358291329293374
3019436,20.41585780968478
3019437,11164.880969774762
3019438,0.0541036433098267
3019439,1244.74739604162
3019440,52.81472491035188
3019441,2159.1964350732264
3019442,2147.188990212545
3019443,384.13070334960173
3019444,522.2392728227683
3019445,453.43240986290203
3019446,8528.384802122386
3019447,103.08096257734327
3019448,2.3765766314210763
3019449,54.58659883512851
3019450,61.44282415421756
3019451,0.45099390869132355
3019452,581.9846841074232
3019453,50.89275828580226
3019454,71.91878621255843
3019455,27.984705240327227
3019456,363.6167350316762
3019457,34.144873084313694
3019458,747.5789487299564
3019459,659.2319567929709
3019460,25.33512959550129
3019461,31.069424678171888
3019462,1196.0064746873338
3019463,263.38509980534286
3019464,8192.089696789324
3019465,1.2705956065122548
3019466,86.88071275754233
3019467,3.804776306285826
3019468,0.3173934609671673
3019469,0.38554102297397164
3019470,1602.5933378762572
3019471,0.0
3019472,183.06674288252495
3019473,4.794319281577829
3019474,577.4339888796878
3019475,259.72890942286347
3019476,136.3404837567399
3019477,135.8150906672247
3019478,82.87945903738306
3019479,2103.9335632066272
3019480,4.56232964772254
3019481,0.2967233321598796
3019482,13.471065892344848
3019483,11.221578707926135
3019484,0.3242669232004961
3019485,135.93761951603602
3019486,0.34650599587268505
3019487,0.0
3019488,3.6610645062922154
3019489,52.90203350090073
3019490,0.952668051001717
3019491,67.24237553662705
3019492,107.74244108367881
3019493,2.7035484241144707
3019494,4.9950596587330995
3019495,129.89236223055678
3019496,21.550516161073702
3019497,519.171711647772
3019498,0.05147538222861822
3019499,3.54164980709694
3019500,11.266352618368597
3019501,0.22127740818309033
3019502,3.5277954206186344
3019503,4056.1134934568195
3019504,0.0
3019505,628.8119712434882
3019506,16.505919660680938
3019507,1986.1704776494382
3019508,748.030401636328
3019509,278.36396379645333
3019510,271.6982985540324
3019511,151.7856094062506
3019512,5571.234689548701
3019513,16.144886556825963
3019514,0.3574100729278579
3019515,29.893583211635395
3019516,24.837038543906246
3019517,0.15684806676930668
3019518,322.63502598885464
3019519,1.4016343724174098
3019520,3.423393230629688
3019521,10.855072707795761
3019522,33.92049442777923
3019523,1.825593421261321
3019524,400.470659548561
3019525,335.18586385252456
3019526,4.563451432517596
3019527,9.96894853734463
3019528,176.96250903422907
3019529,81.81084927664361
3019530,1312.5753426747433
3019531,1.4942684460734055
3019532,6.771446206221501
3019533,1.4368167157447536
3019534,0.0
3019535,0.7567909689090954
3019536,1446.833111497269
3019537,0.0
3019538,118.50888661025864
3019539,3.661199278642167
3019540,1083.2498822496102
3019541,149.6743392031845
3019542,84.93767269071688
3019543,101.24636914256435
3019544,31.998083253840324
3019545,2141.1516153977623
3019546,2.1831633775425434
3019547,0.18262534757866117
3019548,10.97455038896132
3019549,4.642640067211259
3019550,0.016818441452229785
3019551,100.89419509472974
3019552,0.0
3019553,0.0
3019554,0.5324449828333441
3019555,40.27916656777185
3019556,0.3915187734282817
3019557,67.32019402672157
3019558,94.87818564292756
3019559,0.4099943379371102
3019560,0.9735954018974116
3019561,60.96590611188773
3019562,11.490839333685278
3019563,228.3356801478783
3019564,0.0010716293261377537
3019565,1.8765012952091797
3019566,8.26309357374652
3019567,0.0
3019568,1.0048491714895675
3019569,1930.9934269450996
3019570,0.0
3019571,255.05013859432916
3019572,10.962658144611808
3019573,1139.6713829987136
3019574,430.536197386104
3019575,198.1419646156941
3019576,151.49710150048762
3019577,165.89999698020242
3019578,3415.6600394649713
3019579,3.2520918488723316
3019580,0.6445680108144844
3019581,23.125146548866518
3019582,18.820212533760454
3019583,0.24643395080418162
3019584,227.90545332238054
3019585,0.0
3019586,0.0
3019587,13.036929715729727
3019588,37.813934977123374
3019589,1.7728352544182848
3019590,274.9888390355863
3019591,237.76084576003188
3019592,1.4820433653676757
3019593,6.57466251678576
3019594,151.47179533248558
3019595,29.378095513198147
3019596,1313.0280857746386
3019597,0.0
3019598,1.5787347752157257
3019599,3.2066535818144786
3019600,0.2769666661310268
3019601,3.2453896077379136
3019602,2998.5987074590867
3019603,0.0
3019604,715.2606869237475
3019605,8.370604228825748
3019606,979.9962026136176
3019607,651.6581972711889
3019608,236.63025950816552
3019609,99.859232079467
3019610,88.21534332334886
3019611,4795.9289292175445
3019612,7.232000397299667
3019613,3.09757739615947
3019614,36.27321116532636
3019615,47.73658906730399
3019616,0.3686301203939045
3019617,216.04276808660276
3019618,3.7104865376165157
3019619,9.623741813565985
3019620,4.158912450218247
3019621,74.22152626737865
3019622,3.4333543450017663
3019623,187.5336813464237
3019624,283.5743467251754
3019625,4.282370655918006
3019626,7.99701621401864
3019627,162.68646799067184
3019628,30.766484492858556
3019629,630.3204810786129
3019630,2.2964162798456336
3019631,5.187626269526451
3019632,4.894975604441526
3019633,0.030407597044370946
3019634,0.34785482495484304
3019635,1900.1115044446562
3019636,0.0
3019637,92.64851324035159
3019638,5.852937762686189
3019639,568.7244675601696
3019640,223.35056301621938
3019641,97.94838648520778
3019642,151.75471659345317
3019643,88.96468333082464
3019644,2282.607955002094
3019645,9.568676489349492
3019646,0.28397925129064117
3019647,14.481823357097312
3019648,11.741437647363425
3019649,0.2078367952342042
3019650,120.27455572735064
3019651,0.0
3019652,0.0
3019653,0.5036499453892833
3019654,89.47456913265711
3019655,0.7444460788543656
3019656,191.18239901279202
3019657,117.19165308659576
3019658,1.1098731299403104
3019659,1.312441029477234
3019660,61.655982116544834
3019661,20.09710114643803
3019662,364.064068749424
3019663,0.0
3019664,0.25255488644360563
3019665,5.112194645632664
3019666,0.02757064164802689
3019667,1.9618565265497354
3019668,3712.567683413883
3019669,0.0
3019670,457.90582599678356
3019671,12.102110238876953
3019672,1063.112746561622
3019673,551.7023307535123
3019674,219.80754106281756
3019675,147.55763992224433
3019676,165.20880785714425
3019677,4561.158019142769
3019678,8.036524879935456
3019679,0.2681901919751377
3019680,21.000195339246588
3019681,12.332946729909095
3019682,0.2463877133091455
3019683,222.94149312339079
3019684,0.0
3019685,34.33220447760979
3019686,2.37946799774867
3019687,76.90192651343659
3019688,0.8672703858474978
3019689,196.0726841349436
3019690,264.28338601537513
3019691,1.9749397489782872
3019692,5.054846277231844
3019693,136.13776989572202
3019694,52.03082070554776
3019695,1182.9903429304545
3019696,0.4593107314330651
3019697,3.1636014725284505
3019698,3.4782572209262987
3019699,0.0
3019700,8.663445372499496
3019701,3007.2519138760304
3019702,0.05882277309013191
3019703,527.6759063513472
3019704,10.151335912082857
3019705,958.7582762095406
3019706,808.3648537842369
3019707,168.10168730538902
3019708,143.16568846505436
3019709,110.94042029903692
3019710,3714.2985056375137
3019711,59.04663217749274
3019712,1.063858609157645
3019713,18.03828670013375
3019714,23.158510492454887
3019715,0.45409954879691206
3019716,260.308735880669
3019717,20.601207699449912
3019718,19.61738838730827
3019719,1.8597121022939187
3019720,155.72343994527108
3019721,10.341891781764032
3019722,218.12502476974024
3019723,291.1886338806025
3019724,14.127014832647507
3019725,15.137848673239462
3019726,273.55395064302684
3019727,58.16557548188617
3019728,2527.2588728303144
3019729,0.0282069714212586
3019730,10.295295446667591
3019731,7.87012394179791
3019732,0.0
3019733,10.512079499185953
3019734,3753.20497844272
3019735,0.0
3019736,548.3673758095483
3019737,14.68038731004945
3019738,1475.702609456268
3019739,879.4353847928802
3019740,173.23500652698854
3019741,116.64219660718233
3019742,125.03028906567104
3019743,4742.682676980557
3019744,38.091047252667764
3019745,1.1200433436960031
3019746,41.74462967293245
3019747,65.9060435610897
3019748,0.07062515470344811
3019749,485.25661770903173
3019750,31.634553865407383
3019751,26.807719093581547
3019752,8.632456601106773
3019753,146.37618745089773
3019754,15.02682673501726
3019755,162.32973671344445
3019756,549.0683779808762
3019757,7.907881514302619
3019758,15.791719517262027
3019759,155.61670808034157
3019760,95.22112677215475
3019761,2152.670556226086
3019762,0.1436449676322741
3019763,23.013425153834234
3019764,12.641458109686775
3019765,0.1836345760465088
3019766,4.239900399006428
3019767,3906.3314733855
3019768,0.0
3019769,707.6268775400343
3019770,9.57163568863039
3019771,2010.7523520464642
3019772,600.3038532557293
3019773,227.68284797467987
3019774,310.4689793030585
3019775,117.75871083709953
3019776,5593.797401371493
3019777,39.72762178509364
3019778,1.6901460079826007
3019779,30.51831139054343
3019780,24.4781366778888
3019781,0.13181438797265774
3019782,313.4525837821723
3019783,7.481310529393802
3019784,17.88508577793322
3019785,11.41437510180372
3019786,81.7325554733652
3019787,2.611245262605283
3019788,185.7245228549923
3019789,344.3056516561824
3019790,8.078762346976621
3019791,12.287139520187928
3019792,256.367824856525
3019793,60.09854526913499
3019794,1741.377388035552
3019795,5.909079421823911
3019796,17.48471235043151
3019797,5.278795171655558
3019798,0.5994076334832595
3019799,3.4805196657276167
3019800,2983.0128133740027
3019801,0.04217999587302547
3019802,429.40439924464476
3019803,11.366667159374167
3019804,912.0266267349697
3019805,786.2422542439213
3019806,243.36360859918534
3019807,159.12194771386547
3019808,121.23510963737374
3019809,3736.460799043042
3019810,37.53173750265504
3019811,1.8539335351086872
3019812,17.964921184729608
3019813,16.252590717706457
3019814,0.2593129471945866
3019815,283.64994019588653
3019816,26.65868144375018
3019817,28.632188552775837
3019818,2.318376773721645
3019819,163.95602158142694
3019820,7.285749598945648
3019821,360.4867984653093
3019822,295.17473446610086
3019823,8.523428403087248
3019824,11.554048496885716
3019825,416.2564570618747
3019826,51.85413524234705
3019827,2361.2480091816983
3019828,0.044582196247476676
3019829,28.554578736956536
3019830,4.966113402327715
3019831,0.13917864801561342
3019832,3.417148314651068
3019833,5746.587610837257
3019834,0.0
3019835,487.3130270047971
3019836,8.145467759564067
3019837,2263.464615178034
3019838,678.6665959228046
3019839,299.943385701023
3019840,169.30353176116517
3019841,128.3538939271799
3019842,7173.386164930106
3019843,13.714786266673421
3019844,2.124593876372001
3019845,28.666866573447013
3019846,26.22018149944863
3019847,0.2458549436911845
3019848,493.40055243909364
3019849,0.0
3019850,0.17054461059471712
3019851,9.430217671493665
3019852,79.06024240846011
3019853,1.7769626250320496
3019854,176.07250260374897
3019855,423.9859502834603
3019856,3.8451065585297313
3019857,9.74757010012663
3019858,199.44520378885755
3019859,84.3755289013992
3019860,1218.493618204045
3019861,0.0
3019862,5.490283242864539
3019863,9.8896911775191
3019864,0.03719116562100003
3019865,6.5670055894196455
3019866,3533.878329055522
3019867,0.006161139016250603
3019868,591.006209739776
3019869,12.794741560151332
3019870,1203.726835949933
3019871,820.0862303515036
3019872,268.026882408642
3019873,165.05957835025515
3019874,192.38939134620975
3019875,4748.503221149355
3019876,64.8850715198516
3019877,1.111855534555246
3019878,31.98439988348829
3019879,39.150160291789106
3019880,0.13570808331981574
3019881,307.8724063384418
3019882,21.05726340950595
3019883,25.62639465190438
3019884,8.39331308441362
3019885,259.77168109307274
3019886,13.895291785239817
3019887,241.94450139245413
3019888,498.2764691266718
3019889,14.530163020755294
3019890,9.188540464287303
3019891,211.41085344105113
3019892,76.68464518457837
3019893,2141.20443447114
3019894,0.16846508098498433
3019895,7.7421438114523475
3019896,5.919466581973024
3019897,0.0
3019898,3.366182188015447
3019899,3637.201691251237
3019900,0.0
3019901,531.3866275958969
3019902,13.094198920694462
3019903,797.596826540077
3019904,831.7899691343129
3019905,199.24774309344747
3019906,156.16837771814946
3019907,124.37467328945377
3019908,3492.3216743456082
3019909,40.08066567684244
3019910,1.0102617677040275
3019911,15.849718861195804
3019912,21.74158064855116
3019913,0.1415558309147187
3019914,245.5668357353854
3019915,19.909857249998584
3019916,46.07951154671896
3019917,3.9432858368381236
3019918,126.90473720658382
3019919,10.176974051167111
3019920,261.6064186813918
3019921,255.7599775571244
3019922,10.54725790489243
3019923,11.172443964732727
3019924,254.64659838855107
3019925,57.387635434023736
3019926,2420.1512179043334
3019927,0.11650416347943696
3019928,17.224640608487114
3019929,6.883094053633868
3019930,0.05542374754814344
3019931,2.52780959238829
3019932,5045.393253965095
3019933,0.0
3019934,548.0778551005992
3019935,17.82461786940533
3019936,1249.15197398603
3019937,623.2242298399419
3019938,291.0767798574427
3019939,186.8561631607433
3019940,118.84965968629746
3019941,4939.764498408312
3019942,8.354296349553099
3019943,0.07959097623298897
3019944,18.535451593968244
3019945,21.586162051487328
3019946,0.04308594938273552
3019947,261.79266756385863
3019948,0.0
3019949,10.023010874697057
3019950,0.9298588649969544
3019951,115.3966341873239
3019952,2.6045256360678914
3019953,194.20374743771254
3019954,312.7979850033904
3019955,3.9975440794469126
3019956,3.0026146610480735
3019957,218.94023641255976
3019958,113.27660302158824
3019959,1123.3828392483856
3019960,1.1793179935966285
3019961,1.447214108590067
3019962,19.643820267853005
3019963,0.0
3019964,26.57269049530043
3019965,13970.470692133184
3019966,0.013975766040375471
3019967,1945.3700893668658
3019968,30.269520437219967
3019969,3062.2754997760667
3019970,3086.5337967673313
3019971,693.4529719957894
3019972,753.3352061977382
3019973,579.3068484157683
3019974,13451.294671984248
3019975,124.95275335572185
3019976,5.517399903924613
3019977,118.9665295282644
3019978,150.7175010790408
3019979,0.38008933927388033
3019980,936.0554776630843
3019981,57.012707812079896
3019982,40.538864668132234
3019983,33.69134160853008
3019984,576.2989062336474
3019985,30.877116489671195
3019986,1032.7939550259125
3019987,914.4202720291898
3019988,49.96660077652735
3019989,46.663640734151905
3019990,1382.372655323046
3019991,304.8650432958352
3019992,11966.47226078245
3019993,229.13052021175054
3019994,128.02438252490364
3019995,17.103999835066716
3019996,0.0
3019997,20.431069670809904
3019998,13259.446734001798
3019999,0.011642551189495354
3020000,1420.8301341310778
3020001,32.93738887741426
3020002,3088.8938136857664
3020003,2489.967086432448
3020004,887.5969366757732
3020005,454.8560565716551
3020006,461.2988498329944
3020007,13520.030779642515
3020008,193.1097899825082
3020009,1.9951998561962703
3020010,82.76287518513385
3020011,114.35730931999703
3020012,0.8207537716292812
3020013,879.9399778272633
3020014,45.24943607031004
3020015,55.64447839274914
3020016,41.08364199921077
3020017,385.5113786403051
3020018,22.99286040950784
3020019,1364.8225345722478
3020020,966.9912462449594
3020021,33.31540925228448
3020022,38.869715703082264
3020023,1569.420831702442
3020024,276.44435091880996
3020025,6867.639619673222
3020026,311.5944589296115
3020027,108.84593418869477
3020028,18.91620527131531
3020029,0.0
3020030,24.708788083570642
3020031,8879.380553487554
3020032,0.12466660365904635
3020033,1141.894454155797
3020034,20.811729354360985
3020035,3194.4335925099904
3020036,1948.7774608683412
3020037,1007.501755953617
3020038,210.67108568984185
3020039,315.5460961292447
3020040,13213.87037925189
3020041,65.75660296858086
3020042,2.0470184638648936
3020043,45.205795816389845
3020044,38.81938547122182
3020045,0.4063487268899528
3020046,952.9117463566326
3020047,55.417533940953504
3020048,38.38223799359226
3020049,18.701905681993527
3020050,268.3050480259152
3020051,10.459124012277998
3020052,1079.0533121644273
3020053,1084.2391220648915
3020054,32.46862817566914
3020055,63.852331997581544
3020056,1032.0510203943334
3020057,157.54881861848736
3020058,3466.0115388822705
3020059,401.948904121032
3020060,75.35520679124642
3020061,19.211466496753296
3020062,0.0
3020063,24.24778439695743
3020064,13162.38896822698
3020065,0.03607625204846898
3020066,1325.4043146292165
3020067,36.925802195525634
3020068,2940.9015449650124
3020069,2402.8720416220126
3020070,848.6859781823728
3020071,404.9937415928916
3020072,353.32184824139
3020073,13177.64772300189
3020074,74.89153058634325
3020075,2.1876447121002878
3020076,67.44812317168504
3020077,100.7005435468493
3020078,0.3665285830611532
3020079,841.1855526778553
3020080,46.456553012743036
3020081,40.63108991032212
3020082,15.442934083194139
3020083,360.6896665646413
3020084,16.54813062147515
3020085,962.6183799734326
3020086,1011.8734707321518
3020087,33.60329585293405
3020088,41.55192408343575
3020089,1366.6134476508992
3020090,271.46181497809584
3020091,6209.538673431123
3020092,358.0726536136657
3020093,79.89750142392442
3020094,16.786645638126092
3020095,0.0
3020096,29.17252330695777
3020097,6873.776020611594
3020098,0.025267944370961578
3020099,989.6568388495779
3020100,22.393218629678664
3020101,2797.5554790899196
3020102,1622.9971891603288
3020103,793.5592680027767
3020104,161.9123533219736
3020105,259.1917355049676
3020106,11710.042308218386
3020107,68.66998347887113
3020108,0.5425671134636789
3020109,42.22146170492519
3020110,46.934809246989076
3020111,0.35684777203573215
3020112,846.2076047028132
3020113,52.84507587328321
3020114,15.734585494348872
3020115,9.47358999691305
3020116,223.10154515016467
3020117,9.192393868201457
3020118,949.4590870289335
3020119,1091.6593167673432
3020120,21.456454067927513
3020121,36.95472770398287
3020122,1063.3733937259094
3020123,104.31942778996117
3020124,2539.2418827425654
3020125,138.52301308964604
3020126,27.38482756010646
3020127,9.757222111459992
3020128,0.0
3020129,15.57440140375645
3020130,8010.831105999133
3020131,0.0
3020132,1030.0828338144458
3020133,25.74302228861802
3020134,1904.8968769440692
3020135,2037.6864370181931
3020136,486.8450900211438
3020137,454.2651669467475
3020138,344.7245991555832
3020139,7797.353598727264
3020140,69.83683152761145
3020141,1.5510195393337103
3020142,39.216816031994014
3020143,75.83232585504726
3020144,0.299225670273487
3020145,555.5325478873079
3020146,27.624875714943155
3020147,35.66089032109018
3020148,19.73067737772765
3020149,402.1331523845182
3020150,21.053914263157278
3020151,760.0883202635945
3020152,587.2948006529971
3020153,22.484346098062126
3020154,32.86520240349515
3020155,1042.0910633815358
3020156,212.21143802918513
3020157,6905.626085817651
3020158,249.38509376902692
3020159,71.35042369716714
3020160,7.0852269379535935
3020161,0.21292761034381474
3020162,6.383895832258344
3020163,2407.768575659462
3020164,0.0
3020165,381.88047969016657
3020166,30.568683743856162
3020167,1046.820461963889
3020168,550.4175831197541
3020169,254.36887406103696
3020170,88.09619766604716
3020171,133.66844594466963
3020172,3421.1986005854824
3020173,58.58703042701504
3020174,0.8991696546939235
3020175,28.188077297515534
3020176,24.167896183220435
3020177,0.28738355388801623
3020178,244.0960085925712
3020179,13.373217181930883
3020180,12.777308412008562
3020181,12.774142292265498
3020182,118.01559578453544
3020183,8.836336671294738
3020184,264.25091372778377
3020185,297.37701807212335
3020186,3.7375221985980165
3020187,8.81711156738526
3020188,260.71677323887997
3020189,64.45172435615271
3020190,1658.2155330571686
3020191,0.5931199878380883
3020192,7.859752358024059
3020193,12.393853349467058
3020194,0.0
3020195,20.770258603760997
3020196,6786.530734842015
3020197,0.037461238612986
3020198,736.958891903742
3020199,43.57136309596106
3020200,2361.8100516107966
3020201,1328.4657003937343
3020202,588.3416942530916
3020203,148.75914861438696
3020204,192.74542471937292
3020205,8222.060374470802
3020206,136.26861778323996
3020207,1.4756475043794084
3020208,65.25792435917393
3020209,43.211143953938816
3020210,0.3227789342738532
3020211,616.0612516429989
3020212,30.406277822781153
3020213,12.562764489394311
3020214,2.3768047528665055
3020215,216.9032465692951
3020216,12.091874931741646
3020217,605.2970597009105
3020218,760.0214219672537
3020219,20.85779874958484
3020220,40.56634298719913
3020221,454.7403054841445
3020222,96.51574265593514
3020223,2494.9130897033947
3020224,149.96603264557257
3020225,28.494411970636687
3020226,9.581984140839875
3020227,0.0
3020228,5.385514689344017
3020229,5586.197044463635
3020230,0.0
3020231,1045.136723300357
3020232,12.318321341800566
3020233,1686.8288060399718
3020234,1713.4246358197506
3020235,305.8049719424859
3020236,357.4350598731301
3020237,420.11739318068123
3020238,5585.758942255083
3020239,56.92837126732811
3020240,1.3330434377339389
3020241,40.00548176143228
3020242,46.68254994121593
3020243,0.5070063340162665
3020244,402.6020247266038
3020245,2.201390806531194
3020246,53.45116051724661
3020247,5.947469750797994
3020248,283.677071491475
3020249,12.483481628745285
3020250,682.6993876001113
3020251,389.15732491259234
3020252,26.251064917009312
3020253,16.14678785902568
3020254,731.4760900754458
3020255,135.88754237278016
3020256,5488.476471149025
3020257,3.7370854448086113
3020258,55.75169993496887
3020259,17.24231162046778
3020260,0.0
3020261,12.286014554115027
3020262,6225.484681500545
3020263,0.0
3020264,1055.5584938364655
3020265,14.053963040931082
3020266,1996.9668863045713
3020267,1399.0455256177324
3020268,477.73122608826077
3020269,251.21406655934675
3020270,502.3195543296869
3020271,8173.495119893685
3020272,68.56254613588041
3020273,2.903776428765133
3020274,50.868107672542905
3020275,46.604510038089856
3020276,0.6100661256676692
3020277,494.79718503340405
3020278,11.429195076427963
3020279,78.27053926435511
3020280,7.830307626901548
3020281,403.14410304220416
3020282,13.327099671521365
3020283,574.5025828076098
3020284,509.6399637341387
3020285,18.845721008371008
3020286,30.857966720009756
3020287,581.1946194169867
3020288,142.9616674717385
3020289,5321.551835508365
3020290,4.132192624764049
3020291,13.497212994989962
3020292,13.253006670542316
3020293,0.06566099228252617
3020294,5.155346944527894
3020295,2977.529075871822
3020296,0.0
3020297,547.1223200375653
3020298,12.634882857876732
3020299,1174.1613770445151
3020300,568.9917106451894
3020301,283.7838319575199
3020302,101.72228056604933
3020303,239.32160557548852
3020304,4073.5177842565604
3020305,25.098144606001846
3020306,1.3615092818685168
3020307,34.89972746741935
3020308,27.975797203849986
3020309,0.13172917224158445
3020310,267.7929107395883
3020311,4.99953208876455
3020312,19.672957870431937
3020313,6.17294998970595
3020314,210.21470361617634
3020315,2.8695681999535094
3020316,320.63388922508335
3020317,310.1123281792272
3020318,6.159179037818343
3020319,7.96233906831031
3020320,226.97692188125762
3020321,87.2194053251838
3020322,2302.157173144825
3020323,0.04258831113633771
3020324,2.5587653403050887
3020325,7.202678233666581
3020326,0.0
3020327,1.529787197182063
3020328,3191.4037379997085
3020329,0.0
3020330,206.7680861276206
3020331,7.473195311041152
3020332,1324.4071724523196
3020333,251.13205618735765
3020334,235.70832323485484
3020335,61.01389986732308
3020336,67.62369490424516
3020337,3739.906113078631
3020338,10.76865195239883
3020339,0.6123268118089551
3020340,27.07286814263287
3020341,11.272052607351782
3020342,0.09780540431973958
3020343,234.7453849048506
3020344,0.0
3020345,0.0
3020346,5.387708093023835
3020347,29.836314926368164
3020348,1.7352779464177854
3020349,61.36004464283043
3020350,207.97930515088188
3020351,0.1906078591756505
3020352,3.140765471140833
3020353,76.11213091102515
3020354,76.72404501009542
3020355,670.6432247747729
3020356,0.0
3020357,3.119885602796833
3020358,9.338085211784142
3020359,0.04569719890749993
3020360,8.73130890555066
3020361,4480.024357306742
3020362,0.0
3020363,620.9911627798708
3020364,16.706181183890212
3020365,1403.9758703443727
3020366,949.4507730050348
3020367,352.09188721990006
3020368,202.3140503860859
3020369,225.1097885641223
3020370,5352.333775097616
3020371,47.16931459833078
3020372,1.0931178587118753
3020373,38.01265490781851
3020374,54.55940889363175
3020375,0.04962544561003744
3020376,390.0395221817031
3020377,30.233257769486368
3020378,23.91689343843012
3020379,17.23471339711985
3020380,194.9276961130367
3020381,10.976366325333602
3020382,517.3756500715749
3020383,385.9327493205662
3020384,10.475509109576413
3020385,12.83052317238312
3020386,571.5277831753205
3020387,118.28385921023546
3020388,2735.9076273256296
3020389,0.0
3020390,39.504598305555724
3020391,4.89670596182966
3020392,0.05767048534112253
3020393,5.084164415936569
3020394,3852.483684227038
3020395,0.10955469657443391
3020396,574.0769917889309
3020397,21.775506915528876
3020398,777.0318860015004
3020399,1084.038386467678
3020400,187.06862759081335
3020401,222.40487724534933
3020402,270.8641855421693
3020403,3324.3214588323526
3020404,42.162069507555145
3020405,2.0938033499280975
3020406,22.247400564572253
3020407,26.533324203666176
3020408,0.6087063379001576
3020409,210.7257821124049
3020410,15.099294872322279
3020411,49.93728369010458
3020412,5.300891895926982
3020413,285.74219371943855
3020414,10.016066156087184
3020415,396.11899453268563
3020416,217.78425369645856
3020417,6.944770320744685
3020418,18.917872811057478
3020419,544.707089334695
3020420,126.41993493399673
3020421,4133.8586351862
3020422,0.2828040905740775
3020423,34.60597860506095
3020424,5.677743389330275
3020425,0.206472142962359
3020426,16.762903184116222
3020427,5764.238805217445
3020428,0.0067320978806400325
3020429,810.7984118506884
3020430,22.0613230412347
3020431,1349.9819552109047
3020432,1587.6752279945986
3020433,332.2677880065011
3020434,378.0412020948276
3020435,206.40118762759082
3020436,5627.028977757742
3020437,42.250317915247365
3020438,3.297167413736383
3020439,41.718910769529174
3020440,49.884605376911395
3020441,0.12471609771193719
3020442,416.08164852097946
3020443,38.715516888209336
3020444,43.22694256903938
3020445,28.957449631340857
3020446,210.87662517808207
3020447,17.771888497878184
3020448,490.8049730116934
3020449,399.07792829856544
3020450,23.76404139496201
3020451,25.79203047575721
3020452,717.8239160462226
3020453,159.50391491154738
3020454,5184.370482152678
3020455,0.6134322545978272
3020456,48.35142467046356
3020457,15.982754216655298
3020458,0.2767761541018561
3020459,7.037306192305212
3020460,4233.556272291829
3020461,0.0
3020462,515.5910324379571
3020463,19.179959877392978
3020464,1853.2609797233667
3020465,845.6310156107512
3020466,544.5260219997552
3020467,180.30426324840425
3020468,152.61835234756177
3020469,7392.520054510472
3020470,15.180138593818993
3020471,1.3785103633901186
3020472,47.745916186007165
3020473,53.6126690258783
3020474,0.08299023303965282
3020475,414.8587495622704
3020476,12.253371555368116
3020477,6.943272734772121
3020478,7.957500989233976
3020479,113.20137396353185
3020480,3.1966462075564155
3020481,361.6831324691684
3020482,481.7317940834383
3020483,9.487157137206006
3020484,9.295709451426697
3020485,447.6529289579088
3020486,128.10609383573657
3020487,1689.550656183798
3020488,28.583425386177446
3020489,24.434124066990478
3020490,2.622287796577151
3020491,0.0
3020492,3.270604782655405
3020493,1107.0883652113916
3020494,0.05758203727681503
3020495,156.02436516424433
3020496,3.1631652466905074
3020497,240.8547762549752
3020498,294.63732525100704
3020499,64.92128293862453
3020500,60.720638031304006
3020501,43.51899255319791
3020502,1102.2099903577416
3020503,9.122330234936442
3020504,0.3649034215300794
3020505,3.398580845387858
3020506,7.144838533609982
3020507,0.14875037802556607
3020508,87.90226130611345
3020509,5.034666120796118
3020510,11.416106197030413
3020511,2.461229467582414
3020512,39.613397548127985
3020513,2.625887036231476
3020514,135.36753438002174
3020515,76.15043068865437
3020516,3.133512206349319
3020517,3.098747490765433
3020518,128.60456477219566
3020519,42.28748994028191
3020520,1050.9615132872266
3020521,0.0
3020522,9.419937386629181
3020523,1.739967752066113
3020524,0.0
3020525,1.4895099362109807
3020526,1501.4372939763111
3020527,0.0
3020528,127.70322493695488
3020529,4.099487985822828
3020530,989.803927096034
3020531,292.2674354613888
3020532,288.01631887316427
3020533,53.291468497583786
3020534,36.994436083944834
3020535,2839.729665774302
3020536,6.336134864119354
3020537,0.477316447507926
3020538,10.38020284858445
3020539,8.935851343101596
3020540,0.09566423804290365
3020541,189.84575358431283
3020542,3.9782889629563245
3020543,0.0
3020544,1.6124480663025091
3020545,12.481599786946154
3020546,0.4993495577991392
3020547,197.96150267872198
3020548,222.99336736425232
3020549,0.605397110556831
3020550,4.39074530877742
3020551,186.99322869087482
3020552,27.67191903872931
3020553,272.03277256386025
3020554,21.1293914597238
3020555,0.6883870860406179
3020556,8.557790204863803
3020557,0.2151645497702519
3020558,5.096906289596114
3020559,4804.090645712127
3020560,0.0
3020561,745.7227190309825
3020562,9.503992329445802
3020563,2090.3626975316465
3020564,693.5204857307956
3020565,513.1382943382013
3020566,232.69381451759966
3020567,101.31901420009595
3020568,8059.876610246149
3020569,31.017912049466396
3020570,0.8903430555606336
3020571,26.149416853343944
3020572,25.51003158562318
3020573,0.29991481711015133
3020574,475.3427141323926
3020575,11.270726339714722
3020576,3.0230688910231827
3020577,8.33391015057942
3020578,29.572208330411268
3020579,3.671684325918196
3020580,642.7716564110796
3020581,467.4305598189065
3020582,4.056473013182425
3020583,14.665126726500478
3020584,484.7514919852581
3020585,77.5832841159513
3020586,1466.642861718637
3020587,21.811285902153575
3020588,12.372413787288096
3020589,5.883325673237487
3020590,0.07834234357694617
3020591,0.5232591801611786
3020592,2081.798880067366
3020593,0.0
3020594,233.58271679108705
3020595,9.928373760444272
3020596,1035.8905367269724
3020597,402.34130263532427
3020598,218.48566586440083
3020599,65.43271714627511
3020600,35.806145562966606
3020601,3259.397904864622
3020602,9.613410747683876
3020603,0.7627769613426356
3020604,10.25970661494732
3020605,20.900082283573074
3020606,0.28660015749311835
3020607,169.79754318137475
3020608,9.677717578213592
3020609,0.0
3020610,7.5147617228562265
3020611,32.59654333350056
3020612,1.4330090493588656
3020613,148.0473107976445
3020614,215.68240522416028
3020615,1.8461227467347707
3020616,5.57917300655764
3020617,166.98109767623401
3020618,32.777284171601195
3020619,351.2591041847545
3020620,5.983361615599427
3020621,2.983699260782534
3020622,4.55768825027052
3020623,0.0
3020624,2.4603215291365697
3020625,1711.4686144319046
3020626,0.0
3020627,142.6705480524385
3020628,6.673023079392069
3020629,913.9143459790085
3020630,235.32773206778927
3020631,164.24012404384712
3020632,50.80900198364072
3020633,29.57909735360028
3020634,2372.429830882326
3020635,16.235645361306158
3020636,0.04609646239273394
3020637,12.419243374909984
3020638,9.052765881731275
3020639,0.0
3020640,128.82550494184315
3020641,1.9667966563835075
3020642,0.0
3020643,2.2209715586269323
3020644,18.393162108926532
3020645,0.6106506711500332
3020646,127.58805703433694
3020647,158.28143892098828
3020648,0.6055312027526789
3020649,4.604829174078802
3020650,97.88337179642176
3020651,23.81499401935413
3020652,179.39966131334245
3020653,35.617428630520436
3020654,1.6156721644766452
3020655,3.694586372222445
3020656,0.0
3020657,2.857629058685169
3020658,1670.3409706455607
3020659,0.0
3020660,173.74718710781536
3020661,5.934664540117183
3020662,1201.0483319012178
3020663,293.11222554862013
3020664,198.07880646223242
3020665,42.60357183623782
3020666,36.21364457449381
3020667,2752.2670436442277
3020668,6.126495033425129
3020669,0.36482672627031026
3020670,9.279196425451222
3020671,16.96704633303347
3020672,0.06258335774228213
3020673,160.20543269951585
3020674,0.8867952332088204
3020675,0.0
3020676,2.697738113551441
3020677,12.295363923022556
3020678,1.8756801851415705
3020679,208.09551487088618
3020680,184.64897426983788
3020681,1.0585049706931509
3020682,4.32494639108132
3020683,86.30884833584251
3020684,57.10261462916559
3020685,354.18024532957156
3020686,7.020767767859017
3020687,2.840270223018667
3020688,4.612553518115566
3020689,0.43238368296747565
3020690,3.3038835757254255
3020691,1424.3161945414622
3020692,0.0
3020693,161.28060802434516
3020694,2.3433214242321063
3020695,732.8449622753036
3020696,230.7867707167482
3020697,208.4711688508574
3020698,65.25767559073603
3020699,55.33500222625605
3020700,2309.2293298504983
3020701,7.004002599379929
3020702,0.7690097525893629
3020703,11.40692813131825
3020704,13.756055545890222
3020705,0.1610908092077352
3020706,175.83332642794022
3020707,7.875034868613149
3020708,0.0
3020709,2.877472432272699
3020710,16.032225450109358
3020711,1.426049108547653
3020712,86.51473408980534
3020713,166.236315526623
3020714,0.8104503041675974
3020715,4.411578501090564
3020716,87.62643957100593
3020717,34.838319806543325
3020718,412.6495574287464
3020719,14.915755281660836
3020720,2.8236058155883645
3020721,4.164357070181089
3020722,0.11309841250985236
3020723,2.156391648189098
3020724,1890.9247627015507
3020725,0.0
3020726,231.01417729315773
3020727,4.874835696190786
3020728,1120.636334844371
3020729,388.572401553482
3020730,230.88559813577194
3020731,182.63395078610614
3020732,36.56930221816516
3020733,2983.482636651678
3020734,4.017887751059671
3020735,0.45653244849447483
3020736,10.076288012153992
3020737,14.937614154337545
3020738,0.27286769529047433
3020739,218.74735907378408
3020740,0.0
3020741,0.0
3020742,2.24550082758741
3020743,28.311541955776786
3020744,1.3985129466560382
3020745,70.20582087515757
3020746,205.02159187820104
3020747,1.04808358298988
3020748,3.850375938732774
3020749,69.82713549373312
3020750,50.54588613063731
3020751,610.7889502353368
3020752,0.03380298118486242
3020753,0.6013637795354128
3020754,9.891237782841078
3020755,0.5527338323066815
3020756,2.874826452195845
3020757,4155.136647172447
3020758,0.0
3020759,475.98375193363694
3020760,8.482458045628741
3020761,1597.3813894897871
3020762,847.9061636692518
3020763,529.802180577036
3020764,241.88725980358353
3020765,123.06144444050763
3020766,5396.744285323899
3020767,22.44245152190017
3020768,1.7869446421605377
3020769,24.987112931791284
3020770,30.057803414712062
3020771,0.3506110248917387
3020772,371.81574035610623
3020773,1.1915793130429115
3020774,0.0
3020775,13.6932790162341
3020776,53.486009367385904
3020777,3.3805183906267064
3020778,292.84831618924505
3020779,385.1180192177838
3020780,3.277358643429871
3020781,10.314431931504807
3020782,454.6873645450081
3020783,66.91997465989402
3020784,1833.7741745596622
3020785,154.55235512861822
3020786,21.248481237474177
3020787,5.069063999147532
3020788,0.1800136183255355
3020789,6.149095023934614
3020790,2888.503671381017
3020791,0.0
3020792,730.2695234330097
3020793,6.873885924099684
3020794,825.367969849856
3020795,716.8641555838321
3020796,243.56787599862204
3020797,228.9196563041452
3020798,78.47867385198083
3020799,3424.941992569208
3020800,21.430815436561247
3020801,0.8386893663689688
3020802,21.105323506135317
3020803,21.20820145181236
3020804,0.3279071069163975
3020805,252.57799472904733
3020806,16.41261058138993
3020807,5.47137964677961
3020808,9.621555476978546
3020809,42.27747231173251
3020810,2.4175961702925894
3020811,127.22636186826946
3020812,225.7411937719935
3020813,5.529830406790225
3020814,9.63821615744289
3020815,260.622348110956
3020816,70.01162140678133
3020817,1928.1932257933759
3020818,28.13894415549541
3020819,18.970229658402143
3020820,9.291078071137896
3020821,0.36085266521826154
3020822,3.6688727204541585
3020823,2478.0658114647713
3020824,0.0
3020825,208.40518440896966
3020826,4.721864504835647
3020827,915.0955346167061
3020828,330.9376779901354
3020829,287.1083376955958
3020830,65.4858238848133
3020831,44.02940015505881
3020832,3285.8458754803187
3020833,17.56246406155361
3020834,1.2900476203262887
3020835,12.708821848581545
3020836,24.77183646957411
3020837,0.15575435612782867
3020838,182.0495935866621
3020839,9.745921708200227
3020840,0.0
3020841,4.711820010443655
3020842,18.0076896126653
3020843,1.939038690680749
3020844,150.1701090194115
3020845,220.25833563855326
3020846,1.6896495717141105
3020847,5.917566930059422
3020848,95.61700052208056
3020849,32.80400353539338
3020850,475.9866617848784
3020851,15.195734354676475
3020852,4.234688911385781
3020853,8.03145195123797
3020854,0.03698927411778263
3020855,9.82519451124175
3020856,3794.199114522782
3020857,0.0
3020858,706.8168335558726
3020859,8.73361426261589
3020860,943.7185624338413
3020861,901.9627278721551
3020862,250.67842738620135
3020863,217.0298427582228
3020864,118.2002068618082
3020865,4562.081533394956
3020866,47.38260590062882
3020867,1.6557124454879233
3020868,17.891849998123384
3020869,28.29752438213055
3020870,0.2505588571870377
3020871,319.3134803452105
3020872,36.261681575567465
3020873,24.266289103247544
3020874,4.781160333819823
3020875,73.0985687015411
3020876,8.497075981057922
3020877,401.32193495225494
3020878,348.6907435692441
3020879,7.84278210998882
3020880,11.09663017286766
3020881,511.22452255611927
3020882,108.12359800266003
3020883,2646.5517880235857
3020884,0.043136309071248824
3020885,47.24864083866554
3020886,9.826147329604268
3020887,0.0718510181404259
3020888,7.334727652998042
3020889,5452.457444743275
3020890,0.0
3020891,865.9772437272077
3020892,10.986321561865047
3020893,2646.8427363647816
3020894,1071.7339343456265
3020895,932.7389539757451
3020896,143.99357518353264
3020897,109.73190873188932
3020898,8068.506174376558
3020899,23.700008032138154
3020900,0.7919889834632833
3020901,28.823403334014568
3020902,31.124313585309327
3020903,0.08731984959875547
3020904,520.411710976517
3020905,5.091468837920091
3020906,9.53268137785667
3020907,10.688397390961878
3020908,58.645664037760156
3020909,1.5145479350596625
3020910,489.6765348892443
3020911,660.9779981480747
3020912,6.027557568987441
3020913,6.376687938256832
3020914,511.6494425636062
3020915,114.75509287092669
3020916,1663.0427302117632
3020917,21.818857480115113
3020918,19.6401310240703
3020919,18.686186314040853
3020920,0.48806847646310897
3020921,4.54308687868168
3020922,4700.323817671422
3020923,0.0
3020924,808.4492208632769
3020925,4.475630002357878
3020926,2363.956061698942
3020927,963.4301051749125
3020928,512.4702506822489
3020929,351.65544937027164
3020930,83.84815483268862
3020931,6793.373657430397
3020932,31.461078486083345
3020933,0.6060647976317274
3020934,43.01207757205466
3020935,54.19349386576316
3020936,0.3754087552427088
3020937,517.2411645609908
3020938,9.765709072947237
3020939,5.400493747802157
3020940,16.364163993003658
3020941,57.71137235980008
3020942,2.8683909612848697
3020943,195.738719172456
3020944,498.284783415693
3020945,3.5235669616199488
3020946,6.679838751707465
3020947,256.7450106274853
3020948,200.1485665108568
3020949,1944.5227043075859
3020950,0.8784357640723559
3020951,9.47333912258381
3020952,5.546367664137755
3020953,0.17290855410099965
3020954,2.3130174378918085
3020955,1843.151685491276
3020956,0.0
3020957,156.5600626178631
3020958,8.122313392917698
3020959,785.3867359405174
3020960,300.65226154600657
3020961,152.03803891843157
3020962,52.45137007811432
3020963,47.453161195469725
3020964,2554.1842777267384
3020965,9.419198680878349
3020966,0.8068566283539386
3020967,17.883629344287492
3020968,19.92423247478599
3020969,0.2628436243732346
3020970,189.01523095719043
3020971,2.073636204351277
3020972,0.0
3020973,4.204604010650067
3020974,36.627314236427424
3020975,2.6813474349226283
3020976,135.77436057496146
3020977,183.16372496694208
3020978,1.3517115520312692
3020979,6.240211566538523
3020980,145.73580101007994
3020981,28.39307393869903
3020982,482.3847521372097
3020983,81.83709064191832
3020984,1.391041341437313
3020985,2.3092272745264557
3020986,0.0
3020987,2.2355157698145542
3020988,1919.0890713054973
3020989,0.005129420230270189
3020990,250.345053339996
3020991,12.871529615074666
3020992,531.1420480632751
3020993,511.920675789268
3020994,129.29066807192072
3020995,53.00780109331333
3020996,64.92346455591343
3020997,2173.681092956556
3020998,18.97091907967031
3020999,0.37331081112216524
3021000,10.961049914597108
3021001,12.195796956758535
3021002,0.1622595057652356
3021003,145.3617992138693
3021004,11.06427180646664
3021005,3.472469912704391
3021006,4.100272479987616
3021007,40.91364121196136
3021008,5.872833944196543
3021009,832.050718378408
3021010,184.58023368539648
3021011,3.942265239457311
3021012,5.328219385713776
3021013,286.00576475831474
3021014,33.77316756564972
3021015,1102.965350108256
3021016,0.0
3021017,6.467098815692592
3021018,3.386619478399211
3021019,0.1072084033887266
3021020,6.627968579434718
3021021,3992.5782914510382
3021022,0.0305407358922603
3021023,798.6066741673327
3021024,12.30773011263288
3021025,1045.373463096153
3021026,1267.8530061011527
3021027,276.61836564044853
3021028,237.14064597595527
3021029,139.89785572655774
3021030,4187.112667683888
3021031,39.54433134858806
3021032,0.6837288684152302
3021033,17.491360278687274
3021034,34.827077690507885
3021035,0.09573000510480528
3021036,281.2614276390964
3021037,13.702142113350028
3021038,33.43038990610046
3021039,8.363851324618473
3021040,50.89770908972281
3021041,11.937497677881007
3021042,359.1262229635617
3021043,339.2824631150632
3021044,19.04231269161843
3021045,9.03842683580659
3021046,540.1032015198591
3021047,111.5172930438958
3021048,3430.5544097191364
3021049,0.0
3021050,18.17834634006047
3021051,4.361543203058217
3021052,0.13788607298661187
3021053,4.519072377272467
3021054,2486.035528443046
3021055,0.033551867046712654
3021056,441.07122818472277
3021057,7.3188630884617405
3021058,460.33230958511405
3021059,600.1935399219807
3021060,166.32269687623292
3021061,135.37979853304637
3021062,93.17204681562177
3021063,2278.670209666591
3021064,28.721165021988615
3021065,1.0841439235148842
3021066,14.254274812749177
3021067,18.4194830864014
3021068,0.2713285221089426
3021069,124.13296862530447
3021070,0.0
3021071,26.633213803285635
3021072,4.31978993139939
3021073,111.5339603292383
3021074,7.326983215252151
3021075,185.42081334826537
3021076,143.12306082859365
3021077,4.558148589392549
3021078,8.922110128800714
3021079,188.49365828688366
3021080,46.26515324304139
3021081,1564.8332017343207
3021082,0.9250891881821108
3021083,6.438111104123406
3021084,6.1570309856883085
3021085,0.0
3021086,0.42901670901427297
3021087,1619.995553999022
3021088,0.0
3021089,315.00362989856137
3021090,6.732074010271257
3021091,514.3559508581232
3021092,377.30930788592104
3021093,145.24093155273317
3021094,54.517015848021316
3021095,43.360914736969264
3021096,2381.417855820284
3021097,17.990439674677422
3021098,0.5954315255425384
3021099,15.615939979432765
3021100,11.952081620176388
3021101,0.3349052221496701
3021102,130.86820471002062
3021103,0.48441641373222427
3021104,9.852400722964834
3021105,1.2587158775437803
3021106,24.310315047259557
3021107,0.5644596949595493
3021108,330.4555306417608
3021109,183.10103157858032
3021110,2.478117756539314
3021111,2.4566813387474857
3021112,216.30090248453462
3021113,33.07170880291227
3021114,593.3248221799574
3021115,0.6411903360436447
3021116,3.483227136690309
3021117,10.964541589777701
3021118,0.10196974281790233
3021119,6.117811695430832
3021120,5380.48148506257
3021121,0.10125866048936707
3021122,997.9402795815608
3021123,15.99005573860778
3021124,1256.250896992452
3021125,1522.779754968959
3021126,426.00014308429047
3021127,330.6262777080327
3021128,152.8899543250334
3021129,5889.508464284302
3021130,43.033007627889546
3021131,2.14237472672892
3021132,20.803236426042766
3021133,35.85076438305153
3021134,0.38312876134290963
3021135,353.331376681545
3021136,12.567671874073447
3021137,53.05133225245595
3021138,8.939469504179648
3021139,178.90851914313606
3021140,3.5294210124286316
3021141,348.63733214391453
3021142,411.63659657003336
3021143,14.719270197813854
3021144,13.863742239068271
3021145,536.0059579690582
3021146,120.54369675775754
3021147,3519.193787906949
3021148,1.6831835461775753
3021149,21.899603119392225
3021150,9.264533574459097
3021151,0.027501731128356896
3021152,5.475056157045783
3021153,5929.5460364874825
3021154,0.0
3021155,1153.8524949424261
3021156,13.87558478600621
3021157,1844.5654256391676
3021158,1493.8863415700112
3021159,587.339263883666
3021160,362.65172677453666
3021161,85.61323706565082
3021162,7646.853379581273
3021163,17.74823914722704
3021164,1.5661661667605609
3021165,38.8106203890249
3021166,30.151987521245093
3021167,0.6638376210395249
3021168,415.742154530842
3021169,0.0
3021170,5.028769600322658
3021171,7.148254265100491
3021172,48.7728951626729
3021173,1.977648858882933
3021174,249.2047541807907
3021175,482.36587581006313
3021176,5.6439578627300895
3021177,6.632247308493691
3021178,347.23850245435614
3021179,105.07585006513705
3021180,2069.6964276326266
3021181,4.4573523375735915
3021182,7.36192509012159
3021183,8.624543150819319
3021184,0.4929442237086395
3021185,3.6089894086835614
3021186,4944.480107024122
3021187,0.0
3021188,1145.0256723205002
3021189,13.883266154092107
3021190,1569.8895140527857
3021191,1162.2563833755844
3021192,414.6898185754203
3021193,292.97350466084424
3021194,104.95200405070459
3021195,6096.43174318574
3021196,30.27096402621322
3021197,1.5516573064247132
3021198,25.945675952303443
3021199,29.969972088579077
3021200,0.20365621648871357
3021201,373.29239116103037
3021202,0.0
3021203,8.40732075210558
3021204,5.744944616160152
3021205,87.00337387758609
3021206,1.9943948771629947
3021207,158.25366151149805
3021208,397.88235586115434
3021209,6.212457168217248
3021210,6.035251057224701
3021211,276.7219723362365
3021212,91.4021812445867
3021213,1562.4562483098293
3021214,2.5261733537035154
3021215,8.962337691928175
3021216,14.728639786248017
3021217,1.4933415825774008
3021218,22.562374694692252
3021219,11792.13902255944
3021220,0.04302262336719749
3021221,1425.114806855872
3021222,26.084404376253644
3021223,2380.6219120246215
3021224,2366.0147618283927
3021225,419.41499985531084
3021226,580.3810012951515
3021227,398.92540592032805
3021228,9742.160892029771
3021229,94.88537522479416
3021230,2.6242791985320744
3021231,53.75807280042266
3021232,73.74164773879215
3021233,0.47755096006081227
3021234,677.0521244765999
3021235,62.98318021423372
3021236,59.77215892657762
3021237,33.749119697033805
3021238,205.41913104494427
3021239,33.48782689949882
3021240,794.4447465657668
3021241,770.3686075304655
3021242,26.04807857611092
3021243,37.561549061667066
3021244,1276.8231260528094
3021245,293.44593559470877
3021246,8246.617966173168
3021247,1.7848741702397406
3021248,110.90405957089267
3021249,3.3758602248358454
3021250,0.30201678758660955
3021251,0.3829905546645893
3021252,1845.6766873556505
3021253,0.0
3021254,249.34522358436362
3021255,4.42137763775977
3021256,626.5351322360997
3021257,332.3401582509813
3021258,141.08159503555893
3021259,157.68445679534136
3021260,48.74274751205291
3021261,2290.741718870753
3021262,7.1003352096049674
3021263,0.31576927991200654
3021264,12.214738466081373
3021265,11.126268916168742
3021266,0.2660907210362683
3021267,152.87754653674588
3021268,0.3307700113800507
3021269,0.0
3021270,4.225424667475629
3021271,33.61146288790034
3021272,1.052322199387971
3021273,63.5832905172911
3021274,123.35155957229418
3021275,2.1023521903297797
3021276,4.722318203769612
3021277,131.79002331914296
3021278,25.516960488602926
3021279,609.7602692370485
3021280,0.09516191980008243
3021281,3.2137255445778266
3021282,11.259697381720436
3021283,0.2230327777392037
3021284,2.815853419542097
3021285,5285.420961031688
3021286,0.0
3021287,871.2776685271884
3021288,8.92603255410595
3021289,2106.328163211104
3021290,1000.61621275687
3021291,327.7189627596041
3021292,395.7279590876903
3021293,65.20437047663539
3021294,6453.73651543059
3021295,20.148519903714604
3021296,0.3818688239581619
3021297,34.290882386516664
3021298,29.485696499740452
3021299,0.18443958983572467
3021300,426.86388178604426
3021301,2.860622004923253
3021302,4.21864226559557
3021303,12.507512518847797
3021304,18.650835946440356
3021305,1.826847886536325
3021306,452.74295107060914
3021307,487.43838705556396
3021308,4.45043597416243
3021309,11.500496164272832
3021310,165.11703994388824
3021311,105.26104463097798
3021312,1486.8778202006913
3021313,1.9256344755355244
3021314,6.132736753500022
3021315,1.5649165740575126
3021316,0.0
3021317,0.6241341167989349
3021318,1208.3052795193976
3021319,0.0
3021320,191.72995174368853
3021321,2.8079930175730135
3021322,639.7218902271429
3021323,227.82385582902168
3021324,111.1355680602511
3021325,135.1264431925923
3021326,23.18896919281425
3021327,2181.1387620807236
3021328,2.5644451913171573
3021329,0.23157516771862086
3021330,9.975758241501078
3021331,4.454401530373499
3021332,0.00975596866343532
3021333,105.35315285659036
3021334,0.0
3021335,0.0
3021336,0.286706098583261
3021337,24.06125535441244
3021338,0.4524254609700712
3021339,85.17702985693029
3021340,106.6230133298863
3021341,0.39061127037629934
3021342,1.197073464962248
3021343,72.34834062120878
3021344,12.785803840356852
3021345,211.4102561497675
3021346,0.0
3021347,0.9740815141859109
3021348,10.688769002856429
3021349,0.0
3021350,1.037906987475021
3021351,2742.368914602255
3021352,0.0
3021353,345.8317567534208
3021354,7.342335407426511
3021355,1356.9830243415336
3021356,515.1274844829455
3021357,202.29678855653995
3021358,156.91555451778726
3021359,53.146321712252046
3021360,3824.392634709954
3021361,5.576969473586978
3021362,0.7121092582794825
3021363,21.694159473920678
3021364,21.815118163422433
3021365,0.29562882110590055
3021366,275.2996718809595
3021367,0.0
3021368,0.0
3021369,15.925770116204493
3021370,22.552927200445097
3021371,1.9148588728667677
3021372,327.3142096686547
3021373,309.43240491802254
3021374,2.264815785260198
3021375,4.906201677863875
3021376,252.25747552788079
3021377,29.19445955469538
3021378,1402.0787488577657
3021379,0.03173935056129214
3021380,0.6309759981999145
3021381,3.429896423084937
3021382,0.1600288684677285
3021383,1.7199561117785103
3021384,2921.403578983961
3021385,0.0
3021386,787.227317539414
3021387,5.471071426021451
3021388,910.0598368254846
3021389,636.8782302527705
3021390,230.92540311462673
3021391,125.61903801492042
3021392,72.06414594159723
3021393,4400.397030111993
3021394,10.264904565033486
3021395,3.0396776945000497
3021396,29.568084780053972
3021397,39.07888092950138
3021398,0.3721124990372405
3021399,201.1311972436356
3021400,3.740234922354414
3021401,6.04702278327799
3021402,3.7011345579429307
3021403,28.973691742621472
3021404,2.608047048410835
3021405,180.77073626052118
3021406,250.6434796311899
3021407,3.0649941795652405
3021408,7.960792263298885
3021409,151.9204766505135
3021410,25.793358453286075
3021411,592.3903465836403
3021412,3.3087449736561614
3021413,3.5693380819993425
3021414,5.3950078038927005
3021415,0.032532606024262944
3021416,0.40557258364538606
3021417,1857.8058782883243
3021418,0.0
3021419,157.19829656589957
3021420,2.9223802566610195
3021421,583.4110806091369
3021422,227.0294885023469
3021423,105.41503448912628
3021424,165.9146606959751
3021425,42.13784209383266
3021426,2466.6266981817844
3021427,16.347475464202528
3021428,0.3006174147081926
3021429,10.950068392292824
3021430,11.945842920265541
3021431,0.2508961871403492
3021432,119.379700631531
3021433,0.0
3021434,0.0
3021435,0.5027594571889412
3021436,35.32872823412735
3021437,0.6716562446630339
3021438,228.98154767673864
3021439,118.75275831032309
3021440,0.8562618384426851
3021441,1.5244434831072182
3021442,78.45269805623093
3021443,22.14188630848451
3021444,385.623708268953
3021445,0.09502933128846873
3021446,0.37705200035089254
3021447,5.57961334216332
3021448,0.022923998534876568
3021449,0.48183776221470026
3021450,4278.3842848566255
3021451,0.0
3021452,654.7419892488069
3021453,6.863913885280114
3021454,1066.5089681823695
3021455,728.4786076052216
3021456,251.33579339725927
3021457,138.00657224022999
3021458,83.5371663876966
3021459,5008.945883397343
3021460,12.151359622540113
3021461,0.29065243066535706
3021462,15.394779150507546
3021463,13.58069928525834
3021464,0.23921723189938854
3021465,261.0053208981151
3021466,0.0
3021467,29.40286231797714
3021468,2.2765194110582683
3021469,48.31292067804087
3021470,0.7816196789840596
3021471,210.98390559710515
3021472,291.4011750664242
3021473,2.4198766921327395
3021474,5.299726174142719
3021475,139.66777579535267
3021476,48.84026909426366
3021477,1208.9638965422444
3021478,0.725424623057597
3021479,1.0434066663506163
3021480,3.265084310262689
3021481,0.0
3021482,8.04491285323089
3021483,2396.3438661012224
3021484,0.03030047093806513
3021485,417.16999583068576
3021486,5.661507067071639
3021487,705.035397660137
3021488,595.5580809465583
3021489,134.9494541625368
3021490,109.06206459943155
3021491,96.52044239018899
3021492,2664.241356730058
3021493,49.76332507492094
3021494,0.8747171297595984
3021495,15.858642109421837
3021496,18.015075949699163
3021497,0.20926145602091645
3021498,200.31885731944197
3021499,20.288097645507282
3021500,17.983397279367345
3021501,1.5481851305798795
3021502,70.75859349983335
3021503,5.961915622650205
3021504,177.29975168971083
3021505,265.45714287371834
3021506,11.721614397623052
3021507,13.14858021541233
3021508,207.67409021993467
3021509,54.556936405992644
3021510,1768.6075349443167
3021511,0.0
3021512,7.347901710990583
3021513,10.233326858001142
3021514,0.0
3021515,10.556675683880458
3021516,3099.676626436808
3021517,0.0
3021518,528.8178945671214
3021519,11.897429444641851
3021520,1526.6492068249893
3021521,779.3895451657546
3021522,148.46043609949393
3021523,114.4084022602139
3021524,100.9297822987695
3021525,4522.638028676684
3021526,29.988339774303373
3021527,1.5186606859295706
3021528,38.48190900370655
3021529,67.48181143923998
3021530,0.10179235912316675
3021531,428.68437353533125
3021532,31.011531576129432
3021533,18.851425846054042
3021534,9.039849282662336
3021535,99.64669544720294
3021536,13.063257713916608
3021537,160.11189937366927
3021538,495.91105850061973
3021539,7.425185903804519
3021540,14.61192338906925
3021541,157.04757794061288
3021542,83.12702016041274
3021543,1997.5385851500846
3021544,0.18235791294404308
3021545,23.512437667504315
3021546,10.343582666612146
3021547,0.19178762970940966
3021548,5.222742741708562
3021549,4260.972178989431
3021550,0.0
3021551,783.2555437832206
3021552,8.988011362671925
3021553,1861.145602536451
3021554,641.9320796865982
3021555,189.87234809421412
3021556,336.1408998000215
3021557,63.77435446702437
3021558,5859.701099205618
3021559,41.221834255464586
3021560,2.5872880549401014
3021561,17.375869701594997
3021562,19.239611428110173
3021563,0.15678052087620672
3021564,336.43567571968725
3021565,7.100322090683118
3021566,15.506412192255452
3021567,11.412263071082819
3021568,46.884681586288515
3021569,2.0843019037009816
3021570,159.63193757627306
3021571,403.415067098805
3021572,8.762642774956742
3021573,11.381648715145982
3021574,249.9570284262515
3021575,57.24512591974427
3021576,1733.6401076745258
3021577,14.370259423640835
3021578,16.049775571632452
3021579,5.167875738566166
3021580,0.7035066660514212
3021581,4.911380106866141
3021582,3759.6399105065893
3021583,0.02575438342403403
3021584,455.94054909128795
3021585,7.889417090023181
3021586,959.2490024513855
3021587,900.8329198818271
3021588,249.30659085093933
3021589,203.9852646831773
3021590,113.50360940763728
3021591,4279.244618143977
3021592,35.6959112620385
3021593,1.1717220160811914
3021594,18.270961522201524
3021595,19.003000358461207
3021596,0.23223533172012503
3021597,288.80960475980226
3021598,23.745497413925
3021599,24.44782596023919
3021600,2.5823650528884228
3021601,87.21597767921608
3021602,7.03162298791398
3021603,375.2481115900193
3021604,353.5194250280069
3021605,8.306085415491903
3021606,13.491402486632682
3021607,461.3951954918286
3021608,50.98796250992035
3021609,2802.833584456323
3021610,0.0829960165385068
3021611,35.45689253537609
3021612,4.5796071593864
3021613,0.10736258707757992
3021614,1.5022821159012363
3021615,4907.008364738023
3021616,0.0
3021617,554.2813820644751
3021618,5.438664776546062
3021619,1768.7598069628693
3021620,675.963316843613
3021621,305.4458712129616
3021622,158.99621594250593
3021623,56.9702181932798
3021624,6146.793323552531
3021625,11.459523791977709
3021626,1.9338088252402192
3021627,33.210634185081965
3021628,26.534010556059762
3021629,0.21647224782299312
3021630,408.42102382850464
3021631,0.0
3021632,0.14163399811754113
3021633,7.994808958251772
3021634,30.194171936716163
3021635,2.1741346658131544
3021636,160.29661715242202
3021637,380.9724052519483
3021638,3.370815036306856
3021639,9.415762853490056
3021640,177.45511378940552
3021641,61.89638535121954
3021642,1042.0346563783025
3021643,0.0
3021644,4.5993801557563945
3021645,11.87421104907062
3021646,0.05449300474564793
3021647,10.853811562077539
3021648,4536.698118843093
3021649,0.009213778445455411
3021650,762.5030849777992
3021651,9.403987430003692
3021652,1552.8071497903998
3021653,1029.9356372188354
3021654,338.2216404095322
3021655,217.94988442147434
3021656,141.89408517195744
3021657,5918.576343895743
3021658,75.46928660673098
3021659,1.4766383424275766
3021660,29.4779454507961
3021661,40.331618702219636
3021662,0.1633022476210042
3021663,453.03765274280147
3021664,40.62075032863227
3021665,24.035259874650002
3021666,8.784230295156265
3021667,74.801548668815
3021668,18.310704176249967
3021669,274.29887565204234
3021670,587.2310327923294
3021671,17.89819468489673
3021672,11.869360491149859
3021673,273.3016660361898
3021674,86.59463959039384
3021675,2860.3978128018734
3021676,0.5722336093695619
3021677,9.30157048887935
3021678,6.129372340467932
3021679,0.0
3021680,6.216177745993608
3021681,3293.831869425544
3021682,0.0
3021683,513.8850673489637
3021684,10.752895082189754
3021685,792.238447594328
3021686,785.0075484049742
3021687,195.2117526707633
3021688,157.79054224468845
3021689,123.24032420566141
3021690,3408.070405029369
3021691,39.562352306937335
3021692,1.3113526439591146
3021693,18.849870375004603
3021694,19.259051830583992
3021695,0.12450191150227367
3021696,253.7836924427798
3021697,20.218358163016546
3021698,39.79598005957538
3021699,4.343031129716617
3021700,56.96830353641185
3021701,11.662997856311478
3021702,242.77440980962467
3021703,303.6449046321884
3021704,11.25470531129693
3021705,11.356684082463616
3021706,240.28467602209173
3021707,52.65924098516069
3021708,2356.191570069423
3021709,0.06824774617568413
3021710,22.978663362340356
3021711,6.588983700825828
3021712,0.047552226437056776
3021713,2.87929374758211
3021714,6016.541027288855
3021715,0.0
3021716,754.0547931086608
3021717,17.867227013373956
3021718,1421.160049958753
3021719,857.118102261898
3021720,354.44461548360437
3021721,229.8872084846889
3021722,70.55099672844632
3021723,6131.2724742221635
3021724,12.265208908584555
3021725,0.08999331144319492
3021726,19.494339779463147
3021727,21.47067336998614
3021728,0.05274828092257594
3021729,326.66654210275414
3021730,0.0
3021731,11.285007151333069
3021732,0.9196399530582882
3021733,100.97415138250338
3021734,2.293532637177708
3021735,238.63024703505982
3021736,394.95830545300936
3021737,4.028207449055575
3021738,3.3148572729945114
3021739,285.7919488310918
3021740,139.76596011159415
3021741,1416.1829872536564
3021742,1.401794920975545
3021743,1.1626956546346845
3021744,22.083510268629773
3021745,0.0
3021746,26.666906261069556
3021747,14535.654188491866
3021748,0.004229743098704688
3021749,2056.10183345534
3021750,19.736393368455133
3021751,3289.7135173583224
3021752,3260.646288668106
3021753,766.96256650281
3021754,913.4653197701979
3021755,538.7823913642764
3021756,14060.266246597861
3021757,110.78825906548501
3021758,5.313837075386001
3021759,110.05037506228767
3021760,135.54645881227603
3021761,0.42763103191469976
3021762,1073.8974032295405
3021763,70.4948217953698
3021764,24.366496464199535
3021765,32.68836725525437
3021766,324.25942813132156
3021767,30.81283917941077
3021768,1004.7840676685073
3021769,973.9386521375393
3021770,59.52824502492455
3021771,58.855991044240405
3021772,1545.8987582665804
3021773,323.42451617433096
3021774,12498.725342257076
3021775,254.86711846169737
3021776,127.70533617018415
3021777,22.282495986486087
3021778,0.0
3021779,25.2969759116244
3021780,14379.270664837954
3021781,0.003117254841408953
3021782,1614.1275584477567
3021783,23.502357807596066
3021784,3540.0241385266
3021785,2800.3670932588284
3021786,986.7482575527735
3021787,545.075571039658
3021788,416.90181823582805
3021789,14385.976873520756
3021790,149.34445657907642
3021791,2.3069774669843666
3021792,60.315192759141844
3021793,103.44478025350088
3021794,0.7119298337512322
3021795,1051.536051540816
3021796,54.98756421186388
3021797,54.09414983355545
3021798,22.42842138871513
3021799,212.3991448850159
3021800,24.933984775364046
3021801,1417.8563246333833
3021802,1161.5143505316546
3021803,29.519015892576476
3021804,42.64139538678144
3021805,1814.9291687206648
3021806,312.29078094817885
3021807,8308.117700719442
3021808,467.84321735629976
3021809,128.60739586982805
3021810,18.24162929444722
3021811,0.0
3021812,32.73545593158397
3021813,9949.978682802426
3021814,0.1921523717329609
3021815,1290.355438634186
3021816,14.899018887361917
3021817,3658.184081754756
3021818,2291.8922310728412
3021819,1219.206316300651
3021820,246.2718007822566
3021821,336.60422767318494
3021822,14086.682195786381
3021823,66.31678449050071
3021824,3.2940038805401715
3021825,40.67016055789353
3021826,45.293309426917986
3021827,0.4960546302903025
3021828,1025.4090964428951
3021829,70.96204054828011
3021830,33.53029972960752
3021831,17.841354038328454
3021832,138.0107725220081
3021833,10.3735218323148
3021834,1171.6219954046503
3021835,1178.8762839616802
3021836,39.41796721556384
3021837,68.57481541722139
3021838,1164.5840063303692
3021839,147.87589766294445
3021840,4236.752346794066
3021841,462.2890810776321
3021842,81.2234116049872
3021843,20.433369071136866
3021844,0.0
3021845,28.761215687423615
3021846,13598.146409840336
3021847,0.028545913658372387
3021848,1511.3197375449267
3021849,17.349562103511698
3021850,2988.740395365337
3021851,2651.965608577203
3021852,891.0249410007758
3021853,504.0200781161725
3021854,319.5285469020913
3021855,13954.557684067631
3021856,74.11271036834316
3021857,2.6309237998373023
3021858,66.7098873736459
3021859,115.55685082188283
3021860,0.6597510924884342
3021861,929.4216512494779
3021862,72.28242626435215
3021863,34.775819580183175
3021864,31.568210233319355
3021865,184.9577259206813
3021866,15.463236272635253
3021867,1088.792328309431
3021868,1149.8332343635298
3021869,36.17934760715166
3021870,50.845139547013254
3021871,1560.448025164779
3021872,263.5566722344271
3021873,7270.7773028870115
3021874,721.6734681660628
3021875,95.90422843766657
3021876,18.632469955332052
3021877,0.0
3021878,38.484525512462845
3021879,9612.818618498644
3021880,0.02787437792801045
3021881,1144.25061706308
3021882,18.409835285676365
3021883,3507.1653477915743
3021884,1930.2800984430978
3021885,990.1962726022246
3021886,223.98227660372248
3021887,249.25840069636632
3021888,13323.483953598881
3021889,74.889551241308
3021890,0.7742119387382447
3021891,47.471410539208534
3021892,49.509447227326454
3021893,0.4505259391744297
3021894,995.9019379162783
3021895,54.9374679912639
3021896,22.073460449031433
3021897,37.849222305195426
3021898,130.9926311562498
3021899,9.427178270445783
3021900,1132.7185501048389
3021901,1348.3353628571786
3021902,23.882703293490895
3021903,47.03612723326847
3021904,1375.8933175697532
3021905,131.37319020731988
3021906,3291.0433298933012
3021907,190.20826905446535
3021908,33.74269952128466
3021909,12.839695440502407
3021910,0.0
3021911,17.501048807061583
3021912,8421.24956343436
3021913,0.0
3021914,1251.6989990703128
3021915,22.483019077626835
3021916,2040.7228870867798
3021917,2335.229358059775
3021918,563.6386156109775
3021919,530.4597565277904
3021920,346.864756811538
3021921,8690.712077291833
3021922,69.38745017458095
3021923,2.158518491260171
3021924,53.88839723687431
3021925,62.45675700663095
3021926,0.3715949373355848
3021927,650.2692091484594
3021928,34.84829357986351
3021929,30.107096907870698
3021930,19.71631512937076
3021931,236.47844983049268
3021932,21.0313370724537
3021933,823.4161867261004
3021934,761.1491180808887
3021935,22.29274399852883
3021936,39.101428934663865
3021937,1117.5255961630955
3021938,229.96243338357965
3021939,8098.776295974768
3021940,240.21116116076877
3021941,74.50663503319703
3021942,7.156456481263833
3021943,0.2972104313586581
3021944,7.0871769090134125
3021945,2571.636786780938
3021946,0.0
3021947,412.35288835029115
3021948,19.604645757336364
3021949,1029.7966191428272
3021950,623.1462271161009
3021951,255.58235025463162
3021952,100.42383287912196
3021953,85.48094839286178
3021954,3556.9342955905017
3021955,50.122000146470555
3021956,1.2239736878735894
3021957,26.786474393139077
3021958,28.50632180810807
3021959,0.2827014632705032
3021960,267.91970370998655
3021961,19.8501977292315
3021962,11.128124446260863
3021963,14.160465374843819
3021964,67.2377712161589
3021965,8.125709289582238
3021966,243.8921356486099
3021967,341.92833799691846
3021968,4.153887479740673
3021969,9.078102656342011
3021970,263.8969699969054
3021971,60.699003103804024
3021972,1813.734271909475
3021973,0.5963281368317065
3021974,11.346761877901777
3021975,12.05085580342651
3021976,0.0
3021977,19.089502924866075
3021978,6562.885800081207
3021979,0.029942106827429756
3021980,689.649632391249
3021981,39.18586561071136
3021982,2349.848629902228
3021983,1347.257078107286
3021984,586.9214643724462
3021985,160.65884690427023
3021986,158.186980007768
3021987,8487.600351495668
3021988,95.50884404953365
3021989,1.8175298397601902
3021990,53.50838119075378
3021991,51.01377268977864
3021992,0.35995650196663953
3021993,574.2850065851957
3021994,36.069763875208444
3021995,12.037733242370706
3021996,2.4177805436977424
3021997,116.56478393233395
3021998,10.235433376166144
3021999,539.9612599829094
3022000,713.6989817162226
3022001,16.188458796593675
3022002,33.639784153344124
3022003,504.0395421233448
3022004,83.1867279349772
3022005,2582.909906446799
3022006,197.32273351753014
3022007,20.716060654044828
3022008,9.21441880245191
3022009,0.0
3022010,9.685922881889836
3022011,6346.8568898559315
3022012,0.0
3022013,1182.4348245488834
3022014,7.618871465650127
3022015,1728.547262119895
3022016,1950.8901104874674
3022017,331.7563214303259
3022018,440.93593214660916
3022019,245.35055397899967
3022020,7054.600003173997
3022021,50.94227440254658
3022022,1.4534979958635217
3022023,34.16738800227539
3022024,52.2675047607333
3022025,0.5032881295725656
3022026,429.2302010464459
3022027,4.6679334958247125
3022028,48.46939336958353
3022029,5.695250959104717
3022030,132.54684312095665
3022031,11.799292737805018
3022032,703.3208008417052
3022033,469.3174082447397
3022034,25.712093003151093
3022035,14.402366529964954
3022036,912.4042405200167
3022037,125.4482468695707
3022038,6014.891769410689
3022039,6.125890693201825
3022040,62.73555185401673
3022041,15.982461850065075
3022042,0.0
3022043,11.974025067564899
3022044,5749.349743325264
3022045,0.0
3022046,1074.5150622314115
3022047,13.552064605246027
3022048,1910.663105126463
3022049,1398.1645577211532
3022050,450.3569507172025
3022051,296.78134331873457
3022052,287.89864941928795
3022053,7742.121084948751
3022054,79.79557269472816
3022055,3.763010772356687
3022056,50.40302104387421
3022057,58.43041253453883
3022058,0.5959666339674685
3022059,521.7797729098515
3022060,13.003434320128747
3022061,61.08176389379307
3022062,6.920229009357046
3022063,180.6456975703606
3022064,12.111347518877633
3022065,526.7808641820127
3022066,556.3070366438764
3022067,16.339214052103504
3022068,32.258494027970364
3022069,591.2880448760305
3022070,146.17005890843117
3022071,4827.991267734069
3022072,5.364370728970066
3022073,13.371420047251144
3022074,13.398566157171535
3022075,0.07538732228282172
3022076,5.368209881967344
3022077,3727.2814064705835
3022078,0.0
3022079,665.8502169930248
3022080,10.743731582336483
3022081,1421.9009222668874
3022082,722.7199802690417
3022083,298.1271890929546
3022084,138.35099807939957
3022085,124.6801719504147
3022086,4653.069235622277
3022087,28.450557278006052
3022088,1.6786159401907979
3022089,30.02442243718999
3022090,28.229261001441404
3022091,0.20164352794650303
3022092,327.4127124064224
3022093,6.256443156022754
3022094,17.785824877094186
3022095,7.747971554452224
3022096,108.8244450504638
3022097,3.4579210480043807
3022098,325.8500570458825
3022099,397.20161516967744
3022100,6.360215593724738
3022101,8.213710255893428
3022102,286.8079074562809
3022103,86.37726625702422
3022104,2706.551275506626
3022105,0.28284953918141065
3022106,2.90131463692451
3022107,7.722569219074859
3022108,0.0
3022109,1.7250865023048274
3022110,5093.445160748417
3022111,0.0
3022112,446.0370786737401
3022113,5.292397281546899
3022114,1686.7178829253364
3022115,392.12830280411026
3022116,329.9811772498697
3022117,98.55584576966822
3022118,44.85489971902692
3022119,4803.944899866719
3022120,10.58908279663917
3022121,0.8174119284553581
3022122,21.8315390443451
3022123,13.39867868494882
3022124,0.15329918434303075
3022125,357.1626041078228
3022126,0.0
3022127,0.0
3022128,5.831206743655924
3022129,13.958963816232805
3022130,1.5443124494306084
3022131,71.43824860765226
3022132,309.9358833780494
3022133,0.17291214363650126
3022134,3.3035830606500634
3022135,85.88253324461459
3022136,121.96550251556094
3022137,821.7829579362269
3022138,0.06107353135450294
3022139,2.424650250933457
3022140,10.009945465785833
3022141,0.030994673873916186
3022142,10.45281289566859
3022143,4927.1896171772
3022144,0.0
3022145,588.6060710144601
3022146,12.921382112991019
3022147,1547.0796267034127
3022148,1134.2993943443882
3022149,429.01836421100387
3022150,242.92882662179883
3022151,199.8219505894843
3022152,6108.981802006256
3022153,45.31418720559009
3022154,1.2498540984299857
3022155,38.99107202990841
3022156,65.841156555567
3022157,0.06343364486691103
3022158,461.6524210853304
3022159,38.47703934876468
3022160,22.932234692176802
3022161,15.605043613991839
3022162,108.039337228774
3022163,10.299125478687955
3022164,515.0648958920817
3022165,514.3956986869265
3022166,10.404631899156596
3022167,18.324254274910544
3022168,618.933993199434
3022169,113.59710458687285
3022170,3298.40477090275
3022171,0.0
3022172,49.79296668364691
3022173,4.883885411399099
3022174,0.062318075615351645
3022175,5.086172475869425
3022176,3758.52563638083
3022177,0.11970978369183916
3022178,584.8619609277158
3022179,13.679988200656876
3022180,896.7151510376628
3022181,1079.5799437238875
3022182,178.14093027107936
3022183,257.28079192656406
3022184,211.45146806382732
3022185,3472.138067527316
3022186,34.642001009246364
3022187,3.0074803850560388
3022188,20.98972367209792
3022189,27.67349869249341
3022190,0.6743339141303348
3022191,228.73868928267132
3022192,14.95440786215557
3022193,33.96221388564956
3022194,7.760267261267628
3022195,181.75275817366295
3022196,7.537426602471548
3022197,407.76298179688047
3022198,263.30694516233336
3022199,8.685328641433763
3022200,14.576086405396245
3022201,549.6251127959564
3022202,127.00641004643276
3022203,4118.210998051801
3022204,0.2850274536076245
3022205,35.66340125633553
3022206,5.305159690729612
3022207,0.4409537124827906
3022208,14.53527688768888
3022209,6038.678230261351
3022210,0.0
3022211,888.6032709443344
3022212,17.552338859811496
3022213,1334.5445087867822
3022214,1522.4547945137358
3022215,350.27177889807393
3022216,391.1690688347028
3022217,165.17747047633128
3022218,5373.508524846877
3022219,39.26095844042739
3022220,3.3091443702451624
3022221,38.740649128674356
3022222,43.778116761770235
3022223,0.08087313768802458
3022224,408.7540616188958
3022225,34.45310175425428
3022226,37.25160323215428
3022227,24.6222736104653
3022228,118.38970118826977
3022229,19.030671001245867
3022230,425.48308745134244
3022231,445.9930636262553
3022232,24.100702714079603
3022233,23.253333117425505
3022234,677.1147088771289
3022235,159.34560509454005
3022236,5242.411452301128
3022237,1.9707819983822872
3022238,40.55843103120546
3022239,16.860757853219788
3022240,0.46930911562076005
3022241,7.141760384877208
3022242,4816.622038441216
3022243,0.0
3022244,618.7935640855761
3022245,15.094731236191556
3022246,1975.9412646176015
3022247,901.0494054207103
3022248,631.3571368132739
3022249,270.86340209181293
3022250,132.15210836067155
3022251,7450.818195330681
3022252,12.04867583560665
3022253,1.5300570038849426
3022254,38.22604869029854
3022255,59.46020618069822
3022256,0.0934121899893262
3022257,431.0243250755952
3022258,9.958258876520791
3022259,6.60703927213935
3022260,9.147290977548318
3022261,58.71863638339153
3022262,3.3363707867114156
3022263,413.80637584126134
3022264,524.614982992558
3022265,9.450519761144227
3022266,11.020740017162364
3022267,523.1393943503404
3022268,126.41802592432157
3022269,1752.751682636418
3022270,48.067411820155684
3022271,18.26937887669918
3022272,4.739934283266749
3022273,0.0
3022274,4.33316015930532
3022275,2348.21873638729
3022276,0.23008892447312396
3022277,337.2450271065898
3022278,9.782739679087863
3022279,665.0244026894293
3022280,672.1980401601063
3022281,155.06495245759345
3022282,144.82361428817322
3022283,133.27047632300918
3022284,2828.7152800862436
3022285,19.659529642778857
3022286,1.4893628710399234
3022287,15.037472492461344
3022288,25.675343149746343
3022289,0.44384081970261835
3022290,191.28386495979996
3022291,13.991051615805269
3022292,14.407111036922718
3022293,5.447616588459978
3022294,59.56241034663661
3022295,6.83639640629265
3022296,259.42449639619537
3022297,188.91077822439408
3022298,3.656381557442537
3022299,7.900035151725105
3022300,359.3822133301243
3022301,63.18775952760523
3022302,2470.07983305092
3022303,0.02692191000387586
3022304,24.797502032949634
3022305,1.5040734716974717
3022306,0.0
3022307,1.3969155440101508
3022308,1318.1481168621792
3022309,0.0
3022310,118.31548530652972
3022311,2.3457058971624596
3022312,984.5630157588866
3022313,293.8225695026718
3022314,237.63130841443405
3022315,73.85870351797125
3022316,30.031717710302438
3022317,2914.416856803107
3022318,3.949972758085951
3022319,0.3506286038307799
3022320,7.039397214164646
3022321,6.637441557767167
3022322,0.03250468718976554
3022323,177.45115290829037
3022324,1.6552880370229637
3022325,0.0
3022326,1.082072134940625
3022327,5.463524013661453
3022328,0.4916181501813098
3022329,205.3319626930906
3022330,217.40859022858962
3022331,0.4656029026840417
3022332,3.2275153558697407
3022333,132.28960388177632
3022334,29.619009403152923
3022335,251.31302746298638
3022336,26.60483903846121
3022337,0.6559119002007764
3022338,5.907635297576484
3022339,0.2041314181776452
3022340,4.097518876164525
3022341,4128.642845994989
3022342,0.0
3022343,630.0704196681786
3022344,8.550183797910481
3022345,1918.5919504100243
3022346,625.9408967373596
3022347,519.9452957421295
3022348,392.0631576482303
3022349,65.76540678039285
3022350,7185.357740254574
3022351,27.812979335417257
3022352,0.7752287684202888
3022353,9.575503458347718
3022354,24.355748707239137
3022355,0.18335268426041926
3022356,513.2140857893033
3022357,5.807687141292561
3022358,1.1130755961975807
3022359,7.775055444434804
3022360,22.428936015606524
3022361,2.2142809702463655
3022362,661.0697066751097
3022363,450.1262656817389
3022364,2.5121999544904834
3022365,14.313213936964738
3022366,296.45194015475346
3022367,66.6135055623231
3022368,1449.9495523141702
3022369,21.149437642521267
3022370,7.9698886008802
3022371,4.747661731171009
3022372,0.054980195022110545
3022373,0.47820432579281463
3022374,1692.1944431075826
3022375,0.0
3022376,216.28238831156492
3022377,7.244696383414742
3022378,1090.8310795504372
3022379,355.7064479916154
3022380,204.2433181258485
3022381,78.15872981950915
3022382,32.6142017695867
3022383,3235.43733424172
3022384,7.5049987612834865
3022385,0.5072053326746242
3022386,9.178953881970257
3022387,14.932878486688157
3022388,0.24911702644505232
3022389,179.0763733256665
3022390,6.556242603852837
3022391,0.0
3022392,8.856779008893778
3022393,14.080660690712149
3022394,1.4449674416825062
3022395,161.34676471196653
3022396,205.4795627197944
3022397,1.1263952196019873
3022398,4.70164494352362
3022399,154.35076357483786
3022400,30.600187444246878
3022401,317.0393120042981
3022402,9.631934567288807
3022403,2.200038215371052
3022404,4.123432565020559
3022405,0.0
3022406,3.639734572805251
3022407,2170.7392270281207
3022408,0.0
3022409,141.62841284185458
3022410,4.671117993608574
3022411,1225.6908667086225
3022412,274.6279479179699
3022413,156.30685449119144
3022414,84.22031243610196
3022415,27.48513712081519
3022416,3271.427091441331
3022417,10.805843704086179
3022418,0.07163708008244735
3022419,8.161791774853281
3022420,10.122532237419257
3022421,0.03357574952807085
3022422,146.7699357706859
3022423,1.4783988367913607
3022424,0.0
3022425,3.029107846990998
3022426,19.257399625872807
3022427,0.6756752390301997
3022428,175.55228408966136
3022429,237.998919600087
3022430,0.3421499969617847
3022431,4.098507680944209
3022432,84.1860020835211
3022433,22.039476797609485
3022434,202.19578214807535
3022435,35.86338106968564
3022436,1.225481516868907
3022437,2.735776126145615
3022438,0.0
3022439,1.1699838079656508
3022440,1272.7034369491535
3022441,0.0
3022442,177.11699369927103
3022443,4.798399666640622
3022444,1248.6398368832647
3022445,359.3431645696568
3022446,234.9397848661196
3022447,50.804106477475116
3022448,29.826412528271227
3022449,3095.799478082066
3022450,4.916150204335877
3022451,0.33273622836270317
3022452,7.768346986612293
3022453,26.531816383244195
3022454,0.11820944777378602
3022455,226.09043918748156
3022456,0.9742474621685399
3022457,0.0
3022458,2.947798643275992
3022459,7.483797858842418
3022460,1.4946790729284731
3022461,238.27496676004253
3022462,277.2048705842448
3022463,0.7814773118280034
3022464,4.684729946643922
3022465,70.5977278427948
3022466,92.58926937647358
3022467,382.4701280166777
3022468,17.323733002332457
3022469,2.962943125268387
3022470,4.676611264567739
3022471,0.4150173291538011
3022472,2.030518947305567
3022473,1929.8897239664689
3022474,0.0
3022475,163.35667615952983
3022476,1.1998078899915536
3022477,1184.8460609528242
3022478,342.8797118681494
3022479,262.87731334912064
3022480,124.40561988238719
3022481,66.56193117770202
3022482,3204.6572576354415
3022483,7.595247645102441
3022484,0.6287227055815422
3022485,10.012601013214708
3022486,16.50371891975719
3022487,0.14679109420345776
3022488,252.22568628507747
3022489,7.02961725271775
3022490,0.0
3022491,3.5364203908269465
3022492,12.03510941270712
3022493,1.524135872846475
3022494,146.57496518250798
3022495,277.1008512209976
3022496,0.5432147795764418
3022497,6.375089018682822
3022498,117.03173694713718
3022499,45.77818135089471
3022500,608.8233095272221
3022501,28.082132202560775
3022502,3.4661048540408164
3022503,3.217787612079328
3022504,0.16692674291077847
3022505,0.5790535965564548
3022506,1379.2108213737192
3022507,0.0
3022508,160.5708652218734
3022509,2.9255699334607796
3022510,867.0585045335165
3022511,242.0487652149734
3022512,153.23315687122636
3022513,355.29900221599087
3022514,20.980245582121153
3022515,2217.781200043977
3022516,3.02003045169328
3022517,0.25574941353849656
3022518,6.009476731248363
3022519,9.369365472651825
3022520,0.1820584521160635
3022521,150.6948885022387
3022522,0.0
3022523,0.0
3022524,1.5878330468325945
3022525,10.512556465610606
3022526,1.0966302303873823
3022527,66.86438924143991
3022528,166.23920504184554
3022529,0.7638140513935128
3022530,2.9938482711847403
3022531,69.82396943499784
3022532,41.674957930482
3022533,539.7243360839723
3022534,0.05172485724215112
3022535,0.6725713810573082
3022536,7.888807300415356
3022537,0.4500712053830397
3022538,2.451495042351095
3022539,3004.9025816499084
3022540,0.0
3022541,332.4281432416094
3022542,4.0741408681205105
3022543,1325.100597227376
3022544,643.8006117296429
3022545,499.41411906362043
3022546,303.8888634262753
3022547,81.69843951867941
3022548,4804.060416687663
3022549,14.876555303329171
3022550,0.9890288290330496
3022551,16.251291336711866
3022552,23.01546885308996
3022553,0.19616425653626773
3022554,293.44096672534965
3022555,0.39628979696966593
3022556,0.0
3022557,10.657646899907153
3022558,19.313107412773302
3022559,1.916724929457034
3022560,246.81536657758716
3022561,311.089878293382
3022562,1.754201292866333
3022563,8.00632268911129
3022564,390.75912471144596
3022565,51.17303088620138
3022566,1248.9117836603966
3022567,101.01930924557134
3022568,8.388165808954346
3022569,2.8021546479859616
3022570,0.09525735297668067
3022571,2.8580111746573214
3022572,2037.9943730947648
3022573,0.0
3022574,509.6718492055387
3022575,6.26290476189116
3022576,615.373453184371
3022577,509.71617557029
3022578,181.0378187946174
3022579,202.60401200331034
3022580,51.42232247665246
3022581,2850.6009442289824
3022582,10.636048603869606
3022583,0.5479736446063128
3022584,11.945965715209482
3022585,13.068046226703308
3022586,0.1508687190052111
3022587,164.58345493578997
3022588,8.405218861441934
3022589,3.7616485903238166
3022590,6.503858131001483
3022591,31.38596597643369
3022592,1.3667290519444026
3022593,95.86511595323817
3022594,176.93695514819586
3022595,3.0324296118059397
3022596,5.559595465321294
3022597,172.2224839629431
3022598,52.799970990759974
3022599,1450.0546102636126
3022600,20.41202892009966
3022601,9.669947300852748
3022602,5.952517020908163
3022603,0.3114114864135812
3022604,2.4758378231847633
3022605,2745.1970290734052
3022606,0.0
3022607,186.30079375081107
3022608,4.896876061398837
3022609,1019.0908515360072
3022610,328.63582789758243
3022611,289.5935610086207
3022612,86.32429254360873
3022613,42.91010983341755
3022614,3672.019523688886
3022615,27.520059895949373
3022616,0.8486689859334383
3022617,11.011727801584321
3022618,21.428105838307047
3022619,0.14406402798180162
3022620,193.65754440702645
3022621,7.0275099864190285
3022622,0.0
3022623,4.5509392217758275
3022624,14.578649897450013
3022625,2.0771356498028517
3022626,185.88966285645722
3022627,200.5884577719708
3022628,1.1875476253045802
3022629,4.576008622729892
3022630,105.71967486839156
3022631,26.460027847903362
3022632,534.1398994992016
3022633,5.206747212576079
3022634,3.232810207668213
3022635,4.516747771665936
3022636,0.03580420888058139
3022637,6.519952778799929
3022638,2858.248888919671
3022639,0.0
3022640,610.0097903567349
3022641,7.61163347699519
3022642,799.7751610464462
3022643,733.3351841598012
3022644,219.6525321667259
3022645,165.58858169768706
3022646,68.2233190012944
3022647,3639.800794956833
3022648,33.37604655937103
3022649,1.2748182503421681
3022650,11.837275631942807
3022651,21.002131386141926
3022652,0.20186827528395393
3022653,223.41918530291676
3022654,15.302074551163217
3022655,10.783143179374289
3022656,4.858873850603509
3022657,36.583865180418385
3022658,7.886068122266428
3022659,342.76737572770014
3022660,266.3770534242998
3022661,6.129755101529124
3022662,7.963386521580102
3022663,407.60473970314484
3022664,103.87195654680667
3022665,2132.3057314744174
3022666,0.04201846720427059
3022667,29.808483782989075
3022668,4.4344181054312415
3022669,0.029426090444372936
3022670,2.3066844155316577
3022671,3508.081532527369
3022672,0.0
3022673,446.82749285798343
3022674,4.883530143560044
3022675,1602.4279776070973
3022676,690.7910177159972
3022677,520.814012978625
3022678,171.48208094571004
3022679,59.324101972710835
3022680,5805.398841631394
3022681,11.580689054858013
3022682,0.40998835412757223
3022683,14.667712061601055
3022684,14.365857880885862
3022685,0.0
3022686,322.69406806084265
3022687,1.4412972607684988
3022688,4.242187107778963
3022689,4.83702776164612
3022690,25.138261563481464
3022691,0.7350571751252295
3022692,274.78252707245474
3022693,394.7092020285097
3022694,3.0888042116496712
3022695,3.6684097511815437
3022696,300.61559549210006
3022697,58.2588717402745
3022698,966.2104250279104
3022699,17.853750997057144
3022700,10.725254042644963
3022701,7.677647268032777
3022702,0.2714525302271424
3022703,2.710693301990795
3022704,3750.499949939658
3022705,0.0
3022706,444.51546621279863
3022707,3.5061173358219726
3022708,1721.7449102161327
3022709,519.9087339317315
3022710,301.49600571370405
3022711,331.87369612808925
3022712,61.105213937575606
3022713,4577.678669992109
3022714,14.981795364917094
3022715,0.5325475280379102
3022716,24.442375950301
3022717,28.497764032841786
3022718,0.2299040723331411
3022719,349.6763934946987
3022720,2.7112471197922137
3022721,1.5293974400891261
3022722,7.53307537239889
3022723,43.26660352477039
3022724,0.7990534970208926
3022725,116.29896716508753
3022726,312.7003458904439
3022727,1.4100007081787038
3022728,3.4189491407833525
3022729,165.10026505735718
3022730,143.67031445450613
3022731,1219.7596675950017
3022732,0.640089762834446
3022733,4.100137027450622
3022734,4.615334022485484
3022735,0.21172755358974404
3022736,2.0645341628536755
3022737,2242.2601515577044
3022738,0.0
3022739,168.5169301848954
3022740,6.360685109347939
3022741,873.7433894634675
3022742,322.60307056061333
3022743,153.9589800588444
3022744,78.39148429256228
3022745,44.79662737961674
3022746,3030.221154531996
3022747,6.192520148362571
3022748,0.48443852060738707
3022749,17.07920164070498
3022750,15.9015706401518
3022751,0.1679334504548273
3022752,175.6469376447475
3022753,1.1790016156491343
3022754,0.0
3022755,3.3097157407455873
3022756,25.551578877278466
3022757,2.1264896780789724
3022758,88.3663676052663
3022759,178.2984554137145
3022760,1.0896537697205062
3022761,5.8978190782623905
3022762,96.09969387946262
3022763,27.213040486199073
3022764,506.8491575738159
3022765,23.2668012644873
3022766,1.502966645468392
3022767,1.6668353509647482
3022768,0.0
3022769,0.6975211084051691
3022770,1480.3967105927452
3022771,0.0
3022772,280.52866476109574
3022773,7.683059142360199
3022774,501.3017550088852
3022775,450.62701945943456
3022776,130.61988304461605
3022777,48.608578735527914
3022778,45.924331152283855
3022779,2168.1078153148965
3022780,19.70934917003604
3022781,0.35015483842738154
3022782,8.6803077810216
3022783,16.1693491706269
3022784,0.09437827726187724
3022785,121.29110327986129
3022786,10.558308352138834
3022787,1.4449963554517526
3022788,3.793188614029792
3022789,23.965327824528245
3022790,4.628571922390954
3022791,398.29562660397653
3022792,153.83696986246704
3022793,2.7426470728258643
3022794,4.294402445709177
3022795,283.274828410321
3022796,30.458460243195464
3022797,1113.3528155333317
3022798,0.0
3022799,5.347365776082108
3022800,2.5886362883590284
3022801,0.09226831059769233
3022802,6.168252896412556
3022803,3617.9687529118737
3022804,0.0492068822119232
3022805,764.8712090470698
3022806,16.18244438458362
3022807,1012.6955362271003
3022808,1152.6803252337402
3022809,264.4334653823046
3022810,232.30599467722485
3022811,138.68469618919306
3022812,4063.4676417076253
3022813,31.306443557817268
3022814,0.5053085963694867
3022815,13.526059401196392
3022816,31.916390349803443
3022817,0.06989599682549717
3022818,224.953042485877
3022819,11.96001813896141
3022820,29.329477339021352
3022821,8.319250889557383
3022822,43.02450319062061
3022823,12.560935416506645
3022824,359.7857901179041
3022825,292.0960838979477
3022826,15.391397799366143
3022827,7.434097445225696
3022828,510.61331712371293
3022829,106.22845062106046
3022830,3461.284099852238
3022831,0.0
3022832,18.378207041593683
3022833,2.4151183119820603
3022834,0.1179525971803707
3022835,1.7924311751599828
3022836,1989.8734838914672
3022837,0.022529936277576854
3022838,391.58463808395885
3022839,3.960930511598685
3022840,395.8299638554587
3022841,529.7939947053723
3022842,135.36653617605145
3022843,117.43015479165672
3022844,58.51483010107229
3022845,1941.016036699061
3022846,16.067076563150003
3022847,0.610398973176498
3022848,9.729676722890332
3022849,17.010245422578848
3022850,0.07953130094699314
3022851,97.18602151063338
3022852,0.0
3022853,10.6811222520289
3022854,2.5315650506072345
3022855,78.20510744379179
3022856,5.426691353254244
3022857,186.29545704264876
3022858,116.7056349909986
3022859,3.4688400633364296
3022860,4.804989781122702
3022861,149.9768574907146
3022862,29.939940166421557
3022863,1480.5070208233165
3022864,0.4205273835682905
3022865,2.4258896519642423
3022866,4.618711024409564
3022867,0.0
3022868,0.1749695259935664
3022869,1063.622269512476
3022870,0.0
3022871,226.42941539064952
3022872,4.515539406109477
3022873,365.1040456781092
3022874,239.25476924734411
3022875,88.70794742790099
3022876,34.93626190263043
3022877,20.4723524720453
3022878,1539.2107592427828
3022879,10.165630796704885
3022880,0.43311440514816235
3022881,9.979251827245042
3022882,6.133745671776182
3022883,0.21549394027589194
3022884,90.18644792487731
3022885,0.10595265402011947
3022886,6.252153129701506
3022887,0.46677891355332873
3022888,8.493381372991504
3022889,0.36865691495362735
3022890,241.76765275843232
3022891,137.82556210295408
3022892,1.1974657689761978
3022893,1.545789641656721
3022894,118.82183915753535
3022895,18.64046381398311
3022896,422.68937225411804
3022897,0.39278333913625096
3022898,1.6812272988171737
3022899,4.849617730659195
3022900,0.12093181564000936
3022901,4.288473530040248
3022902,3381.9738977487523
3022903,0.08785583136908044
3022904,723.281148514931
3022905,11.642452744974054
3022906,954.4809576876526
3022907,1084.475865515377
3022908,285.32099407533383
3022909,250.34357288797412
3022910,96.57904009437347
3022911,4235.930891055963
3022912,24.228079908658593
3022913,1.609676204102379
3022914,12.212637385371792
3022915,23.26895455253405
3022916,0.38539506677799873
3022917,249.0836098355078
3022918,3.849717731626937
3022919,27.64673271564348
3022920,4.787199912937873
3022921,54.03168893838912
3022922,2.8033824638419484
3022923,312.7189231651759
3022924,314.57220883950697
3022925,8.725003852552678
3022926,8.674144396762609
3022927,409.5298047982028
3022928,79.52454876181534
3022929,2770.785601906484
3022930,0.6666398723891788
3022931,15.237624393482083
3022932,5.43458123215085
3022933,0.029161106688096877
3022934,1.6907143732793646
3022935,3536.8985734660037
3022936,0.0
3022937,663.4986899553029
3022938,9.466597172150248
3022939,1279.0866166981507
3022940,761.2112160323812
3022941,327.0887879881975
3022942,367.91090354741266
3022943,51.25845125523461
3022944,4450.120076032075
3022945,13.290963188928712
3022946,0.6689786529289392
3022947,15.989410721094902
3022948,15.935021817498031
3022949,0.5871316453354396
3022950,254.12490730203226
3022951,0.0
3022952,2.322900150836757
3022953,3.9988534996135017
3022954,21.80566248619246
3022955,1.0703347202197544
3022956,177.25229350167555
3022957,287.9201268763031
3022958,3.8522279442263505
3022959,3.4641995475933536
3022960,189.09846063373115
3022961,76.427450297294
3022962,1336.598893683237
3022963,1.707525910487392
3022964,2.945684391617725
3022965,4.9009023984175135
3022966,0.286115216219025
3022967,2.9123995642012623
3022968,3172.6412907694103
3022969,0.0
3022970,684.1533826931557
3022971,7.653611233928508
3022972,931.4008243906338
3022973,683.9392810165208
3022974,245.40545295625924
3022975,456.71195536707654
3022976,45.9574716029242
3022977,4065.533815320644
3022978,10.919095660588736
3022979,0.8674778743308169
3022980,17.531410665139667
3022981,17.37617148684276
3022982,0.10583149501703565
3022983,207.46011155794247
3022984,0.0
3022985,4.371267651355373
3022986,4.277877132065829
3022987,41.73748036222792
3022988,1.079209650741468
3022989,131.18105577814595
3022990,235.1663724280487
3022991,4.2764838468451645
3022992,3.817790131484063
3022993,197.70408600753666
3022994,60.12850753526149
3022995,1022.2176737599998
3022996,1.0866997667482272
3022997,3.98447288843262
3022998,8.954809956123697
3022999,1.2114453873898179
3023000,14.06929339714501
3023001,7716.17462700209
3023002,0.07042461263978896
3023003,1154.05504763496
3023004,21.12023607129949
3023005,1888.5645784810295
3023006,1821.697953935049
3023007,321.73984139854804
3023008,474.59899874514286
3023009,292.24618087309034
3023010,7375.471498754733
3023011,80.90457935060257
3023012,3.2536253470223424
3023013,35.16786659930063
3023014,57.778002098386764
3023015,0.4254149055460969
3023016,509.1834863359894
3023017,33.42488075726865
3023018,43.03650829349278
3023019,24.367892606670615
3023020,125.84239659146691
3023021,25.84778350095363
3023022,644.1408268086329
3023023,537.3756099863484
3023024,16.77828214658663
3023025,23.22170546261878
3023026,1011.7400913137812
3023027,200.12429609444024
3023028,7612.23683942732
3023029,0.9336844574294888
3023030,84.74474034717936
3023031,2.521627351144949
3023032,0.29816238469500395
3023033,0.5115972040883964
3023034,1712.0711992928761
3023035,0.0
3023036,168.76305979840103
3023037,2.664577561120393
3023038,601.5007183382786
3023039,254.286206300181
3023040,122.25698183217875
3023041,227.92844412526563
3023042,31.93385163763943
3023043,2128.402836051006
3023044,4.908860150366941
3023045,0.21090989353810186
3023046,8.012746230046796
3023047,6.560042355921995
3023048,0.1561760455959279
3023049,145.15233840371496
3023050,0.035141001073588155
3023051,0.0
3023052,2.4930701546489358
3023053,19.705097414506476
3023054,0.7196169555554732
3023055,60.17955982551853
3023056,115.28762745545282
3023057,1.7702436568612239
3023058,3.300772063508318
3023059,94.03988605624023
3023060,19.958976929784406
3023061,521.0492780621453
3023062,0.11788166914250542
3023063,3.098857090628301
3023064,7.307611768086561
3023065,0.20519821188123
3023066,1.5401984206482617
3023067,3615.469870204563
3023068,0.0
3023069,599.3555203920538
3023070,7.22326216949725
3023071,1253.7744504529774
3023072,606.3013170212462
3023073,224.34059521530324
3023074,453.3050528751417
3023075,49.85382585665276
3023076,4770.720197711069
3023077,13.227112924906383
3023078,0.3311023428606356
3023079,13.361367186727229
3023080,16.97809628263583
3023081,0.09486955088914954
3023082,255.61745185796914
3023083,0.8407206784169295
3023084,2.9587017151089707
3023085,8.146570735841305
3023086,8.753995467520962
3023087,1.4700323452477855
3023088,332.96494800179187
3023089,292.3774183043075
3023090,3.207777032383766
3023091,5.957432353775521
3023092,134.93363846116165
3023093,59.1399837112923
3023094,1069.3374867118225
3023095,1.5709026768107277
3023096,4.902684668842161
3023097,1.3914113727595294
3023098,0.0
3023099,1.7389742476643697
3023100,1126.0031858751763
3023101,0.0
3023102,153.4827804505385
3023103,2.0814523658888002
3023104,486.66956666940763
3023105,155.1171040443338
3023106,92.47711349896389
3023107,473.3672195472453
3023108,13.07858882336459
3023109,1896.9513440136266
3023110,1.9058278127170905
3023111,0.16097058167172756
3023112,6.438344761052939
3023113,3.097620604823833
3023114,0.008588924979431417
3023115,86.80116672294227
3023116,0.0
3023117,0.0
3023118,0.24566521400029273
3023119,3.147420274158858
3023120,0.31010226733597335
3023121,76.3715229848918
3023122,97.14860568044071
3023123,0.40519831774322496
3023124,0.7660900201456609
3023125,64.03518423266351
3023126,9.158122799898791
3023127,182.71811179608045
3023128,0.03193498177273622
3023129,1.2459586946813666
3023130,6.579389828977559
3023131,0.0
3023132,0.843722612410964
3023133,2179.8804003054256
3023134,0.0
3023135,236.46624591097475
3023136,4.60677031780274
3023137,1099.1559423029773
3023138,351.1656911560679
3023139,176.72223250941843
3023140,425.52273121200585
3023141,39.14060551680573
3023142,3004.061009991899
3023143,2.5784886970432677
3023144,0.3938176071698612
3023145,15.897137519285803
3023146,16.503160727141502
3023147,0.1782854724422525
3023148,207.0163066664119
3023149,0.0
3023150,0.0
3023151,10.280429980213048
3023152,11.488100345335214
3023153,1.2525992897469422
3023154,189.4063332853143
3023155,234.67147343734229
3023156,1.261141160843269
3023157,2.826278267122838
3023158,185.5887984729576
3023159,27.12479277294602
3023160,1145.6930827302635
3023161,0.043979064846395285
3023162,0.6135507364449133
3023163,2.8333672323443224
3023164,0.22054424594016386
3023165,1.186624495078146
3023166,2615.6356216521435
3023167,0.0
3023168,714.0745358321788
3023169,5.349518398480448
3023170,900.320486552513
3023171,605.7102101950832
3023172,223.2587016492995
3023173,138.5534330120067
3023174,59.79600029017487
3023175,4030.5874527885417
3023176,6.42891042759247
3023177,3.030979721555214
3023178,20.381682679053718
3023179,31.910248362856755
3023180,0.2688609991522711
3023181,185.34581375763284
3023182,1.1178546716761606
3023183,5.237077867811853
3023184,3.2273523166492444
3023185,18.323772310404138
3023186,1.47379911809472
3023187,191.35806499748998
3023188,289.8670727512245
3023189,3.2057855842872724
3023190,6.442028893569467
3023191,139.97516639422727
3023192,29.561636086954245
3023193,614.3641550223869
3023194,2.4531446608556498
3023195,2.9761613294567337
3023196,2.9408025975441925
3023197,0.026238438804320734
3023198,1.2770517974433948
3023199,1650.3585472579744
3023200,0.0
3023201,107.1314806468045
3023202,1.7410724236969002
3023203,535.3269244219683
3023204,154.5293374308406
3023205,102.59943879608002
3023206,250.923286182261
3023207,24.469103416119502
3023208,2312.6410029777785
3023209,6.009704752048826
3023210,0.20860982481781526
3023211,10.069287636661654
3023212,5.597368919927263
3023213,0.13480383247288283
3023214,100.77905766411979
3023215,0.0
3023216,0.0
3023217,0.5268330851757532
3023218,7.5521476053240395
3023219,0.5851916799436395
3023220,199.15899822924067
3023221,113.25872988246046
3023222,0.6800936179436317
3023223,0.9546472710714231
3023224,51.12421665821256
3023225,13.376039457305843
3023226,321.3205639623175
3023227,0.11244632652735975
3023228,0.44236718121019003
3023229,3.4538431051833167
3023230,0.044023955846637035
3023231,0.37997584163774806
3023232,3305.1908106506717
3023233,0.0
3023234,513.5172538048758
3023235,5.924729047076126
3023236,822.4003183874338
3023237,519.6252108019218
3023238,187.9536980078943
3023239,173.42930415798395
3023240,46.49723883570128
3023241,3915.045322402132
3023242,5.298857368719776
3023243,0.24447263080813159
3023244,16.332188371387275
3023245,8.62118279553317
3023246,0.16273267201898342
3023247,193.15837179136392
3023248,0.0
3023249,8.986380797389604
3023250,2.005535373256522
3023251,20.82126969747667
3023252,0.6026310342216024
3023253,215.35774321465084
3023254,208.9426049594468
3023255,2.32387699392417
3023256,3.7609978011987253
3023257,122.42897308206747
3023258,39.844391095138484
3023259,981.7033959168268
3023260,0.49563625718689175
3023261,0.5937916546581543
3023262,3.0633042607467624
3023263,0.0
3023264,8.51299944128359
3023265,2968.3167691702993
3023266,0.05465351325825216
3023267,540.8672979470388
3023268,6.719579006006963
3023269,879.5391844856459
3023270,855.3332195254884
3023271,160.2143048773083
3023272,126.85925628745966
3023273,97.99149003145224
3023274,3822.288892434883
3023275,49.51290251362015
3023276,0.9346204259547441
3023277,18.46692402025974
3023278,26.171111377332625
3023279,0.2757586694480887
3023280,249.39588127876786
3023281,20.122689307320734
3023282,18.45190623448027
3023283,2.8274602909706434
3023284,74.53608309194459
3023285,7.1932324591472785
3023286,205.79053950216306
3023287,298.0160329043069
3023288,12.149834572619447
3023289,13.892470537414962
3023290,230.44731721901616
3023291,63.97841826037411
3023292,2363.5190024998283
3023293,0.08833928979384517
3023294,6.50684067179829
3023295,5.103038543949363
3023296,0.0
3023297,7.172479811271571
3023298,2424.59279631581
3023299,0.0
3023300,527.6848840169994
3023301,7.872887245948734
3023302,910.3132046577371
3023303,618.022351550047
3023304,144.11069724196938
3023305,83.61282484344345
3023306,69.25718226310273
3023307,3780.9829191950475
3023308,25.529235000005357
3023309,0.8506564849402504
3023310,25.933827393572145
3023311,64.27083719640981
3023312,0.0005069454402841789
3023313,320.7343110132466
3023314,13.027160521908094
3023315,10.695905344638598
3023316,5.8751946482158095
3023317,52.6364985944068
3023318,7.499596900657477
3023319,227.6069804601574
3023320,429.74104477701525
3023321,6.026471322720058
3023322,7.09547224454343
3023323,98.63774956604026
3023324,73.10474582237376
3023325,1845.328569398058
3023326,0.18951325689966117
3023327,15.83382736090708
3023328,7.698106675457051
3023329,0.1481225811368202
3023330,4.040977961336151
3023331,3716.020357370563
3023332,0.0
3023333,628.30761257603
3023334,4.703577729348899
3023335,1721.3343515224751
3023336,566.0927704391548
3023337,204.12984698780372
3023338,1409.445538617381
3023339,61.443514246684956
3023340,5608.670509693622
3023341,35.80597084175495
3023342,1.0842482630511303
3023343,15.270061638154138
3023344,20.92639992598193
3023345,0.1188650328712461
3023346,333.5946839289981
3023347,3.3147249716741016
3023348,11.017349654397313
3023349,9.38048464774348
3023350,21.970774171172238
3023351,1.1373756122400107
3023352,171.70789729468078
3023353,321.7783094701426
3023354,6.017937395959217
3023355,7.159190777708378
3023356,212.46788940288374
3023357,49.77334879995138
3023358,1524.0336340896142
3023359,36.2500441724215
3023360,12.895986054888418
3023361,3.382356713452137
3023362,0.47833218859597754
3023363,4.5123409617782455
3023364,2410.7225933721706
3023365,0.02498995540681979
3023366,383.6531105396683
3023367,5.142510589296826
3023368,661.7301543221959
3023369,651.9831782778291
3023370,176.1750089987481
3023371,133.92731181079859
3023372,70.53856087424515
3023373,2992.9533624546943
3023374,24.145573046205662
3023375,0.9481452166147037
3023376,11.114252951050531
3023377,12.651334538930813
3023378,0.11460928812644533
3023379,175.03274393263908
3023380,14.89975884615507
3023381,13.871098316229084
3023382,2.5563211670815558
3023383,37.96494169761431
3023384,6.094723824526024
3023385,327.02070426933716
3023386,255.6227706749898
3023387,5.147427117307988
3023388,8.248457202961403
3023389,333.18590731382676
3023390,37.51628773345522
3023391,2002.0108066450894
3023392,0.033356067196316244
3023393,21.244313962751832
3023394,3.043404728950734
3023395,0.14230114850666034
3023396,2.7395948425326297
3023397,4077.2265841063318
3023398,0.0
3023399,490.7014394294255
3023400,5.4541380730055185
3023401,1527.3094673904743
3023402,631.5475519764656
3023403,281.821421884949
3023404,255.3643505254475
3023405,45.91886251815305
3023406,5896.096454351507
3023407,8.41638489993381
3023408,1.6184175320280418
3023409,21.785265888661804
3023410,20.69233114438983
3023411,0.1823724128016619
3023412,423.06703519106185
3023413,0.0
3023414,0.06655640038037473
3023415,7.6805880634457555
3023416,14.043424961173613
3023417,1.1702995596775654
3023418,144.03228478404122
3023419,353.17442431407994
3023420,2.52187987400327
3023421,8.528704508252442
3023422,181.4064958285021
3023423,61.56965857515071
3023424,1286.041341637802
3023425,0.04979898198644817
3023426,4.61970374803338
3023427,6.993162255603311
3023428,0.0332160417308442
3023429,5.722837253415774
3023430,2996.5905131213403
3023431,0.010810843407749854
3023432,513.9151521397747
3023433,6.683535573907512
3023434,1050.7495625235074
3023435,666.6996926088652
3023436,198.65568929431234
3023437,139.6745913678309
3023438,90.84664182126005
3023439,3755.9065319756733
3023440,41.07587836513867
3023441,1.0045423249867593
3023442,14.60815292126949
3023443,27.043307626698585
3023444,0.11209031936001515
3023445,242.08220462654373
3023446,11.575548216031374
3023447,11.843143250156299
3023448,4.84396356828418
3023449,57.1373004719277
3023450,10.760998369957859
3023451,199.97392345004783
3023452,336.7623671739754
3023453,10.844415536557563
3023454,7.582975372987858
3023455,203.74795647592106
3023456,53.98793368584831
3023457,2215.8326104927837
3023458,0.3588113125430019
3023459,5.592952309455871
3023460,2.7843881275514564
3023461,0.0
3023462,2.6896235326151423
3023463,2771.6427580001173
3023464,0.0
3023465,533.0086366250413
3023466,7.495520084281601
3023467,726.9253765123864
3023468,764.1579907313201
3023469,167.72935147252937
3023470,131.16071516444
3023471,104.203975634583
3023472,3228.8490778700407
3023473,26.963159569541606
3023474,0.8360802843602306
3023475,10.701336205828778
3023476,19.192149243410462
3023477,0.07362147010765316
3023478,200.4573590512452
3023479,10.495961678984578
3023480,27.381870845590985
3023481,5.70146668278809
3023482,43.05612609144756
3023483,8.52289719566673
3023484,215.31795743025756
3023485,218.99990686400258
3023486,6.046205525813781
3023487,8.266286776056509
3023488,200.86328917927227
3023489,52.16891411205435
3023490,2256.8730030953616
3023491,0.0
3023492,12.830260149768913
3023493,4.006902751426199
3023494,0.10177446066719803
3023495,1.5507353638857073
3023496,5337.228756101399
3023497,0.0
3023498,654.7374651437351
3023499,10.14178897591063
3023500,1266.02812240462
3023501,764.693114209946
3023502,284.57971017171155
3023503,419.4822805682825
3023504,53.65100902349895
3023505,5426.759883418821
3023506,8.704546430406147
3023507,0.06598860420027888
3023508,10.389194177374078
3023509,14.900209911835406
3023510,0.039372675157982456
3023511,283.60951839817193
3023512,0.0
3023513,2.911300442161944
3023514,0.7928059081329817
3023515,36.61163627713533
3023516,1.6923077286223416
3023517,241.3741838838017
3023518,327.52775001965733
3023519,2.874812490345101
3023520,3.0134398091881414
3023521,222.87005878864574
3023522,160.55841491399704
3023523,1188.8455230212708
3023524,1.087331500058799
3023525,0.6855404312849
3023526,13.922806253698079
3023527,0.0
3023528,14.623024256450005
3023529,9853.604517603168
3023530,0.0028840359860223715
3023531,1541.8258678223651
3023532,20.71980390936462
3023533,2301.7002874786676
3023534,2207.802091951061
3023535,532.8122216226109
3023536,572.9375721165185
3023537,356.60604462947623
3023538,9155.52206788471
3023539,80.32935338339661
3023540,4.689202486860048
3023541,61.23661450193641
3023542,109.1208254841503
3023543,0.3491704976047203
3023544,602.1508327003021
3023545,34.507990925408734
3023546,23.242310084163552
3023547,33.23359341833092
3023548,184.76789364596132
3023549,24.46745046245172
3023550,710.0825027011936
3023551,623.2719123774592
3023552,28.285787275045504
3023553,34.3667093907916
3023554,1012.017851736595
3023555,301.3853849831561
3023556,8057.052210320107
3023557,257.8062826231169
3023558,94.10267333449634
3023559,14.102684773047542
3023560,0.0
3023561,12.073136060513551
3023562,9071.736443770005
3023563,0.011148779643228628
3023564,1197.21600915968
3023565,20.52533582710721
3023566,2510.099513271795
3023567,2111.9319983403648
3023568,657.1056846924971
3023569,387.5120533914115
3023570,247.840051315441
3023571,11136.988993661853
3023572,119.84779252206148
3023573,1.0735196384368644
3023574,41.09442404992558
3023575,76.05179160387685
3023576,0.8011313351285161
3023577,689.5402727643747
3023578,21.111901045089716
3023579,28.124618203595414
3023580,17.850606869907093
3023581,139.09048051391827
3023582,16.97942385524898
3023583,984.7483396643588
3023584,802.0248015790044
3023585,16.654373015283895
3023586,28.681828829297544
3023587,1196.3492286611622
3023588,231.36102880765367
3023589,5866.895730700958
3023590,351.13031603430045
3023591,89.02429079057785
3023592,9.481026557626691
3023593,0.0
3023594,14.571665450161358
3023595,5445.16949232751
3023596,0.11205658485885894
3023597,843.9044881432026
3023598,10.113065128160558
3023599,2242.3243766199575
3023600,1444.8072746630442
3023601,738.9957940324721
3023602,140.50656649812555
3023603,230.77451012094664
3023604,9410.464829736547
3023605,45.433217417002695
3023606,1.7785590021176207
3023607,21.720047520294248
3023608,28.226299176769682
3023609,0.4071676824335254
3023610,602.1739271849411
3023611,29.835584726731376
3023612,16.51437591816481
3023613,15.87836081307385
3023614,82.52964744477983
3023615,7.653471294455925
3023616,957.2407405349188
3023617,743.9827124920141
3023618,17.399457708764075
3023619,33.63372294062701
3023620,695.3204609748909
3023621,137.65475890196996
3023622,2613.9006691903433
3023623,249.70141031679265
3023624,37.16836243239058
3023625,12.233150371456338
3023626,0.0
3023627,15.164526663754446
3023628,8798.733352724521
3023629,0.022285147729156844
3023630,1251.66232457759
3023631,15.789792281870259
3023632,2119.705460244426
3023633,1892.7494724781923
3023634,629.8986397257029
3023635,335.14312955432547
3023636,192.07475051302106
3023637,9913.245819179034
3023638,51.285599292940546
3023639,1.6446373701157073
3023640,39.29227600957675
3023641,65.6105654689226
3023642,0.40346110409865144
3023643,584.7092359096399
3023644,27.43497132580513
3023645,20.733823541964668
3023646,14.682056658096643
3023647,105.11160167384384
3023648,11.575649723447036
3023649,716.3304774095908
3023650,768.4992973570394
3023651,18.35424563325609
3023652,23.92181721618295
3023653,1165.3013748449453
3023654,219.0134955083766
3023655,5084.6168110856215
3023656,301.3719056734815
3023657,67.86245760582024
3023658,10.992027560076174
3023659,0.0
3023660,16.647287612583458
3023661,4899.76168463779
3023662,0.01858657917083644
3023663,856.0474001904886
3023664,11.16275448194844
3023665,2214.6058545901265
3023666,1335.950388946063
3023667,660.8931547173194
3023668,117.99951979675944
3023669,147.20510849308107
3023670,8287.278513216637
3023671,32.32749958305159
3023672,0.5063357146152917
3023673,22.459951228359138
3023674,34.56964774188174
3023675,0.2870703573327513
3023676,596.9120809591443
3023677,25.77112573911847
3023678,10.229659134596503
3023679,17.585850344326587
3023680,90.8482210475403
3023681,5.773605874271541
3023682,849.3338285545249
3023683,874.2242362919403
3023684,13.973641196860529
3023685,23.36042124923427
3023686,756.3192122765838
3023687,89.24398346748785
3023688,2069.367434121294
3023689,91.79653570243585
3023690,19.573034075376547
3023691,9.340127878017908
3023692,0.0
3023693,10.131230978994779
3023694,6453.276084712317
3023695,0.0
3023696,1171.6528144952165
3023697,19.72295980284695
3023698,1862.0188207790413
3023699,2026.4668196977743
3023700,459.3548713306416
3023701,461.49781847984025
3023702,266.0220375022787
3023703,7881.092305178247
3023704,71.9588547439377
3023705,1.4230449911362986
3023706,30.66161676568176
3023707,60.01980403378359
3023708,0.3199393966493691
3023709,494.0302403221722
3023710,17.79950324272042
3023711,19.934626767210084
3023712,14.390636589565396
3023713,140.64365734173742
3023714,18.901357710410533
3023715,751.0817442353182
3023716,618.1573030843128
3023717,13.904817425147673
3023718,28.370770600199236
3023719,992.1724010552616
3023720,203.3929309335155
3023721,7476.334791631975
3023722,230.62347139459922
3023723,83.30900286176704
3023724,5.205924157312928
3023725,0.2962182308026512
3023726,7.485463436435937
3023727,2088.154708401955
3023728,0.0
3023729,380.26976664074505
3023730,19.716491572302537
3023731,895.5298992013393
3023732,540.4574382365694
3023733,229.01862652265325
3023734,83.12702920230637
3023735,72.44168744772622
3023736,3058.431616748106
3023737,37.78404021195489
3023738,0.964436162493599
3023739,22.468511235619225
3023740,22.072751793704143
3023741,0.2997736395049158
3023742,240.6746139626935
3023743,12.566558700227489
3023744,7.469225575068116
3023745,10.07104864581695
3023746,34.44586088528453
3023747,5.577035045794572
3023748,271.43241852803544
3023749,248.36948320687313
3023750,3.070087881750709
3023751,6.817819149162831
3023752,204.14046470513352
3023753,61.275674350751544
3023754,1505.9653805211199
3023755,0.7107160667016119
3023756,9.782507128846358
3023757,8.069880827397355
3023758,0.0
3023759,11.687930916977864
3023760,4339.666644522594
3023761,0.04400735558505954
3023762,665.8612504148467
3023763,22.57331557275414
3023764,1825.143644898818
3023765,1035.2759381353433
3023766,479.42969687566404
3023767,107.98347858096437
3023768,114.94395655444602
3023769,6900.920559967166
3023770,77.77279002809705
3023771,0.8636376685836628
3023772,33.64428455998424
3023773,25.737255498121108
3023774,0.30386495713462813
3023775,408.64091565204046
3023776,20.247933231006964
3023777,8.204424317948202
3023778,1.541135562935975
3023779,88.82503654088075
3023780,8.50317534296099
3023781,534.40605459278
3023782,595.85772542667
3023783,10.77558372347777
3023784,21.625125329212008
3023785,428.6812913521345
3023786,80.85426471542704
3023787,2098.8893379263363
3023788,113.82299229410114
3023789,13.099018242168254
3023790,6.588397430219304
3023791,0.0
3023792,5.382122722582334
3023793,4181.305669472546
3023794,0.02875257077381378
3023795,893.6360745977479
3023796,6.469149429268897
3023797,1400.0460350906253
3023798,1471.4170224886439
3023799,239.91928544566255
3023800,329.2582054731813
3023801,190.88891484353815
3023802,5252.995038547102
3023803,35.781777797787775
3023804,1.168919456684277
3023805,23.637875415383693
3023806,31.12216358989734
3023807,0.3934585160885674
3023808,287.1144426599147
3023809,1.5403695164098652
3023810,31.35541790880152
3023811,3.669996906209347
3023812,79.5989978622548
3023813,8.385810163466198
3023814,565.3759490802153
3023815,317.57675183016846
3023816,18.080423376691094
3023817,10.655512962725215
3023818,661.7021908209013
3023819,110.42996996906135
3023820,4898.802701965289
3023821,3.383799763589111
3023822,43.522291214638756
3023823,9.055652377395552
3023824,0.0
3023825,9.209761642776344
3023826,4457.830161242167
3023827,0.0
3023828,887.7318312878242
3023829,8.03473353708571
3023830,1497.8975918457727
3023831,1167.3596424458863
3023832,326.355349768913
3023833,239.6214925587442
3023834,227.11360274679424
3023835,5582.232073602906
3023836,56.47765175367708
3023837,2.524469297258266
3023838,37.638175920725914
3023839,41.22969671554544
3023840,0.3804659099264526
3023841,323.7168893836687
3023842,7.128880650301882
3023843,38.974395287758114
3023844,6.760210446735152
3023845,171.08324762950497
3023846,7.225868459435233
3023847,453.62635741603077
3023848,358.48332143198934
3023849,12.69969152304892
3023850,20.671653680964646
3023851,489.23697564483155
3023852,140.03757257062603
3023853,4282.798113208016
3023854,3.746999266949598
3023855,9.788513821913497
3023856,7.452397760528655
3023857,0.05563820408044212
3023858,3.3884445572965762
3023859,2469.1385755724623
3023860,0.0
3023861,473.3623023260095
3023862,6.877293695238099
3023863,995.4393606401529
3023864,481.8139951421882
3023865,210.69135617158972
3023866,88.76121781933197
3023867,76.51073386924723
3023868,3197.6565635505176
3023869,16.746368795275902
3023870,0.9133916782172079
3023871,19.21431627432421
3023872,25.58455667835872
3023873,0.10210963221391649
3023874,179.42601429309687
3023875,2.960762597301783
3023876,7.9615960456760355
3023877,5.61088193691562
3023878,37.274007494674194
3023879,2.9593739512323483
3023880,223.71949842331628
3023881,227.4645970235895
3023882,3.5036787348922553
3023883,5.23525268984735
3023884,168.49058148738925
3023885,50.89952023902116
3023886,1884.7246330499456
3023887,0.14995426424289904
3023888,2.2297277375467686
3023889,4.675338591032121
3023890,0.0
3023891,0.9832330765522803
3023892,3849.73391083696
3023893,0.0
3023894,282.1968588785427
3023895,2.4919162090951494
3023896,1232.832695177292
3023897,263.4143853306166
3023898,232.42404298913868
3023899,71.07991172202576
3023900,25.788885884731062
3023901,3843.890442107466
3023902,6.526426075771157
3023903,0.47727831878698623
3023904,13.563589349322955
3023905,8.973987475187103
3023906,0.0861020033208736
3023907,236.30980367479978
3023908,0.0
3023909,0.0
3023910,2.859741257098711
3023911,9.13708121604922
3023912,0.7811180583459382
3023913,56.350022159434985
3023914,234.337618473458
3023915,0.12550251310925292
3023916,2.287320531558036
3023917,73.04428919878413
3023918,88.67387509025714
3023919,616.2792881752989
3023920,0.058924532781308776
3023921,1.54134695789672
3023922,6.044556912005253
3023923,0.045961175626434814
3023924,6.940233376177728
3023925,3377.4614293254526
3023926,0.0
3023927,578.5641358146607
3023928,12.093865152426797
3023929,1169.7172176147444
3023930,878.5803069380133
3023931,281.5977916040947
3023932,169.47373586002777
3023933,112.07013745264214
3023934,4922.9014566950855
3023935,33.913812102210215
3023936,0.6548119160543885
3023937,25.50487353152486
3023938,51.203853700925144
3023939,0.03842466449164425
3023940,284.4512551534925
3023941,20.508962185250965
3023942,12.495206975492257
3023943,16.152281541089028
3023944,46.718349758724116
3023945,6.172524626825688
3023946,424.24010879002424
3023947,367.7614612225152
3023948,6.806567813973631
3023949,12.458167329906791
3023950,519.7767738274978
3023951,67.85598196725383
3023952,2375.366820345038
3023953,0.0
3023954,35.96757969269051
3023955,4.141647479743491
3023956,0.04666189320676072
3023957,3.145297190540176
3023958,3791.5538662487397
3023959,0.10676187154313745
3023960,658.3825637632679
3023961,13.590858140435142
3023962,1120.5791634912935
3023963,1161.2966883956115
3023964,202.3904871622284
3023965,282.82735475198706
3023966,188.38452125333387
3023967,3836.1310042839896
3023968,35.81194760404657
3023969,3.282236957343551
3023970,19.944609494734795
3023971,25.287105100511866
3023972,0.5601517722012417
3023973,262.19912660223275
3023974,11.1495173904787
3023975,32.76487133771255
3023976,6.1023280055119695
3023977,89.11130456742701
3023978,6.851511189394725
3023979,449.36240913246036
3023980,313.9675138866694
3023981,8.998770841481745
3023982,14.906972395849644
3023983,617.8389404684109
3023984,131.62473149100356
3023985,4797.556568624854
3023986,0.3504396703801719
3023987,40.095300426657914
3023988,3.6558340803536056
3023989,0.2962206713513077
3023990,10.746370292942977
3023991,4380.148992003262
3023992,0.005858793801573059
3023993,769.9198367792758
3023994,14.800308605117458
3023995,1163.2440802491076
3023996,1201.6372214664898
3023997,241.32757436156103
3023998,280.6947714662873
3023999,146.40537528950986
3024000,4582.755399183949
3024001,37.158681196788024
3024002,2.8464862597968517
3024003,26.459560377550027
3024004,46.828870229257475
3024005,0.18443405712631733
3024006,309.89540257124725
3024007,23.44040769036541
3024008,22.399563842632872
3024009,24.340425341123996
3024010,90.67006204140637
3024011,16.984454560098396
3024012,407.00546873634926
3024013,308.4049387835311
3024014,15.485712733744437
3024015,19.28886742064242
3024016,555.3550754594046
3024017,136.23514603518606
3024018,4201.42506555326
3024019,1.2169192819195616
3024020,43.59410536730968
3024021,9.840331063307381
3024022,0.1512355007920649
3024023,5.131740633525037
3024024,3834.557268663337
3024025,0.0
3024026,527.7554540816124
3024027,10.099182083870126
3024028,2042.0904230806968
3024029,761.118723194367
3024030,541.6993627211465
3024031,309.1519622672736
3024032,85.57176476738928
3024033,6848.053711906068
3024034,10.010303367739487
3024035,0.9825201484204362
3024036,35.171521661863416
3024037,33.43998404012705
3024038,0.05748650773075907
3024039,390.6884120938828
3024040,9.50189289275347
3024041,4.7444538568941805
3024042,9.43705970458829
3024043,27.787555603080683
3024044,1.9113368348146915
3024045,326.8752450545446
3024046,455.57667949252846
3024047,6.475051649286567
3024048,6.605651882991951
3024049,423.2131687150319
3024050,82.9274982422681
3024051,1481.166833612787
3024052,39.730504095021786
3024053,14.244258907238198
3024054,4.580567083559085
3024055,0.0
3024056,4.333863127565447
3024057,2485.9750152328247
3024058,0.1913994855526304
3024059,356.6727278611201
3024060,11.702283152056332
3024061,729.2080137864399
3024062,579.7638846089915
3024063,130.5226254532244
3024064,133.90542065977274
3024065,131.13053699819764
3024066,2858.254275948788
3024067,23.658197316211904
3024068,1.5393086562010847
3024069,16.201274203868845
3024070,27.551107860189298
3024071,0.3821603046694635
3024072,200.41478365439966
3024073,13.58100645547513
3024074,17.01191343480173
3024075,7.504328376839318
3024076,84.12931021006507
3024077,6.422722483589667
3024078,278.4132751629094
3024079,176.93299864840856
3024080,4.034475291264129
3024081,9.242222851727444
3024082,296.7084613213149
3024083,69.99248070591294
3024084,2273.7466643762673
3024085,0.016385891413163357
3024086,31.55060667190987
3024087,1.4250245324792365
3024088,0.0
3024089,0.9053302534591897
3024090,1493.9577290684429
3024091,0.0
3024092,122.30361844243063
3024093,2.577287036628443
3024094,870.0638622579477
3024095,288.10214051064065
3024096,239.44650574758683
3024097,44.75008446822367
3024098,27.862714452746033
3024099,2727.6792126971154
3024100,4.134555729690693
3024101,0.30943887326597397
3024102,5.935805764978477
3024103,6.4151929030158215
3024104,0.03382647102534894
3024105,162.45244317989201
3024106,1.608707925584239
3024107,0.0
3024108,0.9897135575255059
3024109,7.102174133572206
3024110,0.4421122997452277
3024111,200.07650548066232
3024112,181.16810498546275
3024113,0.4440967765932097
3024114,3.2214765212148544
3024115,153.72396011973112
3024116,26.49920696405395
3024117,365.20409593331095
3024118,24.29007252449686
3024119,0.7253561442830224
3024120,7.31070679598967
3024121,0.1832398523243588
3024122,3.7588054525543075
3024123,4533.588752581408
3024124,0.0
3024125,605.7878997668427
3024126,8.911010213033375
3024127,1912.5018784976396
3024128,612.1961478917474
3024129,508.60505505589197
3024130,297.2447849842654
3024131,70.726437127558
3024132,7826.8748823196565
3024133,26.5922182526824
3024134,0.5704526078464478
3024135,17.66199423194183
3024136,16.178272522468866
3024137,0.17894350123360064
3024138,430.6036950146651
3024139,5.120148391293091
3024140,1.40410840510595
3024141,7.888904747814821
3024142,24.762366851901184
3024143,2.213017931575484
3024144,669.4420136450447
3024145,432.6603589158614
3024146,2.217002118130836
3024147,11.433057517380941
3024148,502.2338799960787
3024149,90.26640001438334
3024150,2408.8416224596467
3024151,24.979644866887107
3024152,8.062602782382237
3024153,4.200221899518111
3024154,0.03497036720776633
3024155,0.37060439027639336
3024156,1534.0366311616453
3024157,0.0
3024158,173.48479853306554
3024159,7.4527999449428375
3024160,766.5691563296602
3024161,339.8665089487741
3024162,199.53835911067816
3024163,44.78997461953449
3024164,39.166250655214995
3024165,2763.7351369635107
3024166,7.002735608785832
3024167,0.4112117432033198
3024168,10.695370276645077
3024169,15.593188520251976
3024170,0.1453363885281485
3024171,160.32830481953783
3024172,5.5832403493832
3024173,0.0
3024174,8.325201730537703
3024175,21.13181844864199
3024176,1.171425631877503
3024177,165.6086574952913
3024178,193.4770147046242
3024179,0.9725843004535022
3024180,4.0464844168784
3024181,156.161693839925
3024182,31.245957395411434
3024183,461.4487762781479
3024184,16.7343561124435
3024185,2.9198894063019605
3024186,3.9690137706319186
3024187,0.0
3024188,2.136939369228342
3024189,1467.578799898527
3024190,0.0
3024191,122.69638345394353
3024192,4.905439172085898
3024193,764.1454136799318
3024194,235.00102821533665
3024195,151.96681007928595
3024196,38.705620032662225
3024197,25.80778788351629
3024198,2676.078162002129
3024199,11.113464693388666
3024200,0.054121372570353626
3024201,8.338467024376415
3024202,6.228865210345709
3024203,0.0
3024204,137.01919663262512
3024205,1.425749668852145
3024206,0.0
3024207,2.2844871875141033
3024208,20.42848054700702
3024209,0.7079772704904388
3024210,187.56954406653924
3024211,175.25628211014185
3024212,0.3663220277829991
3024213,4.000783111829568
3024214,104.07292092704967
3024215,20.238706450231806
3024216,223.0198975486822
3024217,27.360954432860474
3024218,1.244124406518002
3024219,2.908614753158143
3024220,0.0
3024221,2.637385512970654
3024222,1295.141545590286
3024223,0.0
3024224,171.8535270599869
3024225,5.092777713967441
3024226,1139.7195004583473
3024227,306.5368470918955
3024228,230.26723524732117
3024229,32.25574296927071
3024230,38.18229363586321
3024231,3113.38546946639
3024232,4.42677814161892
3024233,0.2764532917950849
3024234,7.569007303861939
3024235,14.599457442112456
3024236,0.08735435514269968
3024237,167.46143276030233
3024238,0.8527615323878146
3024239,0.0
3024240,2.24764936206793
3024241,10.490549846906623
3024242,1.0624850351662583
3024243,227.62549287366355
3024244,226.1992429937332
3024245,0.6395512729463892
3024246,4.21908643891656
3024247,75.67038762188648
3024248,85.17042803116662
3024249,468.57367539652637
3024250,1.071547057270213
3024251,2.7943083443205596
3024252,3.6307054606114977
3024253,0.4611257729245399
3024254,1.3377929440770506
3024255,1851.2117633139746
3024256,0.0
3024257,157.59690214386035
3024258,1.6277303056049301
3024259,949.4698715958658
3024260,327.8364414431409
3024261,235.76472324202024
3024262,85.2329740982002
3024263,63.177098177262465
3024264,2820.557418052323
3024265,5.666837070912754
3024266,0.862563973073533
3024267,14.07193049092145
3024268,18.67771519600257
3024269,0.1363658415783719
3024270,225.90913326013293
3024271,5.9913308123918725
3024272,0.0
3024273,2.3937429241267014
3024274,14.395355703891973
3024275,1.3922179976757354
3024276,135.72624535865978
3024277,219.89224901432942
3024278,0.5123843337879094
3024279,4.513328541334976
3024280,126.27742449252845
3024281,45.71754472475493
3024282,922.1485895659384
3024283,25.57088205681889
3024284,4.786762641406863
3024285,3.0701244527119864
3024286,0.14180087498175992
3024287,0.5223447569101811
3024288,1294.572999758959
3024289,0.0
3024290,159.0780682415184
3024291,3.165113555688591
3024292,787.0466228522997
3024293,222.63338542423116
3024294,158.59634043935523
3024295,118.09140439389058
3024296,23.153513827907027
3024297,2002.4756139387296
3024298,2.7381648226938453
3024299,0.23622022898101
3024300,6.648079947868993
3024301,8.151974478683817
3024302,0.1343729861372675
3024303,137.85472947006164
3024304,0.0
3024305,0.0
3024306,1.5925018419786272
3024307,13.997015266591507
3024308,0.9327031057228674
3024309,50.83881793204195
3024310,128.85493653070273
3024311,0.6761063797296971
3024312,2.3907939702848813
3024313,64.95863090740244
3024314,35.62646877693136
3024315,909.5296189885648
3024316,0.02630527099102378
3024317,0.6490012354571876
3024318,6.061609938132474
3024319,0.348822585442981
3024320,2.3804585098719873
3024321,3007.94215844601
3024322,0.0
3024323,311.0553712793577
3024324,5.6438585664567755
3024325,1161.381793004422
3024326,571.5224161829839
3024327,447.68076292256904
3024328,160.24458461174575
3024329,95.14129461797822
3024330,4256.760571186023
3024331,15.537468172248154
3024332,0.8715988488078331
3024333,18.667959441664856
3024334,22.784841632416093
3024335,0.11493173630100367
3024336,271.33488090713035
3024337,0.23757300821676408
3024338,0.0
3024339,11.209221102707156
3024340,19.425708649540304
3024341,2.179458967945507
3024342,280.4831829275598
3024343,265.712495358849
3024344,1.654399048734246
3024345,7.121165876758454
3024346,359.59263973759766
3024347,48.86645919701587
3024348,2256.290376125648
3024349,97.66230050311503
3024350,11.217292888558731
3024351,2.8722271299196422
3024352,0.08110888347277932
3024353,3.2334680895836545
3024354,2247.632700660849
3024355,0.0
3024356,515.6598734151543
3024357,5.794595159526571
3024358,586.7149691110521
3024359,517.5996088110319
3024360,176.53779073032067
3024361,145.4916297325938
3024362,50.85026751473528
3024363,2918.7974792579053
3024364,11.93043381544842
3024365,0.6827766853658213
3024366,9.96207726159127
3024367,16.099887386974864
3024368,0.12224902536174943
3024369,157.91762392362511
3024370,7.1934356869275025
3024371,5.091263375298551
3024372,8.37710647337254
3024373,33.11231146445056
3024374,1.5027048132867478
3024375,112.67392746407299
3024376,146.41644876034718
3024377,3.0109361858400594
3024378,5.315080838019938
3024379,180.708897907633
3024380,52.524234587060064
3024381,3040.791392357147
3024382,21.71059524016063
3024383,10.35937323197722
3024384,4.460582445399062
3024385,0.26015871436668514
3024386,3.0939797787172485
3024387,2682.7338519413006
3024388,0.0
3024389,186.90266530264134
3024390,5.257093457633784
3024391,952.86967248131
3024392,300.0427768233551
3024393,319.14906280824374
3024394,48.275280543994256
3024395,37.07291387547676
3024396,3438.5048520379933
3024397,14.284408072119716
3024398,0.7865636178702413
3024399,12.182152532166567
3024400,14.393573545558114
3024401,0.09551693833632419
3024402,189.31353959115086
3024403,5.3030294986601385
3024404,0.0
3024405,3.4607485337482142
3024406,28.20928459820981
3024407,1.4222575330798934
3024408,161.835400841881
3024409,176.36021277711177
3024410,1.0342607386694351
3024411,3.914300020839094
3024412,125.49593540807095
3024413,30.457765855045096
3024414,559.7543369172677
3024415,19.200341043887427
3024416,3.5161971085222463
3024417,4.3138184591337545
3024418,0.021482558087541084
3024419,4.254882119280361
3024420,2716.1512912154985
3024421,0.0
3024422,586.4783415580235
3024423,9.454285085817865
3024424,808.5730681869824
3024425,664.1541899502679
3024426,189.6011962025184
3024427,145.0819833904581
3024428,78.9180639955491
3024429,3548.056795495189
3024430,22.54665285740817
3024431,0.9064742197850472
3024432,10.481238429793297
3024433,21.8992153268075
3024434,0.14122254129646974
3024435,209.4023920849636
3024436,15.845962757600784
3024437,8.753014593084846
3024438,4.3939115010376995
3024439,43.37395947334917
3024440,6.55141015074097
3024441,402.2710946764378
3024442,251.2369044834689
3024443,6.210415410310545
3024444,7.647152175436943
3024445,397.88097603700595
3024446,92.69937849608239
3024447,1863.7642867010966
3024448,0.0006199106774260931
3024449,31.16041113668716
3024450,4.083110824841012
3024451,0.015318503691066233
3024452,2.70027288886582
3024453,3525.7104935699235
3024454,0.0
3024455,442.35417876616
3024456,4.466298381076967
3024457,1195.33663672485
3024458,618.5908298682734
3024459,642.9640011142865
3024460,83.90883344009302
3024461,66.71859532232716
3024462,5485.912886555134
3024463,11.859227791968284
3024464,0.3685014191402723
3024465,15.196072409017688
3024466,14.183441527963936
3024467,0.0
3024468,283.9916787086166
3024469,1.3325346032447558
3024470,7.440709163372145
3024471,4.866535282694729
3024472,30.04196733597726
3024473,0.8141826545215944
3024474,297.4352200348269
3024475,340.49066388636936
3024476,2.997316325790205
3024477,3.342047930723135
3024478,271.069679837823
3024479,58.070749707576894
3024480,1217.7001864033862
3024481,19.242763231527547
3024482,9.99026241346505
3024483,8.368173825007192
3024484,0.2640091597907365
3024485,2.7317224040946915
3024486,3285.1827895259116
3024487,0.0
3024488,443.54508517415974
3024489,3.9033455114707882
3024490,1201.3180672233502
3024491,606.953945117126
3024492,364.83699215301203
3024493,249.53824946890222
3024494,74.09622923947182
3024495,4567.880266447987
3024496,17.742396360799596
3024497,0.47446419762094105
3024498,24.99441706401858
3024499,29.414027681839286
3024500,0.25215120033168154
3024501,314.8646879618214
3024502,2.0115306706765783
3024503,3.504587888667606
3024504,10.291932592205013
3024505,47.37996548674667
3024506,0.7988200596438012
3024507,133.21171357732152
3024508,305.1829139763698
3024509,1.3275289766041873
3024510,2.9860094335364957
3024511,198.19343944864985
3024512,148.3868727230319
3024513,2447.410658154449
3024514,0.3605134948249556
3024515,4.921623860820546
3024516,4.323497521574293
3024517,0.1380677417750428
3024518,2.0266454060988144
3024519,1933.9865915985672
3024520,0.0
3024521,138.06034426336052
3024522,5.614171209517511
3024523,639.2337511980897
3024524,286.9273323316575
3024525,148.9827602125221
3024526,49.89233607151691
3024527,45.32191534050105
3024528,2467.679391366656
3024529,8.58903610185105
3024530,0.775850177706594
3024531,18.359941256442323
3024532,16.813326030163857
3024533,0.12604088057749147
3024534,167.97711045933852
3024535,0.9843981211060011
3024536,0.0
3024537,3.1129874659000016
3024538,27.33316354136427
3024539,2.376795902223646
3024540,97.70619599131989
3024541,160.7422208469298
3024542,0.9800846839676076
3024543,5.310791231567896
3024544,141.9331479292968
3024545,26.72444843654668
3024546,615.9059165598072
3024547,31.350963842516173
3024548,1.44054765982695
3024549,1.703759647382909
3024550,0.0
3024551,2.639885763922387
3024552,1499.5260511355755
3024553,0.0
3024554,252.72557487650323
3024555,8.541910543357096
3024556,506.3025406129674
3024557,465.78560225471847
3024558,103.16057271613549
3024559,46.44274049677081
3024560,54.398820782974404
3024561,2118.2072385231395
3024562,18.58379892633166
3024563,0.4088390115828219
3024564,7.943747135597903
3024565,11.807533941421248
3024566,0.1804909653618771
3024567,113.27982778515165
3024568,10.572886617064146
3024569,1.4473417130590285
3024570,8.181320929157572
3024571,28.330320779811164
3024572,3.7791721208010545
3024573,477.31344330494835
3024574,148.49749392521787
3024575,2.3562044478069395
3024576,4.823092016617848
3024577,340.272324899454
3024578,32.281203061402636
3024579,1027.7015928262044
3024580,0.0
3024581,8.52384861618399
3024582,2.3852131732983324
3024583,0.06530691431885388
3024584,4.212774683455654
3024585,3372.215110155956
3024586,0.045875789867556326
3024587,645.5929838878617
3024588,15.912875667283434
3024589,1051.09644500694
3024590,1122.7121865896727
3024591,240.57948828455432
3024592,219.0453519694677
3024593,150.29174578298176
3024594,3833.0491036032313
3024595,33.36920088387114
3024596,0.5437169624158297
3024597,15.283909559660069
3024598,33.28033798619197
3024599,0.087644709896508
3024600,217.83275465346256
3024601,12.594611206877374
3024602,31.671619997666383
3024603,7.497512163346574
3024604,61.72896813941361
3024605,10.497992190870924
3024606,354.7599769352938
3024607,281.11646006119065
3024608,14.820960124022907
3024609,6.997355654915254
3024610,492.4115690051069
3024611,109.94676737238689
3024612,3014.013884624439
3024613,0.0
3024614,19.153104064352643
3024615,2.666530281552436
3024616,0.08702374372293109
3024617,1.6590577798179154
3024618,1667.1243711751908
3024619,0.01996654955928096
3024620,334.2777976577646
3024621,3.8290535342674756
3024622,393.274073080744
3024623,511.17102196828256
3024624,141.9492501169812
3024625,110.2748402559589
3024626,70.63872295085372
3024627,1682.55077256007
3024628,18.248829794285776
3024629,0.5943068199206388
3024630,11.164868469269477
3024631,13.014729976919607
3024632,0.07380305596754728
3024633,82.7700780046748
3024634,0.0
3024635,12.025820770648634
3024636,2.419278979390318
3024637,172.17722411390196
3024638,5.375758600695165
3024639,159.52007739481104
3024640,117.78792727040548
3024641,2.780377135255187
3024642,5.100742873057514
3024643,157.75745095119242
3024644,29.888859954344035
3024645,1185.9337105229772
3024646,0.44724629750589373
3024647,4.275641517918737
3024648,4.503214438664428
3024649,0.0
3024650,0.1646734248207758
3024651,913.2991875597927
3024652,0.0
3024653,241.38809379325102
3024654,4.319033863323346
3024655,313.005155628126
3024656,192.00791760045644
3024657,82.14370698004464
3024658,32.88213274101232
3024659,25.93103940225771
3024660,1382.9521193303078
3024661,8.713095553161255
3024662,0.341931756143122
3024663,10.69983480487209
3024664,7.435144925680262
3024665,0.18257201803101097
3024666,65.54931192777912
3024667,0.10449453997162424
3024668,4.35954841490474
3024669,0.5954386079925446
3024670,6.839453733425181
3024671,0.2981187057963338
3024672,221.76071076198514
3024673,121.27973358560648
3024674,1.3204536627431307
3024675,1.5359977549561836
3024676,138.13133439638523
3024677,24.437634940490298
3024678,433.3789979312368
3024679,0.28814202531143135
3024680,1.815273379010785
3024681,4.883091066254576
3024682,0.0896642899762772
3024683,2.949801708567012
3024684,2663.420126083667
3024685,0.06320304368520807
3024686,574.147160472528
3024687,10.939457114148546
3024688,771.8172144374308
3024689,827.8183452961098
3024690,243.6013116346581
3024691,188.8388117933136
3024692,80.34275486488025
3024693,3275.777252506548
3024694,22.726790148245666
3024695,1.163221493562297
3024696,13.464550814975276
3024697,21.495983166061627
3024698,0.3128489759909052
3024699,197.93666374410566
3024700,3.7806077547958394
3024701,29.53003620209349
3024702,6.790327392267846
3024703,66.83784547709695
3024704,2.4751325242330724
3024705,269.35483558701253
3024706,254.9390386464716
3024707,8.25541135679596
3024708,7.370470990574475
3024709,310.0177880165443
3024710,60.34780534765038
3024711,2177.7089747992027
3024712,0.6858962668220614
3024713,10.570052697956577
3024714,6.232652184004011
3024715,0.028093313784417706
3024716,2.7304131466393207
3024717,3337.3020603692494
3024718,0.0
3024719,615.68132254012
3024720,10.562065580929197
3024721,1291.3528219763396
3024722,828.9593051717613
3024723,337.2443240050857
3024724,247.55903979769266
3024725,63.31753553748209
3024726,4586.693536576826
3024727,15.206321720154325
3024728,0.6770893383741929
3024729,22.357208618309272
3024730,15.257245660712519
3024731,0.9362792010826954
3024732,250.24091906332907
3024733,0.0
3024734,3.7876476727640522
3024735,4.477508986438254
3024736,21.374742521449477
3024737,1.178676693235511
3024738,220.04804633811992
3024739,312.44914296588667
3024740,3.7033565572671003
3024741,3.6875809586807997
3024742,242.45003939797186
3024743,90.2923127878042
3024744,2887.672019666575
3024745,1.8252369863393125
3024746,3.1705785649372142
3024747,5.313552914531398
3024748,0.30046829253523255
3024749,2.765977906697787
3024750,3500.9399101548015
3024751,0.0
3024752,692.0034715118155
3024753,8.945756758588676
3024754,920.3568838367577
3024755,642.454234917403
3024756,271.9232165186963
3024757,217.0296624914218
3024758,53.4607662620574
3024759,4104.35674995652
3024760,13.85308656366374
3024761,0.8661799821336452
3024762,18.617513135627824
3024763,18.1434026409535
3024764,0.11885348093612838
3024765,229.46705787873668
3024766,0.0
3024767,7.064869468223204
3024768,3.446503682695857
3024769,30.297325642476757
3024770,0.9791054307536058
3024771,135.3751737629562
3024772,268.6127164154885
3024773,4.441669993480559
3024774,3.81151669119601
3024775,218.82499955912184
3024776,62.00955026589452
3024777,2311.6305550218026
3024778,1.1889940831616557
3024779,4.327011144362235
3024780,10.22791348691181
3024781,0.9958982631029412
3024782,12.881570924542277
3024783,7012.906343519053
3024784,0.07208341530204192
3024785,1116.1804897335687
3024786,23.66016122709118
3024787,1860.3604315417408
3024788,1751.4852796124983
3024789,322.54543188782657
3024790,414.81438689419554
3024791,283.24744194108115
3024792,6916.701145810678
3024793,69.25046566000668
3024794,2.278190270673509
3024795,34.70095054571168
3024796,53.93930824352933
3024797,0.36299271015931167
3024798,451.30186457827915
3024799,28.620469235602847
3024800,45.00297421983358
3024801,23.707687504367787
3024802,141.04339623461672
3024803,23.245381532949278
3024804,605.5592480037665
3024805,504.8946289452282
3024806,16.886800794008465
3024807,19.98452563784748
3024808,963.6649718739874
3024809,205.1559869605797
3024810,6332.897072466298
3024811,0.7199182565880686
3024812,76.14312934569452
3024813,2.8164685908178324
3024814,0.21986699174516824
3024815,0.5088775459621808
3024816,1526.9226784863238
3024817,0.0
3024818,179.6093008068907
3024819,3.53108124840887
3024820,597.0274244464321
3024821,254.09092599855205
3024822,109.2983013321959
3024823,124.37130226134637
3024824,46.30091543212977
3024825,2364.0077506121042
3024826,3.909442233605237
3024827,0.2275605363766398
3024828,13.358314039669581
3024829,7.058000669160447
3024830,0.10785887749896056
3024831,123.91061914520924
3024832,0.2665982693178748
3024833,0.0
3024834,2.6534879934448528
3024835,16.809669277789194
3024836,0.5724524791408847
3024837,79.05768211790809
3024838,94.35434654191117
3024839,1.5674201377179182
3024840,3.7075277262816213
3024841,110.02355704893253
3024842,21.215040928231762
3024843,1320.9335733968776
3024844,0.1442017660670536
3024845,2.695681866082806
3024846,6.720039134770635
3024847,0.14777865491314826
3024848,1.0488091477513917
3024849,3490.660259927324
3024850,0.0
3024851,608.0708264647132
3024852,7.536321905756287
3024853,1319.30978989787
3024854,631.2777144754999
3024855,244.20133678424585
3024856,333.92210112005347
3024857,73.14603869924352
3024858,4961.105664906849
3024859,11.770400286651608
3024860,0.30682463988389685
3024861,15.924530752673586
3024862,18.042232711379828
3024863,0.09945072815971254
3024864,251.49938249173908
3024865,0.9348102095324299
3024866,4.163716175862826
3024867,12.464845010426796
3024868,10.941238452783557
3024869,1.6016101229201576
3024870,359.3892247349332
3024871,273.59110040377004
3024872,2.78073715384345
3024873,6.6989982506846495
3024874,167.43429150990124
3024875,55.815040525077656
3024876,2735.3710361826243
3024877,1.3654343737516377
3024878,3.5149441385885623
3024879,1.346778628222849
3024880,0.0
3024881,0.2936018901792139
3024882,1273.9322157647928
3024883,0.0
3024884,112.7349648565829
3024885,2.552876158273622
3024886,391.3671277953341
3024887,129.6303339380021
3024888,72.75068362806981
3024889,148.73195924261262
3024890,15.55625382148092
3024891,1873.5335031499053
3024892,1.7562643441198698
3024893,0.2113933580252294
3024894,5.507375125519622
3024895,2.3727270496858948
3024896,0.05681435511403357
3024897,84.70274821025647
3024898,0.0
3024899,0.0
3024900,0.26333239149773124
3024901,7.773428440987612
3024902,0.3106907520442645
3024903,86.98602281273375
3024904,72.86900189353968
3024905,0.5146103844974169
3024906,1.0294235171899828
3024907,56.250980636976536
3024908,8.121914314583137
3024909,348.81591313162807
3024910,0.017598158464058846
3024911,0.9485725881490478
3024912,6.083015864049642
3024913,0.0
3024914,0.7462607535641246
3024915,2481.9765843169876
3024916,0.0
3024917,247.86286844491596
3024918,4.637033193858486
3024919,1038.6943004179657
3024920,337.46360148773044
3024921,181.76640189131174
3024922,132.18453002861753
3024923,40.20702023695457
3024924,3286.204726313813
3024925,2.437788651415526
3024926,0.5258043062032087
3024927,20.2990061712316
3024928,12.255503951708407
3024929,0.25130387501767615
3024930,193.79809733943904
3024931,0.0
3024932,0.0
3024933,9.563483147872823
3024934,11.924548200189603
3024935,1.1941171467081917
3024936,179.46120387560896
3024937,232.47191296382647
3024938,1.3154425887799381
3024939,3.0337041421736624
3024940,259.3414106536901
3024941,29.603111195362754
3024942,2384.319490036627
3024943,0.02404820969537805
3024944,0.6161623831555807
3024945,2.942474453006628
3024946,0.1659639822758356
3024947,1.4028251373879748
3024948,2184.7696486811155
3024949,0.0
3024950,631.0868117757443
3024951,5.179645244482115
3024952,801.0675187925079
3024953,491.15780964350023
3024954,216.5666427527858
3024955,116.78633211981517
3024956,61.421144893783435
3024957,3875.8394714070405
3024958,5.827251769951373
3024959,3.3208630094012372
3024960,21.164692832190774
3024961,31.853785661777962
3024962,0.2189893767074641
3024963,188.85370783037192
3024964,0.7463904663575057
3024965,4.091601377802589
3024966,3.1124603315378603
3024967,12.930064100964728
3024968,1.382927525062366
3024969,167.61177843571164
3024970,248.29431456755606
3024971,2.8811299955420555
3024972,5.4271236669964935
3024973,140.958835256214
3024974,20.689812606122306
3024975,994.9009850169913
3024976,2.231134858416044
3024977,2.455771540309136
3024978,3.1629702061076803
3024979,0.02144840991890806
3024980,0.0432378494267687
3024981,1331.6547158219719
3024982,0.0
3024983,143.75238442461324
3024984,2.1787601609016694
3024985,399.34832495625
3024986,159.49488851395554
3024987,94.50449909253531
3024988,88.57634231579019
3024989,27.761440569432935
3024990,2072.878522310406
3024991,5.619136708609853
3024992,0.1936524668355091
3024993,8.18813688130296
3024994,4.541881652870206
3024995,0.10726419463660039
3024996,85.99074284658981
3024997,0.0
3024998,0.0
3024999,0.42636424206824375
3025000,6.688065073047444
3025001,0.4304475081025484
3025002,218.90436349024452
3025003,93.49815008330329
3025004,0.5976077801881341
3025005,1.9002711713328961
3025006,50.22015164706374
3025007,13.984187552980364
3025008,629.9321555183145
3025009,0.11154303489566558
3025010,0.5030804538684502
3025011,3.7694528429207765
3025012,0.05453569367231505
3025013,0.6041086147801167
3025014,3598.0972372592473
3025015,0.0
3025016,562.6430369975282
3025017,6.120650561068924
3025018,1005.7871260022703
3025019,633.6300002136616
3025020,213.20458003417735
3025021,150.42864871140867
3025022,73.65986313411734
3025023,4181.3293404438955
3025024,5.630007916651886
3025025,0.29236995230753643
3025026,17.495718638264478
3025027,8.833804445821292
3025028,0.12089428343111416
3025029,212.29108177996926
3025030,0.0
3025031,22.14675187022652
3025032,2.0999666522402105
3025033,24.269899755883046
3025034,0.6874045743542863
3025035,262.8887329780002
3025036,240.5210361202201
3025037,2.033044104397135
3025038,3.4417570573368583
3025039,149.55770860116468
3025040,43.28296182604165
3025041,3022.349033995919
3025042,0.33881856876533767
3025043,0.7877603818526231
3025044,3.69154225914663
3025045,0.0
3025046,5.13996151512795
3025047,2802.144242620061
3025048,0.06520351408632641
3025049,538.1731566094543
3025050,7.679769061155549
3025051,877.8246736476804
3025052,797.1803633046502
3025053,154.44390032150736
3025054,117.55807518707702
3025055,109.50578618396177
3025056,3742.6348912219887
3025057,48.45015358433059
3025058,1.041637934457188
3025059,18.716869115162034
3025060,30.45701239578783
3025061,0.22659616242112354
3025062,216.3564834301801
3025063,20.266757604658828
3025064,17.865963653609736
3025065,1.7859602875845026
3025066,75.77227166683804
3025067,8.373990525222071
3025068,231.80318366236833
3025069,275.7791201662026
3025070,10.57345080722937
3025071,11.64759818801178
3025072,246.55971493509233
3025073,61.54452956099024
3025074,2109.806278731815
3025075,0.0619298745658723
3025076,6.7260926998155215
3025077,4.906255691691442
3025078,0.0
3025079,4.102519799773554
3025080,2082.299411094682
3025081,0.0
3025082,448.05852664874703
3025083,7.803342112753503
3025084,852.2715342891298
3025085,738.677624291998
3025086,137.9538992830656
3025087,79.94091437919269
3025088,81.831029169166
3025089,3554.2938414188293
3025090,27.485845748577198
3025091,0.9120251349521613
3025092,27.68350762715759
3025093,59.21538455212648
3025094,0.011840893735754086
3025095,277.6363867731119
3025096,13.558016218122932
3025097,14.617965962761033
3025098,6.670754082877478
3025099,59.64779022763126
3025100,8.089667903782402
3025101,142.30358855106655
3025102,318.43252217037286
3025103,5.765750501379546
3025104,8.271580836802373
3025105,117.73438338896722
3025106,61.349982856250676
3025107,1746.870281603237
3025108,0.13142026533253592
3025109,9.891601092268395
3025110,7.1016446002905145
3025111,0.1365144273977219
3025112,3.640514363262122
3025113,3743.021977054076
3025114,0.0
3025115,608.4573231521485
3025116,5.206362883773689
3025117,1589.6197578248223
3025118,622.1794216909486
3025119,200.00423268689144
3025120,312.72501520386396
3025121,64.86191623036099
3025122,5447.224712432192
3025123,32.38572728879163
3025124,1.1304511016529828
3025125,18.610452518938025
3025126,15.912039106982308
3025127,0.1201621967025177
3025128,373.7451084719412
3025129,3.7018080231776986
3025130,14.011049655648488
3025131,6.071248958110749
3025132,29.45734298528824
3025133,1.1440677562601267
3025134,175.13111296722042
3025135,287.077006561923
3025136,6.257929411663995
3025137,7.672494043462992
3025138,216.2357568157795
3025139,51.68909851226135
3025140,2678.176893470431
3025141,4.442241626731603
3025142,11.62971151377359
3025143,3.0179060953585353
3025144,0.4603461688360446
3025145,5.3644838844151765
3025146,2303.6009205783735
3025147,0.01948715035670731
3025148,340.2072519471331
3025149,5.24200726661932
3025150,781.6748051973063
3025151,582.6694047351062
3025152,166.60367266685537
3025153,127.88027239208301
3025154,63.884151107594455
3025155,3080.5420419652864
3025156,22.33008686515851
3025157,0.9283222701041121
3025158,12.952997638142612
3025159,13.10401715355609
3025160,0.11038080051134504
3025161,187.85239415203415
3025162,13.245420841597271
3025163,16.316259095030645
3025164,1.8029686995388197
3025165,38.572613155878074
3025166,6.442074953135713
3025167,344.09851177535506
3025168,228.63510499704967
3025169,3.419524264041222
3025170,7.514176727577232
3025171,322.7161729050632
3025172,47.39123773725264
3025173,1953.3316358650372
3025174,0.0007758624019022818
3025175,20.867122544549304
3025176,3.078957455841688
3025177,0.08700197294080118
3025178,2.7850663265690647
3025179,3896.5525143261857
3025180,0.0
3025181,521.8197287685311
3025182,4.642987859194216
3025183,1404.4382119528334
3025184,601.369721575116
3025185,288.3797988922304
3025186,197.6261443531956
3025187,57.14061969346338
3025188,5572.09331871062
3025189,8.680567061891558
3025190,1.522469736376337
3025191,24.03191477532745
3025192,24.98845751501255
3025193,0.1329416304284195
3025194,382.69155598846476
3025195,0.0
3025196,0.06119179815118886
3025197,7.1945374726362985
3025198,22.796499634767738
3025199,1.7043970536115414
3025200,145.09161716089275
3025201,335.7225237965793
3025202,3.231179421219138
3025203,9.187360588410824
3025204,180.59955680828818
3025205,61.87693979870973
3025206,2279.6714670347887
3025207,0.01017991959002829
3025208,2.237362531899627
3025209,6.9708267113516955
3025210,0.030152548999168444
3025211,4.846437847792696
3025212,2347.7921932145005
3025213,0.014884017710148566
3025214,445.8452218287114
3025215,9.233873298585538
3025216,1004.8875407299938
3025217,596.0047115083458
3025218,206.16466399362224
3025219,110.71681411178973
3025220,103.04841061005197
3025221,3757.1070114942668
3025222,28.247046985798523
3025223,1.0079638591366737
3025224,16.25537817794303
3025225,43.08572010839539
3025226,0.10902955210956916
3025227,246.75833810625204
3025228,12.577325370979814
3025229,12.819673755846784
3025230,5.207692733698697
3025231,58.104850351559676
3025232,10.524874933103145
3025233,178.02272750846547
3025234,391.7055958085943
3025235,9.716038703755093
3025236,6.156582096740399
3025237,198.87110078420324
3025238,53.29989624472216
3025239,1920.4425717476909
3025240,0.2848857306694317
3025241,5.85875851435623
3025242,2.79768892682914
3025243,0.0
3025244,4.839862167267452
3025245,2490.950557476105
3025246,0.0
3025247,500.3403457801221
3025248,7.4698938527356855
3025249,732.4089000109085
3025250,705.6654141190991
3025251,152.09385970221064
3025252,115.73381990755611
3025253,106.16053205234758
3025254,3037.74480019527
3025255,25.266477608738057
3025256,0.7390948588583071
3025257,12.594029562614814
3025258,14.659775435891394
3025259,0.07856667624013677
3025260,180.05392033495
3025261,11.651490995417964
3025262,30.695900345298686
3025263,2.525420705078918
3025264,38.834576822870986
3025265,7.677844592561755
3025266,218.2858100403707
3025267,234.59496356397912
3025268,7.6092304087033416
3025269,7.786615248175112
3025270,203.86140685470738
3025271,48.513735630537866
3025272,2112.0353035187704
3025273,0.0
3025274,12.336702986851833
3025275,4.388292139391323
3025276,0.09649489940405379
3025277,2.870890014024347
3025278,4798.965456580057
3025279,0.0
3025280,610.9142739906574
3025281,12.267550238118943
3025282,1272.7180492270102
3025283,718.0221691492162
3025284,286.0164246675752
3025285,248.85740474571608
3025286,58.379106319453214
3025287,4898.9586375594245
3025288,7.985933302787846
3025289,0.08224768729503937
3025290,13.847199132166462
3025291,17.438714164896773
3025292,0.0298869374024859
3025293,252.82478794214788
3025294,0.0
3025295,9.945191983357454
3025296,0.7339182009042364
3025297,37.08864321569916
3025298,1.3834799771383308
3025299,218.8083379535654
3025300,297.2125770454119
3025301,2.5272471994284005
3025302,2.7666294478323863
3025303,270.98758562303334
3025304,145.60932279261968
3025305,2190.3927808510434
3025306,0.598194468562091
3025307,0.49177031060018317
3025308,11.694222279736504
3025309,0.0
3025310,11.811152378291666
3025311,8090.244651599025
3025312,0.0
3025313,1427.003157276357
3025314,20.78079979838887
3025315,2150.5830529615787
3025316,1991.1135737402903
3025317,467.2517059931273
3025318,491.4750884032102
3025319,344.66257647581074
3025320,8973.52471670614
3025321,90.5911934365965
3025322,3.328637077721331
3025323,75.56959358904345
3025324,97.43236275005532
3025325,0.2304206225925923
3025326,556.122063257125
3025327,39.840060368198195
3025328,19.759405732212095
3025329,33.955836242415806
3025330,245.0194216750133
3025331,21.13127609734608
3025332,764.083659630531
3025333,550.466325827434
3025334,29.627072422610794
3025335,28.458672199812455
3025336,935.6952919083656
3025337,267.8387106391654
3025338,7298.364057288628
3025339,130.22378980327952
3025340,91.74484411415368
3025341,13.308671313558097
3025342,0.0
3025343,12.383472601445726
3025344,7737.153111786697
3025345,0.0023945207179336507
3025346,1081.585690301063
3025347,20.410799402906683
3025348,2185.9666593553607
3025349,1842.708570698076
3025350,564.6227125090893
3025351,325.0475582384677
3025352,224.95071767835933
3025353,9572.051817403415
3025354,105.62165585444667
3025355,1.2805998045766414
3025356,51.633133013091054
3025357,88.44225771210657
3025358,0.6481254753519154
3025359,547.8665447151501
3025360,27.895415049576428
3025361,22.65191368373268
3025362,13.113877030710501
3025363,124.41659298050347
3025364,15.468081664308965
3025365,908.0873826391528
3025366,618.3688194682866
3025367,18.209884228480433
3025368,23.500677777722373
3025369,1121.971501263599
3025370,206.25061095946234
3025371,5073.637272213829
3025372,349.27530026866964
3025373,76.60886614714727
3025374,8.358617908460145
3025375,0.0
3025376,14.145562987771719
3025377,4692.085030366037
3025378,0.10667748801056709
3025379,825.2702239692283
3025380,10.166857203691826
3025381,1848.5929279489528
3025382,1202.9247000547366
3025383,637.1581700816901
3025384,126.47062892350465
3025385,183.8126159602215
3025386,7689.6972671769145
3025387,43.90240523317629
3025388,1.7406394929070925
3025389,26.675151680597715
3025390,23.716927025662972
3025391,0.30363078246968467
3025392,530.2447585208901
3025393,31.350134392570006
3025394,16.345488716086603
3025395,13.12501054406265
3025396,86.4097438217367
3025397,7.108030290126454
3025398,829.832459591862
3025399,703.5371796861282
3025400,17.734300502658645
3025401,34.27927813621014
3025402,589.6222315730545
3025403,120.24306111667435
3025404,2273.288597420296
3025405,216.1543826336271
3025406,37.61874606746784
3025407,14.186370861172549
3025408,0.0
3025409,15.592471373045058
3025410,7632.178310086143
3025411,0.011786322103054128
3025412,1116.3681125108353
3025413,18.502543853322614
3025414,2110.525045023438
3025415,1751.992336300718
3025416,538.0339880349654
3025417,293.05047162178795
3025418,205.808496387304
3025419,9119.149745068462
3025420,52.378221785120736
3025421,1.5258738640222882
3025422,42.81496948387101
3025423,71.17941797199884
3025424,1.0297510142688444
3025425,532.979912701473
3025426,35.09455630787355
3025427,18.566219702968944
3025428,10.168464303573518
3025429,153.5738943055221
3025430,11.14822978478356
3025431,798.9366826343612
3025432,642.5060752704155
3025433,18.18938524654781
3025434,25.53304361930479
3025435,1010.3379616592526
3025436,195.38144637436403
3025437,4563.825779499539
3025438,396.74842706724576
3025439,64.39352250049348
3025440,10.420712680872878
3025441,0.0
3025442,18.42051504211151
3025443,4257.980111021591
3025444,0.01211601169145187
3025445,692.7259462636628
3025446,11.625902456566173
3025447,1855.764678325463
3025448,1056.4923048351675
3025449,514.9572535585552
3025450,102.06937696134025
3025451,151.72123421297957
3025452,7268.461476590578
3025453,36.59100782049285
3025454,0.39312910940927176
3025455,21.89768812561243
3025456,43.776313891899854
3025457,0.24904869209186647
3025458,494.2317536348593
3025459,22.385339306610458
3025460,6.779522298151638
3025461,9.446944282399802
3025462,85.94868564279486
3025463,4.667550784996542
3025464,834.7679026193189
3025465,672.1322908871776
3025466,12.963579270136954
3025467,22.387066021185873
3025468,809.6449964605652
3025469,76.84500997556516
3025470,1716.5438975800612
3025471,125.28073060726032
3025472,19.316056064899733
3025473,10.38811787061082
3025474,0.0
3025475,10.376848024913258
3025476,5889.584818110592
3025477,0.0
3025478,1092.330925313377
3025479,29.45766070470976
3025480,1671.4830797458262
3025481,1783.579568934474
3025482,390.60396262017156
3025483,420.0992242790653
3025484,265.03878716621983
3025485,7060.583039934191
3025486,68.38348686791534
3025487,1.0011014491266088
3025488,33.19928598505232
3025489,55.494746853414306
3025490,0.26971339202962336
3025491,461.8848670434327
3025492,19.36702074508476
3025493,20.186765756816058
3025494,14.92868476832808
3025495,148.79310423905875
3025496,16.258030300876918
3025497,606.3387307365172
3025498,504.1560595452042
3025499,13.97570274274076
3025500,21.89247719870422
3025501,856.8741445650285
3025502,170.93904793976722
3025503,6226.840631902067
3025504,241.52637860858718
3025505,74.04204257609503
3025506,5.189101636007329
3025507,0.29319928497955966
3025508,7.306746926539068
3025509,1751.5728749199136
3025510,0.0
3025511,376.1057169451143
3025512,19.111664479159685
3025513,652.3293911503333
3025514,496.8801522859047
3025515,205.66664719154747
3025516,79.04494243844977
3025517,74.58066790329961
3025518,2742.430904040292
3025519,30.199641135502223
3025520,0.8931808270193029
3025521,21.073676145473573
3025522,23.2066917639039
3025523,0.22193520990424778
3025524,181.63844600958342
3025525,12.079199111024433
3025526,6.8105116057463615
3025527,9.600393470799292
3025528,31.01039832524495
3025529,5.008498620111193
3025530,217.36626303949578
3025531,270.3915951381637
3025532,2.538501901513258
3025533,6.238582886939873
3025534,216.5870746545424
3025535,53.28395509429376
3025536,1439.9810896826502
3025537,0.5344370221311987
3025538,11.137989057427939
3025539,8.462589786834092
3025540,0.0
3025541,11.187846486563274
3025542,4199.583638074
3025543,0.03537395592799844
3025544,567.6347896259717
3025545,25.32770093681271
3025546,1390.9113448325056
3025547,968.1644238780455
3025548,405.81772684850387
3025549,96.88975739863825
3025550,113.42100676021741
3025551,6135.704940262089
3025552,78.17161158035977
3025553,0.8231314322613512
3025554,41.80228940300984
3025555,27.933061714227723
3025556,0.26746962377011646
3025557,320.07444937720044
3025558,21.026221836912246
3025559,6.512081000401384
3025560,1.98515694997785
3025561,105.59105720912352
3025562,7.3425649703172695
3025563,571.1571597134214
3025564,505.1806244533229
3025565,9.861173018438913
3025566,18.177596044954726
3025567,307.9914716463204
3025568,74.73274824088172
3025569,1910.232926907869
3025570,258.21584285763873
3025571,16.522561204927
3025572,6.399198296807194
3025573,0.0
3025574,7.020731585955337
3025575,3916.378194822379
3025576,0.016063178319375947
3025577,779.8101815706991
3025578,7.831920339698093
3025579,1228.4235694790455
3025580,1261.322709609351
3025581,221.10367562327812
3025582,314.0578501781472
3025583,216.69346605901984
3025584,4553.7445863115045
3025585,35.32354425823026
3025586,1.1950320300712542
3025587,23.380390999644664
3025588,40.94652697597762
3025589,0.4292015564111181
3025590,277.5405723862282
3025591,1.610491963634383
3025592,37.12167356493497
3025593,3.9297755043409524
3025594,88.1492902126264
3025595,7.428625640607777
3025596,542.700942672768
3025597,287.78045153960625
3025598,16.163679368346074
3025599,10.561842603318352
3025600,600.7279514599031
3025601,109.69509347000736
3025602,4355.574223945707
3025603,2.7724454929630435
3025604,44.55578840218122
3025605,8.130274267605799
3025606,0.0
3025607,9.150955364523938
3025608,4270.592331775483
3025609,0.0
3025610,694.4708447651482
3025611,8.095856619032201
3025612,1261.9165639462092
3025613,1015.2730539243099
3025614,305.61754569716675
3025615,192.47615315237627
3025616,267.91056677205654
3025617,5082.761029306707
3025618,43.868191365834015
3025619,2.4385911377168
3025620,37.04381069405247
3025621,40.88894598191688
3025622,0.328374646222429
3025623,292.7204450814908
3025624,5.759918618010019
3025625,37.49723295448384
3025626,5.796124491151504
3025627,169.90528514288155
3025628,7.57191455173267
3025629,402.90083987773085
3025630,327.8683649045841
3025631,12.031677216452277
3025632,20.088827633459033
3025633,409.4445804570513
3025634,120.96485606266884
3025635,3617.8445127012483
3025636,3.0108983621215946
3025637,8.683001684992824
3025638,7.256705364158693
3025639,0.05646883190517542
3025640,1.497416382975551
3025641,2020.0063163030811
3025642,0.0
3025643,450.52670664627493
3025644,6.321839010224732
3025645,881.501361153504
3025646,442.48674823864275
3025647,202.44495231665698
3025648,89.30130747424255
3025649,92.143729262519
3025650,2878.212055690851
3025651,14.408791348609666
3025652,1.0934223719202785
3025653,17.374109658181723
3025654,20.414133324508125
3025655,0.0839947404476547
3025656,155.68437245705837
3025657,3.211550142607247
3025658,9.37705264832005
3025659,5.131760614005429
3025660,43.21080365273964
3025661,2.5773460722871286
3025662,242.6098368119845
3025663,210.32497289496484
3025664,3.3832160941573215
3025665,5.024090284911522
3025666,182.79312849055273
3025667,53.881118989998114
3025668,1645.6411843493897
3025669,0.16108779779561652
3025670,4.081129690271396
3025671,4.663688003677565
3025672,0.0
3025673,1.7736220746305744
3025674,3881.516541150542
3025675,0.0
3025676,242.662480914472
3025677,2.8843759140256524
3025678,976.239217017242
3025679,230.91264407461404
3025680,231.8336765741684
3025681,58.717473337098625
3025682,28.420280773599362
3025683,3608.365523975805
3025684,8.320059283105646
3025685,0.3837743086795474
3025686,15.012297664559718
3025687,9.086675823703198
3025688,0.05107177620815004
3025689,216.8176261609426
3025690,0.0
3025691,0.0
3025692,3.0619929817409304
3025693,10.9301995762496
3025694,0.6894031179869444
3025695,50.589226696940536
3025696,182.674326145806
3025697,0.10575622021457648
3025698,2.397672631774188
3025699,69.10697517914681
3025700,84.82300853229633
3025701,915.1114729044045
3025702,0.026034006604804382
3025703,1.9622429417192393
3025704,5.945678771323431
3025705,0.03516991958497308
3025706,6.0203194568832386
3025707,2944.31489698826
3025708,0.0
3025709,495.96823728715134
3025710,11.091701120799002
3025711,1049.3212783991821
3025712,784.8313021597922
3025713,288.890225214313
3025714,142.49431256922642
3025715,122.18687065024022
3025716,4226.503494135586
3025717,30.5251349780836
3025718,0.6913262947355377
3025719,17.241469812818742
3025720,70.84479398624666
3025721,0.0396965700961526
3025722,255.24450602248186
3025723,19.784720855503785
3025724,10.639220913678091
3025725,13.778501473069124
3025726,52.316109078009184
3025727,5.689222814859503
3025728,430.84139992633004
3025729,369.50068098198375
3025730,7.295304427475008
3025731,10.246549732218044
3025732,465.8995612621534
3025733,79.52297478958701
3025734,1994.1015315646284
3025735,0.0
3025736,31.044250629145722
3025737,4.090160496296804
3025738,0.029320945667952403
3025739,3.313816994236576
3025740,3632.194283766516
3025741,0.13707307781673428
3025742,627.6839818513911
3025743,13.709050966719204
3025744,977.0096647808476
3025745,1108.184111131448
3025746,181.85235923550226
3025747,237.11344984088487
3025748,175.98079421943606
3025749,3876.632566834229
3025750,35.78481633049001
3025751,2.6507104362823477
3025752,22.359036298927446
3025753,26.16416594701039
3025754,0.48099606631971714
3025755,248.59255549456324
3025756,9.61092702937986
3025757,38.60858158098044
3025758,10.011439308956428
3025759,90.40377569915107
3025760,8.261274569418593
3025761,464.2970088883148
3025762,266.6523730433582
3025763,7.601233990544536
3025764,12.020171518276493
3025765,639.9395745706067
3025766,104.32856366266101
3025767,4291.485562491413
3025768,0.20647784522281248
3025769,41.65858532611979
3025770,3.5138701837977018
3025771,0.2815679316348094
3025772,6.449246321900058
3025773,3469.9874574950977
3025774,0.0
3025775,693.5224503184994
3025776,18.34994500975876
3025777,1004.7904360354362
3025778,1066.210502043447
3025779,240.4359350662666
3025780,249.08031642342323
3025781,128.30135553332565
3025782,3797.21299768894
3025783,35.587090680243946
3025784,2.5869450155712572
3025785,23.727643411924788
3025786,33.70002203362631
3025787,0.14392996827779111
3025788,302.9707796674221
3025789,20.875484683275726
3025790,26.419001844857988
3025791,19.643404677901717
3025792,81.9143201022907
3025793,16.949553993240553
3025794,398.2841182835292
3025795,247.76842609845446
3025796,14.795644098394266
3025797,16.651024021159433
3025798,462.76566872986524
3025799,119.10623000950326
3025800,3645.7061721835225
3025801,1.1596968222993778
3025802,28.64857570030317
3025803,10.492555371289512
3025804,0.1569428363557106
3025805,6.443585505022895
3025806,3574.3557342919466
3025807,0.0
3025808,483.92561391695574
3025809,10.697295807129585
3025810,1438.8002900883914
3025811,707.0598608278328
3025812,496.1893606973904
3025813,203.92997018253726
3025814,83.69969469954398
3025815,6194.0216886684575
3025816,10.277752215052123
3025817,0.8260416459471391
3025818,34.27867598940881
3025819,34.645525243642275
3025820,0.04306600311728566
3025821,402.4576093061513
3025822,9.699721907567966
3025823,4.73749039786645
3025824,9.022973305644735
3025825,34.6297521343603
3025826,1.951733830881436
3025827,305.7153782740749
3025828,451.08603805973485
3025829,5.4909967781216436
3025830,6.680175889231309
3025831,402.8532203044547
3025832,76.97074348846341
3025833,2198.5408735882675
3025834,90.29490758438466
3025835,12.213203199036974
3025836,4.068897161965081
3025837,0.0
3025838,1.9963531525520863
3025839,2465.348353448979
3025840,0.12490707962071995
3025841,392.29690729286756
3025842,10.99784417222178
3025843,664.8617162772616
3025844,737.8146784728373
3025845,125.75996069307494
3025846,132.71200318783025
3025847,148.31881755767793
3025848,2826.528929800759
3025849,20.647936692773794
3025850,1.7224203073246023
3025851,21.694448512836264
3025852,22.622732299555302
3025853,0.2866641638533997
3025854,175.3080901941551
3025855,15.428962160737216
3025856,22.620499647855723
3025857,4.801122216584148
3025858,89.67600860118438
3025859,5.97788918238815
3025860,298.3048279822149
3025861,185.1969559945095
3025862,4.036628098353272
3025863,9.05290476225703
3025864,300.5221148721564
3025865,56.91485444540319
3025866,3678.3182205906937
3025867,0.016582811538217168
3025868,25.439255651309022
3025869,3.6229613639179266
3025870,0.0
3025871,1.6866945298101825
3025872,1408.2556852678454
3025873,0.0
3025874,95.4898620476379
3025875,3.755247452068818
3025876,871.7455338570662
3025877,399.7294478528906
3025878,257.8473727282179
3025879,52.28434317459464
3025880,38.320881803217546
3025881,2945.249360052916
3025882,4.08890313945106
3025883,0.2677103261577023
3025884,14.164144768504944
3025885,11.756003585581766
3025886,0.016324501496688185
3025887,177.2496280634657
3025888,5.589213445918951
3025889,0.0
3025890,1.912142251089426
3025891,16.98742388931749
3025892,1.5026063324362178
3025893,217.71999223239573
3025894,190.6184626675191
3025895,1.6374196308380882
3025896,4.31121591096306
3025897,132.8086351435236
3025898,31.155322605791582
3025899,234.27268026615099
3025900,3.1305286507744867
3025901,1.6857383175050287
3025902,5.8495732464816435
3025903,0.14900116762712473
3025904,3.36204051800051
3025905,4191.1118250562195
3025906,0.0
3025907,521.6172998712848
3025908,9.527039037054136
3025909,1751.093553898543
3025910,648.0471641043133
3025911,466.0256136024118
3025912,194.30752486858657
3025913,71.19008097004787
3025914,7198.359834327811
3025915,24.03627889267898
3025916,0.5656096035245404
3025917,17.08002769843298
3025918,19.19962175792151
3025919,0.159144742462204
3025920,473.20095294407884
3025921,5.651474629956301
3025922,1.2845808178861429
3025923,8.879628021016696
3025924,25.118942537825998
3025925,1.8119145804618872
3025926,658.4712250138695
3025927,432.23101165373293
3025928,2.371248273766237
3025929,10.363308200163956
3025930,440.1892310825712
3025931,94.6895315394762
3025932,1202.5660711046112
3025933,23.492584763202796
3025934,8.910137308221561
3025935,3.8523504098064842
3025936,0.035020030403702045
3025937,0.3722413922285032
3025938,1389.9740321263662
3025939,0.0
3025940,178.39865205448956
3025941,6.355715052603855
3025942,876.3115818443516
3025943,392.7574438160559
3025944,167.2132610811869
3025945,55.46654296284062
3025946,38.01948464943396
3025947,2808.7737794516815
3025948,6.777357622727672
3025949,0.4535797101944822
3025950,9.939873542284667
3025951,15.324964310594794
3025952,0.13687995005513826
3025953,153.46248046479636
3025954,5.426272355581833
3025955,0.0
3025956,6.245308842678755
3025957,24.597561804967388
3025958,1.1307596592852185
3025959,135.63430158407417
3025960,181.20252322580623
3025961,0.8745725849398065
3025962,3.737705330338893
3025963,141.21861007419682
3025964,29.409057728887817
3025965,278.47376599577603
3025966,5.534197000907417
3025967,1.6884832026339136
3025968,3.7223921386086682
3025969,0.0
3025970,2.011608459012918
3025971,1380.1048603977977
3025972,0.0
3025973,96.4765598417125
3025974,4.168521108170368
3025975,722.9009312607584
3025976,273.66957786674305
3025977,134.8630554015144
3025978,38.12338187971443
3025979,28.09363853134515
3025980,2875.305273780398
3025981,13.287554259427433
3025982,0.07160636765772052
3025983,8.965539429035006
3025984,6.576716489649597
3025985,0.0
3025986,121.74720543717041
3025987,1.0896038718945131
3025988,0.0
3025989,1.7217606818623035
3025990,28.131278286035613
3025991,0.7990050959738204
3025992,87.95309739488533
3025993,202.549284657695
3025994,0.271749246965277
3025995,3.9616848672816998
3025996,63.79627505641418
3025997,19.973256931158122
3025998,158.21103365696644
3025999,3.502012650608253
3026000,1.2349808833694405
3026001,2.4829572937120536
3026002,0.0
3026003,2.1070126216336402
3026004,1430.2304127169696
3026005,0.0
3026006,149.98166821024574
3026007,5.116521912425027
3026008,945.5012797343793
3026009,411.3179783845988
3026010,246.92589400262906
3026011,26.33619740620493
3026012,31.48033874828408
3026013,2940.383816291903
3026014,4.263284603275935
3026015,0.2676054299425862
3026016,9.822581587060471
3026017,15.438894084559202
3026018,0.07602208573587063
3026019,178.87519521220358
3026020,0.8359111885747339
3026021,0.0
3026022,2.246657236501693
3026023,11.803076302144298
3026024,1.181288456396121
3026025,162.548705206386
3026026,262.60135428828085
3026027,0.6738789813328749
3026028,4.0874417916101375
3026029,63.57840155293994
3026030,82.4278014076989
3026031,313.7788636388008
3026032,15.741813646837898
3026033,2.7238251121886776
3026034,2.839617425511546
3026035,0.4527006960728449
3026036,1.2366232620900468
3026037,1649.3853077519543
3026038,0.0
3026039,144.22393389233363
3026040,1.9115750231762112
3026041,844.6649158865276
3026042,345.54832601308846
3026043,207.12535397847122
3026044,92.2736868962197
3026045,56.826409868139635
3026046,2713.3892500917127
3026047,7.712786691405224
3026048,0.7571366959139673
3026049,13.659453820948567
3026050,18.975462259314543
3026051,0.13528785109961655
3026052,204.434047148609
3026053,5.54490018700823
3026054,0.0
3026055,2.5946897168940826
3026056,17.223910381260673
3026057,1.600829503465261
3026058,124.95375028775129
3026059,205.23685300666875
3026060,0.6397332459971831
3026061,4.294103774711279
3026062,95.10172144059139
3026063,43.72025729648389
3026064,509.47847683632557
3026065,17.45564641580426
3026066,4.1375443912542895
3026067,5.379672918568755
3026068,0.13157829414974082
3026069,0.5067480668963141
3026070,1506.052522057762
3026071,0.0
3026072,149.30168236014703
3026073,4.576930206734791
3026074,835.9871346648404
3026075,246.3721769225237
3026076,144.29140129949275
3026077,116.76807635804039
3026078,34.61410110710739
3026079,2223.2724614577983
3026080,6.683078948150376
3026081,0.2103782384910226
3026082,12.306383967271943
3026083,15.037094199432186
3026084,0.11892697509540132
3026085,158.25297274321156
3026086,0.0
3026087,0.0
3026088,1.4844022878172471
3026089,35.05855314441754
3026090,1.78697411052563
3026091,53.835849306225306
3026092,153.17410897638518
3026093,0.6408319002364361
3026094,4.880163859603394
3026095,63.69475847249845
3026096,35.43197192303688
3026097,466.4142218989888
3026098,0.005279837370832047
3026099,1.587503132532234
3026100,6.541975992393379
3026101,0.2814275407971485
3026102,1.2566529721748485
3026103,2388.7225685612993
3026104,0.0
3026105,269.5034796531809
3026106,4.455418800444353
3026107,987.8886240644777
3026108,978.1494198844923
3026109,409.9556403137345
3026110,139.7782389659663
3026111,77.0375782208087
3026112,3739.5120428111923
3026113,13.39246226592019
3026114,0.7338558545653271
3026115,18.598568286015702
3026116,19.488266370114005
3026117,0.07212726795483512
3026118,219.69230722742827
3026119,0.1339779421172379
3026120,0.0
3026121,6.9717093359391615
3026122,23.199944268326607
3026123,1.8503919687767267
3026124,234.5544141870857
3026125,218.6594071321563
3026126,1.7839522269001755
3026127,6.6896081458219685
3026128,285.6697571969572
3026129,49.34250121192973
3026130,1078.443851230354
3026131,84.5030389031168
3026132,9.362656281236122
3026133,2.4922380897417633
3026134,0.06019591431376583
3026135,2.7365122885128885
3026136,1886.43662033317
3026137,0.0
3026138,444.081663186795
3026139,6.138390749538997
3026140,501.4511044914503
3026141,583.8040165893347
3026142,185.12905835424678
3026143,141.29312859113702
3026144,44.626779923730574
3026145,2501.852862443191
3026146,9.152983743854492
3026147,0.6905195868420106
3026148,11.903200193524295
3026149,15.010264763303631
3026150,0.0893240726712149
3026151,148.55809896305686
3026152,8.563954473630023
3026153,3.754768836769815
3026154,6.644546936397167
3026155,41.54909329100839
3026156,1.0874480719166435
3026157,89.43650256051126
3026158,145.5460312897358
3026159,2.832922759555352
3026160,4.080285162706188
3026161,147.87755505483182
3026162,50.44902366106064
3026163,1060.81861330099
3026164,17.124523188408816
3026165,7.5042066616104375
3026166,4.698560822223906
3026167,0.26937669104228135
3026168,2.7898408444245053
3026169,2443.1970062154032
3026170,0.0
3026171,146.84745862973818
3026172,3.7962238007825557
3026173,766.2010286444079
3026174,343.1864062614941
3026175,223.68756829498872
3026176,41.17025043958404
3026177,36.22978114093117
3026178,2966.4618926003977
3026179,18.69401713442103
3026180,0.8000040591684094
3026181,10.114311733304637
3026182,15.311023675037386
3026183,0.08432543473665939
3026184,152.38394326217434
3026185,5.516886339974432
3026186,0.0
3026187,3.308928988568908
3026188,18.493628184767758
3026189,1.6888691533207436
3026190,136.8942744002532
3026191,166.49266244364566
3026192,0.8337788216841782
3026193,3.819128981626789
3026194,110.07810441023824
3026195,21.678275044496406
3026196,356.402743297616
3026197,21.868166645597707
3026198,2.9391386295685153
3026199,4.851815662654326
3026200,0.024391038083339263
3026201,4.704950097842874
3026202,2694.067079140672
3026203,0.0
3026204,570.1446065759294
3026205,8.225814909721118
3026206,750.4625852174222
3026207,684.3489547460601
3026208,206.04755168303356
3026209,143.95368551197947
3026210,93.84610416155415
3026211,3510.273278866207
3026212,22.20782162414095
3026213,0.738495754158741
3026214,14.500399483902786
3026215,37.770964605091635
3026216,0.1372471838341316
3026217,206.78262973714405
3026218,15.999283277697355
3026219,15.882351479258288
3026220,5.080526942398587
3026221,52.91304220722632
3026222,7.779847387021473
3026223,390.5392820957042
3026224,251.3516417200818
3026225,6.541447270249058
3026226,7.091588056380466
3026227,409.1213558200673
3026228,106.02355207539976
3026229,3113.2775299012765
3026230,0.0
3026231,32.57171787722537
3026232,4.597429576485716
3026233,0.016276676835743416
3026234,2.958312081868481
3026235,3056.7304805192107
3026236,0.0
3026237,387.93017319683116
3026238,5.307957843765273
3026239,1112.1524758971796
3026240,724.0690005944026
3026241,479.8320802398537
3026242,61.569145543674225
3026243,58.154175686642915
3026244,4707.867926114238
3026245,10.822729269060217
3026246,0.3901776819059024
3026247,15.554078649895786
3026248,11.22149547306167
3026249,0.0
3026250,251.8939844134644
3026251,1.2395145976510165
3026252,3.8230427794096737
3026253,4.398519173881349
3026254,39.482152666020646
3026255,0.7677361591331899
3026256,278.5018827972299
3026257,313.20880096158896
3026258,3.2937984350363516
3026259,3.1985842880454083
3026260,216.8383955337301
3026261,56.341822369451755
3026262,724.7819878726575
3026263,22.785826133010442
3026264,9.103234192187347
3026265,7.630096642399971
3026266,0.2364842022845468
3026267,2.114640076250779
3026268,2530.2072883042483
3026269,0.0
3026270,360.0717940525017
3026271,3.0263348210867123
3026272,1191.1119283476908
3026273,675.3196701967024
3026274,241.15309816051405
3026275,214.92645448036842
3026276,73.8221666483614
3026277,3679.290186148027
3026278,14.417319330936113
3026279,0.4537907312107109
3026280,24.101288928625376
3026281,25.386600796548628
3026282,0.22453067263794843
3026283,241.30070665926903
3026284,1.8441405837762037
3026285,1.672628748945562
3026286,5.988771684687635
3026287,70.17004523765067
3026288,0.7467061627696469
3026289,125.44392657528734
3026290,224.10778023461427
3026291,1.4122072120435718
3026292,2.499361004986869
3026293,156.17659060767963
3026294,135.24467360928438
3026295,1103.4825464404425
3026296,0.38450157244899896
3026297,3.4430549759873736
3026298,3.8860392330141114
3026299,0.1358550625142734
3026300,0.7039444437294415
3026301,1680.9117628371623
3026302,0.0
3026303,134.98635001395996
3026304,5.713915973806847
3026305,855.9610483147237
3026306,320.9533179539173
3026307,139.30961120056008
3026308,44.04125036935147
3026309,48.10061373197729
3026310,2703.0643217291586
3026311,7.288794458098252
3026312,0.6880101688211816
3026313,18.515181842899956
3026314,17.30442043106991
3026315,0.11715984668117524
3026316,164.92081160531637
3026317,1.1043136534390934
3026318,0.0
3026319,2.3425403512138265
3026320,38.05041761756264
3026321,1.9611789745874746
3026322,113.10638802755003
3026323,182.11144360774267
3026324,0.9385000680456417
3026325,5.5212810307467155
3026326,129.38288211992293
3026327,25.297647659786684
3026328,412.0439644955088
3026329,81.71135468831038
3026330,1.249401468618948
3026331,1.6001039265208732
3026332,0.0
3026333,1.3293563420395833
3026334,1388.7043785920143
3026335,0.09396828501560336
3026336,287.14787127607565
3026337,7.557195474487242
3026338,502.77787905489987
3026339,445.53961708878484
3026340,120.64275632140345
3026341,41.9297775422567
3026342,51.48297207891763
3026343,2245.4733865332228
3026344,21.8477419697638
3026345,0.3878805178892942
3026346,9.257966836412646
3026347,13.092222195951202
3026348,0.15410039782146145
3026349,108.09374712710999
3026350,10.302278703901912
3026351,1.7341907701711852
3026352,3.608517691824479
3026353,27.913042006380657
3026354,3.27257823317768
3026355,790.1510574182171
3026356,156.46377212411386
3026357,2.9059350853153494
3026358,5.135749867423735
3026359,313.4147432640048
3026360,31.65989759821208
3026361,1431.1690017202986
3026362,0.0
3026363,7.370838995251574
3026364,2.309144301489746
3026365,0.05470890093506396
3026366,3.9297595231545595
3026367,3361.844633270958
3026368,0.05136059141958896
3026369,716.3254812905994
3026370,13.908925265439649
3026371,1062.3089515709635
3026372,1181.3359922703644
3026373,255.2030024928138
3026374,225.4633487966183
3026375,165.3426413522061
3026376,4142.349969609782
3026377,27.86527834721572
3026378,0.5477743377744124
3026379,16.916502263726155
3026380,35.238321050797985
3026381,0.10025401037172194
3026382,233.73600589855533
3026383,11.604647567932815
3026384,47.364258126553764
3026385,8.501853907679061
3026386,58.46533171914008
3026387,12.532506764323374
3026388,417.3730213756398
3026389,282.9215678966247
3026390,14.0083644194202
3026391,6.205578828360017
3026392,508.0406393578231
3026393,114.96763013502819
3026394,5588.05424441013
3026395,0.002933816889151974
3026396,18.760735304780766
3026397,2.236917711818319
3026398,0.10207323563467002
3026399,2.9413011890006358
3026400,1915.0013375698306
3026401,0.019678456025284008
3026402,419.0842712563391
3026403,4.676663954189875
3026404,451.1819517741159
3026405,556.3943113430289
3026406,156.3892276748178
3026407,113.64844621705465
3026408,75.12910365345769
3026409,2187.8258909889796
3026410,18.4058713854331
3026411,0.5846562640112304
3026412,12.738869465066758
3026413,17.640137093791672
3026414,0.09372554491801287
3026415,94.4108514511271
3026416,0.0
3026417,37.999231184845186
3026418,2.1552741490004155
3026419,128.2555488246371
3026420,4.714933040733218
3026421,236.70147063646667
3026422,127.98955126624051
3026423,3.540421412606112
3026424,4.015093936740912
3026425,187.80021834812845
3026426,39.38070815839083
3026427,2771.627391853709
3026428,0.3404900702917706
3026429,3.4892101429823112
3026430,3.915498408594999
3026431,0.0
3026432,0.1456848092105698
3026433,720.7451439896531
3026434,0.0
3026435,205.38431552570836
3026436,4.455106824737335
3026437,206.71699992394508
3026438,200.98236398119957
3026439,65.27973147951093
3026440,27.34352900297094
3026441,23.59664286253453
3026442,1285.8046310908992
3026443,6.240022568815239
3026444,0.32962892558205936
3026445,8.798465636501904
3026446,7.264217336758495
3026447,0.1613076785994656
3026448,56.479998605742466
3026449,0.06335094863202015
3026450,7.853115664105809
3026451,0.4727023895714665
3026452,12.577001110707421
3026453,0.263889851456585
3026454,209.23615417217425
3026455,92.42461828989408
3026456,1.2911357631721296
3026457,1.214282403759648
3026458,120.70481871213764
3026459,21.06631077608424
3026460,889.0524238482258
3026461,0.2551893711960672
3026462,1.8294645927604805
3026463,4.810359698437803
3026464,0.4398026270343361
3026465,3.5191958649178754
3026466,2681.7450951859564
3026467,0.05575354130982315
3026468,591.2441201121462
3026469,8.341327948143604
3026470,821.6573902763685
3026471,818.7278131369434
3026472,256.0618539149399
3026473,219.85919098703846
3026474,104.63725419718766
3026475,3573.4245637836957
3026476,24.213804170860538
3026477,1.1372629533303988
3026478,14.821897376862285
3026479,20.679872930711678
3026480,0.258065437296672
3026481,182.35236185606522
3026482,3.7927485163627583
3026483,32.427379172397124
3026484,6.26735109599005
3026485,78.0078432518847
3026486,2.3705479131385845
3026487,262.1065920638838
3026488,224.6174837911127
3026489,8.175971371356365
3026490,7.332374591437824
3026491,353.78276294566365
3026492,70.57381197531971
3026493,3872.0987353117944
3026494,0.47740509441737505
3026495,13.103391017527455
3026496,5.39102704817858
3026497,0.01620339757871256
3026498,2.3112269846973206
3026499,2411.6326409119038
3026500,0.0
3026501,501.2520716462567
3026502,11.927532438806391
3026503,744.1237141819178
3026504,690.3754919850235
3026505,268.71355342429587
3026506,167.35379464063138
3026507,53.393948320767755
3026508,3872.3668381447046
3026509,10.426095940351331
3026510,0.7028190910183602
3026511,19.085361977932784
3026512,13.479289539285864
3026513,0.6921422580509261
3026514,183.42493527175412
3026515,0.0
3026516,3.580634397123805
3026517,4.336038718832129
3026518,24.54074532095898
3026519,1.032845995891771
3026520,183.63611877166437
3026521,299.91487137270076
3026522,3.987519680369675
3026523,2.9710408792482843
3026524,174.48732614335492
3026525,67.16797695578308
3026526,1048.3425554146163
3026527,1.602544031757147
3026528,1.9581948065576174
3026529,4.543420639367218
3026530,0.3018030722229181
3026531,2.216506692862452
3026532,2700.5867156775107
3026533,0.0
3026534,502.72925378420365
3026535,9.627330740372637
3026536,715.9484313237585
3026537,687.8553719415725
3026538,217.28987985788626
3026539,141.6319044876658
3026540,54.710390512587956
3026541,3360.471506501953
3026542,10.84263172850379
3026543,0.922459946404972
3026544,13.825686207630156
3026545,14.518525463918909
3026546,0.12540119302995037
3026547,170.97240712323838
3026548,0.0
3026549,6.075284937736858
3026550,4.045728325713721
3026551,48.214433728569325
3026552,0.9285639132602304
3026553,118.91856396893014
3026554,171.38130617237366
3026555,3.7180787608725354
3026556,3.116999711539196
3026557,160.97872422267397
3026558,55.61373586244894
3026559,848.1610581367856
3026560,1.2626427751322042
3026561,3.534619249356018
3026562,8.671723419398656
3026563,0.8777065308803597
3026564,12.546193041836432
3026565,6913.981312844289
3026566,0.07356244828707585
3026567,1114.9552507126962
3026568,25.68828137052905
3026569,1777.9217722815483
3026570,1870.8119770774902
3026571,299.78232845338863
3026572,427.72174976590037
3026573,273.0262974773785
3026574,7513.935471065341
3026575,88.05576536967953
3026576,2.5670322112145736
3026577,40.76308485804453
3026578,52.19455965929404
3026579,0.34457106668207843
3026580,447.81911069477513
3026581,30.524137694481198
3026582,66.59644072045234
3026583,29.665792182020315
3026584,156.48381091339024
3026585,21.907489865159928
3026586,635.5852073707458
3026587,516.5033784106204
3026588,15.746653546442879
3026589,20.003353633103078
3026590,957.3911924611941
3026591,217.89831938808675
3026592,9137.631495530997
3026593,0.9225388296060698
3026594,78.42158171580604
3026595,2.5879742078794647
3026596,0.1919163436441825
3026597,0.4036263104259016
3026598,1712.1722781794251
3026599,0.0
3026600,157.43824429155387
3026601,3.817675604382809
3026602,480.2514008131244
3026603,334.12874827800556
3026604,116.91868293177863
3026605,119.71561839851891
3026606,40.92395982492188
3026607,2186.707809091527
3026608,4.208761169187642
3026609,0.274673712129005
3026610,10.364545890014407
3026611,7.003964604026637
3026612,0.09365549045017707
3026613,126.97430793275831
3026614,0.19815369232802518
3026615,0.0
3026616,2.1780476140803406
3026617,19.456567047143963
3026618,0.596903805066693
3026619,63.10733938655254
3026620,87.48089727132297
3026621,1.3924947688696063
3026622,3.0584087276097343
3026623,106.24887854024598
3026624,19.160579970911556
3026625,460.3271297906398
3026626,0.1311427367743592
3026627,3.014679074744743
3026628,7.323869960762855
3026629,0.11056372765352165
3026630,0.655105176187356
3026631,3054.9425559877063
3026632,0.0
3026633,473.23300750942394
3026634,7.843647344340361
3026635,1097.7367481280135
3026636,699.2547076329372
3026637,202.91190403076126
3026638,224.22512258643062
3026639,69.49044358094307
3026640,4772.366851357891
3026641,11.068673230254053
3026642,0.31198936703148705
3026643,14.140499876659439
3026644,17.16263982840628
3026645,0.1039097005740804
3026646,211.33963979669034
3026647,0.9385091782060487
3026648,4.79373309039454
3026649,6.953986896833624
3026650,10.21849321359193
3026651,1.2452035663337324
3026652,306.64223447958506
3026653,228.4324832657938
3026654,2.9385238361866044
3026655,5.572225166580756
3026656,118.66564894998959
3026657,55.3672723788376
3026658,983.831946752607
3026659,1.4341186296484418
3026660,4.471651398674206
3026661,1.2445335450464023
3026662,0.0
3026663,0.24984388106924776
3026664,904.403608843311
3026665,0.0
3026666,123.47267513660354
3026667,1.5659013058659537
3026668,397.05713178617725
3026669,168.60916107738063
3026670,78.37309083582025
3026671,131.47766410595997
3026672,14.45585980419773
3026673,1711.219575760504
3026674,1.897749478178976
3026675,0.22096933355257448
3026676,7.650980751878156
3026677,2.60489243465216
3026678,0.08581703386501716
3026679,72.3336227558153
3026680,0.0
3026681,0.0
3026682,0.22085044896038625
3026683,6.810531237045673
3026684,0.27128801362967586
3026685,59.92205361034282
3026686,81.16841075048613
3026687,0.34877188011826654
3026688,0.8649132701955444
3026689,46.749991308490216
3026690,8.537787660787224
3026691,142.95267738069828
3026692,0.0021785738866490394
3026693,0.9081199595136966
3026694,5.546112716084167
3026695,0.0
3026696,0.9211097524337755
3026697,2062.8919349768667
3026698,0.0
3026699,181.18639253094247
3026700,5.32758374427076
3026701,840.5484137977512
3026702,520.8806911784133
3026703,169.28583117780636
3026704,112.25294585049403
3026705,47.9405906035677
3026706,2732.7059084849457
3026707,2.307059477792847
3026708,0.4766761675982947
3026709,18.32851539695166
3026710,10.333515717700248
3026711,0.18987881505971246
3026712,176.17343133563742
3026713,0.0
3026714,0.0
3026715,9.956116231387112
3026716,26.5806847987293
3026717,1.036058620336258
3026718,256.4911463326542
3026719,178.53699741039898
3026720,1.1741569179922973
3026721,2.7956866018105444
3026722,208.82516727386832
3026723,23.337240706940637
3026724,1002.9443778108594
3026725,0.004053507545166331
3026726,0.5013462458716613
3026727,2.5558875047942107
3026728,0.21394142382723436
3026729,1.140851900269703
3026730,2104.6483683651163
3026731,0.0
3026732,590.9767829240956
3026733,5.146103492140558
3026734,780.2012183738971
3026735,689.0245513243816
3026736,203.1667869973851
3026737,85.62506682953205
3026738,66.80093002613162
3026739,3401.080654893338
3026740,5.00382475533083
3026741,3.0327907313888067
3026742,21.529660831662895
3026743,28.979717322029337
3026744,0.1764721572287492
3026745,167.14456408525754
3026746,0.7652897797496737
3026747,3.777648576448862
3026748,2.9761016024683493
3026749,16.379939767952738
3026750,1.5654405634736663
3026751,176.99077039939914
3026752,222.71301223864867
3026753,3.1500472787706038
3026754,5.491447758836466
3026755,152.04509913457449
3026756,19.42158080101127
3026757,590.4875865963278
3026758,1.9539763719505954
3026759,2.5569955600567393
3026760,3.001022960210706
3026761,0.026989375259814662
3026762,0.06532198145693094
3026763,1245.7282854681227
3026764,0.0
3026765,89.75421361865484
3026766,1.5887668089167117
3026767,432.59957225952127
3026768,200.10672713394104
3026769,70.90683090016574
3026770,125.14071007346351
3026771,30.4035009093962
3026772,1700.9089433880763
3026773,4.2421032174537
3026774,0.29251467232977874
3026775,6.472362763048088
3026776,4.238980557268373
3026777,0.07352527990827466
3026778,60.58405809585564
3026779,0.0
3026780,0.0
3026781,0.34796932383515505
3026782,12.070058739905623
3026783,0.37457258923549697
3026784,148.90740084874184
3026785,91.74989780897715
3026786,0.6061773732622552
3026787,1.0257438568667212
3026788,32.41752962532118
3026789,14.451760854913363
3026790,294.7331546349509
3026791,0.1014835490134808
3026792,0.486882614986085
3026793,5.164210085234997
3026794,0.040740929197965625
3026795,1.5606961739688838
3026796,4539.405639921701
3026797,0.0
3026798,499.7963546727968
3026799,13.158394426751544
3026800,1024.89199358036
3026801,584.1157616897538
3026802,217.6606692091587
3026803,120.76747703577753
3026804,83.11806827722657
3026805,4412.836296290184
3026806,10.30210109360549
3026807,0.2961227094404204
3026808,30.233864980445706
3026809,16.22727531379568
3026810,0.07390009980651123
3026811,224.59660970966343
3026812,0.0
3026813,30.286437932905383
3026814,6.568911956386147
3026815,52.05582764750226
3026816,3.2960536558412823
3026817,236.50989312173962
3026818,255.24362645614178
3026819,3.9927216414418227
3026820,10.661577955173858
3026821,121.70559869869457
3026822,49.75546794639904
3026823,1235.1927781244333
3026824,0.31987446687415055
3026825,0.5288337620990928
3026826,3.0702582678098853
3026827,0.0
3026828,8.830322364729446
3026829,2925.9082797614838
3026830,0.05528669390594898
3026831,535.102392248042
3026832,6.775415851894004
3026833,891.6883924997533
3026834,798.3164685555166
3026835,149.2320212882047
3026836,117.47046232409767
3026837,111.7458042705766
3026838,3777.0624664875395
3026839,45.65443322951939
3026840,1.212472186492688
3026841,20.292205393388933
3026842,27.912263555514542
3026843,0.18001297457846924
3026844,250.9118517098633
3026845,20.56539219500199
3026846,32.16878702489745
3026847,1.5301004694047056
3026848,103.19093358826765
3026849,7.565911533567766
3026850,237.63636844110007
3026851,266.5654811665198
3026852,13.315426877494826
3026853,13.209991957594164
3026854,245.63161932094877
3026855,69.10223152479992
3026856,3448.6788454222124
3026857,0.07747766566950984
3026858,7.500831835449707
3026859,5.331358633303412
3026860,0.0
3026861,5.505734090197659
3026862,2516.7119134593713
3026863,0.0
3026864,494.1749533208803
3026865,7.6096511683119665
3026866,893.5006678010068
3026867,720.076927119447
3026868,131.0778412037514
3026869,83.1395424942666
3026870,124.88658778072164
3026871,3805.2856826395
3026872,29.573101891130015
3026873,0.8980773945830927
3026874,29.374095432500813
3026875,52.46974397034147
3026876,0.021832123272267724
3026877,298.07361150424674
3026878,14.279690991770742
3026879,24.126488071785335
3026880,6.612373126832855
3026881,72.84225452774902
3026882,8.53988628974948
3026883,144.5336536568774
3026884,367.55340017118885
3026885,5.445796199239787
3026886,7.670533509992946
3026887,130.52361248912214
3026888,64.9160162071559
3026889,3084.810183494574
3026890,0.13072019202153878
3026891,14.599942096897035
3026892,6.584207938374982
3026893,0.15674884133232048
3026894,3.489068616978886
3026895,3042.8695513673965
3026896,0.0
3026897,598.9273427634637
3026898,5.094028628507012
3026899,1791.9052827757328
3026900,625.7972012690362
3026901,176.85455770982367
3026902,239.7648584191657
3026903,61.151560233358225
3026904,4973.688345204287
3026905,26.766177316997627
3026906,1.3433802200261422
3026907,15.05605596809512
3026908,15.758363834062594
3026909,0.10023063304896326
3026910,272.8258565154691
3026911,3.0008680415075446
3026912,12.579675462278086
3026913,6.068980090642246
3026914,35.067592103172785
3026915,1.4682757429611557
3026916,155.7285942545985
3026917,272.13858670208936
3026918,5.210319015762106
3026919,7.142405100795939
3026920,189.26996657583967
3026921,49.207336953860015
3026922,1367.0599120545196
3026923,7.350381197293595
3026924,10.529433844774076
3026925,3.700050025864355
3026926,0.4024035310348919
3026927,3.9063200642706013
3026928,2271.3807628325276
3026929,0.01744326826559953
3026930,331.70163541282864
3026931,5.553791082503272
3026932,659.8008118026073
3026933,585.926388551411
3026934,171.93117572117347
3026935,108.66579201632118
3026936,74.46735997162052
3026937,2830.0416266505144
3026938,20.616991761994115
3026939,0.9645785427426257
3026940,10.865921917050386
3026941,12.406890300316128
3026942,0.10732763109822298
3026943,177.6376998098442
3026944,15.04625750171962
3026945,23.463131147123864
3026946,1.7765987649294908
3026947,59.22907529461659
3026948,6.897071826489324
3026949,299.449095638576
3026950,228.54038302442086
3026951,4.584396417956315
3026952,8.064117006665812
3026953,313.2347903732909
3026954,45.638572959757305
3026955,2762.9097801683315
3026956,0.049065633273809306
3026957,19.281480028702806
3026958,3.082142130829582
3026959,0.06104211464463667
3026960,2.9463101401805742
3026961,3968.87315084986
3026962,0.0
3026963,434.758660754572
3026964,7.531739649711081
3026965,1298.7582508861392
3026966,890.2236752290037
3026967,239.377682134857
3026968,160.52770252531036
3026969,45.63814326048056
3026970,5030.023977133713
3026971,8.492809311428056
3026972,1.3342137545931703
3026973,22.77709513239678
3026974,21.475460809089743
3026975,0.12040490706054004
3026976,314.39822616870003
3026977,0.0
3026978,0.06411316384275761
3026979,6.80728942892422
3026980,21.12012135734275
3026981,1.0240819530548038
3026982,136.80351596740056
3026983,328.0870584237066
3026984,2.6396488725998224
3026985,7.831903310799326
3026986,153.56353527230357
3026987,56.12778095720945
3026988,972.1965140438149
3026989,0.003006390966964729
3026990,3.279052252419527
3026991,7.02008064073955
3026992,0.04130450939104227
3026993,5.783008652315526
3026994,2236.137794383568
3026995,0.020019173414590197
3026996,521.8920395892231
3026997,9.472661905735292
3026998,922.0832574175981
3026999,663.3269639060992
3027000,197.26038346474192
3027001,118.53682062761212
3027002,117.40908287719704
3027003,4175.025779489859
3027004,32.42500321037047
3027005,1.0850584495184015
3027006,16.816437637912674
3027007,27.554130614042975
3027008,0.12694390003607703
3027009,242.74449635628537
3027010,12.515789457442043
3027011,19.126378869249496
3027012,4.807005182084409
3027013,54.36292471160196
3027014,10.426030667900614
3027015,205.11714457328614
3027016,333.0342454504282
3027017,10.181481303285699
3027018,6.147032723240148
3027019,191.64736657280034
3027020,61.76417526427464
3027021,2924.364273113437
3027022,0.4829073469595563
3027023,5.363608508131073
3027024,2.878786813724664
3027025,0.0
3027026,4.206286817108376
3027027,2424.3499904824057
3027028,0.0
3027029,430.17236399196224
3027030,6.974374757735896
3027031,602.3744296513016
3027032,652.9633707271057
3027033,139.71000964982505
3027034,111.77664303977642
3027035,109.06681731990676
3027036,2967.1031269415375
3027037,25.776341774467536
3027038,0.7604803862777298
3027039,11.97410284633308
3027040,13.92123095456903
3027041,0.08158453581901201
3027042,189.75568669399962
3027043,10.099036991177009
3027044,37.04394829192997
3027045,5.3016199570461175
3027046,50.103454373917955
3027047,7.794523933807369
3027048,224.8394444325223
3027049,235.3625921978779
3027050,7.132453132499576
3027051,7.448314466818916
3027052,203.51862254145414
3027053,49.08868919598513
3027054,3185.3886588639098
3027055,0.039001169737897814
3027056,12.788127259223037
3027057,3.951685432162784
3027058,0.09467798878657559
3027059,2.728915160533515
3027060,4614.935616342991
3027061,0.0
3027062,546.9071573074464
3027063,11.240270330725247
3027064,1172.9279477531456
3027065,679.6037287612221
3027066,264.3758897762888
3027067,183.61469977185732
3027068,53.478402099548916
3027069,4551.450297983855
3027070,6.344538485370596
3027071,0.1436248613377098
3027072,10.33097327114369
3027073,19.53489028591455
3027074,0.031914016008190174
3027075,241.51178959575498
3027076,0.0
3027077,8.91980707483741
3027078,0.9244312396383146
3027079,43.68835203157213
3027080,2.064814543606973
3027081,207.40803876098207
3027082,297.3156020018312
3027083,2.5280080737967925
3027084,2.7721719692019384
3027085,252.1421469294819
3027086,121.41209439015799
3027087,1114.3587255883808
3027088,0.5119185269506715
3027089,0.41957790904986003
3027090,11.59033983472171
3027091,0.0
3027092,13.288093667991408
3027093,8340.892247661839
3027094,0.0
3027095,1433.6767671832679
3027096,23.474913414128505
3027097,2144.8699443724236
3027098,2235.393422135436
3027099,451.8625899049724
3027100,529.4700745227383
3027101,390.9986898782549
3027102,8994.379220377445
3027103,96.31046008456318
3027104,4.128003650526085
3027105,78.42374194819249
3027106,122.45493760991627
3027107,0.4319684579754991
3027108,543.9506090102157
3027109,36.87953674907157
3027110,23.482301060680484
3027111,35.85336891438149
3027112,270.1589845013736
3027113,22.015551782925126
3027114,806.7066333415221
3027115,513.6414151244076
3027116,28.091654458965394
3027117,32.04793575932379
3027118,1110.766362146545
3027119,279.38186567551793
3027120,11561.211095933246
3027121,254.82435730698634
3027122,83.07892557949275
3027123,12.21629342522747
3027124,0.0
3027125,11.729846580278624
3027126,8006.812658853606
3027127,0.0
3027128,1129.868673980507
3027129,22.74052911962219
3027130,2128.8168058942297
3027131,1921.1695135588466
3027132,560.3028230951469
3027133,325.34469131444246
3027134,289.5677083190511
3027135,9836.12727519418
3027136,103.95742692202808
3027137,1.000052370202924
3027138,51.47510412572758
3027139,88.73658443045326
3027140,0.4950687322501883
3027141,574.5865355476815
3027142,24.92360715164974
3027143,36.51511381426426
3027144,15.280116094011703
3027145,216.46696986978094
3027146,14.509793884943448
3027147,925.1472799175792
3027148,754.163780834939
3027149,16.921361914385532
3027150,24.490667646001675
3027151,1032.0770832877727
3027152,234.22381948897012
3027153,7787.303472713433
3027154,372.9996129352269
3027155,80.29193169196989
3027156,8.592236021042332
3027157,0.0
3027158,13.189791577101747
3027159,4688.7866792520545
3027160,0.099931595318608
3027161,825.4248211257764
3027162,10.560144706541854
3027163,1768.9690879863956
3027164,1202.365533870122
3027165,646.6592140005419
3027166,113.51922124891422
3027167,225.78214375383283
3027168,7861.305684342034
3027169,32.79813676578208
3027170,1.5286033877716994
3027171,26.276455019236167
3027172,23.547003673189444
3027173,0.28088905981604007
3027174,505.1583536100325
3027175,28.801860998985507
3027176,26.643545847647754
3027177,11.651989251060678
3027178,92.61770882850371
3027179,7.416512397524294
3027180,906.1880922910617
3027181,606.4709744740352
3027182,16.275604578613702
3027183,35.02480441741371
3027184,642.030869125097
3027185,125.4820502163492
3027186,3312.432928008629
3027187,218.30218267662858
3027188,37.660734452826155
3027189,9.288564730612398
3027190,0.0
3027191,16.299199115964917
3027192,7553.944839107291
3027193,0.009028896340039888
3027194,1090.0850301561086
3027195,17.368147844868435
3027196,2114.2962296003166
3027197,1814.0095128455698
3027198,511.49046972744503
3027199,286.7128959252966
3027200,220.22106111425126
3027201,9673.316484178555
3027202,47.72610186613059
3027203,1.1385684846338069
3027204,44.521921059030085
3027205,68.95572401104944
3027206,0.7516926103553334
3027207,525.8070095693738
3027208,25.559622769848367
3027209,27.175443281443535
3027210,14.217550408098113
3027211,170.25380739954585
3027212,11.523436246690881
3027213,728.4162787276701
3027214,602.1733475173794
3027215,18.035184196641367
3027216,25.78747245729242
3027217,921.8862703082297
3027218,189.7263517741569
3027219,6801.4527838354
3027220,350.6610870632776
3027221,60.74285441547362
3027222,9.178268771933544
3027223,0.0
3027224,17.0984365910362
3027225,3943.5345216419023
3027226,0.00223116134280465
3027227,675.2509402232137
3027228,10.941267124517692
3027229,1648.7364809263952
3027230,911.5797214704476
3027231,491.7114168470149
3027232,94.47558441841036
3027233,154.3344302380374
3027234,6634.302610080036
3027235,32.180715470709785
3027236,0.3622174831466705
3027237,22.011421487312788
3027238,46.1030412132876
3027239,0.29083131899569103
3027240,470.17843520057266
3027241,23.835444800677443
3027242,14.147098657642921
3027243,9.37740725479096
3027244,94.95689082315019
3027245,4.323932678030023
3027246,676.8415150723863
3027247,608.8013973199968
3027248,12.663984062808428
3027249,19.139903536184743
3027250,680.5091935865294
3027251,74.09687447537499
3027252,2449.6550058384973
3027253,220.26262757122245
3027254,19.72266747962033
3027255,8.924711745508734
3027256,0.0
3027257,11.22241478956613
3027258,5572.630893931357
3027259,0.0
3027260,1087.149603875943
3027261,21.507677159408747
3027262,1725.4765790907359
3027263,1882.8936804461546
3027264,384.9699374862171
3027265,402.6422616228931
3027266,282.43596280226006
3027267,7020.204836625399
3027268,64.55212498892652
3027269,0.9345481448145189
3027270,32.245932251277374
3027271,55.987506436940315
3027272,0.32930968081647155
3027273,429.1621465383354
3027274,16.191679834488824
3027275,33.15332904340796
3027276,13.643989164977928
3027277,175.06691634171267
3027278,16.603614364990364
3027279,624.3562241241465
3027280,483.52507935103796
3027281,11.176364434642773
3027282,24.116891213613926
3027283,804.9075201736985
3027284,202.34073623188343
3027285,8578.173696253338
3027286,214.60632881228395
3027287,75.91319502855332
3027288,4.813713270589201
3027289,0.3065423836785991
3027290,6.790142295045669
3027291,1838.248133792451
3027292,0.0
3027293,359.5790173352601
3027294,19.96280373659716
3027295,773.8693091542804
3027296,515.4473865537865
3027297,216.19118122114224
3027298,74.506814875609
3027299,75.76503750443489
3027300,3016.6430844490656
3027301,22.46446788095728
3027302,1.134967895974911
3027303,24.50852949234725
3027304,20.8305798890492
3027305,0.22411781101421482
3027306,181.3580843394429
3027307,9.634971579021691
3027308,11.12541323590619
3027309,9.178109812249513
3027310,41.37635159243563
3027311,5.781321455349647
3027312,210.26909803608163
3027313,250.34875938343896
3027314,3.0548805728862494
3027315,6.420358293380934
3027316,218.60060127743435
3027317,55.6828239105359
3027318,2111.363664834155
3027319,0.5478457115899895
3027320,11.242783143720413
3027321,8.543713188715449
3027322,0.0
3027323,10.94130182564138
3027324,4132.894811961288
3027325,0.034481473726890026
3027326,622.486852148783
3027327,25.43581675050403
3027328,1399.6502145826041
3027329,960.0028186020571
3027330,429.8264543117248
3027331,96.32378928728484
3027332,139.93327070792648
3027333,6377.419575833488
3027334,66.14531142707791
3027335,0.721578836801069
3027336,45.13296060431139
3027337,33.102215147165744
3027338,0.4552654938255308
3027339,354.33503373457654
3027340,12.313247444582782
3027341,11.163987900260649
3027342,1.4679218758225887
3027343,98.88488981909312
3027344,7.721916065953813
3027345,544.5847528128692
3027346,500.662236371972
3027347,9.156732203708488
3027348,17.74569402735273
3027349,382.42364044546025
3027350,81.01513457417639
3027351,2650.1775097487202
3027352,306.2450917193172
3027353,15.52365298218689
3027354,6.5451079781825126
3027355,0.0
3027356,7.78463490198089
3027357,4512.7022541217575
3027358,0.018168394116343127
3027359,904.3660566382778
3027360,8.774268086748608
3027361,1388.1103661554216
3027362,1664.9124589512953
3027363,251.79980897013775
3027364,343.44720833393546
3027365,220.14247336009916
3027366,5300.998917946952
3027367,39.65413615183033
3027368,1.2209378477572939
3027369,27.219081052345686
3027370,40.063635505385854
3027371,0.46055893012162896
3027372,296.9954569528029
3027373,1.7736049171451997
3027374,52.94609598505302
3027375,3.9722663963664058
3027376,109.69965697649778
3027377,8.371911760456658
3027378,599.5560203157027
3027379,306.31047992254514
3027380,18.511643954688015
3027381,8.444555648166148
3027382,702.2300929884352
3027383,124.80244589508942
3027384,7822.019726958205
3027385,2.804103473795855
3027386,44.61593154202119
3027387,9.55079702013355
3027388,0.0
3027389,6.065825405817451
3027390,4413.407481650279
3027391,0.0
3027392,877.8439278513202
3027393,8.408933038310531
3027394,1596.2791606542035
3027395,1178.3175155193344
3027396,323.40360833553063
3027397,235.8640036893158
3027398,282.5331539819318
3027399,6158.893522646915
3027400,42.93559795236638
3027401,2.8556903265258313
3027402,33.705169723276775
3027403,44.03997562020737
3027404,0.41440913705967247
3027405,290.9802781205853
3027406,5.483192486523875
3027407,56.397375245776885
3027408,6.013271442122653
3027409,231.73613695946887
3027410,8.347293374608894
3027411,462.890583226471
3027412,368.1683743720723
3027413,11.876126822484315
3027414,26.393378216082738
3027415,457.52361668735045
3027416,146.95974108153044
3027417,7186.657880399792
3027418,2.979864641755475
3027419,8.468633589138388
3027420,7.560826063498155
3027421,0.06594784370653353
3027422,3.9746960462487566
3027423,2246.4069850153924
3027424,0.0
3027425,476.7085356766664
3027426,7.096568288605465
3027427,917.3858039526613
3027428,466.3020678344626
3027429,222.169238445321
3027430,92.58076114075683
3027431,96.77167993191345
3027432,3171.2306634421916
3027433,14.54468584064839
3027434,1.457874626006187
3027435,20.13411722629419
3027436,21.561653051405404
3027437,0.07676473137386862
3027438,148.26692652836454
3027439,3.123456853378796
3027440,11.560807816039807
3027441,5.209279590054676
3027442,62.30051526773695
3027443,2.4172678416154993
3027444,274.07860161246646
3027445,216.41506582256474
3027446,3.640828310489412
3027447,5.690201421186152
3027448,180.58593525949664
3027449,94.34353277330293
3027450,2879.1063535633893
3027451,0.17588678428977517
3027452,4.844842761981528
3027453,4.232723742439583
3027454,0.0
3027455,0.5179979962107248
3027456,2643.6110841406153
3027457,0.0
3027458,202.22437334004556
3027459,2.6736547040661023
3027460,888.6182830140478
3027461,223.17378927120043
3027462,185.0806796996117
3027463,41.581574843075174
3027464,25.40282011606747
3027465,3028.8700846554066
3027466,6.005373216371451
3027467,0.5711919904769317
3027468,11.743732089534992
3027469,6.61920910832157
3027470,0.039991968611206755
3027471,175.31384512675461
3027472,0.0
3027473,0.0
3027474,2.3963803063401605
3027475,12.925013934163575
3027476,0.7535540336410819
3027477,48.607877406651966
3027478,155.69681073934794
3027479,0.08693041326631783
3027480,2.194614324672262
3027481,46.16801254580925
3027482,83.05536088912416
3027483,500.23517024332625
3027484,0.008092235861381206
3027485,1.6079794501844578
3027486,5.871545474644135
3027487,0.015505735269615578
3027488,3.904215965478695
3027489,2960.908801614558
3027490,0.0
3027491,530.1326127697042
3027492,11.29975064412776
3027493,1088.305451771852
3027494,776.0825020902296
3027495,285.3112451546714
3027496,150.270857995596
3027497,125.24631953997206
3027498,4407.365078204854
3027499,28.30322532073366
3027500,0.6151506048525365
3027501,19.126636691443437
3027502,56.413378050537546
3027503,0.02517307923075163
3027504,227.26848023354296
3027505,16.172414262559066
3027506,17.260937390790367
3027507,14.85322364222031
3027508,60.64547549367428
3027509,5.6468287759691265
3027510,402.7935211203819
3027511,351.66655259662923
3027512,6.8326246064453695
3027513,10.89744523907416
3027514,414.17985439972074
3027515,79.45072248620225
3027516,3293.6323451481903
3027517,0.0
3027518,32.53845029728803
3027519,4.365805225410848
3027520,0.022025219971771447
3027521,3.679296215679508
3027522,4019.770355633163
3027523,0.10726506182090134
3027524,593.0808768520916
3027525,14.24640020788909
3027526,1016.6562285830407
3027527,1199.3241430681558
3027528,185.2420317244726
3027529,251.07812961047668
3027530,190.89857640093706
3027531,4092.471935503893
3027532,37.33612444783364
3027533,2.6757689286830644
3027534,22.33858364930346
3027535,23.552087427137693
3027536,0.48120082927255686
3027537,250.07081319806684
3027538,9.526961517737282
3027539,45.8094573618797
3027540,8.921302193269678
3027541,113.19508725397607
3027542,9.062670629803808
3027543,432.768560810204
3027544,265.85871085084796
3027545,7.251682532382652
3027546,11.476851702434404
3027547,591.662774048217
3027548,120.14586397361933
3027549,6314.375935055668
3027550,0.2169837046288574
3027551,41.901065046199435
3027552,3.823259719816233
3027553,0.2929107829462626
3027554,10.064198437849097
3027555,4259.023686993288
3027556,0.0
3027557,761.3389517482335
3027558,17.893941132080744
3027559,1122.133236055814
3027560,1235.7294251911271
3027561,247.97448140233368
3027562,267.32272059734515
3027563,144.3318915188572
3027564,4572.5838772510215
3027565,34.64702342250187
3027566,1.7753085877380386
3027567,32.514409390539626
3027568,45.26269890351619
3027569,0.135578767983621
3027570,294.12307568792085
3027571,22.13691074471978
3027572,40.235275516219566
3027573,15.815381572161712
3027574,123.21092685063455
3027575,17.29595264944017
3027576,410.5491061447394
3027577,297.3246455924799
3027578,15.582071875970474
3027579,16.857842707515303
3027580,501.43619308637193
3027581,138.0162421314272
3027582,6082.294002495904
3027583,1.3419410648773127
3027584,37.92627120741435
3027585,10.45999899432479
3027586,0.22345315783118502
3027587,6.074240455885086
3027588,2786.3547233228437
3027589,0.0
3027590,411.62723342183904
3027591,11.138831413929504
3027592,1402.0713001022164
3027593,727.238914979607
3027594,441.3222538245117
3027595,159.9505058374258
3027596,95.54165967455461
3027597,5941.1332606109645
3027598,9.39825927860544
3027599,0.9789410210730785
3027600,30.025437521475048
3027601,32.85303277727445
3027602,0.03745694201690995
3027603,351.794890269712
3027604,6.899428545063329
3027605,3.6496832619656363
3027606,7.7342003407944855
3027607,40.58756349793343
3027608,1.8703903866546012
3027609,312.88743676211186
3027610,407.6347462762812
3027611,5.613141940430735
3027612,6.510039021151198
3027613,346.3008356106907
3027614,99.89724072824245
3027615,1155.6113339725457
3027616,34.92667522207162
3027617,12.302715759818318
3027618,4.592032853592757
3027619,0.0
3027620,4.490835346601557
3027621,2256.294877863357
3027622,0.18475316626698685
3027623,327.63569377898716
3027624,13.01365577684767
3027625,616.9546393346849
3027626,581.304971519585
3027627,127.15832236340174
3027628,120.65474509368995
3027629,148.78772141092446
3027630,2457.463702186322
3027631,20.509432093129824
3027632,1.5397032643330557
3027633,18.678810201558882
3027634,30.467494046314798
3027635,0.39437558429055486
3027636,161.47043396815278
3027637,12.168110768563123
3027638,15.046652346621462
3027639,5.533431613632381
3027640,92.84684664159246
3027641,6.080798804407133
3027642,264.2527416220222
3027643,172.71725344275103
3027644,4.034018906805637
3027645,7.423119571023232
3027646,270.9216730823427
3027647,62.842516426666236
3027648,2060.6529641461357
3027649,0.024450785280853815
3027650,25.726181144087793
3027651,1.5330230674647922
3027652,0.0
3027653,0.23038463783318353
3027654,1527.4491948732907
3027655,0.0
3027656,98.32365110988239
3027657,2.8890530931009266
3027658,700.9655295436895
3027659,241.67610035463696
3027660,220.42294583207712
3027661,30.724033612214512
3027662,29.177974106998725
3027663,2645.2114731688225
3027664,4.540560720157126
3027665,0.23935375032484335
3027666,9.32600655376448
3027667,5.878877850129246
3027668,0.0172299024456746
3027669,138.7245028769733
3027670,1.8017623193200798
3027671,0.0
3027672,0.9198086305519924
3027673,7.3619099578653575
3027674,0.2895643659692682
3027675,256.148598347138
3027676,175.39351201687492
3027677,0.31496922963973933
3027678,2.5248686572313677
3027679,141.77227690526487
3027680,30.727332522497328
3027681,220.39225302777095
3027682,7.688160454634529
3027683,0.3619204584394967
3027684,6.274007734428612
3027685,0.1766692151431632
3027686,4.238684210919769
3027687,4418.086645327315
3027688,0.0
3027689,688.8543610291438
3027690,10.730752184631402
3027691,1713.0894625198803
3027692,559.9122937138959
3027693,434.5433553652881
3027694,213.72217603711917
3027695,74.7739737747254
3027696,7052.3531745147875
3027697,30.66050965192168
3027698,0.5379899151534232
3027699,15.373525228839092
3027700,18.854976353376628
3027701,0.16257228712244465
3027702,425.52162419671356
3027703,3.9922782031304767
3027704,1.3633920198811513
3027705,7.477881081571706
3027706,32.1124047354685
3027707,1.9429886046308034
3027708,759.1037379610862
3027709,406.3764708327369
3027710,1.9112156452134337
3027711,10.386829631242241
3027712,312.59828465753054
3027713,102.30319328894223
3027714,1383.02382146822
3027715,28.681941442156404
3027716,6.86144137943823
3027717,3.615710158843164
3027718,0.03964343130266321
3027719,0.3544431064677861
3027720,1467.486762938077
3027721,0.0
3027722,173.39714213371548
3027723,8.281895683518353
3027724,691.3103303275896
3027725,318.52938536166334
3027726,197.59876611204754
3027727,80.84715173842329
3027728,35.45372167039481
3027729,2720.835429741042
3027730,7.385554509150311
3027731,0.45212044100190185
3027732,10.287660463797446
3027733,13.961634931329852
3027734,0.15268960305258802
3027735,137.64595744656253
3027736,5.143940517863846
3027737,0.0
3027738,5.613943864950041
3027739,29.246573066560984
3027740,0.8743989271644791
3027741,204.18040918767457
3027742,156.6414790529915
3027743,0.7724894458285994
3027744,3.9543293328392126
3027745,158.98117906810236
3027746,35.44799267211688
3027747,334.4930166601577
3027748,1.4855575200736584
3027749,1.3129045677542657
3027750,4.0175807206955785
3027751,0.0
3027752,1.8762774212216335
3027753,1536.8103364983785
3027754,0.0
3027755,92.52545078885805
3027756,5.426503448668466
3027757,679.1514374034914
3027758,206.43021209513293
3027759,114.80639660485615
3027760,32.40523843274737
3027761,26.189077740632275
3027762,2634.8080843629073
3027763,11.616105478980511
3027764,0.07521274622146526
3027765,8.344392922174858
3027766,5.879061055708238
3027767,0.026364369507215445
3027768,121.6606267035947
3027769,0.936926036831572
3027770,0.0
3027771,2.3490678046588207
3027772,26.193562016990608
3027773,0.8153122237683019
3027774,209.29530532886142
3027775,168.32974160525254
3027776,0.29034459887121933
3027777,4.041085676324771
3027778,100.87129103340921
3027779,19.398856102149328
3027780,167.28982527184564
3027781,16.180357840268783
3027782,1.1023395906280316
3027783,2.652684322780714
3027784,0.0
3027785,2.2398423903926323
3027786,1418.0040738370024
3027787,0.0
3027788,149.78735614700096
3027789,6.640400252151023
3027790,962.7667975997122
3027791,332.772379309834
3027792,205.27610519280117
3027793,38.15929370462854
3027794,36.35235725354809
3027795,2948.1618212816484
3027796,5.196252846185049
3027797,0.3561161860671403
3027798,11.957714315585525
3027799,18.123469980254416
3027800,0.11699500280775513
3027801,180.12370839656927
3027802,0.8398401993621782
3027803,0.0
3027804,2.330393728068376
3027805,11.065857240375017
3027806,1.2294737354285385
3027807,322.7930732038173
3027808,226.05405348591788
3027809,0.578926170214092
3027810,4.272371092263799
3027811,94.86228650789754
3027812,95.50093520871712
3027813,333.23336728044274
3027814,9.019967514473917
3027815,2.5439077840685247
3027816,3.1629725286472756
3027817,0.5299297944757029
3027818,1.8307340833434655
3027819,1640.0677697822612
3027820,0.0
3027821,159.25608561310463
3027822,1.732955604348143
3027823,867.4630407594125
3027824,307.0266654684018
3027825,233.0714013936502
3027826,84.20008623018984
3027827,60.39643194409774
3027828,2767.2250219930274
3027829,7.483459770334301
3027830,0.6574428727696577
3027831,12.326184734512168
3027832,17.775710775280594
3027833,0.10802340096122837
3027834,183.27291617903006
3027835,5.264752824891962
3027836,0.0
3027837,3.414964321043625
3027838,20.20783097837085
3027839,1.1437008371841575
3027840,162.39852804839828
3027841,184.76143284931598
3027842,0.40911313281211037
3027843,4.430798236003685
3027844,110.13729664539876
3027845,40.4616905036337
3027846,531.744800175709
3027847,13.802994080072363
3027848,4.37146286230445
3027849,3.4089203935957872
3027850,0.14883921125922178
3027851,1.3551056418305785
3027852,1226.8235653455945
3027853,0.0
3027854,119.20602668478236
3027855,4.407498253098304
3027856,798.9815802360323
3027857,210.24266116852456
3027858,141.9977656763781
3027859,111.2718927870474
3027860,27.426439600375353
3027861,2015.9297410622912
3027862,3.4232934739913943
3027863,0.218509731504657
3027864,5.627218388209659
3027865,9.048044030695099
3027866,0.17905627886153597
3027867,129.1805721405841
3027868,0.0
3027869,0.0
3027870,1.598349359190471
3027871,14.516671865358614
3027872,0.827899453507589
3027873,55.492304585811745
3027874,129.9585310908837
3027875,0.7468930157702071
3027876,2.2415021438431206
3027877,62.0074486161084
3027878,30.821362045451103
3027879,391.17212122640143
3027880,0.05064576464192589
3027881,0.45433475591089234
3027882,6.155978392579994
3027883,0.29455700636969917
3027884,2.220415188892483
3027885,2881.837401253155
3027886,0.0
3027887,268.4603352187818
3027888,5.456896754743798
3027889,852.8609173483351
3027890,497.44387746642553
3027891,394.52527399792297
3027892,149.0317714969304
3027893,63.63236296263211
3027894,3890.805462769888
3027895,15.113062294022846
3027896,0.8414559573895275
3027897,15.458265612165238
3027898,21.02743636367596
3027899,0.08121176112531339
3027900,214.2572490598032
3027901,0.08418317431989607
3027902,0.0
3027903,10.45228391434023
3027904,29.992144985647954
3027905,2.0897702467261885
3027906,321.10296248563156
3027907,218.030643009526
3027908,1.491464678307245
3027909,6.549884858056756
3027910,296.5914968542801
3027911,53.91600104823852
3027912,1026.6261280947174
3027913,39.944623579310914
3027914,9.344060119327404
3027915,2.581829892968473
3027916,0.07886783860313377
3027917,3.252605825531436
3027918,1798.0904352968278
3027919,0.0
3027920,482.77362483048137
3027921,6.658961356404953
3027922,495.2173212153142
3027923,429.7098251209885
3027924,160.95358630533795
3027925,125.42897327013253
3027926,52.434427606318124
3027927,2452.3571611972447
3027928,9.01147963026705
3027929,0.6895996244543182
3027930,9.907806539304547
3027931,12.104166693545546
3027932,0.09795352681452235
3027933,132.6467181040225
3027934,6.831576762230114
3027935,3.726659991737731
3027936,6.4953473285768935
3027937,49.20954866237011
3027938,1.3448542474706728
3027939,143.53414329075656
3027940,134.67137815067522
3027941,2.7943501538189848
3027942,5.30610770699079
3027943,142.16690054020904
3027944,47.589728907660074
3027945,1069.305700647853
3027946,18.113198660199796
3027947,6.868697533752599
3027948,4.999273346138865
3027949,0.34668428642415333
3027950,1.9344202907663608
3027951,2412.0598361860884
3027952,0.0
3027953,146.25006458719906
3027954,6.30206008633313
3027955,728.0920293891797
3027956,291.3165814913765
3027957,206.80541757289092
3027958,47.00249806330323
3027959,41.345928809844786
3027960,3086.685768078237
3027961,16.057184118365445
3027962,1.0093911767819121
3027963,13.882648282495236
3027964,11.77936912349789
3027965,0.1472590374359846
3027966,137.57143231894196
3027967,6.318211641079728
3027968,0.0
3027969,2.8069906155662943
3027970,31.382607291412356
3027971,1.6527214256246183
3027972,162.80857868447984
3027973,159.3144484941038
3027974,0.876726550614809
3027975,4.016048956334972
3027976,199.24943772545384
3027977,25.542501912034584
3027978,407.03558970842676
3027979,7.4801163397355745
3027980,3.9776987328118154
3027981,4.802466355214241
3027982,0.03199376747427403
3027983,5.899017737338493
3027984,2530.5238700006257
3027985,0.0
3027986,543.5522950092992
3027987,10.750694052165821
3027988,607.4144476258539
3027989,575.2196268429093
3027990,163.14499592967266
3027991,135.7547439954888
3027992,76.15674109676185
3027993,3053.7444994107022
3027994,24.207013537001416
3027995,1.0613756844391693
3027996,10.49300456913673
3027997,24.069400395069906
3027998,0.1467907354775965
3027999,186.71423641838584
3028000,13.221365709173362
3028001,12.730076309711174
3028002,10.757260765168827
3028003,62.800710480237626
3028004,7.834834419635291
3028005,444.33658472494244
3028006,201.23480014097862
3028007,6.056795352798919
3028008,7.2391882494994
3028009,366.8547001160706
3028010,86.30261549903116
3028011,1724.987347380114
3028012,0.009136057757936442
3028013,23.260000174081625
3028014,3.83332998016137
3028015,0.04123845573111257
3028016,3.045653703020988
3028017,4053.110455569655
3028018,0.0
3028019,401.0102865187871
3028020,4.867988513722142
3028021,1145.5519695526118
3028022,560.0030675810691
3028023,528.2685893155541
3028024,72.57991433554352
3028025,77.67382566618897
3028026,5501.029616292462
3028027,11.57776806189636
3028028,0.40504675065829393
3028029,13.712893538480657
3028030,10.121353935664859
3028031,0.0
3028032,260.7423780906067
3028033,0.9387109453094926
3028034,3.28449430436281
3028035,4.597827129736149
3028036,44.69245607455072
3028037,0.7121748989153152
3028038,722.603992638929
3028039,332.73785719708735
3028040,2.7057723775290055
3028041,2.9591808676141302
3028042,248.9091098394567
3028043,55.405423473291286
3028044,709.4018105868711
3028045,27.675041605117986
3028046,9.451903169978682
3028047,7.27234640688188
3028048,0.21950787855650605
3028049,2.4266412897013145
3028050,2449.4316515805876
3028051,0.0
3028052,312.6669465858409
3028053,5.40601330859181
3028054,1154.4365943201942
3028055,411.92862692046117
3028056,218.8847553473662
3028057,172.9650095716696
3028058,77.71416944166148
3028059,3393.028322413073
3028060,12.313558678845606
3028061,0.47192253130078277
3028062,21.352996868233152
3028063,19.54073700950785
3028064,0.1899000249297677
3028065,241.35162440179408
3028066,1.768007683911903
3028067,1.1902965673480024
3028068,6.2028363563954425
3028069,61.798532500433694
3028070,0.6180609206563811
3028071,114.40381055314187
3028072,218.03958280632727
3028073,1.9048454865946114
3028074,3.328818238839765
3028075,144.97371665445024
3028076,144.0471356090705
3028077,991.0200180242003
3028078,0.30682269936158846
3028079,2.554845696445068
3028080,3.9301045886611305
3028081,0.18547179137583464
3028082,1.0824547292678188
3028083,1936.4064430286703
3028084,0.0
3028085,138.0960414785504
3028086,6.542604226754136
3028087,748.8586120165928
3028088,294.3572344246321
3028089,141.02058531911078
3028090,40.193157191841145
3028091,50.37751015438964
3028092,3073.5293533762865
3028093,8.020155968144705
3028094,0.6300740359725338
3028095,17.873639370981234
3028096,19.554674577700585
3028097,0.1407217183144773
3028098,148.0883425424512
3028099,0.9835562123405838
3028100,0.0
3028101,2.3579493382375163
3028102,58.53055071381259
3028103,1.8793295799862295
3028104,131.69329955724274
3028105,151.47651854510775
3028106,0.8102902002982675
3028107,4.44290445642126
3028108,114.8836146986394
3028109,27.987269601958047
3028110,408.9067399718672
3028111,33.78315780114182
3028112,1.225029905149665
3028113,1.654290496332104
3028114,0.0
3028115,1.6091417917413797
3028116,1320.6654555282344
3028117,0.08828970966260677
3028118,256.05462078155455
3028119,9.57207079568418
3028120,506.6233418274223
3028121,451.44034766988926
3028122,119.40174340737236
3028123,45.1643715173636
3028124,64.10572620176589
3028125,2039.3062820270036
3028126,28.28037711248175
3028127,0.3823930369969643
3028128,8.430512817285583
3028129,10.490305731603835
3028130,0.16557119961437655
3028131,98.97398184014438
3028132,8.450614225761514
3028133,2.126115077862754
3028134,7.069455843508158
3028135,38.70445068533462
3028136,3.666490438941536
3028137,765.6520619886953
3028138,141.028517620185
3028139,2.7207974164513633
3028140,4.83061424754168
3028141,287.0841483035607
3028142,31.163231930910428
3028143,965.126797316469
3028144,0.0
3028145,5.126259928056186
3028146,2.452835799029601
3028147,0.0906871223672043
3028148,5.1780920821411485
3028149,3030.391540736114
3028150,0.06095067768928636
3028151,700.4530125469465
3028152,18.495199883951415
3028153,1005.896731797742
3028154,1053.870023242528
3028155,230.9249065606897
3028156,191.83121262650167
3028157,159.91860973594663
3028158,3565.1401450611447
3028159,42.939730069869334
3028160,0.5514426711974505
3028161,18.63099953733568
3028162,31.02303954557879
3028163,0.1375126455235074
3028164,217.31993087941447
3028165,11.3095117676387
3028166,34.42997588184014
3028167,9.734351681329581
3028168,71.18479027615112
3028169,12.060829581131337
3028170,331.44289201553124
3028171,238.060645098355
3028172,14.385941252821658
3028173,6.193284102707915
3028174,449.2218406706645
3028175,98.39664129213612
3028176,2873.0625292250384
3028177,0.026431492464176184
3028178,18.221822133897547
3028179,2.728259539571845
3028180,0.12468251351465273
3028181,1.5399984422690753
3028182,2291.151347469737
3028183,0.026562081126316774
3028184,364.8713217600524
3028185,5.313492452648937
3028186,464.81554008071794
3028187,552.4416545844863
3028188,155.3354082655303
3028189,132.36761347561776
3028190,78.1000372357316
3028191,2163.593351715068
3028192,16.39552472775274
3028193,0.6143673673848487
3028194,13.662842522234897
3028195,15.990579035391306
3028196,0.12213981024957876
3028197,94.88199526446323
3028198,0.0
3028199,20.407732315100326
3028200,2.437200352775012
3028201,180.50801728953465
3028202,4.894782111615593
3028203,176.92185571276988
3028204,124.26424084073568
3028205,4.005774678059993
3028206,5.1566882312559095
3028207,177.30413360355897
3028208,36.906211777418505
3028209,1501.9222722760314
3028210,0.3477257464267087
3028211,2.0870508124767175
3028212,3.298151002127862
3028213,0.0
3028214,1.0874892469862625
3028215,715.2463643318054
3028216,0.0
3028217,180.0672047740909
3028218,4.002801666076408
3028219,252.56504585920246
3028220,167.37937033087098
3028221,52.86093404616328
3028222,24.262184805550113
3028223,25.383337337692446
3028224,1232.2571177153918
3028225,5.462010569296959
3028226,0.3406846387234609
3028227,10.356358111298107
3028228,8.654185610406335
3028229,0.18222392958514488
3028230,58.247241049526586
3028231,0.04245140334453329
3028232,6.4826949460931615
3028233,0.48066798398480626
3028234,14.253364122242974
3028235,0.21122984962491861
3028236,211.89766934902028
3028237,95.76850512911653
3028238,1.1362837347079076
3028239,1.0290396132148698
3028240,120.31885550825085
3028241,17.756193341971866
3028242,321.6610917048132
3028243,0.24562199057804157
3028244,1.41968331874307
3028245,4.2378810368863515
3028246,0.21439066329927334
3028247,1.6258517003041182
3028248,2369.8590742545357
3028249,0.05430365358555772
3028250,497.5549065851472
3028251,12.575559760797038
3028252,577.267925997832
3028253,744.3385569089787
3028254,223.13858141676513
3028255,178.2319058203094
3028256,104.25080379117796
3028257,2864.7143874141407
3028258,22.284222206058867
3028259,1.1811152906271496
3028260,13.10701770071
3028261,21.09369249602463
3028262,0.2896417919437221
3028263,150.54862423525756
3028264,3.031009316863841
3028265,27.034010102866315
3028266,6.585524175161446
3028267,88.4873337580017
3028268,2.327722212570646
3028269,242.97490566417073
3028270,202.01158898247633
3028271,7.477773890850713
3028272,7.278069591894117
3028273,283.573173303566
3028274,64.65336508402027
3028275,1908.5322162227935
3028276,0.6260358533732566
3028277,10.31963279002552
3028278,5.252755578130943
3028279,0.028959497416387946
3028280,1.1732315885151023
3028281,2990.6893767703564
3028282,0.0
3028283,505.43344980130007
3028284,12.730110469696822
3028285,1019.5636225729463
3028286,544.7866514281606
3028287,291.9370757805917
3028288,153.9147987453196
3028289,52.450564113989586
3028290,3991.6310500404807
3028291,10.125054687328271
3028292,0.678635466553712
3028293,21.90991705025195
3028294,14.270348333055294
3028295,0.6304966229485138
3028296,197.78975861467586
3028297,0.0
3028298,2.7527432029028924
3028299,3.261775122017766
3028300,39.42173386727108
3028301,0.739414433423408
3028302,301.1913267900305
3028303,231.25619192626954
3028304,3.2852463786947714
3028305,3.5380487679046047
3028306,179.16194543806643
3028307,63.19483581681507
3028308,1131.7667166819142
3028309,1.3943434440461755
3028310,1.7184303827684033
3028311,5.398550795710165
3028312,0.295845145406274
3028313,2.1415145457242017
3028314,2685.987562716774
3028315,0.0
3028316,515.7433642424357
3028317,11.07995936995388
3028318,705.4081371098482
3028319,488.78681965110985
3028320,223.6372052683502
3028321,152.33646262023785
3028322,66.50328152867533
3028323,3570.0175043786116
3028324,10.943784670873065
3028325,0.8521367386652119
3028326,19.603450398324927
3028327,15.906374311720485
3028328,0.12395369139617302
3028329,181.03209710096613
3028330,0.0
3028331,6.047517387591723
3028332,3.4725643605898524
3028333,74.68295100686872
3028334,0.810901533517034
3028335,144.52066658216106
3028336,174.80998562298214
3028337,4.339860310557539
3028338,3.0794560705760654
3028339,169.0812633043321
3028340,49.9404283495124
3028341,839.455496532584
3028342,1.0836706572045487
3028343,3.2763489682221527
3028344,7.857824033389109
3028345,0.8614445932201455
3028346,11.397531425283672
3028347,6902.383138403849
3028348,0.04723601910858912
3028349,958.5937979420457
3028350,52.37665670558067
3028351,1351.1045234057538
3028352,1565.5034818987997
3028353,293.33079701717514
3028354,371.42183014370795
3028355,283.4568293750535
3028356,5999.694397172369
3028357,70.63295144909837
3028358,2.045106557012569
3028359,41.837538720537154
3028360,48.9157973761818
3028361,0.3151311226882565
3028362,346.639962561226
3028363,23.221066439391905
3028364,34.11678986855301
3028365,25.772425849280566
3028366,194.23348778773334
3028367,21.392800671957204
3028368,582.1980419348638
3028369,430.18652080544126
3028370,17.441659452479165
3028371,18.559227027033486
3028372,872.1988697211625
3028373,181.3548822711077
3028374,5770.032903694007
3028375,0.6891553174256737
3028376,67.44993532871062
3028377,3.091503749120944
3028378,0.22122310919203178
3028379,0.4348138921620758
3028380,1446.4423324485006
3028381,0.0
3028382,164.51363719435332
3028383,4.152507894417264
3028384,630.9589065428183
3028385,217.4438158590868
3028386,113.39247565671674
3028387,101.46085708990395
3028388,47.47840720508719
3028389,2323.832034205856
3028390,5.297871435697772
3028391,0.3437984919395849
3028392,11.85877854337834
3028393,8.14936799289149
3028394,0.10933675271726095
3028395,192.9609407440977
3028396,0.26338462072230995
3028397,0.0
3028398,2.3726755962964607
3028399,24.088120142349332
3028400,0.65575763067095
3028401,150.77308934222717
3028402,95.26215832602594
3028403,1.359074629855896
3028404,3.572510329542082
3028405,117.62972307800078
3028406,21.359538531976934
3028407,470.88768982423926
3028408,0.1441546237595433
3028409,2.3114730445927782
3028410,7.259411402569942
3028411,0.1355162762139306
3028412,0.8199768355579694
3028413,2957.6309761803377
3028414,0.0
3028415,520.3055263284443
3028416,9.524064640552462
3028417,991.042869936922
3028418,484.69345691588416
3028419,206.31421330338793
3028420,216.28793645927354
3028421,69.50345815692572
3028422,3984.306059706001
3028423,11.010966062823737
3028424,0.2872075348707951
3028425,15.364609300355006
3028426,16.722025203806243
3028427,0.11145936795926759
3028428,236.48750597643175
3028429,0.8834529645387593
3028430,3.7072344846295557
3028431,8.142026162573044
3028432,12.545550366025537
3028433,1.6857595814938335
3028434,684.2458813677831
3028435,237.0339591899537
3028436,2.517045772300566
3028437,4.961801196770593
3028438,141.41423325548357
3028439,52.74474914195985
3028440,979.4658091299307
3028441,1.328000614785131
3028442,3.2116136288553756
3028443,1.0101934113503692
3028444,0.0
3028445,0.40234807512264836
3028446,941.5359498041378
3028447,0.0
3028448,156.6083322827359
3028449,2.7900635896494848
3028450,590.9929506529039
3028451,105.17602282695324
3028452,90.85797153168974
3028453,170.4420514677012
3028454,15.266105405791867
3028455,2034.5948405117329
3028456,2.2056023098478823
3028457,0.28428185213819607
3028458,7.273191235659998
3028459,3.7913442691586043
3028460,0.11157522253500064
3028461,78.65517988238625
3028462,0.0
3028463,0.0
3028464,0.23580763589241874
3028465,10.787894724918988
3028466,0.21072433963329823
3028467,116.10239284980834
3028468,81.08586892933249
3028469,0.4016231630254913
3028470,0.9560523355833895
3028471,38.89601184152771
3028472,9.844936775549511
3028473,156.53464857177624
3028474,0.0543862215078662
3028475,1.17063513279225
3028476,10.215734446467609
3028477,0.0
3028478,1.864690114896482
3028479,3107.4442879677827
3028480,0.0
3028481,221.76436145820253
3028482,20.171962209971664
3028483,1051.3361536327757
3028484,352.75078675479796
3028485,185.73362149570858
3028486,134.91613323178035
3028487,75.02967390948545
3028488,3974.780489285361
3028489,3.4688211526656687
3028490,0.537201900167469
3028491,35.15031710419621
3028492,26.35852274723915
3028493,0.19461935602472857
3028494,232.40921132202985
3028495,0.0
3028496,0.0
3028497,21.8567080597339
3028498,43.85382406619231
3028499,4.15298552748509
3028500,313.32859498096434
3028501,242.22201396289125
3028502,4.200805289318812
3028503,4.092173107713504
3028504,203.56020678289238
3028505,36.22028709823166
3028506,1218.9064861852487
3028507,0.0
3028508,1.6749841731173214
3028509,2.712423353561597
3028510,0.2045473950458347
3028511,1.2732889088188872
3028512,2550.8570903654845
3028513,0.0
3028514,624.0266553323954
3028515,7.619054288950299
3028516,826.3011375914549
3028517,535.9713616919819
3028518,215.59965118423958
3028519,76.60519970584579
3028520,69.35210221964599
3028521,3811.515901225559
3028522,5.4539594040022905
3028523,2.8506048839040927
3028524,16.491472871130142
3028525,33.19576060677976
3028526,0.15745131641364749
3028527,184.19982199291982
3028528,1.0061657930654895
3028529,3.835080718584367
3028530,3.1381525827427397
3028531,23.95043290696054
3028532,1.3524321704945588
3028533,239.9590094730053
3028534,242.25187134219476
3028535,2.4475441425583395
3028536,5.934531122437397
3028537,138.86980616599118
3028538,20.673196047542614
3028539,547.3603506313635
3028540,2.249683680606835
3028541,2.443133752058161
3028542,3.47214625481479
3028543,0.05640550318495338
3028544,1.1058197934080631
3028545,1579.5927966626582
3028546,0.0
3028547,94.08095023107398
3028548,2.0824260401851045
3028549,497.1540393878048
3028550,144.7112783414147
3028551,83.93159679563429
3028552,82.85089177306656
3028553,31.961882379808596
3028554,2151.7014720675324
3028555,3.9521223432438077
3028556,0.35240100115076967
3028557,10.031937252858244
3028558,5.03555856773361
3028559,0.09796192310657842
3028560,104.67989287169348
3028561,0.0
3028562,0.0
3028563,0.47817569952617744
3028564,13.843568559057472
3028565,0.3631981529340919
3028566,342.9547786351654
3028567,79.34308715273473
3028568,0.6635241966161878
3028569,0.8998793983400806
3028570,74.3596369906787
3028571,14.091236486970207
3028572,338.676110782774
3028573,0.14289704022590247
3028574,0.2844693475663459
3028575,3.675401684469008
3028576,0.06858190757222694
3028577,0.22352053078485173
3028578,3199.6202990663182
3028579,0.0
3028580,447.30049946644465
3028581,8.647489804391812
3028582,787.6365769442104
3028583,472.08910839439585
3028584,179.81074024148091
3028585,160.9154508360459
3028586,62.13846530943822
3028587,3502.7190666553447
3028588,6.280847018622691
3028589,0.34791924002759306
3028590,15.075017136075347
3028591,8.057040100258009
3028592,0.08207479007350761
3028593,167.39599682227816
3028594,0.0
3028595,31.19145601593513
3028596,1.9979949464543776
3028597,34.120563802237136
3028598,0.6577806935542054
3028599,441.67921058377163
3028600,174.04172943327785
3028601,2.1667342742399356
3028602,3.4470118524996365
3028603,130.7133360716331
3028604,37.729009695882915
3028605,1054.6019389993241
3028606,0.4768209640635859
3028607,0.572974044359438
3028608,2.6627063360632723
3028609,0.0
3028610,6.312169370513308
3028611,2577.388832414633
3028612,0.03609801123117333
3028613,493.3004374964519
3028614,7.100916255834466
3028615,754.3177482955716
3028616,678.0068799623291
3028617,166.04097157150306
3028618,112.82679675391401
3028619,98.3150658273822
3028620,3323.884133510911
3028621,44.610248730613804
3028622,0.8948953176524443
3028623,19.281753565854686
3028624,23.396461738869217
3028625,0.11740434514507894
3028626,192.50222681489208
3028627,16.56641692475179
3028628,21.321754999579927
3028629,0.9779238737511542
3028630,98.47108178052252
3028631,7.813404415417244
3028632,228.89268974966
3028633,260.2308100739722
3028634,10.983677236827386
3028635,10.622636926569479
3028636,219.7782039505754
3028637,58.182409734209315
3028638,2211.5272873231957
3028639,0.013762266096894226
3028640,6.971990525782811
3028641,5.619140851562088
3028642,0.0
3028643,5.277189158179235
3028644,2073.494476446832
3028645,0.0
3028646,403.7319161570952
3028647,9.756165952603594
3028648,755.6423696015833
3028649,602.2336012039625
3028650,115.1071459015499
3028651,78.24549116775552
3028652,99.56758890168032
3028653,3269.0697223106226
3028654,30.08309887785277
3028655,0.9816334319597033
3028656,28.50981754009404
3028657,60.22695037167985
3028658,0.04517212787981812
3028659,253.10033528622867
3028660,13.835643320141235
3028661,16.365601237502453
3028662,8.30017360356252
3028663,78.67812515353297
3028664,9.26120152639335
3028665,143.15818401880486
3028666,317.5801578476563
3028667,5.772224589992854
3028668,9.514804705183536
3028669,120.17244330119637
3028670,77.96287852698707
3028671,1784.752141062272
3028672,0.13935045328079324
3028673,12.779096528570467
3028674,6.96935883316287
3028675,0.14976464475344367
3028676,3.1427274543037793
3028677,3329.2635335814157
3028678,0.0
3028679,594.0488707599832
3028680,6.931144569839567
3028681,1334.997128469148
3028682,493.9414028014371
3028683,149.78724017473755
3028684,272.0994283841361
3028685,60.66544677039918
3028686,5227.021534775417
3028687,24.814427722095026
3028688,1.1619252945160008
3028689,16.306376781458916
3028690,19.29375154241937
3028691,0.09128448521371862
3028692,266.4912934894264
3028693,2.8779421600078186
3028694,12.324086735765933
3028695,11.779964852805477
3028696,40.62193943557326
3028697,1.2992700387728797
3028698,239.2345305820591
3028699,270.9403518287513
3028700,5.685701834504927
3028701,7.436317705490177
3028702,217.1986416524815
3028703,44.49159277364382
3028704,1170.327644485431
3028705,4.822458692004824
3028706,9.636946625017522
3028707,2.8934872337721034
3028708,0.3320814009732217
3028709,4.982565436466792
3028710,2001.2376488955142
3028711,0.02438961102286087
3028712,308.45084688872623
3028713,5.698904121585279
3028714,556.2481841362962
3028715,532.4091953984662
3028716,163.01485055940205
3028717,105.30763160120107
3028718,62.74595944610429
3028719,2576.674169829058
3028720,19.049880222623024
3028721,1.030588983728663
3028722,8.613359968342355
3028723,12.32376089329366
3028724,0.09452514215358562
3028725,145.13290346033995
3028726,11.90958803345555
3028727,16.6674195834889
3028728,1.6004095042751731
3028729,72.7107562101535
3028730,6.092581009154552
3028731,281.59237349772707
3028732,182.66887588381664
3028733,4.275619317786716
3028734,6.345647011359726
3028735,257.53534175735626
3028736,39.894525782844234
3028737,1533.4174736414423
3028738,0.05695857928313593
3028739,16.168002505237595
3028740,3.1031761272545557
3028741,0.08064667210323848
3028742,2.7354009837710995
3028743,4120.3250608582775
3028744,0.0
3028745,399.650419858335
3028746,7.073270370076793
3028747,1184.1448622668886
3028748,473.3992708930554
3028749,215.55230574448188
3028750,141.13673422690215
3028751,49.339590081873155
3028752,5242.657211556009
3028753,10.11883441498453
3028754,1.2650096578311985
3028755,21.608467731893175
3028756,18.118136219796526
3028757,0.14413511456163594
3028758,380.19586822431717
3028759,0.0
3028760,0.08603808504279753
3028761,6.332709325962833
3028762,25.642509023387618
3028763,0.9207840471744649
3028764,171.22027494356612
3028765,274.85174295674676
3028766,3.044279350889006
3028767,8.202225293220017
3028768,167.21106874791735
3028769,50.58440945464432
3028770,853.4130491132058
3028771,0.03640364261353343
3028772,3.615936139873054
3028773,5.835485705901115
3028774,0.05174783531368722
3028775,4.899291507341273
3028776,1896.2108529307527
3028777,0.019991206224864472
3028778,436.6148869536165
3028779,12.077026876800414
3028780,798.3767376493736
3028781,573.9996547379675
3028782,192.60913173236995
3028783,105.37935737708682
3028784,128.4748947749654
3028785,3168.7425103881114
3028786,25.398821681967362
3028787,0.8890293819393655
3028788,18.293806650693192
3028789,23.314988582323906
3028790,0.12438056871218442
3028791,167.4994151556261
3028792,9.685572041197332
3028793,12.992388313170451
3028794,6.6043283076974575
3028795,54.196295154325924
3028796,11.197358757639702
3028797,183.6547966600505
3028798,289.5706347319222
3028799,9.346582846256608
3028800,5.260848191038664
3028801,158.85815697321084
3028802,54.35469053436662
3028803,1585.6363221002691
3028804,0.37205343252562867
3028805,4.212352695764174
3028806,3.0301413398074124
3028807,0.0
3028808,2.221879124013952
3028809,2130.613652662831
3028810,0.0
3028811,366.2276635349524
3028812,7.5293458925921435
3028813,534.5814545952371
3028814,613.9751617129394
3028815,151.99767121571904
3028816,109.21994712979091
3028817,103.60375211751327
3028818,2688.573421732475
3028819,22.96903154512134
3028820,0.7301047243087861
3028821,13.231696864155076
3028822,11.043712484322395
3028823,0.0793409737675943
3028824,162.98764867978883
3028825,8.205496442754036
3028826,27.892975338654175
3028827,6.868284234189795
3028828,60.99379687359231
3028829,7.491345171666665
3028830,233.62769201743356
3028831,182.43159278319123
3028832,7.059012286706821
3028833,7.388112741926036
3028834,197.66152057699162
3028835,48.00051783626368
3028836,1953.8651741908204
3028837,0.07099758475753812
3028838,11.606632970940804
3028839,4.585799925730706
3028840,0.10675476066882383
3028841,1.4498019077519948
3028842,4572.922137140769
3028843,0.0
3028844,525.0675939977071
3028845,14.189742302028366
3028846,1157.9410352154264
3028847,545.3133588931049
3028848,250.74754837258683
3028849,150.18814566846652
3028850,59.28214991481269
3028851,4468.387003187436
3028852,9.007015730846888
3028853,0.13879727363460403
3028854,13.336170457994307
3028855,18.6805571317672
3028856,0.081759341649005
3028857,220.00705051564478
3028858,0.0
3028859,9.665648980879707
3028860,0.9929765255025866
3028861,61.06753370988084
3028862,3.2184230561496356
3028863,294.44726110564795
3028864,315.96064499438114
3028865,2.381291359109041
3028866,2.604455677748487
3028867,230.34023711543955
3028868,126.08706316848799
3028869,1154.1045423745452
3028870,1.0394179012092941
3028871,0.4291371080440332
3028872,11.526629034950703
3028873,0.0
3028874,13.893392444505633
3028875,7911.128281775189
3028876,0.0
3028877,1238.5808240809095
3028878,30.30531333448316
3028879,1993.681731147759
3028880,1890.5302705578083
3028881,411.5908862050212
3028882,431.44376985978863
3028883,411.17388904025705
3028884,8171.929058895397
3028885,91.08211877768855
3028886,4.155734950105612
3028887,73.91631968442994
3028888,101.40990720435542
3028889,0.44228868304943275
3028890,481.0309893620385
3028891,27.137346496410842
3028892,24.447012583169496
3028893,37.8129793038979
3028894,355.03055910191813
3028895,21.10821009201083
3028896,731.9374816506466
3028897,460.2013807693148
3028898,28.25040798340323
3028899,32.87021488454246
3028900,936.0996604337735
3028901,279.7286160689377
3028902,6560.669341799878
3028903,277.452737372805
3028904,67.17418400005322
3028905,10.26898533633434
3028906,0.0
3028907,10.242812629718063
3028908,6800.923453368823
3028909,0.0
3028910,967.9062228513985
3028911,27.25975953324097
3028912,1849.0575061799013
3028913,1615.0425934790144
3028914,546.1579105451048
3028915,268.9637050239279
3028916,269.3851143468927
3028917,8387.248778005518
3028918,92.01455125763324
3028919,1.2304785805070022
3028920,47.93463592006835
3028921,74.75780165731848
3028922,0.36576732253265726
3028923,477.18499515904506
3028924,21.266610558524857
3028925,29.670963368052874
3028926,14.406838585941097
3028927,243.10174444452113
3028928,14.803978729665916
3028929,936.6662698690321
3028930,551.6798981570112
3028931,15.383668261869785
3028932,20.17073084707129
3028933,935.9791858644601
3028934,208.52665814136606
3028935,4535.1303352227
3028936,234.3192418368668
3028937,59.32809043622654
3028938,7.896861685483507
3028939,0.0
3028940,13.901961710529271
3028941,4631.005724006956
3028942,0.0795985468120816
3028943,760.5796323714832
3028944,13.417981982893558
3028945,1638.4570435727233
3028946,1131.5150815047043
3028947,584.669623127719
3028948,109.90952439908637
3028949,203.5995099715315
3028950,7387.726501943108
3028951,34.04784315005527
3028952,1.5391204351995367
3028953,24.132097991234616
3028954,27.068987269193567
3028955,0.35210859530511174
3028956,420.89516770225123
3028957,27.7116666355547
3028958,18.33964795133036
3028959,15.517077976772477
3028960,130.84955234073178
3028961,6.552180169975864
3028962,671.1899189171279
3028963,592.5724679095497
3028964,17.090396134261244
3028965,30.335242482607207
3028966,605.1729821134675
3028967,114.73926481302985
3028968,2085.784499388709
3028969,205.30837904380002
3028970,38.29510868401942
3028971,12.872628408408703
3028972,0.0
3028973,16.62848233472325
3028974,6722.098098208341
3028975,0.021233565901464878
3028976,1004.5342523420093
3028977,20.666898416520574
3028978,1697.2654214890335
3028979,1553.0398927086633
3028980,523.3414643765379
3028981,254.84867703817923
3028982,202.03399418874136
3028983,8579.87081061846
3028984,50.04302040120382
3028985,1.430983802877946
3028986,44.321621726625494
3028987,68.16971300026924
3028988,0.7817715332226893
3028989,466.1371668828626
3028990,33.84710513916626
3028991,26.28524386643454
3028992,9.145576042027207
3028993,202.48322452329194
3028994,11.637593463088947
3028995,756.2326283267408
3028996,583.9495150529826
3028997,16.86994354008543
3028998,25.6534278505519
3028999,886.3855390735403
3029000,181.67564236328002
3029001,3991.8071916158183
3029002,268.6661458700263
3029003,52.69306244422599
3029004,8.704097515452244
3029005,0.0
3029006,17.89690082658889
3029007,3778.1206057606723
3029008,0.00668715764168939
3029009,700.1230254501144
3029010,12.776629125662708
3029011,1470.820244107338
3029012,944.6497786377009
3029013,538.0666740174224
3029014,77.61245917489838
3029015,169.40843116886853
3029016,6631.372913290203
3029017,39.05464804334483
3029018,0.36586907308668026
3029019,26.471391237209044
3029020,36.31996980204304
3029021,0.18095823082036733
3029022,415.52474013406686
3029023,21.950179414468078
3029024,11.051497375436345
3029025,6.677772976562278
3029026,111.4187565065037
3029027,4.428999473704547
3029028,693.1197073877755
3029029,571.0740045931971
3029030,12.548915387001326
3029031,18.60821966661674
3029032,644.1935423794498
3029033,80.44984036255808
3029034,1442.6947307233092
3029035,266.65861800546907
3029036,17.922902309807064
3029037,10.146039062301671
3029038,0.0
3029039,9.291269650394593
3029040,5320.431397545023
3029041,0.0
3029042,924.5569892061203
3029043,26.943009842542388
3029044,1412.4704935720313
3029045,1579.9713228924336
3029046,331.40078863558983
3029047,352.4531125783426
3029048,273.28823499499777
3029049,5856.07746569192
3029050,57.75166927656195
3029051,1.4197734662592016
3029052,37.034043125514216
3029053,52.447704289882225
3029054,0.3963965711942886
3029055,325.55053795332793
3029056,14.526190663473603
3029057,24.019598128454128
3029058,12.01542967339007
3029059,215.65922881222482
3029060,14.273721896764373
3029061,638.2256095869064
3029062,428.2671614388785
3029063,13.710589010297397
3029064,23.836326457192484
3029065,689.1668973121992
3029066,165.5174559477852
3029067,5131.917018192795
3029068,156.0200368899794
3029069,70.2886634683556
3029070,5.088366564827463
3029071,0.3276196150435873
3029072,4.901066278305592
3029073,1547.4281168271948
3029074,0.0
3029075,328.33386145465636
3029076,23.048493118719044
3029077,742.9275686115619
3029078,466.14000987894315
3029079,200.90820385520843
3029080,66.61095794653158
3029081,81.3069688335603
3029082,2605.9137605350497
3029083,24.60258346451655
3029084,0.8456292602788067
3029085,21.535410653520678
3029086,24.39537967210251
3029087,0.2392008336461683
3029088,146.16366263363102
3029089,9.051668724054611
3029090,7.508293154667529
3029091,9.38197964857319
3029092,52.87454239883043
3029093,5.7526356199781805
3029094,242.64341240270835
3029095,222.4687770232784
3029096,2.413940632197038
3029097,6.380775193417902
3029098,209.72089229336365
3029099,57.16984820638572
3029100,1286.70304949992
3029101,0.439366447030294
3029102,8.929743610873423
3029103,7.625372300743896
3029104,0.0
3029105,7.733477754448735
3029106,3727.124451948146
3029107,0.052016858541706436
3029108,567.7788085977459
3029109,30.306953494038503
3029110,1313.0941757249416
3029111,888.4361014771399
3029112,422.64655639933915
3029113,88.73004343547133
3029114,179.2500035822274
3029115,5925.04377858215
3029116,65.44347783202045
3029117,0.7283691548505151
3029118,45.62598041438163
3029119,27.685508849341396
3029120,0.4982276998596261
3029121,276.59066147540835
3029122,14.05623012162471
3029123,9.292593129006596
3029124,1.9330054973822581
3029125,130.6648931687962
3029126,7.399873904956295
3029127,502.9790034024988
3029128,479.03644243916125
3029129,10.141870271232662
3029130,17.437798544794056
3029131,326.1238159117796
3029132,85.07623322950599
3029133,1836.2333969753465
3029134,236.48284750496714
3029135,14.427455312423435
3029136,6.504361771600106
3029137,0.0
3029138,4.851603962733824
3029139,3674.7455203978275
3029140,0.030010898560111632
3029141,683.5078769728389
3029142,9.206501034914492
3029143,944.5264790274811
3029144,1225.0066377258274
3029145,193.65245165512073
3029146,249.28324102084727
3029147,216.16655657593535
3029148,3991.1667102317124
3029149,40.57232589518735
3029150,1.0952709269437322
3029151,22.22957989658211
3029152,32.70628577696383
3029153,0.4240411391923419
3029154,209.97898121399152
3029155,1.555531365759569
3029156,46.903371491754896
3029157,3.585826554718128
3029158,118.88723342676377
3029159,9.645195708349178
3029160,509.20962700695736
3029161,213.77950662360516
3029162,14.515646741384504
3029163,7.863566800636222
3029164,532.5560552931148
3029165,111.12674330472649
3029166,3923.980647551239
3029167,3.2855188565278395
3029168,35.380429066210276
3029169,9.365886529307112
3029170,0.0
3029171,4.8682054332702265
3029172,3844.1604707885153
3029173,0.0
3029174,740.7501760992538
3029175,9.88619002713381
3029176,1292.9969760655197
3029177,1008.6233900123334
3029178,321.0375418053754
3029179,184.0905574698167
3029180,346.6240443202095
3029181,5448.111668857276
3029182,40.7910039525122
3029183,2.3556204795586475
3029184,32.8731517810183
3029185,35.68701298292458
3029186,0.42836188591936664
3029187,277.4174103672938
3029188,5.551877225315855
3029189,46.14939923524876
3029190,6.612172053906747
3029191,255.21087723754616
3029192,8.4056751305747
3029193,431.4088465099038
3029194,298.1517441326892
3029195,12.037180911107047
3029196,22.130398837319742
3029197,410.49143017275844
3029198,118.87601327075664
3029199,3846.5133347368865
3029200,2.8690635886125135
3029201,8.057406317778796
3029202,7.031184254068005
3029203,0.09661470482055035
3029204,1.6418976553861657
3029205,1834.5377979512687
3029206,0.0
3029207,425.469241908262
3029208,9.406778235312402
3029209,705.7383328660663
3029210,386.5410508621416
3029211,198.1670589040003
3029212,73.85557432598335
3029213,89.51520264643626
3029214,2584.4668522040674
3029215,12.27307402152139
3029216,1.4326125753067358
3029217,20.240577590896173
3029218,21.24156971222135
3029219,0.08751056698796711
3029220,128.84309036165817
3029221,2.661089014757864
3029222,7.585558389674237
3029223,5.289104973278908
3029224,66.63474803283646
3029225,2.607489389714601
3029226,219.7702574436256
3029227,187.5782812512186
3029228,3.517000799361901
3029229,5.488075589035607
3029230,129.52721854337605
3029231,48.3984094554641
3029232,1616.5784051101475
3029233,0.16422505697646853
3029234,2.3050407901483134
3029235,4.239586358841559
3029236,0.0
3029237,0.4296939174330513
3029238,3924.4329984132037
3029239,0.0
3029240,199.86726255297447
3029241,4.123041617591067
3029242,933.7959978289349
3029243,190.3213708022879
3029244,198.12470537552292
3029245,56.072908496268596
3029246,35.365448347257235
3029247,3201.098435556231
3029248,9.680727192923401
3029249,0.6199772838151228
3029250,13.530135718508722
3029251,9.381540689029308
3029252,0.11631237153429014
3029253,184.2235779027019
3029254,0.0
3029255,0.0
3029256,2.094345556808116
3029257,12.199893860405297
3029258,0.711551748600481
3029259,58.64241700318665
3029260,168.4099994230361
3029261,0.11674341877888725
3029262,2.371584828002759
3029263,63.09195401177022
3029264,75.27583627555555
3029265,509.4318259477452
3029266,0.028584517204774847
3029267,1.7496002717195658
3029268,5.38264148070637
3029269,0.012810048409233677
3029270,4.481444654196174
3029271,2677.2323484534354
3029272,0.0
3029273,429.61358307513274
3029274,12.57383901281165
3029275,889.8456983846348
3029276,677.9782911776703
3029277,233.13809850434274
3029278,121.1512367999489
3029279,104.7731692000519
3029280,3825.212136132298
3029281,26.785407751111187
3029282,0.5987607209589326
3029283,16.569347035874017
3029284,47.56903519738517
3029285,0.030478461233913862
3029286,182.6482331377766
3029287,15.26184954057413
3029288,14.049942331076796
3029289,12.208813730124792
3029290,83.12326659701245
3029291,5.324389722237912
3029292,372.7602211066711
3029293,288.4651081407559
3029294,6.2513424987726385
3029295,11.075433565602768
3029296,392.4699968505782
3029297,69.80748335384467
3029298,1724.8037674202415
3029299,0.0
3029300,21.78521673368833
3029301,3.8152055610056386
3029302,0.019919596509158956
3029303,4.900235890829854
3029304,3337.652578770471
3029305,0.06399168484599793
3029306,559.5550999090913
3029307,15.089954735353015
3029308,839.1509646992231
3029309,973.1500611627278
3029310,157.18110039772563
3029311,213.67686309362475
3029312,166.74727219106336
3029313,3290.741809132232
3029314,28.310421870177567
3029315,2.320939492160799
3029316,23.23015512674835
3029317,27.846457074352312
3029318,0.49333921160917016
3029319,172.34928314430366
3029320,8.26940090418651
3029321,30.451635697077897
3029322,6.658881325502918
3029323,127.11070103328613
3029324,8.158088380800562
3029325,394.478113233684
3029326,202.74941480142127
3029327,6.621110747559943
3029328,11.279706632435577
3029329,533.3470142934177
3029330,116.12222659499841
3029331,3698.6314555609138
3029332,0.14640977549503809
3029333,30.177257131485447
3029334,3.656031328535237
3029335,0.27685442584367637
3029336,8.224623184418228
3029337,3870.0827779606843
3029338,0.0
3029339,682.2726485398128
3029340,22.851085197933863
3029341,969.7120459822687
3029342,1098.2197018685986
3029343,230.17403270787446
3029344,225.46091514638462
3029345,129.51860552010223
3029346,3829.873050128682
3029347,34.59061297463038
3029348,1.2241872053048035
3029349,28.388803741530687
3029350,39.07631490053593
3029351,0.09939919043521006
3029352,257.1184388798455
3029353,18.26451735847694
3029354,29.28437865762719
3029355,25.11244956503243
3029356,148.01069027703392
3029357,17.774553760754458
3029358,395.6686867260727
3029359,276.34555660214977
3029360,14.079060715253801
3029361,14.117081478332333
3029362,442.0364638045065
3029363,124.55412584473768
3029364,3223.0730058519407
3029365,0.9853358843280859
3029366,31.10349959796903
3029367,11.078296497759254
3029368,0.24489243034265992
3029369,6.121639013365998
3029370,2916.335147652182
3029371,0.0
3029372,375.37337765525865
3029373,12.341190029429296
3029374,1305.4343070111768
3029375,550.431784842554
3029376,465.49563722690107
3029377,149.2533697832427
3029378,98.91609654123113
3029379,6179.827604318953
3029380,9.738517568010572
3029381,0.8825766834574726
3029382,31.684064110601604
3029383,35.03458212577492
3029384,0.04731536947334093
3029385,296.5201696114897
3029386,8.339116027945037
3029387,3.9971642678424724
3029388,8.792648180193494
3029389,39.39741381384344
3029390,2.1415673467610032
3029391,490.6155774495156
3029392,386.3253063466319
3029393,5.9641991651012765
3029394,6.219066902736749
3029395,342.05251152853486
3029396,98.38399258010601
3029397,1157.5667203155595
3029398,50.89446486219235
3029399,11.670284493068692
