id,sales
3000888,4.274948227063393
3000889,0.05772349902261099
3000890,4.882454272165541
3000891,2120.0978944108992
3000892,0.04535963673235749
3000893,370.15509361677687
3000894,12.604313097611781
3000895,755.2185054790284
3000896,793.1716537903799
3000897,148.9779746704139
3000898,135.4155538297692
3000899,137.35056409958264
3000900,2842.986055535775
3000901,24.015746183377214
3000902,0.8472392385090599
3000903,17.67973163869241
3000904,28.862105559927947
3000905,0.45864066768792955
3000906,218.39994728890875
3000907,12.672320283402406
3000908,27.39935260479612
3000909,17.439448635885352
3000910,92.04311912849118
3000911,5.192513557589027
3000912,284.4431433574978
3000913,158.5598877214189
3000914,2.5829345177597314
3000915,7.775281857529587
3000916,333.6863950705273
3000917,60.53352844704682
3000918,3454.2011609998945
3000919,104.11739053674259
3000920,20.524950491108324
3000921,2.0462871607405573
3000922,0.08618811816986799
3000923,4.475886936608286
3000924,1067.410496191103
3000925,0.037245286567639604
3000926,106.9504756405822
3000927,3.1626503612918984
3000928,592.5386902150696
3000929,320.18322076749126
3000930,208.7162194675909
3000931,29.135219115004595
3000932,26.13187318253547
3000933,1960.6141869567566
3000934,6.6449589512647
3000935,0.3398818151091305
3000936,7.79718838749381
3000937,15.823696067766363
3000938,0.13240432432088783
3000939,150.26218590361324
3000940,2.33533742933501
3000941,148.2413252546005
3000942,8.7820714610043
3000943,29.510917601694693
3000944,0.6492104307988049
3000945,164.49843590601785
3000946,149.53207591884512
3000947,0.7370858849026385
3000948,3.2163500156270546
3000949,146.22820343184708
3000950,22.094089568293644
3000951,294.16918286419184
3000952,330.26771496606966
3000953,1.064226374729591
3000954,5.175004658936249
3000955,0.10150810479266424
3000956,3.755786927465291
3000957,3204.1120522735764
3000958,0.037980650455227125
3000959,606.0234211400449
3000960,8.239043159254559
3000961,1448.7740444009194
3000962,602.3060937078183
3000963,381.1965488248434
3000964,214.9084027215224
3000965,65.13639486706666
3000966,5450.484444931274
3000967,26.54489534311673
3000968,0.503151789031125
3000969,23.217868135964927
3000970,22.956962532495044
3000971,0.24506923676139902
3000972,358.72101617441325
3000973,16.83429788424759
3000974,33.40793972375142
3000975,8.601239902616552
3000976,40.966049798091724
3000977,2.03288980901026
3000978,584.7989971731677
3000979,284.7075645657411
3000980,1.6860155468712434
3000981,11.086260842339197
3000982,332.23954830352574
3000983,93.93522721653129
3000984,1359.936472827194
3000985,158.99285311122054
3000986,4.857413909589357
3000987,3.242850516356211
3000988,0.04071844599428333
3000989,3.483757791064658
3000990,1357.1440315512355
3000991,0.026340760672582834
3000992,177.81690681328678
3000993,5.443019426518139
3000994,671.3783497778059
3000995,518.3200306317805
3000996,217.37905035809922
3000997,43.12948163351889
3000998,30.936071639273045
3000999,2587.489413245181
3001000,9.201525893342888
3001001,0.3016940194841746
3001002,13.172724750624091
3001003,23.20504962751312
3001004,0.28281839158287975
3001005,157.91685059895548
3001006,3.584596707422193
3001007,149.60230712881628
3001008,10.093205337828902
3001009,37.63873159055186
3001010,1.3174593795612097
3001011,167.7525369595826
3001012,135.86354672906887
3001013,1.4033355918015449
3001014,4.632489555028954
3001015,148.52937203763156
3001016,23.79060939900557
3001017,435.6011472514724
3001018,326.1014530019116
3001019,2.3931708168840276
3001020,2.5700311289388424
3001021,0.04818505255287492
3001022,3.9950107938575226
3001023,1145.9266787489346
3001024,0.0330458428106518
3001025,122.14164564156138
3001026,4.592141551033273
3001027,560.8764602821375
3001028,265.30646601929004
3001029,159.99686654287476
3001030,49.578119641248506
3001031,24.636650683909494
3001032,2077.4107437025978
3001033,16.056254683982733
3001034,0.23807206456787533
3001035,10.824495576823498
3001036,16.127020465751233
3001037,0.1772852794124586
3001038,127.13596527086128
3001039,1.2951953257866293
3001040,145.35739421835487
3001041,6.599004457607478
3001042,42.32624123917291
3001043,0.9631073132604623
3001044,149.10404931612587
3001045,140.40830294490166
3001046,0.6644933545500689
3001047,4.479655606926924
3001048,74.04005350845395
3001049,19.63237561468064
3001050,201.28005065245787
3001051,322.465242941792
3001052,2.1841418090797102
3001053,2.0763865430844186
3001054,0.11910870990597444
3001055,3.805731549055359
3001056,1278.2254894321682
3001057,0.049192156325427915
3001058,158.9134031548909
3001059,5.785367551275457
3001060,766.3268684516029
3001061,374.28252089243074
3001062,219.02640472352596
3001063,47.66880301216179
3001064,36.15355720431054
3001065,2180.347500815937
3001066,18.48629368076182
3001067,0.3460263300541935
3001068,17.1078959540828
3001069,25.71773187779563
3001070,0.16924480623194343
3001071,161.73831229925105
3001072,0.9108146271480169
3001073,149.23972885006071
3001074,7.542718414239836
3001075,32.79020187261607
3001076,1.8939455826507956
3001077,128.32167433191424
3001078,213.34062875300975
3001079,0.7387931044041309
3001080,2.71062126957844
3001081,93.35094669382323
3001082,70.61298784955505
3001083,380.31021554329266
3001084,326.09386582165365
3001085,2.848017636335173
3001086,2.6776268992728927
3001087,0.28902863321773187
3001088,3.606484142039415
3001089,1435.9228533656556
3001090,0.024309191828849823
3001091,139.20527633846135
3001092,2.265431018179769
3001093,757.3300084068602
3001094,372.52401144083706
3001095,230.79778558828102
3001096,77.89889129716568
3001097,50.10004559663095
3001098,2349.843010364682
3001099,8.398446048600038
3001100,0.2280031892858639
3001101,13.355385725906608
3001102,23.983884797834236
3001103,0.22399184524948595
3001104,168.65669930188682
3001105,6.495855533608922
3001106,144.11866433811028
3001107,12.746057873808098
3001108,32.22018463207864
3001109,1.499755167136153
3001110,132.5223137212059
3001111,139.01139212909578
3001112,0.7478194398754834
3001113,4.074949984042965
3001114,102.02120862183348
3001115,38.02946893660558
3001116,687.4507484975055
3001117,323.7500827626538
3001118,2.834045475206476
3001119,3.2116512988862898
3001120,0.08105008997339715
3001121,3.2303208325848862
3001122,1111.2674827036976
3001123,0.0337945284739029
3001124,148.75982489931357
3001125,4.537523342518843
3001126,601.4454810938468
3001127,285.4042482426746
3001128,172.70754494656813
3001129,124.3776651208494
3001130,33.72819858382688
3001131,1983.7360480684617
3001132,7.180947697953995
3001133,0.4359942154047731
3001134,8.910262549522873
3001135,16.33739657633174
3001136,0.2256797432728202
3001137,152.748637128175
3001138,0.19120361765398705
3001139,142.0474723577995
3001140,15.373865068856489
3001141,33.93655024359237
3001142,1.298199875611148
3001143,58.981546565827415
3001144,135.80201078021864
3001145,0.5933574971918809
3001146,2.2274285252058452
3001147,67.63004457485687
3001148,27.776491789717014
3001149,585.886032831753
3001150,95.7207224551252
3001151,0.921684771459339
3001152,4.381284535527669
3001153,0.12843015370354008
3001154,4.170072644947902
3001155,2381.1787319002938
3001156,0.034200872830435554
3001157,289.2321613062248
3001158,3.775146117601202
3001159,857.0539078473807
3001160,941.7756840011899
3001161,366.7960804739739
3001162,123.673978521397
3001163,67.45398235971106
3001164,3814.80215274692
3001165,10.185492259389545
3001166,0.6167311996400288
3001167,16.312573525492663
3001168,28.774378802689967
3001169,0.23985094035749197
3001170,227.96976990291108
3001171,0.9854513837230575
3001172,150.49710852639006
3001173,13.438317302908612
3001174,33.27972105837354
3001175,2.5309607189514156
3001176,225.15689657218414
3001177,216.91988809412868
3001178,2.0381215711485035
3001179,4.06685835062507
3001180,278.94568636816564
3001181,48.07138056047826
3001182,1214.058462524211
3001183,326.9039637453665
3001184,8.910644238461634
3001185,2.7672145341922634
3001186,0.07894851392161042
3001187,3.7019644362988045
3001188,1838.1018462353932
3001189,0.028762438461072404
3001190,525.1560069710697
3001191,5.156189204349461
3001192,444.6467920705411
3001193,818.5071780740367
3001194,171.04463533564953
3001195,128.72395106986306
3001196,42.09605132007918
3001197,2128.258454049068
3001198,10.562135268768337
3001199,0.5535295591475801
3001200,14.919692674608882
3001201,23.321857697435668
3001202,0.24872327859387094
3001203,147.54682321645063
3001204,8.202662319677382
3001205,33.58419103769042
3001206,17.57622169862133
3001207,36.352518674567484
3001208,1.647926950401037
3001209,79.91212656278461
3001210,127.85112819664695
3001211,2.826236596078647
3001212,4.045391748937638
3001213,145.67414840373985
3001214,49.26535374987296
3001215,1321.480966799394
3001216,437.703866883022
3001217,8.717742886889697
3001218,4.3216752979754
3001219,0.4076361975263918
3001220,4.437491482266037
3001221,2025.598151222322
3001222,0.03221685249370202
3001223,164.92829888377932
3001224,5.827700246328795
3001225,702.2232378245194
3001226,337.2070583552827
3001227,279.94870075317675
3001228,35.220161262965775
3001229,32.8309099685525
3001230,2839.984853228469
3001231,44.22034360369939
3001232,0.6516350782851492
3001233,12.739583553991316
3001234,20.731222984093797
3001235,0.15524937563324154
3001236,143.06781142034302
3001237,4.934036918390777
3001238,145.64930744162146
3001239,8.939034200165224
3001240,44.3604427878867
3001241,2.2622271653693193
3001242,115.85332228762762
3001243,121.59436750492051
3001244,0.9173131609476124
3001245,3.271543680788671
3001246,83.85486338189855
3001247,20.940708849826684
3001248,393.4443982062484
3001249,314.4955411748242
3001250,1.6378708520884517
3001251,5.221707010267381
3001252,0.11182076291196097
3001253,6.003257819347503
3001254,2899.029242122874
3001255,0.07426681963217116
3001256,598.2813601435244
3001257,11.602164350946875
3001258,940.7797631912208
3001259,833.9976084785037
3001260,210.7487762315372
3001261,141.7523669706011
3001262,108.40652994682671
3001263,3692.9374468016767
3001264,53.88691368163581
3001265,1.4351593414561963
3001266,19.945127594460608
3001267,30.0538921585036
3001268,0.2990410493454103
3001269,257.6020341740046
3001270,18.495701033194518
3001271,27.972195177682764
3001272,25.143071613131386
3001273,69.47129303827191
3001274,8.10211010617747
3001275,378.2861407235762
3001276,246.15182183344893
3001277,7.275696288361839
3001278,6.280207456343685
3001279,470.61562896050276
3001280,109.49066098199042
3001281,3032.9000180325393
3001282,105.55222646938203
3001283,26.360050288085574
3001284,5.041337878724522
3001285,0.1303493179753716
3001286,4.224874137926621
3001287,2414.609165277621
3001288,0.047042231105055954
3001289,424.59179371660366
3001290,4.254122025807901
3001291,974.6967536155844
3001292,765.6293060829803
3001293,454.15285855839045
3001294,69.22084106119081
3001295,56.59168072379179
3001296,3694.746073070577
3001297,11.106885398108615
3001298,0.437171317355053
3001299,19.249734500640052
3001300,23.140399008077843
3001301,0.1400126051963107
3001302,228.04319980121542
3001303,1.9193805516112588
3001304,14.134853708469603
3001305,14.54508968840939
3001306,46.22654947316891
3001307,1.1578172653480783
3001308,220.83985646779843
3001309,252.8348845102944
3001310,2.269284297526844
3001311,3.918872678522237
3001312,209.66432728778514
3001313,52.2721777809284
3001314,943.6844034490064
3001315,437.8289058957431
3001316,9.744802723804368
3001317,5.260271589921036
3001318,0.20814608656938205
3001319,3.7481312779925844
3001320,2104.832041942145
3001321,0.032211315683812546
3001322,412.31205163203816
3001323,6.05897828910412
3001324,856.1366852539261
3001325,625.7442287167135
3001326,282.0452128144183
3001327,182.79406717992643
3001328,64.40010579253422
3001329,2994.5835354386195
3001330,14.000844120748894
3001331,0.7516208947929438
3001332,22.030948346261006
3001333,32.02246954785066
3001334,0.32723290780170056
3001335,218.41169871318638
3001336,1.6981520797401233
3001337,49.44982530329723
3001338,13.553559412247639
3001339,76.37737759303127
3001340,1.8672466246410866
3001341,99.2859505480759
3001342,190.37120138076298
3001343,2.570999110919452
3001344,5.510934441185328
3001345,137.0627861016394
3001346,109.29171679919831
3001347,1114.941278451161
3001348,112.48132762272155
3001349,5.149999861217087
3001350,2.5072260916843208
3001351,0.04068474045822302
3001352,3.6852165261387038
3001353,1226.44818655486
3001354,0.03413033418560867
3001355,130.6831446968127
3001356,7.246302294458048
3001357,501.9840808861243
3001358,302.92100508077965
3001359,145.02415825195453
3001360,43.10234553073239
3001361,39.64553981776878
3001362,2118.757482220357
3001363,12.809158493597423
3001364,0.3926271142042495
3001365,15.781901819904537
3001366,21.511904572836464
3001367,0.0969616461325474
3001368,135.64842644684603
3001369,2.6970545758394597
3001370,145.95995353501615
3001371,4.95124584408182
3001372,70.8240784066365
3001373,1.9728873074406277
3001374,102.2113817791398
3001375,130.21947820107152
3001376,0.8346540096126571
3001377,4.229754265173643
3001378,109.50108199967778
3001379,27.08953624622513
3001380,471.6847211026324
3001381,416.1164463559239
3001382,1.4955676827773
3001383,2.462790245109562
3001384,0.05581868171317094
3001385,4.543991208572102
3001386,1465.3602442671681
3001387,0.05339220107342971
3001388,271.8046954208846
3001389,13.731868948790535
3001390,623.523831711765
3001391,517.0416809021269
3001392,146.05928775219434
3001393,46.88244533734014
3001394,56.78939114727627
3001395,2233.2790173547464
3001396,27.960225182683388
3001397,0.5578555331825911
3001398,15.923987021608617
3001399,19.407829103418834
3001400,0.09698393136770583
3001401,158.8551635900488
3001402,11.218893410327912
3001403,53.451466926682976
3001404,17.827541441644232
3001405,45.66691615694354
3001406,5.064686727812788
3001407,515.6844553881477
3001408,158.78779743619646
3001409,2.9243715211007593
3001410,6.124449000478272
3001411,303.3568702591173
3001412,34.085921860341664
3001413,1733.4310582402472
3001414,106.59304355950474
3001415,6.681790495249848
3001416,2.435903719604891
3001417,0.11266476220079391
3001418,3.8305047692733325
3001419,2793.1061293485445
3001420,0.04733485309571308
3001421,633.8601086782469
3001422,8.493510768438387
3001423,1098.0433151080229
3001424,1297.4906391309746
3001425,280.6393332876316
3001426,203.8120175623048
3001427,142.40840003730113
3001428,3675.0428191967826
3001429,21.984147187551393
3001430,0.8524622515142848
3001431,14.369352155221135
3001432,28.547375918824365
3001433,0.10505329696750501
3001434,275.5958122663836
3001435,7.098551886570281
3001436,46.3117633697274
3001437,10.30825850633482
3001438,84.33657330152538
3001439,9.510260522069872
3001440,392.6290933311736
3001441,241.83954142573432
3001442,10.56635870979655
3001443,7.312115661809857
3001444,520.5517120326908
3001445,88.09004591006013
3001446,4570.089897630089
3001447,96.84420938853405
3001448,13.973883924453919
3001449,2.7665596872762044
3001450,0.04187594213181513
3001451,3.4388447795269697
3001452,1684.5290441898246
3001453,0.02983489309351462
3001454,321.2473520135353
3001455,4.158966792782153
3001456,384.2193352081887
3001457,477.779215087379
3001458,144.34054856128975
3001459,97.42534155659324
3001460,59.56475894957114
3001461,1751.2287728887231
3001462,11.048027671547887
3001463,0.5598870589407505
3001464,15.116484923126466
3001465,24.583343443634707
3001466,0.1711954091584047
3001467,115.42144022309049
3001468,0.0990748857050653
3001469,31.179132550376124
3001470,13.452296619438878
3001471,97.25642028322785
3001472,4.848292105427688
3001473,204.74954987693616
3001474,81.02932660007768
3001475,3.4952815103215036
3001476,3.6432652529291314
3001477,157.19639768556135
3001478,29.359369599966673
3001479,2332.828528341762
3001480,87.95367094317874
3001481,1.8588974253891557
3001482,4.462187318436682
3001483,0.06499080445242636
3001484,2.9127385790178177
3001485,940.777366900876
3001486,0.055291057534477835
3001487,201.13708260467104
3001488,5.250883311468131
3001489,370.0095341073978
3001490,236.75909619944133
3001491,93.10764895685355
3001492,30.148972166793126
3001493,22.278340322121224
3001494,1577.9625102426114
3001495,16.48771104671355
3001496,1.1544729579552961
3001497,11.574002729612836
3001498,20.65731483736631
3001499,0.33701563266582146
3001500,90.63567682941445
3001501,0.5328070083988493
3001502,21.155123983741166
3001503,8.14636300110806
3001504,36.25835490870442
3001505,0.9191784425646801
3001506,238.52984717484634
3001507,131.04404717152687
3001508,3.2791700210644503
3001509,1.7810041533371197
3001510,128.2127466498021
3001511,19.801488632484784
3001512,994.7726571620808
3001513,71.80946709605523
3001514,1.4331867056183398
3001515,4.401168734289859
3001516,0.16966199463281872
3001517,3.9509946409460985
3001518,2757.0020126617505
3001519,0.11548725344706727
3001520,616.6241948040986
3001521,11.143456646462273
3001522,964.0057444197846
3001523,963.5292303608862
3001524,285.56744267846307
3001525,232.8841708682104
3001526,92.22059823420096
3001527,3503.4467989094464
3001528,16.098642469219854
3001529,2.1947127070486006
3001530,21.45363033110775
3001531,28.65042601919353
3001532,0.15184853381187174
3001533,265.77793482653533
3001534,2.45497625351744
3001535,32.06572472308059
3001536,8.811734310440631
3001537,78.50231507157726
3001538,3.649182240217744
3001539,279.225034911668
3001540,218.49672782121817
3001541,6.715085290192733
3001542,6.999522457341911
3001543,356.4137144638969
3001544,80.54667859833387
3001545,3931.794541496805
3001546,45.238376192224734
3001547,8.808723685610628
3001548,5.73341760530493
3001549,0.0705114586072235
3001550,3.555313191090921
3001551,2276.6662371581388
3001552,0.04447545710467003
3001553,534.105513610523
3001554,11.688357027477743
3001555,765.8580568784532
3001556,858.3988142433526
3001557,306.2090100111836
3001558,180.91443340624699
3001559,56.79719679413299
3001560,3131.9298685396625
3001561,6.5431999076202185
3001562,0.46786119520963665
3001563,20.88168351460151
3001564,21.81675145640807
3001565,0.3526631480497214
3001566,204.10608858977758
3001567,0.0744810232778089
3001568,56.873668210073745
3001569,7.206819501021592
3001570,33.72926683284654
3001571,1.1181133731638309
3001572,157.7595122645699
3001573,201.78197659650124
3001574,4.302349501282518
3001575,3.1970954879222013
3001576,151.1480156338122
3001577,71.32187753508288
3001578,1231.2896160623702
3001579,40.85984217756044
3001580,0.6357200585943907
3001581,4.234261507927876
3001582,0.20791392557503574
3001583,3.876958437672431
3001584,2287.95353510375
3001585,0.035899215736242156
3001586,561.727603975575
3001587,5.582560461579531
3001588,870.6883514003064
3001589,765.2402083075297
3001590,219.9699773680066
3001591,151.0680578848315
3001592,57.885745002605404
3001593,2679.000291984912
3001594,8.548458599825254
3001595,0.6107549036604362
3001596,17.647232948893112
3001597,21.923084527198984
3001598,0.10037451026802952
3001599,199.74914247283044
3001600,0.09743625259744094
3001601,40.98714766837481
3001602,7.294218979841569
3001603,85.26654051725802
3001604,1.1125660902291243
3001605,103.39961001173936
3001606,194.49946639278602
3001607,4.035847859868809
3001608,2.9098164140225315
3001609,167.14977907329617
3001610,53.1666904231396
3001611,1103.898084658384
3001612,64.89385425696358
3001613,3.1815624535165425
3001614,8.11612471968745
3001615,0.6831698739516816
3001616,10.43657781885492
3001617,6426.597542969568
3001618,0.0613018157077041
3001619,1102.7354079648317
3001620,22.89612743621466
3001621,1734.3454620127732
3001622,1899.2597489387454
3001623,292.32332852442556
3001624,406.51377773957665
3001625,314.2035947455771
3001626,6434.517860063801
3001627,73.53666600919374
3001628,1.4956694515568003
3001629,38.57143371332441
3001630,47.392927534858885
3001631,0.7135878544803101
3001632,520.5778962476387
3001633,27.929632409285468
3001634,74.31918481263905
3001635,22.37601159032252
3001636,176.5570767186041
3001637,19.333680599238924
3001638,625.5750639127477
3001639,442.0350980292777
3001640,10.326698143292688
3001641,16.512706498306102
3001642,990.4343902825408
3001643,193.1415040752653
3001644,8869.507092792119
3001645,75.13761978692317
3001646,62.07140186203768
3001647,2.1641007784112953
3001648,0.10906984068259572
3001649,3.5216891552125933
3001650,1262.675506917704
3001651,0.027929284281091326
3001652,146.2489262808142
3001653,3.3642587127127843
3001654,427.51995158850775
3001655,285.02411529691136
3001656,117.34672731649104
3001657,83.34749092900896
3001658,44.985775075163126
3001659,2172.224220433339
3001660,4.042854419689264
3001661,0.3823980286139696
3001662,12.066022218134643
3001663,15.327519723565022
3001664,0.37358475434945815
3001665,151.861178162805
3001666,0.20889993761382397
3001667,153.9008943030322
3001668,8.701259488477016
3001669,27.906559817850273
3001670,0.7858157020928457
3001671,57.832765390982146
3001672,82.11188196629708
3001673,1.7227128807782848
3001674,3.367894006997596
3001675,91.19984684142067
3001676,14.566347464174457
3001677,523.8024263740898
3001678,106.30267887477062
3001679,3.222965879532996
3001680,4.879623631068335
3001681,0.06608018926084457
3001682,3.544598136709933
3001683,2025.1440896273525
3001684,0.02535924544185146
3001685,465.7858283495287
3001686,5.376224138462647
3001687,913.3498327100383
3001688,704.0657396041065
3001689,197.6207382119253
3001690,181.1239488140689
3001691,53.882461931186185
3001692,3027.503138296719
3001693,9.581414156692563
3001694,0.26661176399736863
3001695,16.68799167381797
3001696,25.859185343776666
3001697,0.2475834628702861
3001698,212.06600357025667
3001699,0.9820248207035005
3001700,73.89873114022309
3001701,11.670480214899454
3001702,25.85494479102295
3001703,0.6333140468145804
3001704,287.56082413648863
3001705,207.6777138146591
3001706,2.5021156146867116
3001707,3.400035559090853
3001708,107.13279223965199
3001709,58.36507194117643
3001710,1073.9828172254938
3001711,54.04261800978607
3001712,3.4487140152640254
3001713,1.453343841046164
3001714,0.033891082714490754
3001715,2.677843584812513
3001716,663.3653872705801
3001717,0.025259546784056487
3001718,113.70441875152109
3001719,2.3307038162099207
3001720,489.78949937716277
3001721,187.95468471734335
3001722,112.78696090135102
3001723,169.62820461636247
3001724,16.45598432596592
3001725,1313.367999627924
3001726,2.570635096216507
3001727,0.3573558997196001
3001728,11.606593940942265
3001729,29.981973484743914
3001730,0.092300060591627
3001731,89.42314765773142
3001732,0.06745184246934427
3001733,149.13533396215087
3001734,6.014982755194634
3001735,28.732115177185378
3001736,0.4725943695838287
3001737,61.55738228321411
3001738,66.42805873712165
3001739,0.4762160240830323
3001740,1.1669786856520186
3001741,50.60993687090658
3001742,11.019254561927326
3001743,239.77071371446957
3001744,100.85882797602795
3001745,1.1193466910194125
3001746,3.915866169385303
3001747,0.06529943433760371
3001748,3.6872700475233655
3001749,1682.9799805909302
3001750,0.03738493915302024
3001751,202.81059871293849
3001752,5.847992241145276
3001753,728.079083386245
3001754,435.0329147190711
3001755,140.05672124358586
3001756,118.50210341686368
3001757,35.666755459032935
3001758,2185.5523794379865
3001759,3.3332167244783015
3001760,0.9718755001026025
3001761,19.458561184188543
3001762,21.905097220691562
3001763,0.3422040239318448
3001764,172.60512285851388
3001765,0.27670958621954367
3001766,157.45571153168865
3001767,12.71918947732961
3001768,27.978764250481948
3001769,1.139859521198072
3001770,234.961337501136
3001771,164.3480314353511
3001772,0.9185256996389499
3001773,3.725191890785006
3001774,181.49134524748507
3001775,19.860801037638176
3001776,1066.992705983411
3001777,109.91833044920477
3001778,1.0183049571082938
3001779,3.096520241892486
3001780,0.09102153697423815
3001781,3.4602964142417223
3001782,1652.460226182176
3001783,0.03186631880020113
3001784,502.34057328379896
3001785,4.456376470897081
3001786,589.0048063876122
3001787,611.1483669162204
3001788,188.80162808176033
3001789,85.43372312638913
3001790,45.00981898130427
3001791,2659.747465389479
3001792,5.3144418504177064
3001793,2.476378492340686
3001794,20.11558372024397
3001795,30.05712267567822
3001796,0.2812386934117987
3001797,149.90733535184614
3001798,0.6680083137832058
3001799,33.36829343733022
3001800,14.398051729586776
3001801,33.55308895322885
3001802,1.6332347127824356
3001803,157.32352419864088
3001804,213.35577201574682
3001805,2.1787883626228863
3001806,3.57749331660469
3001807,139.96972418458824
3001808,21.105882683722104
3001809,621.8539058503582
3001810,51.890928235115624
3001811,2.6799356601305924
3001812,3.2889726329274516
3001813,0.03466957035178957
3001814,2.98040750033997
3001815,1233.6960112091635
3001816,0.029005957167868482
3001817,95.99206677767388
3001818,3.017964493032607
3001819,475.76225916723456
3001820,198.69698172580044
3001821,99.57470175869628
3001822,100.748412856417
3001823,40.613336290460346
3001824,1798.0081352935113
3001825,3.9049340417118135
3001826,0.23067926698933494
3001827,10.254606371148743
3001828,15.701523094449588
3001829,0.3071922139240133
3001830,106.47767537110434
3001831,0.0684926823020523
3001832,150.19344117646403
3001833,6.901978095086447
3001834,32.639430617011406
3001835,0.5952329268293861
3001836,199.71357153406575
3001837,84.94522075283112
3001838,0.9267037593294833
3001839,2.178740937562595
3001840,45.73081948148927
3001841,18.31109478332798
3001842,392.0330431170047
3001843,103.24053942595039
3001844,0.21444114388381583
3001845,3.218177040223255
3001846,0.06005085928162622
3001847,4.008575491466708
3001848,2525.6196021463275
3001849,0.08009520828239819
3001850,337.165191498334
3001851,6.526672567013459
3001852,737.0069738797533
3001853,618.1504719391329
3001854,191.34944868522723
3001855,85.79801664702046
3001856,77.66786539754202
3001857,2911.408026639655
3001858,5.550463336046615
3001859,0.7876299014922787
3001860,17.38239088800075
3001861,17.525798867777006
3001862,0.2510497789799726
3001863,166.26879075237088
3001864,0.5185394854093377
3001865,29.750550575629347
3001866,14.661429626562398
3001867,50.629926383635556
3001868,0.814054522121475
3001869,197.0355663489221
3001870,159.81698536226898
3001871,2.110954091284362
3001872,3.997940698231435
3001873,100.49739520011639
3001874,48.172897826657916
3001875,1026.783442314786
3001876,113.49413103650174
3001877,0.990516363705362
3001878,3.2599053940969513
3001879,0.039109739767286926
3001880,4.855719873913143
3001881,3259.8033247943076
3001882,0.03188622958154011
3001883,519.2372343849468
3001884,6.9587659563501205
3001885,1002.2656264602773
3001886,875.0308884326857
3001887,160.8353669470342
3001888,126.47899656996995
3001889,110.17000622631704
3001890,3941.166665471275
3001891,74.44157531734075
3001892,1.0958621311251266
3001893,28.447436641255862
3001894,48.83618903148523
3001895,0.15949304493811725
3001896,261.5227244935263
3001897,16.698984713173893
3001898,32.82393506555315
3001899,14.770970019831019
3001900,113.49739013511608
3001901,8.012117918805082
3001902,196.78340761022733
3001903,251.06319256501766
3001904,9.084340461730639
3001905,14.121312888678936
3001906,262.7329029727746
3001907,65.49168536558449
3001908,3659.807966353043
3001909,109.98833443002174
3001910,10.967822774960187
3001911,3.8671877188548396
3001912,0.09553856192007912
3001913,5.500845299031893
3001914,2177.9883764783563
3001915,0.048281041673065156
3001916,420.2991559851352
3001917,7.7495853943341775
3001918,1475.029595437024
3001919,752.2491728300679
3001920,141.16058552185876
3001921,84.03501231893894
3001922,118.13879129055627
3001923,3633.350497629387
3001924,33.260557241542415
3001925,1.0916368480693697
3001926,26.920563511474473
3001927,78.00117370793441
3001928,0.13432951360667383
3001929,295.5434323859829
3001930,11.742018214963293
3001931,27.172065370995313
3001932,11.716171528250147
3001933,79.71896697530184
3001934,7.350911830690866
3001935,176.247588654192
3001936,511.13761060023324
3001937,7.692745104177293
3001938,8.845702868446423
3001939,110.17031967408514
3001940,67.19113863013733
3001941,2685.832594286546
3001942,108.50489637290114
3001943,11.130616894035951
3001944,5.151727069374521
3001945,0.18914815171854762
3001946,3.9405391040975575
3001947,3893.325506543115
3001948,0.03870347994291667
3001949,576.4616758685048
3001950,7.0904617696457315
3001951,928.2130819542003
3001952,618.2951343622419
3001953,218.46877837576397
3001954,279.15962679449405
3001955,52.38725185942684
3001956,4283.305612699379
3001957,22.490193644499684
3001958,0.7309083097730119
3001959,20.889300002076965
3001960,26.72476351655996
3001961,0.19423883903538242
3001962,248.85227327811882
3001963,5.797185806254272
3001964,20.02810429457263
3001965,10.974740650351874
3001966,41.33338393616721
3001967,2.8654525314228745
3001968,135.6161263950403
3001969,216.96997432147924
3001970,4.635096792402748
3001971,8.002125337377585
3001972,192.9581626936449
3001973,56.80538744029491
3001974,1401.2286648757777
3001975,56.92189344671215
3001976,13.084043525432351
3001977,3.2392122370088474
3001978,0.0943739350234722
3001979,4.557316640227063
3001980,2218.1001367492195
3001981,0.08072701135031571
3001982,361.3510605120167
3001983,6.496608220338606
3001984,782.2852206332896
3001985,721.6654274044679
3001986,183.25864169568928
3001987,119.40535127912142
3001988,78.8163629281605
3001989,2961.337426793366
3001990,29.68082481597159
3001991,1.1559886237720107
3001992,14.44181476744992
3001993,26.67759081647514
3001994,0.3139407773192484
3001995,256.9822728742522
3001996,15.497017520596785
3001997,30.517761983061362
3001998,14.348043043733696
3001999,57.80354637305309
3002000,6.183009238407267
3002001,289.30603154299416
3002002,218.28632840739465
3002003,4.395316839499524
3002004,7.742576647163027
3002005,327.5309013629659
3002006,43.426908364781255
3002007,2971.8828574178165
3002008,104.37933046565888
3002009,18.61682621274503
3002010,4.017267685510288
3002011,0.08480832169490227
3002012,4.5965898920040615
3002013,3720.329108015279
3002014,0.04341505274262139
3002015,378.9985758373556
3002016,10.731429019548282
3002017,1119.935658412296
3002018,763.3507390321464
3002019,244.9079950447288
3002020,149.32981968075381
3002021,50.92282036372478
3002022,4141.956200688683
3002023,14.14562248342259
3002024,1.444422201487805
3002025,20.41654514600441
3002026,27.646354854838528
3002027,0.21227378343573727
3002028,323.8287829662159
3002029,0.42454562579636235
3002030,145.7994708220129
3002031,8.859700923405107
3002032,43.14750992001703
3002033,2.5737728420888564
3002034,135.36371039983032
3002035,216.86739511226418
3002036,3.8188320358706656
3002037,6.326676439001345
3002038,150.41965185931636
3002039,56.669684491794115
3002040,1089.9711745176983
3002041,98.45639091805884
3002042,3.8367398497316674
3002043,4.5606389036532695
3002044,0.07731202593062488
3002045,7.17691354080476
3002046,2697.6794335962086
3002047,0.03457717449454338
3002048,450.52555215025177
3002049,8.948525538818476
3002050,1161.227573643671
3002051,738.2258140506688
3002052,214.09313424711837
3002053,128.02444529175287
3002054,86.66898295312407
3002055,4606.796698051503
3002056,27.65807860196121
3002057,1.2060007026290471
3002058,19.892941529837337
3002059,42.24247770588084
3002060,0.3000222692433852
3002061,266.22010456085434
3002062,15.982264593400375
3002063,34.46293036628583
3002064,13.670887200435757
3002065,99.79834289515773
3002066,8.503105001085217
3002067,217.69024379818305
3002068,471.5588537970554
3002069,9.885971729641646
3002070,7.815448139719171
3002071,199.40399294719123
3002072,68.79640502203641
3002073,2921.001244709237
3002074,80.93226738121555
3002075,5.293024262172959
3002076,2.8339386390866608
3002077,0.041021194449990986
3002078,3.972748735711302
3002079,3333.71633029036
3002080,0.033997631099590225
3002081,491.0612193274563
3002082,7.839010062302517
3002083,762.4902576816313
3002084,860.11537976265
3002085,190.25858458778583
3002086,130.7194617646818
3002087,111.90572526902888
3002088,3151.2092795650433
3002089,29.54675508176601
3002090,0.626926227969608
3002091,18.513877923707263
3002092,32.77739059105402
3002093,0.22360360469055332
3002094,233.99684385019833
3002095,12.74633386840922
3002096,40.63316374768279
3002097,10.55933175265234
3002098,68.53916719517973
3002099,7.313593949302906
3002100,245.86400741957266
3002101,226.4993502485063
3002102,6.461591372071898
3002103,5.938382948352935
3002104,256.83402739252955
3002105,60.6902354210839
3002106,3148.892381783706
3002107,103.70619999246071
3002108,10.466056893754779
3002109,3.8054821095188633
3002110,0.04619366092045729
3002111,5.209027021512068
3002112,4010.1617762734804
3002113,0.030898953747286486
3002114,507.9035807858633
3002115,12.664385600960852
3002116,987.2341032797347
3002117,649.1690981766011
3002118,244.66601081141567
3002119,167.87118260486565
3002120,53.329102038681995
3002121,3749.7415870774284
3002122,11.346771170619077
3002123,1.0065653698640338
3002124,19.46727835884473
3002125,29.643861467183385
3002126,0.20557964918258803
3002127,211.89005398096046
3002128,0.473719442102213
3002129,29.58939512539206
3002130,10.87683394128703
3002131,54.6840683926367
3002132,3.6167394053069732
3002133,182.31706359001686
3002134,236.96880750965389
3002135,3.4815031320017074
3002136,4.576411450104105
3002137,231.52535882755006
3002138,110.59066319708842
3002139,1118.032210218002
3002140,51.907174448232965
3002141,2.7320855170190095
3002142,11.48703530809226
3002143,0.04853024835161196
3002144,14.00078078606718
3002145,7851.622543608658
3002146,0.03377556170120696
3002147,1465.1626858842333
3002148,30.517580869980925
3002149,2777.556163020952
3002150,2199.4369990269574
3002151,499.72411852113015
3002152,537.6161765899267
3002153,411.50757814836334
3002154,8379.671217957142
3002155,104.06293060575571
3002156,3.098479950602869
3002157,89.7816213800186
3002158,126.69418908048884
3002159,0.4283407244995697
3002160,765.3366525368594
3002161,30.505245532873523
3002162,32.57842570046523
3002163,20.70781380496843
3002164,251.7244585517028
3002165,18.920779083665927
3002166,757.9130656412628
3002167,562.6759433833768
3002168,30.678099662429513
3002169,31.34556805413868
3002170,957.7469733162789
3002171,285.1382778852066
3002172,10989.475083000732
3002173,24.263454663740248
3002174,71.09758633126475
3002175,12.414897807087968
3002176,0.03356408593152618
3002177,11.90393785244254
3002178,7648.56016567897
3002179,0.06520758462991257
3002180,1002.359459014958
3002181,20.28281516053589
3002182,2183.070263941194
3002183,1921.6940420896524
3002184,576.7625169613113
3002185,297.88687723953274
3002186,239.88934944598162
3002187,8998.926001143544
3002188,141.75582316929788
3002189,1.5946712978622577
3002190,44.65321868576089
3002191,64.43818596311718
3002192,0.45394155981510226
3002193,585.1617604788374
3002194,30.799774372770067
3002195,39.25492849736668
3002196,36.31699061012528
3002197,180.98301590127042
3002198,14.826928126152609
3002199,876.6623530949805
3002200,592.7021426558301
3002201,12.759270525113102
3002202,22.584410769976763
3002203,962.6910859627628
3002204,227.78198203160252
3002205,7337.913074709915
3002206,50.66207404767652
3002207,56.885604529477334
3002208,7.43291279021623
3002209,0.04239490087750975
3002210,13.540543872639834
3002211,4804.796719275157
3002212,0.1085333023132075
3002213,866.9712542925465
3002214,12.40317993293908
3002215,2036.825412017993
3002216,1256.2830810405685
3002217,594.4735415447019
3002218,113.36343569679485
3002219,164.39715996777684
3002220,7425.0318562779885
3002221,46.54231317332625
3002222,1.5724100804472436
3002223,31.55662901199374
3002224,33.27350519568754
3002225,0.4133044901839163
3002226,579.5325257177025
3002227,27.961054623724444
3002228,38.11570376806739
3002229,11.528917649864827
3002230,105.425597240597
3002231,8.759603748831344
3002232,889.5445061602261
3002233,585.7721108727201
3002234,19.590060039153343
3002235,35.54819588488101
3002236,545.1610389327459
3002237,119.1415028618907
3002238,3192.199320556955
3002239,78.80452614506521
3002240,35.01866704203568
3002241,12.046294790215171
3002242,0.03141779116961781
3002243,14.6992788914373
3002244,7043.423138628389
3002245,0.06544248001635343
3002246,920.1544400977624
3002247,15.139874312615788
3002248,2079.701526817823
3002249,1924.490120986167
3002250,547.8449377839261
3002251,293.27940793166096
3002252,212.0416874302051
3002253,8055.752028504017
3002254,50.45486509466152
3002255,1.2011070862097015
3002256,59.535016591635056
3002257,65.9182082423811
3002258,1.0114288517428787
3002259,569.3600652783902
3002260,34.96435416672357
3002261,32.61918467760934
3002262,33.516574767089374
3002263,154.84666283000115
3002264,9.360446398404045
3002265,681.399159198507
3002266,565.3485149276623
3002267,17.1090453413422
3002268,21.97905870960955
3002269,801.4901293180269
3002270,185.20048661450693
3002271,6589.877784992243
3002272,84.9465108295836
3002273,50.47346861443124
3002274,7.8288433570588145
3002275,0.03268949826854889
3002276,13.032488372579675
3002277,3734.2467510434008
3002278,0.017652191567345047
3002279,649.5924019857054
3002280,18.46023173114447
3002281,1597.3218944122846
3002282,1041.638871722205
3002283,522.5625468722126
3002284,97.03286320566585
3002285,143.43348735127546
3002286,6230.0298326438915
3002287,38.798684908059336
3002288,0.7769898797468804
3002289,31.4785492288675
3002290,52.19237975011383
3002291,0.8692451495751888
3002292,551.3194466737317
3002293,32.88205100835498
3002294,27.295841232829538
3002295,14.696512204751755
3002296,114.43239545116342
3002297,5.213634391398738
3002298,655.5321230256238
3002299,808.3361951887885
3002300,10.767521666777721
3002301,20.037434532275775
3002302,568.9136858083724
3002303,89.91891904642183
3002304,2262.5893989862343
3002305,115.52396349983627
3002306,15.623713780437082
3002307,7.037202733285612
3002308,0.04670854057093119
3002309,9.915807055006633
3002310,5733.032729481069
3002311,0.052424215839724606
3002312,1130.1107398285833
3002313,22.18000115240536
3002314,1782.8631850571805
3002315,1989.2491013692454
3002316,383.7931698309334
3002317,434.7732137737047
3002318,326.7221351756625
3002319,7584.385040645321
3002320,58.40696715035678
3002321,1.076761212280275
3002322,32.67291322258744
3002323,53.09316764025142
3002324,0.38504367680492135
3002325,504.71459892687415
3002326,12.56889780867755
3002327,33.55927670354443
3002328,10.782353060069799
3002329,215.50881369650224
3002330,12.181120984959184
3002331,638.3785756222536
3002332,477.4225435753047
3002333,16.037829746651663
3002334,27.644981977209206
3002335,831.1781999059383
3002336,209.58567090372958
3002337,9970.577228195907
3002338,46.41412943940037
3002339,72.96293214479554
3002340,3.4964329464061743
3002341,0.20010814555799267
3002342,6.240970013807733
3002343,1799.6502109729292
3002344,0.04375364760810529
3002345,325.5712631071495
3002346,14.954158975368749
3002347,910.3794402594662
3002348,568.1623664974653
3002349,221.4689373570728
3002350,83.00437180153158
3002351,74.78198072336033
3002352,2903.767285379021
3002353,76.1433381459738
3002354,0.8854459118717607
3002355,25.479880568867323
3002356,32.427351777294604
3002357,0.35599411349445326
3002358,232.63457717204045
3002359,12.436308678493884
3002360,17.334005135942423
3002361,14.47455539745376
3002362,52.48346394871075
3002363,5.410682571714625
3002364,251.94447388503232
3002365,266.21046223136807
3002366,3.1655503123607023
3002367,6.911978263813612
3002368,251.7259335511605
3002369,46.14638110706527
3002370,2066.7422812427267
3002371,72.16909724362215
3002372,9.034966829229083
3002373,5.164622982284049
3002374,0.0465419170365147
3002375,12.693260617458574
3002376,3827.2320470229047
3002377,0.07389724612777412
3002378,539.0297026932923
3002379,19.710176995435717
3002380,1545.5690972312725
3002381,1035.4905855831275
3002382,416.32025530710445
3002383,93.9946706727975
3002384,136.20098631751318
3002385,5744.179864297146
3002386,155.30930959425876
3002387,1.3057908639744018
3002388,30.168003092714315
3002389,41.424120945559324
3002390,0.4830225390441256
3002391,482.3562525754258
3002392,15.203809328340473
3002393,30.176158781331814
3002394,17.52678249851307
3002395,115.75066341635227
3002396,6.210557676244411
3002397,581.1333451219449
3002398,495.7695333825051
3002399,11.104360678184516
3002400,18.80394709301617
3002401,355.03863156533384
3002402,79.0981630875061
3002403,2881.874570360196
3002404,124.9720079955749
3002405,11.49523763419127
3002406,5.301474281991824
3002407,0.03765683104211074
3002408,5.192339893541391
3002409,4299.243841473786
3002410,0.039621798405756546
3002411,880.4622212854051
3002412,7.321962377906971
3002413,1569.0053005454438
3002414,1714.8567190739968
3002415,231.0747531880495
3002416,360.1019446039782
3002417,232.99702484893766
3002418,5437.810738601636
3002419,46.10826719503577
3002420,1.4119967508113704
3002421,28.538109024810403
3002422,37.619891090550226
3002423,0.419901661389406
3002424,393.66068745316625
3002425,3.068329122138147
3002426,39.129247646035196
3002427,12.524603710181005
3002428,121.59380290222859
3002429,8.811908822406018
3002430,579.2392138420583
3002431,305.0160476942386
3002432,13.157116086450182
3002433,8.107947177064442
3002434,738.9650850029974
3002435,132.17308111496138
3002436,7558.351312960189
3002437,69.2165522350581
3002438,39.766985440409684
3002439,9.069788220423609
3002440,0.08755496267081084
3002441,6.296206027088474
3002442,3668.7649471591058
3002443,0.05939837235593681
3002444,707.4784188989206
3002445,7.770943281201863
3002446,1672.3966743108056
3002447,1061.4970809004005
3002448,307.76964029125526
3002449,208.84031930854678
3002450,256.41037402749174
3002451,5290.7728086330835
3002452,38.37870746003156
3002453,2.239327662221352
3002454,25.865874595599955
3002455,40.644996101968616
3002456,0.5470064770654827
3002457,335.2629342271687
3002458,5.061289769713699
3002459,55.19140737647215
3002460,12.910362993918238
3002461,203.39097001122687
3002462,7.558553817839823
3002463,431.2794083626022
3002464,288.6795646367712
3002465,9.56760495568895
3002466,20.681510805291328
3002467,468.7614047100572
3002468,109.38309055820706
3002469,6085.093520831289
3002470,58.373237849690156
3002471,5.3092612358392675
3002472,6.585749080297221
3002473,0.07389094488069271
3002474,4.559573308776246
3002475,2442.434796062615
3002476,0.036286399407945744
3002477,450.2785238402295
3002478,4.414911665576502
3002479,1001.1104352656903
3002480,588.4184419598566
3002481,220.14135795369356
3002482,79.43486398312311
3002483,87.62886162077561
3002484,3065.1618081928173
3002485,10.67954224333786
3002486,1.2978562609964592
3002487,20.934578221682514
3002488,35.16592814137491
3002489,0.2113460468709185
3002490,250.24822756079467
3002491,3.646532580449052
3002492,22.47582695913162
3002493,11.778573037458175
3002494,47.37099909103844
3002495,1.9662279854970182
3002496,240.09698035956922
3002497,235.49666888663987
3002498,2.9308879848203544
3002499,4.511050546830547
3002500,156.3142614849286
3002501,84.75138831150218
3002502,2733.544975641109
3002503,107.57613921821134
3002504,2.3423967331637434
3002505,6.246700778743608
3002506,0.1189018654508653
3002507,8.918652286004175
3002508,2478.2467875002812
3002509,0.14602998518273388
3002510,231.96227632755208
3002511,10.465893394667486
3002512,853.2586053066884
3002513,314.78153235468915
3002514,212.2569293596158
3002515,67.39891926234726
3002516,43.700673063059654
3002517,3045.983072947586
3002518,17.345676362064644
3002519,2.2951883357769365
3002520,32.97883088634491
3002521,36.92218437698385
3002522,0.4512090356971666
3002523,211.85905319791107
3002524,2.2282845201569144
3002525,280.8101022516258
3002526,23.91688726983783
3002527,68.73145152487123
3002528,4.320768847644319
3002529,58.27378456611635
3002530,174.55701868462046
3002531,5.170687978688113
3002532,12.584271670439227
3002533,61.577975485900474
3002534,85.73308389719003
3002535,828.0801699775227
3002536,168.0989571465041
3002537,5.727726456073655
3002538,5.557419273772115
3002539,0.09820363505928809
3002540,6.612531494128678
3002541,3179.4989287145254
3002542,0.054171140281973854
3002543,510.81113088780467
3002544,9.572334491285925
3002545,1155.563891955098
3002546,946.4833430804526
3002547,290.0274969770309
3002548,167.29726578801717
3002549,130.59786056587308
3002550,4481.9938234888
3002551,31.526426670541845
3002552,1.725521017894501
3002553,24.371206088061555
3002554,42.36548962372704
3002555,0.2003754422968986
3002556,339.61435580836616
3002557,20.298611748012263
3002558,26.867098456334695
3002559,10.023074392176364
3002560,92.03312777249691
3002561,6.257379539923553
3002562,432.92307984662534
3002563,271.37175346429007
3002564,7.7846187255909935
3002565,11.772412297340551
3002566,479.1321206843158
3002567,85.6057124476425
3002568,3412.898656868979
3002569,106.12483103023408
3002570,27.519585225365407
3002571,4.941275621099856
3002572,0.14454846289529558
3002573,5.573302991512637
3002574,3725.149110178698
3002575,0.06927763259082888
3002576,627.385985724353
3002577,15.738787940520083
3002578,1008.8078991741578
3002579,1443.518812189851
3002580,201.2482694901202
3002581,256.6509001866988
3002582,210.1262170101378
3002583,3932.6018642821464
3002584,39.098573859372344
3002585,2.11917087677313
3002586,27.537405038203637
3002587,35.725245441439945
3002588,0.682230238021134
3002589,269.1841332157194
3002590,12.662698310955676
3002591,55.51563082925691
3002592,12.642189921386157
3002593,148.1929481410731
3002594,9.018198782053107
3002595,441.54220320325516
3002596,261.86917855745014
3002597,4.948758261090321
3002598,10.875905085961751
3002599,679.5763133920289
3002600,139.03785126474693
3002601,6109.324028092794
3002602,111.2718759235952
3002603,38.074585453639
3002604,5.594416203425831
3002605,0.12617741332179572
3002606,6.81773553559467
3002607,3917.6163220720528
3002608,0.08477432889713153
3002609,754.7212796817851
3002610,15.183565558908281
3002611,1213.9530119221176
3002612,1343.6018166097415
3002613,263.257513762998
3002614,275.53437626031723
3002615,144.9291519325852
3002616,4543.288521586172
3002617,31.17441310042493
3002618,3.427925325997882
3002619,28.28263714083643
3002620,77.47160523722171
3002621,0.13624016406335232
3002622,324.08167511897085
3002623,23.334011782974073
3002624,39.55796522673483
3002625,21.138983844659066
3002626,108.55131900457688
3002627,13.928869851364832
3002628,363.0424136508337
3002629,262.98169643500813
3002630,11.710559894687496
3002631,12.79137456417411
3002632,507.4396447818723
3002633,135.71552094656542
3002634,5650.849488705375
3002635,81.07397346372522
3002636,32.59445595364811
3002637,5.241383498523572
3002638,0.051148657855612796
3002639,4.091452405462487
3002640,2499.678030682909
3002641,0.04332955345448027
3002642,438.626911366851
3002643,9.693240363283584
3002644,1076.3531424776
3002645,669.3039576831744
3002646,453.27676953390005
3002647,151.8721753925952
3002648,80.59112863705892
3002649,4336.852758492925
3002650,7.87325034510558
3002651,0.4637147716289858
3002652,28.610619090884267
3002653,32.200826999528196
3002654,0.09145914303466506
3002655,279.44517885925404
3002656,9.055421177987963
3002657,20.07161084544417
3002658,12.523235639918246
3002659,43.541045918183215
3002660,2.232993283676043
3002661,292.6324053277587
3002662,302.14421687936493
3002663,5.073924836353944
3002664,5.066370908064946
3002665,295.0788682000662
3002666,62.999286668569255
3002667,1165.3174288717853
3002668,45.099389372782916
3002669,10.384832424726126
3002670,4.0029035406234925
3002671,0.06105919894274632
3002672,3.243634646713425
3002673,1895.7688545088986
3002674,0.04627791537787719
3002675,321.30033788938465
3002676,15.624411289110075
3002677,656.4576036238229
3002678,694.9418044326812
3002679,125.04594285309449
3002680,124.25006686377073
3002681,119.1694921333604
3002682,2493.297859462808
3002683,24.77084991842652
3002684,1.5264008501077804
3002685,12.503165086028798
3002686,21.851540100727885
3002687,0.7657740820062373
3002688,177.66106348914997
3002689,12.33101247521871
3002690,17.840915325138475
3002691,3.8866350593466032
3002692,83.69306846619341
3002693,5.691319035756319
3002694,263.387122718386
3002695,148.54800652875937
3002696,3.5771720105599787
3002697,6.1415004291308835
3002698,342.31349996913406
3002699,61.24936639115816
3002700,2080.441539293163
3002701,32.25121051050737
3002702,17.499128697587963
3002703,1.9164039005623406
3002704,0.08385302364047878
3002705,2.7053742494884148
3002706,1106.679252571359
3002707,0.03676747816291775
3002708,91.23453715436779
3002709,4.5413935878321094
3002710,1012.86069967259
3002711,212.96534980347192
3002712,193.67920944562684
3002713,28.360955654077692
3002714,26.13281988511116
3002715,2125.9244461360663
3002716,7.398755710371777
3002717,0.29567153411914376
3002718,5.721342025815557
3002719,6.5201742972831696
3002720,0.11174443371402173
3002721,119.64773757071696
3002722,2.2778730167533947
3002723,49.329989884652335
3002724,1.5300675516790712
3002725,11.605480726969557
3002726,0.6304244825896335
3002727,237.89453774908128
3002728,149.42285627738113
3002729,0.7190533674410338
3002730,3.5368358387853
3002731,120.90928766777799
3002732,22.272055725531164
3002733,257.8939386516061
3002734,105.06012555268191
3002735,0.8483352481918477
3002736,5.531716841554072
3002737,0.09561863147474915
3002738,2.9652508408026597
3002739,3228.4579467168223
3002740,0.03548817118933739
3002741,574.3076436784183
3002742,8.825994360386337
3002743,1282.1775632996969
3002744,516.6502348037118
3002745,387.9275345154168
3002746,115.53497520017606
3002747,49.161065236063884
3002748,4787.219164358343
3002749,34.29348818766299
3002750,0.46926044155698754
3002751,18.429302113177556
3002752,16.28598176416808
3002753,0.24175854275644362
3002754,332.6723116273398
3002755,15.185256897976126
3002756,37.372905990503405
3002757,5.98163427125956
3002758,28.752098956948203
3002759,1.5588474215321217
3002760,803.3332302706135
3002761,227.4672562606645
3002762,1.6367465819666274
3002763,10.310632321039257
3002764,288.75159373480176
3002765,92.53162965064772
3002766,1043.5036004957124
3002767,15.995901061405608
3002768,5.435977788709181
3002769,3.654639835828615
3002770,0.0431723689130703
3002771,0.10494455093702018
3002772,1271.4005007539827
3002773,0.029241754439469733
3002774,134.4063856986184
3002775,6.001729673937897
3002776,748.3945087285585
3002777,361.4413858238568
3002778,162.99019359918213
3002779,57.29784503572227
3002780,31.558667735891945
3002781,2607.834701331118
3002782,8.48007516222094
3002783,0.3369937892874994
3002784,10.197614635460178
3002785,13.939887266465108
3002786,0.2922275565261542
3002787,154.87337781349882
3002788,3.132173980141187
3002789,50.82375302451073
3002790,7.080909284393459
3002791,31.486287164853913
3002792,1.4565165884480247
3002793,225.38475810432072
3002794,127.44252662010913
3002795,1.2939911461037763
3002796,4.678319702600343
3002797,155.83091870516122
3002798,22.37909086867665
3002799,360.848381626245
3002800,167.90422645186183
3002801,2.212186163064434
3002802,2.560642129516755
3002803,0.05009302188932989
3002804,1.3950044082234043
3002805,1298.0360343874554
3002806,0.032074008275565065
3002807,121.59259799238615
3002808,5.287089243644228
3002809,688.5531835621981
3002810,228.55377126740174
3002811,119.92126952245266
3002812,34.19826070609396
3002813,28.114094713834096
3002814,2519.1550907677615
3002815,10.378290649440398
3002816,0.23965322270834177
3002817,13.80858549078994
3002818,5.873563185453037
3002819,0.17684369009888043
3002820,100.77044702942719
3002821,1.0586708978305808
3002822,50.27450080054222
3002823,2.491530494533738
3002824,20.95570494979912
3002825,1.039661256231221
3002826,183.58859558150192
3002827,147.2932616323095
3002828,0.6488660884520191
3002829,4.040511023201981
3002830,89.87835272767494
3002831,22.560647924436147
3002832,162.17200536567395
3002833,116.40501756006643
3002834,2.2157715184308353
3002835,2.444429579321442
3002836,0.11575096203084798
3002837,2.5885866389191463
3002838,1241.8512970179395
3002839,0.04804875890991328
3002840,160.61944604685314
3002841,6.016430185358906
3002842,1165.0242265202153
3002843,335.4219183406843
3002844,224.3519210882275
3002845,31.591097164600114
3002846,44.4496523556859
3002847,2571.2431241826807
3002848,18.524890072800844
3002849,0.3410623483223585
3002850,12.62239582017953
3002851,16.33178178381774
3002852,0.16254432995594553
3002853,187.50035668147413
3002854,0.7663193738034675
3002855,50.69736938884991
3002856,1.6548523770231118
3002857,19.113466408631396
3002858,1.8501201528703324
3002859,348.0320905866772
3002860,197.09812881487488
3002861,0.8987166119076768
3002862,2.6280712521539304
3002863,79.52963880771244
3002864,85.5109647664199
3002865,398.5142788133944
3002866,166.4090430949358
3002867,2.2398010327236366
3002868,2.606992007426755
3002869,0.2877155045603089
3002870,3.0078860966887455
3002871,1501.9385997028926
3002872,0.028649080850033176
3002873,171.67287848690418
3002874,2.4407158531801003
3002875,860.3408221937216
3002876,289.0738631844033
3002877,243.8140243744714
3002878,74.85151805646385
3002879,62.862504834131144
3002880,2530.9513534794796
3002881,7.9454784105156415
3002882,1.7182200330434405
3002883,10.160367832398673
3002884,12.234644333576998
3002885,0.18719432512731782
3002886,177.22177506980708
3002887,6.1057725420418345
3002888,49.770564754300594
3002889,2.5173334696751715
3002890,17.960616612976608
3002891,1.3665256074280128
3002892,175.8737343971646
3002893,162.12677795731764
3002894,0.7189325388478824
3002895,3.495969511673935
3002896,126.41205534755966
3002897,38.74888168943373
3002898,609.0006199728508
3002899,167.05967137987935
3002900,2.499609445034473
3002901,3.2491311710777024
3002902,0.12547657685738015
3002903,0.6183618329984675
3002904,921.0963729203285
3002905,0.03655956436539047
3002906,126.9785740888627
3002907,3.7042396595505203
3002908,784.1107789585643
3002909,173.7112290707303
3002910,127.24396186754424
3002911,114.22379812678908
3002912,28.444403531568618
3002913,1509.2985484925725
3002914,6.650695368828416
3002915,0.35073871425498826
3002916,7.339763490102053
3002917,11.002669750853237
3002918,0.22896093878674845
3002919,126.30255023078541
3002920,0.1817579584452515
3002921,48.43765183120216
3002922,2.342583717874799
3002923,18.653341528564297
3002924,1.3626633551328942
3002925,59.555178433149024
3002926,109.58360753878085
3002927,0.6022385581642471
3002928,2.2350358085796573
3002929,53.611474240185714
3002930,24.286838359221395
3002931,411.76588098421075
3002932,30.47074202012319
3002933,0.9733898881113016
3002934,4.504943937597547
3002935,0.17615862423451925
3002936,3.1832278952312105
3002937,2489.3532732995536
3002938,0.035592964735678516
3002939,261.8914216251471
3002940,3.7091568983090886
3002941,800.4142039231477
3002942,537.0370520722736
3002943,390.56308577673985
3002944,141.17284322417265
3002945,63.88436205976748
3002946,3383.997870245084
3002947,13.288736606527209
3002948,0.858253590155404
3002949,12.274876035692134
3002950,18.248869567339415
3002951,0.21259239676069758
3002952,198.40683923380524
3002953,1.0947286761028898
3002954,50.58501073247888
3002955,3.4774386137157407
3002956,24.361057602604262
3002957,2.3753179090922107
3002958,276.68153589294343
3002959,194.34413832369904
3002960,1.8085536307910368
3002961,5.283342985596337
3002962,291.7567778831231
3002963,47.83593132962588
3002964,996.9318445601886
3002965,165.107245680767
3002966,8.98589579452244
3002967,2.9041442508594346
3002968,0.06409703965266349
3002969,2.7018585288429415
3002970,1745.0188601872155
3002971,0.034044699009777746
3002972,541.8034414268526
3002973,6.964702468358293
3002974,451.4467970093262
3002975,503.909481530236
3002976,149.23449573555533
3002977,123.85653322482067
3002978,35.16600314700017
3002979,2291.420306825549
3002980,12.419950109512627
3002981,0.7077376110630358
3002982,16.38594296398793
3002983,10.131649273310172
3002984,0.26350731462599564
3002985,149.68002075681443
3002986,8.120727305358955
3002987,6.580559220987975
3002988,7.684585688702196
3002989,39.99204158309354
3002990,1.5302085270867198
3002991,231.85441857227568
3002992,125.12346476447334
3002993,3.2300339360469
3002994,4.889486986406423
3002995,151.63018372619126
3002996,53.152008998612686
3002997,1372.9925241626213
3002998,359.3533996799442
3002999,7.604520140661869
3003000,4.657630646608517
3003001,0.47858628511023316
3003002,2.2578742309087643
3003003,1822.6875748328002
3003004,0.03641402632817284
3003005,135.07851482802596
3003006,5.918537695998695
3003007,794.2458369052637
3003008,242.1145140650778
3003009,200.3425742063908
3003010,49.68459276768852
3003011,34.89770781575635
3003012,2639.139985262184
3003013,39.67188661088781
3003014,0.6882430397093442
3003015,10.342623126114479
3003016,9.080753382766755
3003017,0.15719020289337507
3003018,130.81484040352618
3003019,5.213080659330922
3003020,50.17989877825595
3003021,3.5545770106741656
3003022,41.407798106134365
3003023,2.5399776324275383
3003024,143.9990353721559
3003025,147.66253451046913
3003026,1.0027169461454433
3003027,4.12999789410237
3003028,166.04349418094742
3003029,21.284017942646656
3003030,479.596442721362
3003031,161.67512298132306
3003032,1.7050673071289042
3003033,6.120855629253375
3003034,0.10429575063311053
3003035,6.383006292215488
3003036,2511.983998461778
3003037,0.06838018446019468
3003038,549.4115689807775
3003039,11.989827316295294
3003040,814.472133450417
3003041,638.583214094013
3003042,198.88376010020494
3003043,115.79193927009479
3003044,99.53863202515515
3003045,3266.8908441993935
3003046,50.341277362224446
3003047,1.4832606226855032
3003048,15.500950657246952
3003049,24.98920912366008
3003050,0.4677027213232372
3003051,238.85569349587144
3003052,20.75884749917309
3003053,16.421673979089988
3003054,3.8953145511998013
3003055,81.77561134972441
3003056,6.569569983843653
3003057,347.57838635849794
3003058,192.9916575304391
3003059,6.1787247039441215
3003060,6.121411935200824
3003061,372.8671836789207
3003062,88.46536320767376
3003063,1834.261032642194
3003064,31.740022452479533
3003065,22.554220673460733
3003066,5.054159187814001
3003067,0.12284611380689481
3003068,3.785425434853715
3003069,2683.368759422565
3003070,0.04448274821945802
3003071,416.91299243222477
3003072,5.207542025847566
3003073,1155.882516728594
3003074,529.9231069796975
3003075,417.7961507847586
3003076,64.25315881214117
3003077,56.918099762417484
3003078,4194.780106506113
3003079,11.666787234486106
3003080,0.426378520715628
3003081,13.966411724673275
3003082,14.608121911362797
3003083,0.12904622301981455
3003084,264.2381808530927
3003085,1.7871874840553437
3003086,3.8675459598383535
3003087,4.4016593533768145
3003088,33.716828119603264
3003089,0.8385938698290583
3003090,659.9270020427049
3003091,250.41319266897526
3003092,2.257589492000454
3003093,3.6631483367485718
3003094,206.12730497539235
3003095,53.749117563683114
3003096,796.8968205034821
3003097,354.4236260282975
3003098,6.734635145780551
3003099,5.185868038283765
3003100,0.27423542897229103
3003101,1.3111849134212477
3003102,2082.4593280464924
3003103,0.034074768365422184
3003104,318.2428080879704
3003105,6.727930210708571
3003106,1417.745371687435
3003107,411.98937973156774
3003108,201.08175625965163
3003109,140.29713713657384
3003110,54.09469854864199
3003111,2884.599267028025
3003112,11.689927777888723
3003113,0.6970416722048773
3003114,19.072990004947272
3003115,20.761251440503234
3003116,0.3267790240729485
3003117,206.10176578103687
3003118,1.9591119852097523
3003119,3.246448833217398
3003120,7.576124428693486
3003121,86.9796759286439
3003122,1.589814423662229
3003123,127.17202687939377
3003124,159.70194075683744
3003125,2.3010769559116775
3003126,5.341031716177792
3003127,128.6526221186096
3003128,108.80569138698714
3003129,735.5151476278405
3003130,34.826448000843115
3003131,4.832747953025734
3003132,2.686037460682341
3003133,0.03807047756050762
3003134,1.0507808261806562
3003135,1550.6884500069305
3003136,0.03228839793836932
3003137,123.4749511269695
3003138,8.54835493044962
3003139,603.9663928320015
3003140,280.71952831110696
3003141,133.02759089476513
3003142,34.34228617665025
3003143,41.761701094421134
3003144,2264.264441714552
3003145,15.372454321779447
3003146,0.3815952885988255
3003147,15.955326830409582
3003148,12.082518492836357
3003149,0.08632535517317784
3003150,121.39954285004688
3003151,2.060727911310735
3003152,51.05945286755592
3003153,2.437262798036998
3003154,33.92274083672112
3003155,1.8933593891956608
3003156,118.6246146226571
3003157,127.69138170077962
3003158,0.794819712130429
3003159,5.364064594371378
3003160,122.34316609618764
3003161,22.580489524761738
3003162,390.8324215962918
3003163,211.6016984510882
3003164,3.352488087477159
3003165,2.262290536204467
3003166,0.05673473469220492
3003167,2.3476003513393673
3003168,1290.3782280493983
3003169,0.052162338257454775
3003170,238.8967401415863
3003171,15.101927702500044
3003172,510.6940076230434
3003173,410.1646492588437
3003174,102.4784772173286
3003175,42.93450390874814
3003176,59.83632158496778
3003177,1962.9489944532618
3003178,20.26650029599537
3003179,0.43331573155707503
3003180,10.483074542678018
3003181,10.343189054384371
3003182,0.09193688750694336
3003183,125.06763668982978
3003184,8.002391317349922
3003185,4.249087287603109
3003186,4.941996330414145
3003187,50.721109111674785
3003188,4.888842482805048
3003189,588.9968547633728
3003190,135.21026240662903
3003191,2.1820288131274
3003192,5.333638192243505
3003193,271.0421652462547
3003194,27.445254028851075
3003195,991.4622718255303
3003196,32.06780394207861
3003197,6.347559282797773
3003198,3.0497143590378504
3003199,0.1164236360351839
3003200,1.9628578118354216
3003201,2626.527640376901
3003202,0.049451111087688765
3003203,548.6579752504574
3003204,13.215460059450438
3003205,981.7402918497226
3003206,916.0064453734203
3003207,206.34667446680854
3003208,160.0488613156757
3003209,139.686137522487
3003210,3012.198938255289
3003211,21.839854927442598
3003212,0.8469382538864879
3003213,12.541590183261759
3003214,24.576289052548706
3003215,0.10879407831997379
3003216,200.88103312867347
3003217,6.770722267685805
3003218,35.23422236806152
3003219,5.0686277133861655
3003220,59.39827683382728
3003221,10.513480889965582
3003222,329.8089366976734
3003223,209.70840404493055
3003224,11.778215872442601
3003225,7.51025602316316
3003226,491.8168115433507
3003227,100.87896812054687
3003228,2743.410782545268
3003229,30.61340471291269
3003230,14.04220325191356
3003231,3.3201902877359837
3003232,0.042323171852479975
3003233,0.6715559036595786
3003234,1654.0959943881699
3003235,0.031854241428037146
3003236,260.91394106050035
3003237,4.876579104608962
3003238,381.6035677295201
3003239,432.20637167871416
3003240,115.11864907579783
3003241,87.93927783858223
3003242,63.08925405506687
3003243,1474.1043161737978
3003244,13.081989547238322
3003245,0.5555658815326237
3003246,9.774319032496692
3003247,12.53165282819583
3003248,0.16911515495354376
3003249,103.83078136171915
3003250,0.09071924540869661
3003251,21.077194255165537
3003252,2.931875839614647
3003253,112.70399054759073
3003254,4.408852062993838
3003255,181.0455712026607
3003256,94.49822445028238
3003257,3.2574130928892013
3003258,5.332390349895876
3003259,131.96141108078888
3003260,28.407677585540142
3003261,1037.908629686151
3003262,17.86295815924896
3003263,1.7939166641735373
3003264,3.943788298937227
3003265,0.06272702153079601
3003266,0.13097598627659915
3003267,728.351633156671
3003268,0.05471185969623222
3003269,182.0145700696164
3003270,5.3847270677099335
3003271,320.0376599666263
3003272,178.16148104849225
3003273,56.95854404216068
3003274,28.86737598981177
3003275,32.53888364587652
3003276,1228.615314247253
3003277,17.316250691901594
3003278,1.056801036221529
3003279,9.644080054755264
3003280,9.55515836958811
3003281,0.3331556189321824
3003282,66.84968150331576
3003283,0.5235076377672654
3003284,7.964799605804339
3003285,1.4709898872533873
3003286,32.35335737634283
3003287,0.6540125372082937
3003288,222.0355745237826
3003289,107.14347307375985
3003290,2.9747191038475056
3003291,1.6678922768408366
3003292,102.38609140129604
3003293,14.50235370390551
3003294,394.5677701317792
3003295,18.795961790954312
3003296,1.8246279469736528
3003297,4.869489183854792
3003298,0.14661311525417348
3003299,2.6825855005363177
3003300,2232.1509958892284
3003301,0.16225355013559806
3003302,531.8284918648471
3003303,14.014182094061129
3003304,689.5259884894795
3003305,717.2270633147986
3003306,216.4772656474932
3003307,166.31787209222085
3003308,95.1227866380375
3003309,2974.941076853614
3003310,12.154495994680076
3003311,1.9990950521240065
3003312,18.166410389601705
3003313,21.06171027773494
3003314,0.1444167564502285
3003315,189.4766836656978
3003316,2.2766862340965828
3003317,20.670020948484808
3003318,4.783652920574246
3003319,109.82979012515354
3003320,3.2512618309886654
3003321,217.4756012544221
3003322,167.05178373034016
3003323,7.3792465708506345
3003324,5.3752299844168085
3003325,291.14083220804093
3003326,68.75828498837704
3003327,1809.9977901482175
3003328,6.041328313052983
3003329,6.047690977030295
3003330,5.157139818301002
3003331,0.06521898837458541
3003332,3.0819385643355477
3003333,2348.5430792662955
3003334,0.04279342952626417
3003335,464.831434778444
3003336,10.918762688655283
3003337,879.0093107153465
3003338,592.6206373576849
3003339,247.82109522892756
3003340,205.96059111143927
3003341,54.92480816455199
3003342,3256.847246956703
3003343,7.495416383908383
3003344,0.4480327399025651
3003345,25.553159135336788
3003346,13.741729695759226
3003347,0.2787547466282986
3003348,216.33025464517618
3003349,0.0717849512702828
3003350,7.365933436081621
3003351,3.302532077583737
3003352,30.92160591478659
3003353,1.1469935166071665
3003354,269.99621916026734
3003355,188.01027599698813
3003356,3.45145445015732
3003357,2.5714139287958386
3003358,159.7217343107763
3003359,70.25979236958068
3003360,1183.9470263498856
3003361,2.1802421592204517
3003362,0.6913010618574805
3003363,4.377631296952259
3003364,0.16060133036175367
3003365,2.2248342466148725
3003366,2278.645231920506
3003367,0.038967008399540884
3003368,493.27819921068016
3003369,8.009741124988043
3003370,873.1919440189042
3003371,509.27792738704454
3003372,200.25480794104553
3003373,155.93149315234342
3003374,47.30413343975788
3003375,2827.2532330694225
3003376,7.619517777229362
3003377,0.48193460103153
3003378,15.147710863483404
3003379,14.678394372229079
3003380,0.09845263872922792
3003381,206.26190904736524
3003382,0.09570512009105138
3003383,5.034727113254716
3003384,2.7897582671155425
3003385,70.58512804955913
3003386,1.1702389580652472
3003387,135.5170862854193
3003388,190.79387358141696
3003389,3.7093611350116715
3003390,3.352685816625123
3003391,163.20550838015583
3003392,51.182080847211786
3003393,900.6138876535017
3003394,1.5084021968532222
3003395,2.7151916662184954
3003396,7.617291801503336
3003397,0.83718816563848
3003398,9.396979340433683
3003399,5995.243738136125
3003400,0.0630395139773449
3003401,1019.6667698980277
3003402,37.61538112399393
3003403,1616.0293682696943
3003404,1543.7461236290728
3003405,287.4716368120289
3003406,370.34759765265284
3003407,279.63123618098473
3003408,6084.92512472069
3003409,52.28573872155529
3003410,1.4283491225919192
3003411,25.77633035487294
3003412,40.071688352052924
3003413,0.5361328789952995
3003414,428.81118334412326
3003415,22.67111570342991
3003416,39.4142373519541
3003417,11.87826438343443
3003418,195.10159791021195
3003419,21.749055285562168
3003420,535.377816767669
3003421,406.54028948884
3003422,9.100297773956079
3003423,17.35701428509748
3003424,891.6372901475404
3003425,228.52258365731564
3003426,5353.993454863714
3003427,14.476054503028365
3003428,55.86980131216935
3003429,2.6990081393879395
3003430,0.14467331059264976
3003431,0.5226869146936672
3003432,1553.645461684608
3003433,0.034514649589609876
3003434,159.89751273295138
3003435,4.114803467727981
3003436,670.896557066084
3003437,242.4740508534369
3003438,103.0838486904936
3003439,154.05527805808038
3003440,45.390305504104305
3003441,2210.4202910084623
3003442,4.964073044973648
3003443,0.34815923908295154
3003444,13.88273736273582
3003445,8.684209785618512
3003446,0.33723518553881515
3003447,151.97402161590298
3003448,0.2138660721388284
3003449,51.21788261213255
3003450,3.4543536865252067
3003451,32.816796978826844
3003452,0.922169687221258
3003453,149.84102127564893
3003454,104.75175923572885
3003455,1.531473073089247
3003456,3.2887010543591657
3003457,100.6950871704197
3003458,18.018520638075415
3003459,525.9181168431267
3003460,32.3831901617449
3003461,3.292474719079705
3003462,5.565034986227313
3003463,0.07164759614390005
3003464,0.9031366836409688
3003465,2255.716781233409
3003466,0.030318305224634277
3003467,437.35252806980736
3003468,6.9219889878782395
3003469,1287.9789813346117
3003470,483.32015821503103
3003471,177.3071322556961
3003472,202.79318089649354
3003473,79.5195373792401
3003474,3189.527265629663
3003475,9.885755262308193
3003476,0.2691299047041078
3003477,14.940076255329446
3003478,14.254139364456861
3003479,0.2129764996032068
3003480,209.0994751913843
3003481,1.1445101516898148
3003482,6.415968118624448
3003483,6.6785483509083505
3003484,13.833302769488547
3003485,1.1199875230984064
3003486,611.6604100383914
3003487,207.82130201161038
3003488,1.9873775291758609
3003489,3.8762819542670863
3003490,138.1057514970344
3003491,45.76657269943219
3003492,948.5667230667909
3003493,1.9464491353121636
3003494,2.7295017163758724
3003495,1.303595922633336
3003496,0.03299042948531037
3003497,0.15691399867034284
3003498,867.040262695165
3003499,0.026886921992990486
3003500,119.37483385610844
3003501,2.6003040257309893
3003502,564.076963052615
3003503,134.24111335033393
3003504,77.95811792101249
3003505,172.6994958674889
3003506,17.157036323089848
3003507,1591.9536527246382
3003508,2.7635881025954383
3003509,0.37680213029617976
3003510,8.510260227262318
3003511,3.3908617857767984
3003512,0.0929451626326663
3003513,75.67586389993394
3003514,0.0663054017874775
3003515,50.565550357607634
3003516,1.28000282467871
3003517,23.146788984588845
3003518,0.4625654555114179
3003519,122.6497389278912
3003520,55.43273335858589
3003521,0.4172295980243403
3003522,1.2060611633286855
3003523,55.803340116577175
3003524,10.780972745310864
3003525,178.5964348580623
3003526,31.887763918333853
3003527,1.1692279363853817
3003528,3.9280451635204603
3003529,0.07113353688909724
3003530,2.184623115271184
3003531,1625.8756439866843
3003532,0.03953457203273102
3003533,206.31782335692253
3003534,5.5491747411258645
3003535,751.1624921956436
3003536,290.8682770949913
3003537,155.7798513164444
3003538,131.97917799705257
3003539,39.46283851483806
3003540,2398.3023546285417
3003541,3.492576193553118
3003542,1.0495989369180183
3003543,16.384014237850117
3003544,12.708297295473571
3003545,0.34653621087941183
3003546,154.94419491885782
3003547,0.2797901266005305
3003548,51.48724629538706
3003549,7.510255664710781
3003550,13.244136718924157
3003551,1.3311992701329707
3003552,359.8951851813139
3003553,160.09988212017237
3003554,1.0448625576466515
3003555,4.444646589966908
3003556,186.4084015388498
3003557,15.892515211531094
3003558,979.9757808623863
3003559,32.03464797621347
3003560,1.0269540536983102
3003561,3.0659661162282106
3003562,0.07713138658823844
3003563,1.7475025315614
3003564,1917.7927695753062
3003565,0.03685902188860944
3003566,521.9272495290589
3003567,4.54424688299443
3003568,692.3017958357565
3003569,497.2057247713177
3003570,187.05724051902723
3003571,59.628664680865285
3003572,47.2525181273137
3003573,2905.536909128094
3003574,4.655327266112009
3003575,2.7421237947106274
3003576,16.086027392694646
3003577,20.834633502619695
3003578,0.28988251502726514
3003579,157.64990982959262
3003580,0.786242022021943
3003581,7.461401590320352
3003582,2.2656497714714625
3003583,27.51407023493858
3003584,1.8252063636790288
3003585,231.3929877130144
3003586,202.50864352748926
3003587,2.770638353304551
3003588,3.930545952559658
3003589,132.31338625830963
3003590,25.31847089777909
3003591,565.0216584249687
3003592,1.3338108879955355
3003593,2.0958233801499397
3003594,3.492948850212458
3003595,0.03892541643871979
3003596,0.11046935031103108
3003597,1125.781658307391
3003598,0.03305873813618347
3003599,75.26475336537796
3003600,3.5757791452084184
3003601,299.610703947063
3003602,145.83045854889463
3003603,71.27387857968867
3003604,90.92094033745707
3003605,42.51228365773031
3003606,1453.6683631694946
3003607,4.216649370317018
3003608,0.28557756015540836
3003609,10.227095360013134
3003610,4.524340719770002
3003611,0.29999954698428677
3003612,82.04698726502426
3003613,0.054104390668910596
3003614,50.929275914603984
3003615,1.0228679024350211
3003616,18.911938138737128
3003617,0.5954540381868002
3003618,287.060392953349
3003619,62.07257653947616
3003620,0.9375708037935105
3003621,2.204195633628053
3003622,57.43333503368478
3003623,15.41614557994805
3003624,329.179589200879
3003625,31.8744206774769
3003626,0.18714625514957206
3003627,3.275356331705122
3003628,0.0570245678878968
3003629,2.2814631763150324
3003630,2743.4001704492657
3003631,0.07720604098844
3003632,432.9908553158472
3003633,9.333238547653501
3003634,712.477284283618
3003635,454.20518328243054
3003636,152.38372595639694
3003637,127.30437430233029
3003638,60.26210756654845
3003639,3297.2693115869733
3003640,5.342467273750472
3003641,0.7814558676291241
3003642,14.626854615919001
3003643,11.675373172853782
3003644,0.23884024160697276
3003645,181.26768745238053
3003646,0.4851633636735618
3003647,19.679950752773934
3003648,2.0425232494846846
3003649,38.49044382429476
3003650,0.7775404325945015
3003651,382.16666049545745
3003652,168.15654533946105
3003653,1.5814407886702309
3003654,4.020774992353596
3003655,108.9469455290378
3003656,36.71989770108236
3003657,1056.7303175528425
3003658,26.329614857361786
3003659,0.9692058976597482
3003660,2.8719327923652247
3003661,0.041461391411958946
3003662,4.89510790767912
3003663,2612.6479094894244
3003664,0.033948602970114185
3003665,491.4770485791612
3003666,7.039720745648632
3003667,930.3875340425393
3003668,747.712541489687
3003669,150.74813393547788
3003670,117.717763151108
3003671,115.01498025895575
3003672,3502.7951663687127
3003673,58.32802256286009
3003674,0.9002357730136787
3003675,29.993914077776225
3003676,37.536969289580014
3003677,0.1605005211506434
3003678,244.62706230791582
3003679,15.76260487806012
3003680,21.2102966132812
3003681,2.708468990220074
3003682,122.55115119325572
3003683,7.762116873406904
3003684,200.39887947309904
3003685,243.0536642673444
3003686,9.150831987266713
3003687,11.690852498985285
3003688,249.3072520222478
3003689,82.14829123957381
3003690,2159.6131718743973
3003691,32.09496577763808
3003692,9.41196229381182
3003693,3.8543404621943784
3003694,0.09860741512758825
3003695,5.4343888496976795
3003696,1992.3150173717654
3003697,0.05144489151956892
3003698,382.16520489681477
3003699,11.601381371200649
3003700,897.3867423670044
3003701,575.83930578978
3003702,115.83199407762908
3003703,63.10861005350924
3003704,85.56473781723108
3003705,3176.4640280086514
3003706,26.542104897049946
3003707,1.0932103811954823
3003708,25.485789310257964
3003709,43.74137688231746
3003710,0.1293410656080185
3003711,252.22502108503994
3003712,11.450471263829531
3003713,17.628727183258512
3003714,6.283516146960464
3003715,78.3406965434272
3003716,7.863920062051261
3003717,146.33794952142773
3003718,300.33306554376077
3003719,6.049560601824747
3003720,7.1485134341669525
3003721,90.90114941903705
3003722,72.13022115003893
3003723,1623.3123449998247
3003724,32.309773491035116
3003725,11.559155901339611
3003726,5.930559399937936
3003727,0.18098393232949922
3003728,2.9618281790044674
3003729,3450.8145328858773
3003730,0.0371825920499104
3003731,606.8104476493831
3003732,8.706976192216038
3003733,1792.5837827998048
3003734,562.7800425347056
3003735,178.74247864380987
3003736,296.93085393819666
3003737,51.38982540634947
3003738,5185.6805993320995
3003739,28.17060185536205
3003740,0.9644283841055014
3003741,20.148222970304037
3003742,13.723276465441845
3003743,0.1910080154296262
3003744,234.81152367868847
3003745,4.167171632033843
3003746,11.244216303533834
3003747,4.24408907021046
3003748,44.44539481335598
3003749,3.726177382604173
3003750,227.73159066888314
3003751,291.74578927147604
3003752,4.499516634840628
3003753,8.280605918453539
3003754,226.57862981107814
3003755,55.20911120658833
3003756,1389.662615574076
3003757,32.73321924471264
3003758,12.876064734700918
3003759,3.5983310484787734
3003760,0.09186918951593828
3003761,4.448926636587222
3003762,2073.1984143944755
3003763,0.07889775279644015
3003764,307.2379214823092
3003765,6.980866247850417
3003766,665.6674595788741
3003767,590.3714376488686
3003768,181.9464723569262
3003769,105.7399627958848
3003770,67.36301093738214
3003771,2728.3611377963516
3003772,21.620848619766797
3003773,0.9944632455247455
3003774,11.045639397844734
3003775,13.005584696224265
3003776,0.2849040345690577
3003777,227.90303750336088
3003778,14.031942096303382
3003779,16.47635801058042
3003780,2.3353918206612723
3003781,54.79116863514646
3003782,5.714481087668814
3003783,327.4250308751598
3003784,198.75457876013076
3003785,3.953410959830293
3003786,8.838522613192062
3003787,287.7166939938011
3003788,37.85724786499416
3003789,1700.5606521860882
3003790,32.26839679667516
3003791,18.929592992900425
3003792,3.9316099048882927
3003793,0.12780088483625535
3003794,3.2444278756433604
3003795,3306.651205868968
3003796,0.040167852986759775
3003797,326.2939384186036
3003798,10.692532960378571
3003799,1500.046477674046
3003800,511.95103206093825
3003801,206.65498086179443
3003802,113.38649799674477
3003803,48.53344111932447
3003804,4051.7423335011827
3003805,10.829784919848015
3003806,2.095708478951
3003807,18.702606469576335
3003808,15.799800701911902
3003809,0.2021656040850543
3003810,301.5708756588256
3003811,0.3816087458840707
3003812,49.5731789818754
3003813,4.479728037637306
3003814,28.562043503197394
3003815,2.7531841097734917
3003816,171.83642280160774
3003817,239.8553558625223
3003818,2.8949697170856448
3003819,6.844443558363423
3003820,133.00806972417644
3003821,45.30773848561351
3003822,921.9680529248928
3003823,30.94757614277377
3003824,4.563931190891653
3003825,4.0087876134081295
3003826,0.07382342066374521
3003827,5.70494521620722
3003828,2237.4199084164775
3003829,0.03320151327166265
3003830,385.30670818792373
3003831,9.46479184053229
3003832,1587.351295584777
3003833,503.0462794046873
3003834,167.1537506759602
3003835,96.08041555087132
3003836,143.24809512514787
3003837,3208.515327065429
3003838,27.32951658152262
3003839,1.04174955693738
3003840,20.025224355027
3003841,20.49855983919609
3003842,0.23692277490263391
3003843,200.6626694688132
3003844,15.2264779199092
3003845,19.14917413301152
3003846,7.952030543327516
3003847,211.67461331940336
3003848,8.864887894144914
3003849,177.6685234691995
3003850,314.70099849751847
3003851,10.636017040606285
3003852,7.292721514451642
3003853,144.89879443222407
3003854,50.576198569334835
3003855,1555.3422387125129
3003856,19.0233057437391
3003857,4.514808116321558
3003858,2.7748902043155352
3003859,0.04620162223256634
3003860,1.3852820653843299
3003861,1988.4638626528179
3003862,0.03599337982049419
3003863,376.7593354520785
3003864,8.321336629569675
3003865,601.7335511498907
3003866,640.0702292654432
3003867,148.12215150206998
3003868,118.26884512112741
3003869,97.33396448026531
3003870,2639.840107105572
3003871,25.46118091077789
3003872,0.7548197746796693
3003873,14.765104670387977
3003874,16.08105436117838
3003875,0.20124131000878825
3003876,153.52238445502223
3003877,12.408901060757508
3003878,28.05635350610377
3003879,4.019901349193452
3003880,59.51753062655944
3003881,7.276261071000793
3003882,226.09609728793257
3003883,160.56942865462491
3003884,6.367843189116658
3003885,6.614774821428166
3003886,197.2073610404143
3003887,57.19450194490494
3003888,1937.070461552034
3003889,32.58026894116652
3003890,9.81494506283822
3003891,3.5589676272867092
3003892,0.07682698863596582
3003893,3.5131762057578513
3003894,4017.165864204221
3003895,0.029391444679253247
3003896,506.9107666993875
3003897,13.103087644761917
3003898,1036.481140031516
3003899,508.05049062527235
3003900,224.8197169278958
3003901,173.942853861397
3003902,51.554946425032014
3003903,3729.3346901047726
3003904,9.361218369395798
3003905,1.2015172401282619
3003906,14.496133818175231
3003907,14.434495873998241
3003908,0.2591769875656365
3003909,181.3114238118818
3003910,0.4405791384481608
3003911,9.203178433023066
3003912,2.5126209145804648
3003913,59.501560393276755
3003914,3.025688553883474
3003915,253.35264357522055
3003916,226.74886453149554
3003917,3.604965337635614
3003918,4.932486695651784
3003919,200.40913408833794
3003920,107.13731155002424
3003921,877.6470038738296
3003922,1.9545226380910332
3003923,2.504803105302611
3003924,11.718990819920968
3003925,0.04445239274357102
3003926,10.376097651736957
3003927,7631.638854824596
3003928,0.0327003993447592
3003929,1207.4418190591473
3003930,24.402750551901416
3003931,1956.9656421117008
3003932,1801.0920922721914
3003933,446.3850463593134
3003934,447.22277908691524
3003935,416.0680167238413
3003936,7812.978139894141
3003937,81.15916031785264
3003938,4.031180958858727
3003939,83.90585039707966
3003940,96.568302625935
3003941,0.3183336266327871
3003942,584.9559065451978
3003943,29.484859757175315
3003944,22.695374353381688
3003945,21.850410373566106
3003946,331.2719947523031
3003947,20.43088362010772
3003948,685.6085101223986
3003949,434.9802268848135
3003950,29.398331793605543
3003951,28.750156286594212
3003952,909.1763651902015
3003953,281.5521185269668
3003954,6919.977400576388
3003955,43.81710052442995
3003956,65.40301359664565
3003957,11.001356861284483
3003958,0.036238213028747815
3003959,9.899330552084935
3003960,7026.521131203787
3003961,0.07071319076419803
3003962,918.2482866707037
3003963,26.666898211029277
3003964,2172.9935868571883
3003965,1624.4775048311344
3003966,533.4974546085966
3003967,271.59594987695834
3003968,261.7027934109828
3003969,8073.788723591268
3003970,142.33707696506235
3003971,1.6097831059549583
3003972,35.767145448295906
3003973,62.55365878345748
3003974,0.4621373894551658
3003975,557.2451801417815
3003976,29.38018161128941
3003977,28.56375678579551
3003978,7.747569774209126
3003979,191.07282947451216
3003980,15.843092392798415
3003981,813.7647595489877
3003982,547.0157337232731
3003983,18.363700848722573
3003984,23.020629418015098
3003985,810.470248098751
3003986,187.05215797890963
3003987,4779.389128173863
3003988,54.229558277012856
3003989,48.98294344154863
3003990,8.504815586265886
3003991,0.03838035273266895
3003992,13.659458518530622
3003993,4556.729757768599
3003994,0.14998853234562462
3003995,725.8171452144587
3003996,14.791479277729739
3003997,1980.5533539870955
3003998,1137.1290643927364
3003999,601.2686420784693
3004000,103.53046764955694
3004001,192.23525668466266
3004002,7553.341956131042
3004003,41.94809939655352
3004004,1.7352461729483073
3004005,36.3656715283131
3004006,15.610801983068296
3004007,0.4070550180422021
3004008,559.3747141273701
3004009,32.09695020998882
3004010,21.555305791090277
3004011,11.831586977935256
3004012,111.3448814924711
3004013,8.503202881839421
3004014,814.4098319125787
3004015,536.8969091043342
3004016,17.074988432815793
3004017,29.465831667720476
3004018,574.1264138438794
3004019,113.55981256254816
3004020,2036.4053323101143
3004021,120.22376705300283
3004022,29.114162594672287
3004023,13.395706485538916
3004024,0.03287145987170688
3004025,13.72249128803538
3004026,6318.987476708222
3004027,0.06746882595912546
3004028,867.146866217154
3004029,21.582967496522663
3004030,1964.0195783412778
3004031,1616.3804348757776
3004032,535.3967065271931
3004033,272.61741944179425
3004034,197.0178474553781
3004035,7700.605390177339
3004036,46.31788392962771
3004037,0.8828183283258925
3004038,39.6878230446003
3004039,58.008248527384396
3004040,1.0104550329789714
3004041,597.0290729630983
3004042,31.25632823588976
3004043,24.4191435771283
3004044,31.36643175442335
3004045,173.4127747985372
3004046,9.840584860868255
3004047,700.4700979617404
3004048,569.8969071638369
3004049,17.1723274268695
3004050,23.33777952037508
3004051,878.0218526521985
3004052,189.46259063384775
3004053,4532.800166775165
3004054,77.43310974206872
3004055,50.65328548142528
3004056,9.858875274734686
3004057,0.03589226841478548
3004058,12.777427853402592
3004059,3868.2970343088245
3004060,0.01840053315495403
3004061,602.100481404353
3004062,15.578787711243976
3004063,1721.3684796585148
3004064,917.4137805305668
3004065,458.49463614230467
3004066,89.22059893581564
3004067,153.43565586704074
3004068,6200.681089680722
3004069,41.59930003919287
3004070,0.7901382655849138
3004071,27.344806952542562
3004072,39.926088173174755
3004073,0.9872512308702069
3004074,545.9496062011975
3004075,21.543656112847668
3004076,10.376104342520152
3004077,14.133607442531993
3004078,102.58670229591888
3004079,4.722947196199268
3004080,626.8423667108098
3004081,587.9677907534852
3004082,11.79718071886749
3004083,16.2815923448057
3004084,608.4235109531753
3004085,82.55838575854992
3004086,1440.1547382069211
3004087,103.2341241947612
3004088,16.835655316309282
3004089,8.561554141674614
3004090,0.044646229344409184
3004091,7.969591570231881
3004092,5148.66225018811
3004093,0.051192743527057605
3004094,910.3525340540386
3004095,23.99172632558915
3004096,1449.195158643111
3004097,1699.4722419002617
3004098,330.0097809729983
3004099,339.4712174157269
3004100,289.1930946768011
3004101,6184.904168348336
3004102,58.33404398076901
3004103,0.8357048779256186
3004104,41.69378259665742
3004105,47.23781638800173
3004106,0.32018188315698576
3004107,419.41758958841854
3004108,22.782716999575698
3004109,26.050096841910015
3004110,10.426230168639307
3004111,242.16892814254726
3004112,10.704817371477201
3004113,558.1169914132258
3004114,407.82037542149624
3004115,12.815066072421983
3004116,23.57663540513188
3004117,721.6304555125756
3004118,167.18124354549062
3004119,5432.3073889782
3004120,23.453001422923624
3004121,56.760131710411756
3004122,4.017229942017411
3004123,0.19374744405044697
3004124,5.554736945088522
3004125,1585.315354820701
3004126,0.044822888066215275
3004127,294.3317415620678
3004128,17.37367116438471
3004129,759.8300977031556
3004130,442.46597419137424
3004131,183.84838979060865
3004132,57.99163351121809
3004133,67.09005342936423
3004134,2439.7816383080185
3004135,58.82074170771524
3004136,0.8968168935671621
3004137,25.383275962263916
3004138,23.80019027865508
3004139,0.34703023068458677
3004140,219.31393251476152
3004141,11.488735331251208
3004142,10.03706075571261
3004143,8.378000380473688
3004144,50.841332872860804
3004145,3.8519621306413754
3004146,233.921512068075
3004147,214.2571320553333
3004148,3.4973787423581815
3004149,7.7633671370616675
3004150,149.9681856128583
3004151,47.743263669316036
3004152,1232.9686081168988
3004153,14.542249066325516
3004154,7.002743198516972
3004155,5.9234085720737735
3004156,0.044313727739568216
3004157,12.405468639623916
3004158,3865.627532963238
3004159,0.07157584503275219
3004160,485.08248874568494
3004161,22.137973947043754
3004162,1541.175321572855
3004163,942.0477419501469
3004164,382.3038123126935
3004165,76.22417469163287
3004166,168.0397243064045
3004167,5613.560212225396
3004168,129.97998458842423
3004169,1.1879717536551795
3004170,33.30309218751324
3004171,25.340322157731602
3004172,0.4749554069211612
3004173,453.52958911886833
3004174,16.07928514587812
3004175,10.28585517804376
3004176,1.7075416760792788
3004177,126.74633681711038
3004178,7.535073037111923
3004179,474.0365440213234
3004180,429.52081804504326
3004181,8.64997996499966
3004182,13.834607388531925
3004183,340.0516185917028
3004184,74.31633566064012
3004185,1820.6122629252743
3004186,230.67735390832598
3004187,12.662604026678775
3004188,5.818257708336196
3004189,0.04035030128959569
3004190,4.341809956887124
3004191,3491.799315637854
3004192,0.0391358924026939
3004193,692.0433756677747
3004194,6.339293654031353
3004195,1176.6100908222572
3004196,1131.5151624498972
3004197,205.84317686555906
3004198,266.29450753667794
3004199,169.94203521558012
3004200,4040.8512018722295
3004201,36.29591915681458
3004202,1.4563118314239945
3004203,19.245048964402002
3004204,26.088200918463656
3004205,0.35370368116433326
3004206,304.0268865046067
3004207,2.3508541224751447
3004208,35.207970611066635
3004209,4.489666810801507
3004210,126.18801317369689
3004211,7.878691529369679
3004212,477.187151540272
3004213,222.07826205354425
3004214,16.471884542602645
3004215,10.251652634313265
3004216,566.785701641734
3004217,109.2348337242958
3004218,3987.0465759808094
3004219,3.5971788696793894
3004220,27.670103557559564
3004221,9.34888316147258
3004222,0.0885442678660934
3004223,4.202437566458446
3004224,3516.797510797404
3004225,0.06115667321510812
3004226,598.059309621656
3004227,9.849640976940034
3004228,1318.4571853940288
3004229,871.3681428737337
3004230,264.70216367527496
3004231,168.11930062942986
3004232,251.26505038091392
3004233,4539.119083770862
3004234,41.39136280691636
3004235,2.4975072354112875
3004236,22.544946168021642
3004237,30.058773683461666
3004238,0.5486633667413563
3004239,299.3014874918152
3004240,5.362920845631415
3004241,42.366834572438925
3004242,6.880031162032665
3004243,240.56101108473425
3004244,8.486175288424878
3004245,410.9950514705851
3004246,259.85863616646037
3004247,11.779950695314625
3004248,19.62992434135003
3004249,371.95323319851116
3004250,90.29244647014609
3004251,3520.4424946550143
3004252,1.8744694821010635
3004253,5.663336067068215
3004254,6.6593116910013155
3004255,0.05747585092821325
3004256,2.621476721419953
3004257,1805.2996996607467
3004258,0.04174043050982847
3004259,370.4684031204028
3004260,4.814327758262374
3004261,794.4237729804071
3004262,386.9064869284297
3004263,184.90636660493706
3004264,58.845351585004366
3004265,73.95925916142927
3004266,2555.793891096857
3004267,10.923039652872802
3004268,0.9100423935460036
3004269,16.97052535124447
3004270,19.706393386738164
3004271,0.21387931592826395
3004272,169.5436362851139
3004273,2.834756330060028
3004274,8.27426537136883
3004275,6.6914825497029025
3004276,56.63497241092649
3004277,2.216496919603367
3004278,210.36005411573805
3004279,176.79098396413238
3004280,3.6300439389321992
3004281,4.809993593354363
3004282,163.72628177060307
3004283,53.02742556462043
3004284,1254.1710816990553
3004285,26.7075431680927
3004286,2.2066717650478687
3004287,5.721657384720167
3004288,0.11565720315994124
3004289,2.24022788948454
3004290,2284.5393582048755
3004291,0.14473750436650687
3004292,217.07140998410586
3004293,11.140588482641919
3004294,768.473313761966
3004295,208.63697862796613
3004296,194.56390110905903
3004297,61.11979863535455
3004298,39.58395256094582
3004299,3105.408090827391
3004300,18.419648826169286
3004301,2.6030100617914984
3004302,33.89271380168125
3004303,16.90375114727202
3004304,0.45583588004034126
3004305,188.00100576076298
3004306,2.255874798126378
3004307,95.55950243942684
3004308,5.2737567105371035
3004309,28.754265677354983
3004310,6.155728412542407
3004311,77.87087257908678
3004312,153.39191738326434
3004313,5.245223737338962
3004314,11.472664077062118
3004315,63.13915129049217
3004316,79.84149774717439
3004317,626.7918701572801
3004318,40.99170396411226
3004319,5.676542157226559
3004320,5.094151927686443
3004321,0.0947937361136362
3004322,5.092409566818301
3004323,2655.0816070345018
3004324,0.05029275602451144
3004325,471.5219469575622
3004326,12.086277851318966
3004327,1051.300368300416
3004328,740.0973423851457
3004329,256.771930023392
3004330,134.86256560294976
3004331,114.25684756280748
3004332,3852.1407893972255
3004333,33.891783818325926
3004334,1.840791038202131
3004335,21.673927030093864
3004336,39.0562825843787
3004337,0.19203848709686333
3004338,296.59483613659523
3004339,16.84529945241684
3004340,18.93257083534774
3004341,15.102547895823808
3004342,65.97763779493918
3004343,5.885623861464378
3004344,359.32130124753576
3004345,243.18827908011673
3004346,6.959804229160573
3004347,11.831889764950574
3004348,428.0090921975389
3004349,87.96624684918612
3004350,1905.1631652098672
3004351,32.374175651675394
3004352,20.953863498979896
3004353,4.7135359445063685
3004354,0.14037678365870881
3004355,3.155271413097749
3004356,3259.6313245173133
3004357,0.0446161655332966
3004358,548.270450041362
3004359,16.171255502591723
3004360,857.444099027539
3004361,1084.2627777601801
3004362,156.95283885908816
3004363,221.57591943371773
3004364,182.5689590975058
3004365,3268.795556822702
3004366,37.35859302908046
3004367,1.5370297716440757
3004368,19.98205692227258
3004369,24.00357951363755
3004370,0.6016485970793454
3004371,202.2623073652602
3004372,12.165209729626445
3004373,36.081273446646854
3004374,5.392101272751958
3004375,116.01690648513188
3004376,10.015293458280821
3004377,382.87902472663677
3004378,200.64512551803978
3004379,5.2530092415565806
3004380,10.769386872233719
3004381,544.5658953862044
3004382,109.62363182394408
3004383,4024.9897678059815
3004384,33.97044597726491
3004385,29.141155234524227
3004386,4.534548266702828
3004387,0.17062923823685558
3004388,4.581481006618969
3004389,3221.581709501457
3004390,0.08500503586774812
3004391,662.5549381437388
3004392,18.175050525543043
3004393,911.003285379988
3004394,993.7617973846898
3004395,210.5564376650276
3004396,226.03209211904004
3004397,108.62576705274516
3004398,3648.8298463879105
3004399,25.37487908120589
3004400,3.121230197088527
3004401,24.539931275321397
3004402,37.02179724041304
3004403,0.1301453964733399
3004404,261.96671693855916
3004405,22.0252822796136
3004406,22.537030835927474
3004407,13.073059407882761
3004408,97.54101925320396
3004409,17.270385166248026
3004410,346.9249653176063
3004411,235.55789869358574
3004412,13.354636695005134
3004413,12.720688470927174
3004414,452.3134572236801
3004415,131.52096655926803
3004416,3142.150222792586
3004417,20.965743118193465
3004418,28.412135666593073
3004419,5.995001564362247
3004420,0.05116143489419395
3004421,3.2968226270845276
3004422,2320.866078106927
3004423,0.04299531113244715
3004424,434.68528921217137
3004425,8.573698640931493
3004426,1144.1844078226175
3004427,560.853810194502
3004428,389.69497038732203
3004429,161.28115567456047
3004430,60.33547568601331
3004431,4533.674042904389
3004432,8.788977059782882
3004433,0.4283606833490669
3004434,22.678876210889232
3004435,18.571966602947004
3004436,0.09079042850394228
3004437,283.18170868356214
3004438,9.8842117365331
3004439,5.308642724884675
3004440,4.548820640689925
3004441,27.880062664076153
3004442,2.2486275020144526
3004443,510.31758217032217
3004444,300.9818644139806
3004445,4.360140554175832
3004446,5.391149088251512
3004447,326.32918183000925
3004448,71.58696547687602
3004449,1105.072506713503
3004450,70.93977414973746
3004451,8.027365642766231
3004452,4.5233938550195765
3004453,0.06875260169947742
3004454,3.5128725277209263
3004455,2309.375569833919
3004456,0.050174777807456494
3004457,395.6365257613102
3004458,19.623653463221267
3004459,719.3438275524815
3004460,680.5638794576255
3004461,173.58437227620536
3004462,151.5850651147253
3004463,123.61784754093242
3004464,2572.2360507025123
3004465,25.140267583499977
3004466,1.4092460990966913
3004467,16.203121765726983
3004468,17.666797726458473
3004469,0.47839707545198284
3004470,173.99712809503683
3004471,12.253942145777224
3004472,25.50954503564353
3004473,4.024796408010236
3004474,133.12597552488515
3004475,6.5552544452554
3004476,569.9792755975077
3004477,142.04469955860606
3004478,3.1590421985374437
3004479,9.386474366633776
3004480,506.17421958473835
3004481,77.32687181979568
3004482,2334.470533803217
3004483,32.18932202502691
3004484,35.285433105598926
3004485,2.011806677684347
3004486,0.08217271618269054
3004487,0.8136228246700572
3004488,1412.5867056819104
3004489,0.03054723662744182
3004490,99.01579536952661
3004491,4.579107465691098
3004492,1005.168770464167
3004493,246.24113669036683
3004494,296.53010592434555
3004495,51.69390055818471
3004496,26.351937099518324
3004497,2134.5434593339305
3004498,7.64815424477791
3004499,0.33439972886027874
3004500,6.259875816487115
3004501,9.153977378720516
3004502,0.09911065013278009
3004503,138.8267227916602
3004504,2.5535196980875203
3004505,49.55686505546521
3004506,1.6630437283729185
3004507,20.69786427011012
3004508,0.6478645278276789
3004509,155.1533895678083
3004510,140.28206095363706
3004511,1.0128566054549186
3004512,3.7368043417182077
3004513,182.55376953634567
3004514,26.053265746375402
3004515,274.9002257663486
3004516,165.76894321550535
3004517,0.8758640051406024
3004518,5.709871580493283
3004519,0.12939788809030062
3004520,3.24173157354408
3004521,4402.164541824525
3004522,0.027398405729506293
3004523,635.7363864681248
3004524,9.80026878871149
3004525,1479.6980351185216
3004526,529.6202977462301
3004527,592.2956486998622
3004528,440.0211001136397
3004529,86.23648313757576
3004530,5372.768967988853
3004531,26.463770579929538
3004532,0.4563861186254838
3004533,19.801055869094053
3004534,17.490382247582506
3004535,0.22866982515453196
3004536,344.03225898366514
3004537,12.921510173594763
3004538,9.31145268481116
3004539,6.256458244603346
3004540,55.57945324274568
3004541,1.892182514014939
3004542,483.5546835533754
3004543,254.44622327248194
3004544,2.0015614969583826
3004545,10.758962905939551
3004546,513.8408397148368
3004547,89.00220056808563
3004548,1490.3091142716842
3004549,10.770657996283227
3004550,5.49450660589406
3004551,3.371410951181666
3004552,0.03923159929803507
3004553,1.804728909211659
3004554,1501.6323720918663
3004555,0.022493346070267407
3004556,151.70349921951322
3004557,7.652303492643485
3004558,896.2806124741467
3004559,306.61499364747056
3004560,238.30169244299861
3004561,36.23359622564446
3004562,38.34327568314818
3004563,2605.3359983257333
3004564,10.147291595454215
3004565,0.28090565902029657
3004566,11.538369827538833
3004567,12.517181873967152
3004568,0.24825663345895363
3004569,128.28624265048762
3004570,3.595727746223567
3004571,50.571811916929924
3004572,4.669356011419201
3004573,50.69670516346329
3004574,1.2387325567595022
3004575,131.58043703986613
3004576,131.1100089724379
3004577,1.0974050129718425
3004578,4.442723874697466
3004579,165.60443883313957
3004580,21.744748791215443
3004581,337.6367766440397
3004582,169.75372585818067
3004583,1.7444337207450293
3004584,3.139845541320615
3004585,0.04460578367110276
3004586,1.6728036033541005
3004587,1685.1109223272147
3004588,0.020836893876411168
3004589,111.6939597432879
3004590,4.800661422976631
3004591,771.1058343020737
3004592,222.5911790718766
3004593,177.17196966265965
3004594,25.30202120066832
3004595,32.48284215952001
3004596,2733.1248412939503
3004597,19.28644349618468
3004598,0.26151196702196533
3004599,10.353768169083834
3004600,9.426635285034374
3004601,0.1606499575516367
3004602,126.00669846572265
3004603,1.1022651596954949
3004604,50.16291270504638
3004605,2.11777868500146
3004606,55.8417103207579
3004607,1.1157670618938835
3004608,164.8964859466084
3004609,140.00914946528445
3004610,0.7193767222255156
3004611,5.073909474525352
3004612,111.62130355058844
3004613,20.649515326897475
3004614,176.0685790177596
3004615,165.5751610868343
3004616,1.7926569193181114
3004617,2.197259561728224
3004618,0.11383383504948527
3004619,2.149678314777777
3004620,1612.1984013635015
3004621,0.04870500000288509
3004622,138.55151923363374
3004623,6.825589614154444
3004624,889.6921745023677
3004625,313.07558332649523
3004626,307.6978598875578
3004627,37.35910092591398
3004628,53.87777942295308
3004629,2746.385274080333
3004630,19.324323557386712
3004631,0.3411888369987117
3004632,10.46412458907693
3004633,17.14372666374283
3004634,0.09922295469718098
3004635,152.71746725527078
3004636,0.8201784078960519
3004637,50.6513959030314
3004638,1.4809380887209473
3004639,27.439010636977496
3004640,1.5614139643656748
3004641,236.76580393820802
3004642,210.43281948655425
3004643,0.9521235438944264
3004644,2.2116552516295673
3004645,81.14081313618479
3004646,83.66873422139645
3004647,346.17166291033897
3004648,105.644596915055
3004649,2.578212636542051
3004650,2.9535008658762223
3004651,0.3157461415762065
3004652,1.5899983900978292
3004653,1700.5247840492702
3004654,0.021914410922125854
3004655,166.93221429187193
3004656,2.9294060337498298
3004657,907.5878813006746
3004658,294.0340326231861
3004659,306.0838949140125
3004660,82.62538546380404
3004661,63.78454355430618
3004662,2503.086108807522
3004663,8.427133395239087
3004664,0.575490308698696
3004665,12.775358894473236
3004666,14.0801923156686
3004667,0.1770035308107382
3004668,196.76585796892465
3004669,6.033847882813261
3004670,49.70714027055518
3004671,2.680191173913492
3004672,29.53898775782233
3004673,1.6424226077768627
3004674,123.88835545206057
3004675,152.06267373146406
3004676,0.7797955748837013
3004677,3.1330465882786505
3004678,129.75070517265672
3004679,41.823804656930164
3004680,626.4552178910212
3004681,166.48656963869826
3004682,2.087010941573486
3004683,4.052456498926098
3004684,0.11471135445894012
3004685,0.7663729718726537
3004686,1207.4354468430915
3004687,0.028523396392174043
3004688,127.63703191602949
3004689,4.759458889708665
3004690,626.7505137557778
3004691,184.1267085843597
3004692,158.09832214857735
3004693,83.00127367754368
3004694,42.26679432488461
3004695,1706.5478090994304
3004696,6.534634595630548
3004697,0.33668333531191597
3004698,9.423908507408342
3004699,9.134412658798194
3004700,0.22229104742646907
3004701,135.44846062499647
3004702,0.17575334927592956
3004703,48.32949937230419
3004704,1.88077132845474
3004705,30.74600913434446
3004706,1.2936288688007462
3004707,50.20505799131796
3004708,105.5205221380532
3004709,0.6791297302833351
3004710,2.0261445155383146
3004711,69.11540645394538
3004712,25.779301941170228
3004713,489.4350914497341
3004714,30.398842765663034
3004715,0.9350753046220385
3004716,6.301376693456537
3004717,0.1838990186349705
3004718,3.373293556975642
3004719,2712.2596418131543
3004720,0.02179066395679894
3004721,265.28989952749185
3004722,4.697688702946634
3004723,871.8383197984749
3004724,500.4854297935666
3004725,583.7967683814899
3004726,173.42654520161196
3004727,71.15032063677394
3004728,3441.5452812535796
3004729,15.255189618934017
3004730,0.6424573391471691
3004731,15.420619139000593
3004732,15.271383486340483
3004733,0.17050814546080828
3004734,207.40548419150255
3004735,1.2815209774211835
3004736,50.391830553982054
3004737,3.5606073068120856
3004738,56.07992028506313
3004739,2.4019998989531732
3004740,208.2968558149791
3004741,188.03984822723862
3004742,1.410042056450503
3004743,4.854922999439349
3004744,332.88783623559596
3004745,51.4745248601006
3004746,1037.4035287956551
3004747,165.83496662648312
3004748,11.996693476635215
3004749,2.8693810675548272
3004750,0.06384510901534257
3004751,2.8645318619047098
3004752,1716.4916874596388
3004753,0.02824768291805145
3004754,481.62103886834007
3004755,10.505843639692875
3004756,457.8700307458445
3004757,450.4096356287703
3004758,201.57273055334798
3004759,114.931851079547
3004760,49.622149709034176
3004761,2079.2859731965586
3004762,11.5664369396005
3004763,0.7819128465099334
3004764,15.95800388531714
3004765,10.987301872657646
3004766,0.17958385656875547
3004767,125.88035861888935
3004768,7.0451064104652446
3004769,6.622275951518423
3004770,3.8195305357226497
3004771,66.33813779228707
3004772,1.2403057435639893
3004773,71.7421392864814
3004774,133.21544221969748
3004775,3.0121907456136
3004776,3.927508787172305
3004777,201.99913725898114
3004778,45.085791388220386
3004779,1133.2469706548077
3004780,200.2255393509411
3004781,7.421099875774685
3004782,5.021521779628566
3004783,0.6537567926660615
3004784,1.1592187071665179
3004785,2638.202363277861
3004786,0.03008866141303643
3004787,146.40465139245433
3004788,5.645069729802501
3004789,882.0983377786667
3004790,294.8008864807257
3004791,251.80523602059057
3004792,49.768051619393624
3004793,44.917341478307414
3004794,2991.064060812553
3004795,56.44628633817295
3004796,0.8463822356113393
3004797,9.978614785603297
3004798,9.74338511895594
3004799,0.14682010528353692
3004800,148.62940433687885
3004801,7.187365329832118
3004802,50.02051909218474
3004803,3.695715454296686
3004804,60.77330212635822
3004805,2.773638095012739
3004806,132.50598360514448
3004807,157.09057428506014
3004808,1.0159630098509667
3004809,4.067952323645386
3004810,128.64703945807605
3004811,21.494471127658827
3004812,417.1702177463791
3004813,104.21204135537751
3004814,1.9100832488436688
3004815,5.442943086935991
3004816,0.11311791866132903
3004817,6.305718957996393
3004818,3180.0784980667313
3004819,0.06746138135312198
3004820,578.1691315050056
3004821,13.603675043655063
3004822,920.746088697749
3004823,799.2148534700482
3004824,272.36127215588914
3004825,184.76175417557135
3004826,113.86931631681892
3004827,3795.0134027813756
3004828,61.347794050244204
3004829,1.410659321931889
3004830,21.46471206652268
3004831,25.264500405698954
3004832,0.4042103774055543
3004833,271.2511283215024
3004834,22.52463867327397
3004835,16.206930612174972
3004836,9.29322907964823
3004837,123.22936554315922
3004838,10.359859557754937
3004839,1136.2791008146157
3004840,233.07841661428267
3004841,8.458113267029383
3004842,8.476477659254465
3004843,646.2365471436405
3004844,92.37298946101357
3004845,2085.7830591178126
3004846,31.7635980238384
3004847,37.00287793300204
3004848,4.942203057708477
3004849,0.11208624996594634
3004850,3.0630570961853865
3004851,2913.8837300250934
3004852,0.03527322820680476
3004853,360.5383817740233
3004854,7.851376547669938
3004855,1291.1376597886015
3004856,479.10078381820847
3004857,955.9849741414841
3004858,88.04200771575577
3004859,68.5951905948771
3004860,4136.79137284458
3004861,12.543252614264038
3004862,0.4047846277431009
3004863,21.123560687792533
3004864,12.990216425332832
3004865,0.11751890567097141
3004866,236.32865211206249
3004867,2.444861012280538
3004868,5.495437258891766
3004869,2.7772461277641427
3004870,72.93527124935031
3004871,0.8813274531714248
3004872,232.89120543557124
3004873,234.9230269492918
3004874,2.4621090628728677
3004875,3.818743538813695
3004876,450.0729037433199
3004877,60.009536961063105
3004878,835.0352956715778
3004879,269.22707119102694
3004880,7.399952886461941
3004881,6.040998023358962
3004882,0.24287894841613392
3004883,1.3323305515473807
3004884,2405.046742055414
3004885,0.031187420226158922
3004886,341.1591910822102
3004887,8.233571286916641
3004888,1444.1410596552143
3004889,465.9855216712541
3004890,302.7716671715566
3004891,160.3576921287007
3004892,71.0495698933884
3004893,3142.5163706025537
3004894,13.038661655563999
3004895,0.5061776470597388
3004896,24.803609616323282
3004897,20.829425079266212
3004898,0.31572106835139063
3004899,193.5726377074054
3004900,1.8680245461601819
3004901,3.5911032749755876
3004902,6.201772171586298
3004903,103.83833822936086
3004904,1.6469315763115464
3004905,97.14679375355456
3004906,183.12960787576628
3004907,2.2036410994320925
3004908,5.639795219965731
3004909,175.86023155798688
3004910,133.52179172661732
3004911,1022.2027369635707
3004912,34.816530364787724
3004913,4.450640887814405
3004914,3.386918503324998
3004915,0.0855701108770977
3004916,0.7884121761211731
3004917,1297.2009778154681
3004918,0.03536577902336052
3004919,232.12337164164828
3004920,6.256369166231787
3004921,604.6499834346232
3004922,294.42446761742525
3004923,163.29314969263095
3004924,55.01536269325007
3004925,45.84108386270758
3004926,2154.351895267673
3004927,11.109714918551356
3004928,0.33726682629114
3004929,15.317526735992136
3004930,11.654846743725802
3004931,0.08814584535446424
3004932,147.24975497936902
3004933,2.2030370772250243
3004934,51.07714144176373
3004935,2.6878427331285746
3004936,154.36238768631765
3004937,2.125857503231522
3004938,114.8342192632705
3004939,128.04892472370796
3004940,0.9751467433211949
3004941,3.7994198058866564
3004942,300.2439067436343
3004943,31.642553348797385
3004944,907.512495132645
3004945,160.71874955414262
3004946,2.4050194533959
3004947,2.354000292537668
3004948,0.060340588866317046
3004949,2.0782432501633026
3004950,1468.0986057147134
3004951,0.050493490330189544
3004952,270.1217328639086
3004953,13.778347131152707
3004954,577.4820796021744
3004955,523.0758801501454
3004956,150.63109956142063
3004957,66.67409631535617
3004958,68.43439760970148
3004959,2165.633116190057
3004960,25.587481623326262
3004961,0.4368134018692471
3004962,10.049732616138883
3004963,10.195705184756772
3004964,0.08932881287594745
3004965,129.7094375750998
3004966,8.15748427456945
3004967,4.7807943186446265
3004968,5.2300041458281115
3004969,69.62432787666265
3004970,5.158920759683735
3004971,572.5476885152233
3004972,144.57263568478822
3004973,3.2122482017012315
3004974,4.746690485793644
3004975,350.5762765465041
3004976,34.27812423769735
3004977,1271.3313385356737
3004978,31.98210220336568
3004979,13.007722571033955
3004980,2.701178782764264
3004981,0.12113435713374562
3004982,1.9043708869838047
3004983,3050.9292567001276
3004984,0.050102025872319364
3004985,683.2904550939229
3004986,21.301330926717434
3004987,1081.7560496166113
3004988,1169.6950120713475
3004989,301.81149547921194
3004990,263.12237076706845
3004991,189.1695422701015
3004992,3742.9793255958302
3004993,22.50560010864562
3004994,1.000909774749117
3004995,14.819682861443008
3004996,28.973645948380288
3004997,0.09994632123235925
3004998,238.3443851314055
3004999,8.289258194199997
3005000,36.16948994213975
3005001,6.211475191620988
3005002,148.27496547434825
3005003,10.797928504738255
3005004,711.5860913299247
3005005,232.5337158357309
3005006,10.065450584224036
3005007,7.931273562109959
3005008,756.1770377693886
3005009,113.03517657298657
3005010,2953.8529476105964
3005011,30.635214380885476
3005012,32.93044875294598
3005013,2.88343531579794
3005014,0.07456542388407632
3005015,3.4018747078691756
3005016,2030.5821224647489
3005017,0.022988274777823347
3005018,363.0186091162989
3005019,6.241788145912055
3005020,475.7516940003944
3005021,562.7952963441077
3005022,172.2419902999745
3005023,131.55701497138335
3005024,89.85823832298816
3005025,1962.1015892144255
3005026,12.72566895124703
3005027,0.5374678971201027
3005028,11.791838359820932
3005029,15.954332661175107
3005030,0.10375234870093294
3005031,119.91903054329227
3005032,0.08867282219703268
3005033,29.224617533198348
3005034,2.8679873473817574
3005035,232.8425253435919
3005036,5.49410903169703
3005037,342.0620813130145
3005038,100.17306969055876
3005039,3.5363668719785943
3005040,3.997597153915772
3005041,257.8544741417596
3005042,33.81591047916858
3005043,1457.1245125456558
3005044,18.738681242933694
3005045,4.611996412533639
3005046,3.4488668423679485
3005047,0.05097731626644112
3005048,1.6633136439057536
3005049,755.3440415040523
3005050,0.04432780948212751
3005051,196.49958855470376
3005052,6.4866235171270175
3005053,391.2059398289821
3005054,196.97511767331335
3005055,111.57486905930128
3005056,38.962208031293464
3005057,37.8284057181036
3005058,1465.516460673437
3005059,16.987429636822537
3005060,0.915680621108103
3005061,9.289588351399598
3005062,10.230171273231413
3005063,0.33885549082818933
3005064,79.42857125802593
3005065,0.5390374137680667
3005066,10.035253651592736
3005067,1.489572625765501
3005068,33.07435820028056
3005069,0.6813785350475178
3005070,427.3619145937045
3005071,145.65193697857347
3005072,2.906854211405451
3005073,1.7778981203950637
3005074,202.3625493766361
3005075,14.574447188167909
3005076,432.68277830497175
3005077,18.630165445150052
3005078,4.8202199268220625
3005079,4.425633888683251
3005080,0.11092460190677592
3005081,2.328202765819823
3005082,2388.8078843952762
3005083,0.12177151526738855
3005084,488.97860234175045
3005085,14.344254849482098
3005086,679.8288377252095
3005087,684.1519471006864
3005088,311.50708399786976
3005089,215.8027874537185
3005090,136.2257259267962
3005091,3001.8954339900447
3005092,16.346791757699393
3005093,1.6335553190027365
3005094,26.268279595089574
3005095,15.694722803812523
3005096,0.13379516234814276
3005097,201.46974933891102
3005098,2.5755448575715025
3005099,22.03584694360986
3005100,5.4424759198577055
3005101,194.3754925478334
3005102,2.8600567557454126
3005103,391.35863858532406
3005104,160.13759777042466
3005105,7.577185566867389
3005106,7.248797688772713
3005107,471.5657039065611
3005108,67.74254826591113
3005109,1973.2141806511347
3005110,6.13457939816516
3005111,16.390161757224
3005112,5.20547834615827
3005113,0.0553090311672995
3005114,1.1317279506972364
3005115,2418.5792753857077
3005116,0.03187345117074101
3005117,432.85226404099967
3005118,17.292300313841114
3005119,999.8689732599378
3005120,541.7388034312045
3005121,392.67100534068203
3005122,138.94344381133268
3005123,64.23641223731647
3005124,3289.292977412905
3005125,8.567926202311437
3005126,0.4375494445612448
3005127,21.64498305888328
3005128,15.845655162879059
3005129,0.23949200273206012
3005130,183.15707174867663
3005131,0.0767929968739913
3005132,6.954609356760669
3005133,3.643039510175897
3005134,57.85714466886027
3005135,1.3815071025790238
3005136,156.23303222801277
3005137,250.0020154841905
3005138,4.2661727026932486
3005139,2.944279997267093
3005140,209.45844704236168
3005141,71.49624988527296
3005142,940.2984263949081
3005143,1.9841549802990972
3005144,0.6717349163243073
3005145,3.602472208292947
3005146,0.15887495241631283
3005147,2.1127830946257267
3005148,2036.720835410716
3005149,0.03762463390119619
3005150,474.94412627610103
3005151,7.939930847005316
3005152,862.2095117752001
3005153,553.8851598131293
3005154,246.16777937658603
3005155,147.4195591782655
3005156,69.82415460030124
3005157,2661.121571771703
3005158,9.526560478570111
3005159,0.4330561157242744
3005160,20.42382745893412
3005161,13.387782360587417
3005162,0.09888331211976778
3005163,186.36949088467424
3005164,0.10542776662288765
3005165,6.772478838277344
3005166,2.3613495566038645
3005167,101.7705150560296
3005168,1.4299523958122498
3005169,97.26640990791645
3005170,177.847985234783
3005171,3.807145715020133
3005172,2.964671242986567
3005173,218.42568046034012
3005174,53.94126216745315
3005175,720.411498524272
3005176,1.5046717003852197
3005177,3.2714848600188593
3005178,9.670424333802188
3005179,0.8185000079261004
3005180,9.395390454595706
3005181,6496.400618387947
3005182,0.05918526584173257
3005183,1077.5466927476152
3005184,49.6531840109179
3005185,1724.5165211099952
3005186,1883.5876361725832
3005187,418.9381914726545
3005188,520.4740504364338
3005189,357.291673578728
3005190,6728.1101540701875
3005191,70.75454545402675
3005192,1.585301783090343
3005193,33.635880099572695
3005194,44.14957567373304
3005195,0.5498417069199488
3005196,510.60161818977645
3005197,37.362234656942064
3005198,55.528179430692354
3005199,18.515215790888277
3005200,300.301282608269
3005201,24.76918592298136
3005202,1313.9078741649196
3005203,445.4394123174818
3005204,11.995492748101078
3005205,19.33877510785433
3005206,1502.40923703949
3005207,216.40005162085936
3005208,6116.921699648323
3005209,8.226309113976836
3005210,108.14851824439401
3005211,2.679176922903708
3005212,0.18266079334878804
3005213,0.7477436445110246
3005214,1327.9644026731276
3005215,0.026578239798542534
3005216,132.70262366718066
3005217,4.307103285929266
3005218,612.781326942576
3005219,229.8579002136629
3005220,144.54340591644535
3005221,144.06734277310252
3005222,48.14801535932826
3005223,1858.9920143633258
3005224,4.74815694160718
3005225,0.2913596822837374
3005226,11.193335844099636
3005227,8.257898527744512
3005228,0.3892691287089372
3005229,126.86567407118747
3005230,0.2980250544571315
3005231,50.93447398682916
3005232,3.5648607686269966
3005233,29.57657161424601
3005234,1.0003321492529864
3005235,60.122390580859445
3005236,94.56043608946695
3005237,2.2888999379431887
3005238,3.5040468884645986
3005239,139.01191302984415
3005240,16.16300641856893
3005241,459.6151232644796
3005242,32.23791163498468
3005243,3.1009622189977764
3005244,5.059794894896536
3005245,0.06585580247152788
3005246,1.375622983610752
3005247,2371.199205590608
3005248,0.02037223395401985
3005249,498.93661150014157
3005250,8.269874900422272
3005251,1117.4949562640932
3005252,547.2298900390933
3005253,300.3577593346117
3005254,279.54728026256214
3005255,87.59838067848352
3005256,3237.6940970555675
3005257,11.284366867994436
3005258,0.25986980666999404
3005259,18.854813471099156
3005260,15.197172209990324
3005261,0.15054969038499885
3005262,234.1219140757666
3005263,1.0483909485833793
3005264,7.222029771965149
3005265,6.114481528379204
3005266,19.74394137908682
3005267,1.136461428296782
3005268,335.4387912116613
3005269,216.52470522479047
3005270,2.466769143145815
3005271,3.493732080633344
3005272,160.22845765996732
3005273,52.830889655698314
3005274,1052.5952736998825
3005275,2.0459336891323083
3005276,3.3832170592265047
3005277,1.425370806305991
3005278,0.029596398581134366
3005279,0.13516336555070158
3005280,841.4787189283325
3005281,0.02096732393735627
3005282,102.46586445662652
3005283,2.807295437167091
3005284,603.5465975535765
3005285,125.58727710164452
3005286,107.87555202268547
3005287,144.0892985315325
3005288,18.203276811938444
3005289,1507.6264021567385
3005290,2.8865635088816144
3005291,0.3576622824825918
3005292,8.933301907077757
3005293,3.115641856687673
3005294,0.0850234907953101
3005295,61.79517383673661
3005296,0.0640361958577907
3005297,50.328146077314685
3005298,1.130223951100678
3005299,31.8508058381987
3005300,0.5254783705940604
3005301,58.82296864691278
3005302,61.37799373274038
3005303,0.4835478906602273
3005304,1.226430370239168
3005305,69.36839187862086
3005306,10.540479784520652
3005307,191.37868056910963
3005308,31.863035700074015
3005309,1.1040643975465885
3005310,4.743226750769676
3005311,0.07091359849291096
3005312,1.215692790600602
3005313,1853.6178344525986
3005314,0.037508989757775404
3005315,180.56978745157167
3005316,5.503608525338757
3005317,699.7863144645347
3005318,290.2278989727415
3005319,189.6835880457391
3005320,67.30395101505293
3005321,73.75035844351756
3005322,2370.8808721298074
3005323,3.869956307999309
3005324,0.976345220847978
3005325,21.77251313544072
3005326,12.060028298171897
3005327,0.29835084533599
3005328,162.46757291093394
3005329,0.2684213966841532
3005330,51.80095326713639
3005331,8.148115111227856
3005332,23.002219430296545
3005333,1.4025674455653547
3005334,209.04190618505947
3005335,154.8738291155951
3005336,1.1819247606869145
3005337,3.269119330628892
3005338,220.32025140665337
3005339,18.293797350330678
3005340,975.1876826011645
3005341,32.008577091028826
3005342,0.9260732644652679
3005343,3.230570963909809
3005344,0.07698933564507487
3005345,1.5765184085703323
3005346,2045.4291970263116
3005347,0.03703428159752337
3005348,577.8267054315619
3005349,6.624649077040206
3005350,917.4750790192115
3005351,505.267563564477
3005352,245.30031889956797
3005353,134.75337177895472
3005354,65.82094089981535
3005355,3312.335007151937
3005356,4.202790768560483
3005357,3.0955658203579994
3005358,23.653302704205025
3005359,23.184802585958995
3005360,0.28038630821150246
3005361,172.7756003968841
3005362,0.5906647427273809
3005363,7.54268216595987
3005364,2.2874689263505457
3005365,48.336908860807085
3005366,1.7583093946884236
3005367,173.35123994955313
3005368,228.83343365783605
3005369,2.9346934144465644
3005370,3.9439313586208633
3005371,169.73104086593383
3005372,30.20354585136782
3005373,587.2759119986122
3005374,1.2950531749441607
3005375,1.5572879961607469
3005376,3.2680573936457527
3005377,0.03333061187731276
3005378,0.08900318628237733
3005379,1209.4205177881217
3005380,0.02113208717565154
3005381,93.06162022964152
3005382,4.790900235773112
3005383,414.9339662851052
3005384,125.15075052970502
3005385,113.21230923566867
3005386,126.0802220852722
3005387,34.561257529403555
3005388,1611.7363511540693
3005389,5.395725614986123
3005390,0.27204623883775814
3005391,8.016160448864202
3005392,6.8181267206563225
3005393,0.2700473919920723
3005394,90.5238174342126
3005395,0.05230942960015526
3005396,50.89645826629717
3005397,0.9637492420278858
3005398,29.06167721367354
3005399,0.7589133341989713
3005400,157.28216945504244
3005401,71.92773643842679
3005402,0.8379511316366715
3005403,2.2184924816437595
3005404,68.20614451305771
3005405,18.044789531216345
3005406,339.97296715077096
3005407,25.850309300901294
3005408,0.17125077240905984
3005409,3.368136165585505
3005410,0.05969872922566628
3005411,0.44633043937148387
3005412,2755.145015233263
3005413,0.0759659158367688
3005414,415.6810797338251
3005415,9.56059441531841
3005416,817.5619128664505
3005417,475.1077716524534
3005418,214.18401807616206
3005419,96.27725860211152
3005420,117.3725570229401
3005421,3206.000905703455
3005422,6.621422822351628
3005423,0.683690413657824
3005424,18.68528266042609
3005425,13.171464873686675
3005426,0.2104261881998498
3005427,206.45771195870427
3005428,0.46492811705349535
3005429,27.364895205789335
3005430,2.300342105394244
3005431,55.188133908067854
3005432,1.0467387913658213
3005433,187.44677012773536
3005434,167.55930833313548
3005435,1.4736329595649762
3005436,3.3222243787832433
3005437,138.04305480989413
3005438,39.5357729202035
3005439,1072.7804189401204
3005440,32.079947877745134
3005441,1.160702517324353
3005442,2.932074915524542
3005443,0.037974790094217885
3005444,5.034917669689511
3005445,3514.0086022454907
3005446,0.024177266818320914
3005447,536.6607645022375
3005448,9.051432011347206
3005449,943.9396073435398
3005450,863.9923802347266
3005451,180.3159485456032
3005452,143.1714505723844
3005453,123.42994987526754
3005454,3602.3188906522637
3005455,72.8990783338165
3005456,1.0636589179638285
3005457,36.42390435583715
3005458,22.594671044888447
3005459,0.1438658627747637
3005460,257.3549880386596
3005461,18.16375175650358
3005462,32.69740918117107
3005463,2.6867861702640186
3005464,154.21377346286803
3005465,8.12051557522177
3005466,331.23737351127124
3005467,307.810609623239
3005468,9.22797503689946
3005469,13.857842078622145
3005470,311.14759546837774
3005471,76.66137950030382
3005472,2475.690908162015
3005473,31.967359656610274
3005474,20.734299623819677
3005475,4.319683024920225
3005476,0.10375670798598977
3005477,4.892300892503301
3005478,2601.888315776401
3005479,0.05526844134084724
3005480,379.2882520578866
3005481,15.177095928728608
3005482,1000.7387779361512
3005483,800.6020803236933
3005484,173.3659522794954
3005485,95.32959268625702
3005486,114.3899996058521
3005487,3612.080390907833
3005488,25.614444679687864
3005489,1.1609671554784824
3005490,28.886320083240875
3005491,61.15999993854669
3005492,0.1252357585538491
3005493,334.87903230929174
3005494,11.052528419478206
3005495,18.467082533672894
3005496,6.298335388737525
3005497,124.90161848988468
3005498,9.598379682197091
3005499,229.43153673249304
3005500,364.62597988205164
3005501,7.1476453579143495
3005502,7.88663857109011
3005503,174.3907180902022
3005504,97.22545750714085
3005505,1882.7829805318565
3005506,32.24114568030935
3005507,21.243299316990626
3005508,6.726927465022637
3005509,0.18000358636711022
3005510,1.8981544694004688
3005511,3568.6205071895056
3005512,0.03274197995015828
3005513,643.3741618190288
3005514,9.26225868939966
3005515,1832.1747060594178
3005516,609.2581017244225
3005517,202.22360326886403
3005518,271.69701135182856
3005519,81.78743012210607
3005520,4868.5316774076555
3005521,24.735287494693626
3005522,0.9310865913634443
3005523,19.490153113764062
3005524,19.50151884721506
3005525,0.18083423748798583
3005526,262.95854142368273
3005527,4.057780510565961
3005528,14.234840417276171
3005529,8.36583048091839
3005530,78.56282290282495
3005531,3.3786927739044303
3005532,145.36278370649393
3005533,251.74977927697327
3005534,5.224828371080635
3005535,10.026972658625795
3005536,312.73327927756486
3005537,54.52902225463957
3005538,1537.0596644742855
3005539,10.15825587156284
3005540,12.459249295969693
3005541,3.478161427243707
3005542,0.08052438749978233
3005543,4.07402038522423
3005544,2530.828373481362
3005545,0.07016840755773462
3005546,360.9354847573344
3005547,9.590810585486977
3005548,777.9632502397508
3005549,685.7344497990672
3005550,249.09379577641283
3005551,139.5140604981731
3005552,105.3762561475802
3005553,3186.72636998477
3005554,29.288782728160474
3005555,1.0400498586301292
3005556,14.645632710925785
3005557,16.981145341951656
3005558,0.20791034656745466
3005559,260.2388673984603
3005560,14.896870230813516
3005561,27.473241947987617
3005562,2.2742023356463585
3005563,140.5846272802068
3005564,5.84375624666556
3005565,588.5078360420918
3005566,207.91729975605813
3005567,4.800604814443319
3005568,7.797190291122609
3005569,508.4925062200515
3005570,41.0107913508311
3005571,1965.2550320144856
3005572,32.21436384168791
3005573,29.623521226041536
3005574,4.23032200214386
3005575,0.12356513007531433
3005576,3.4512901945047787
3005577,3889.9459835768725
3005578,0.03494379766120082
3005579,349.613357756444
3005580,12.05238193878133
3005581,1592.779322319979
3005582,526.0276738910467
3005583,286.9689300525213
3005584,156.20411876256455
3005585,89.63027813870916
3005586,4811.430093701724
3005587,13.049706718985476
3005588,1.5668044934788241
3005589,21.966975090340252
3005590,24.76496859812806
3005591,0.2489959500673951
3005592,351.22498197239304
3005593,0.3797849258977435
3005594,49.75391888484635
3005595,4.451596061026621
3005596,43.04341415007826
3005597,3.32237357326061
3005598,142.77875006920837
3005599,266.8145586499547
3005600,2.630243798470759
3005601,5.974365894580405
3005602,282.4141506366435
3005603,57.4047867525004
3005604,1013.5460521665914
3005605,30.86898983922334
3005606,3.7169633361797514
3005607,3.8487096561828116
3005608,0.0706427834489172
3005609,5.221466098860612
3005610,2382.097772846092
3005611,0.029429568253287828
3005612,410.9196774287425
3005613,11.853874754149725
3005614,1338.3746385633117
3005615,600.3240997892319
3005616,229.9990236326767
3005617,130.97480279049117
3005618,131.97440656379837
3005619,3464.556013468331
3005620,46.07347538773161
3005621,0.9797530360012334
3005622,15.659045353034863
3005623,25.83126169321278
3005624,0.16992983543189444
3005625,219.13338604793597
3005626,14.743233695908984
3005627,28.620201776710353
3005628,6.98050447062757
3005629,214.2593921656987
3005630,9.14775009643948
3005631,327.17871390702084
3005632,268.3716009219109
3005633,10.530799044674096
3005634,8.243748870058177
3005635,240.2668728425805
3005636,55.50437234834451
3005637,1852.5075835449793
3005638,18.280566883716997
3005639,7.399868212391335
3005640,2.8740011873760443
3005641,0.038295687328123156
3005642,3.2187825471051497
3005643,3050.7552905341017
3005644,0.0263494666412832
3005645,419.7885915838815
3005646,13.382261186790625
3005647,636.3290190819829
3005648,803.3844980535339
3005649,199.9226471924698
3005650,158.51423712513213
3005651,144.61997066519174
3005652,2987.9632076073995
3005653,32.712903715720856
3005654,0.5160536246993409
3005655,18.02301010198755
3005656,19.04570285048168
3005657,0.1532213539882642
3005658,173.8786006950139
3005659,13.747938448896903
3005660,40.956288820074995
3005661,4.510451557218155
3005662,90.57410217292704
3005663,8.068689928373907
3005664,306.2367774437785
3005665,208.63426264172077
3005666,6.4331234326508255
3005667,5.775664405829742
3005668,267.24615562957706
3005669,60.05953561308614
3005670,2108.189896008551
3005671,32.48084537438371
3005672,15.278972571474531
3005673,3.830774481226894
3005674,0.12309617361906373
3005675,2.6307488201931113
3005676,4081.343408178256
3005677,0.02829879716262467
3005678,556.8533542578418
3005679,22.080138717952913
3005680,1165.2762611094638
3005681,541.9612635349773
3005682,282.41752083133423
3005683,168.55683695866333
3005684,65.94196264162682
3005685,4319.722597025659
3005686,10.570984530978935
3005687,1.040884178116982
3005688,13.538413454106376
3005689,15.773958447310056
3005690,0.2486250764196135
3005691,206.39176405592085
3005692,0.47210831310032453
3005693,8.489157921172938
3005694,3.9324755557943143
3005695,72.60657215085575
3005696,4.061759982384649
3005697,210.8447861873502
3005698,263.19451500680964
3005699,4.1347404666141925
3005700,5.146346554201109
3005701,362.9087014921251
3005702,121.12761584731534
3005703,1192.9885395445308
3005704,1.72307717046693
3005705,2.6665861576375924
3005706,10.268094927405116
3005707,0.03942325845369192
3005708,15.784150885709932
3005709,8992.029988812903
3005710,0.027642878386241382
3005711,1454.9976672355028
3005712,35.51705626569815
3005713,2389.766645932119
3005714,2205.6512074130696
3005715,668.4852742109267
3005716,614.4653250188226
3005717,501.65960125479336
3005718,9158.134110719046
3005719,93.81442794509559
3005720,3.4347690267465527
3005721,111.19768657000658
3005722,101.07209893996244
3005723,0.2995728385398875
3005724,665.8939012562641
3005725,33.66483288035314
3005726,27.7155744449829
3005727,17.02167027468996
3005728,471.69036218037945
3005729,22.009567981435843
3005730,1523.6899860763474
3005731,561.7596816106706
3005732,32.94411478690206
3005733,28.84966961298937
3005734,1778.0024810075015
3005735,254.01589243210168
3005736,7840.4288988016615
3005737,44.0301366404279
3005738,120.20979544926732
3005739,12.803138174874857
3005740,0.033049931111252
3005741,12.391526396538513
3005742,8700.635506391029
3005743,0.06494841581236843
3005744,1145.5996081149178
3005745,23.858305660752627
3005746,2576.9659985973162
3005747,1986.6236394529478
3005748,824.6576020727042
3005749,387.00095464645386
3005750,345.012151000578
3005751,9842.168576075206
3005752,150.74184141623343
3005753,1.693056269941541
3005754,37.89922597100241
3005755,75.25127217933982
3005756,0.4530666033847208
3005757,613.56809685302
3005758,33.00091471907554
3005759,40.03650577639888
3005760,23.817298218951795
3005761,299.22241489668517
3005762,16.057520230701698
3005763,1989.5460180807108
3005764,606.591453811774
3005765,19.217782266435908
3005766,27.782531735921133
3005767,1775.4259714731243
3005768,247.2802262687996
3005769,5503.744241220946
3005770,199.70639978741121
3005771,89.04220156307984
3005772,8.81372795644119
3005773,0.04069911785640602
3005774,12.804780302410704
3005775,5566.6168143136865
3005776,0.13258894132045723
3005777,734.3187068262675
3005778,15.43971600990428
3005779,2105.9990995236394
3005780,1299.4443611158993
3005781,824.527423186125
3005782,149.98485754309468
3005783,222.9279004030074
3005784,8851.262549452873
3005785,56.01159407774279
3005786,2.017168401775133
3005787,30.534993973950883
3005788,24.965030790927656
3005789,0.33262585905120423
3005790,578.1177027431173
3005791,28.883740219886782
3005792,28.827932175781065
3005793,10.945413303249325
3005794,160.58849447626767
3005795,9.990429491403406
3005796,1792.330919806399
3005797,601.5874833140103
3005798,19.67848111876512
3005799,31.6641817561791
3005800,1037.106948339172
3005801,136.02879780448208
3005802,2384.7130074110155
3005803,41.974879901688496
3005804,55.92589977749088
3005805,14.22396909917201
3005806,0.032926221673682685
3005807,13.623089130213721
3005808,7889.392230538422
3005809,0.06685268852344647
3005810,1054.364955500068
3005811,22.44855182698474
3005812,2246.5135764544707
3005813,1921.3628024509123
3005814,766.8976021426276
3005815,362.67245506222514
3005816,251.3288031639088
3005817,9735.511544825205
3005818,62.582286582389756
3005819,1.0465598217017582
3005820,46.02283116941513
3005821,54.09556594503411
3005822,1.0094787976436714
3005823,660.5372964279184
3005824,37.94978122790314
3005825,29.37643720539192
3005826,50.08261159412656
3005827,286.8285910100842
3005828,13.022506484133466
3005829,1664.8341026000235
3005830,617.6507124250792
3005831,18.229533640940595
3005832,21.984132858501052
3005833,1375.219173001642
3005834,218.04239279849665
3005835,4948.279465310712
3005836,60.28495001405642
3005837,75.70189691595613
3005838,10.169150862344972
3005839,0.04225732727658783
3005840,12.733087383146918
3005841,4693.980702379749
3005842,0.021508067179092472
3005843,645.322672304527
3005844,21.31611485210543
3005845,1863.3009000128845
3005846,1090.9052519483334
3005847,653.5713100745469
3005848,124.18054713608822
3005849,178.83750181828725
3005850,7305.910965663843
3005851,56.19140655393564
3005852,0.8423496490881135
3005853,34.48539904341232
3005854,38.96805962994436
3005855,0.993532864629517
3005856,566.9086641535803
3005857,32.92709654578885
3005858,12.874665064014899
3005859,24.627192100698622
3005860,168.52810144016516
3005861,5.6683001318858315
3005862,1608.8347782330752
3005863,701.0648908814181
3005864,12.848527548854507
3005865,23.082400145906654
3005866,1137.3584706472006
3005867,86.25296361960268
3005868,1854.4660522978822
3005869,80.23843885852745
3005870,31.390900123996786
3005871,9.996809074172257
3005872,0.04388662806197075
3005873,8.421593047883848
3005874,6560.157796881049
3005875,0.04812125455658595
3005876,1121.0755236336724
3005877,25.99273337969449
3005878,1653.0197718000181
3005879,2035.5325040560213
3005880,530.7282055075848
3005881,480.1718869564121
3005882,377.5309782432475
3005883,6951.869249434659
3005884,61.315670425649074
3005885,0.9105121404266789
3005886,42.501701271580984
3005887,45.15062802073235
3005888,0.30232798068385947
3005889,491.52346455753354
3005890,11.350085722637044
3005891,36.0685692227295
3005892,11.270044099488098
3005893,330.3222250092018
3005894,15.19926882581287
3005895,1389.3961971217946
3005896,470.6567890385451
3005897,18.951328609682896
3005898,25.686353376566316
3005899,1247.3083080577462
3005900,215.3781163051999
3005901,6541.748877031818
3005902,23.357360134971803
3005903,102.69796286595951
3005904,3.3770880000187504
3005905,0.17915737349560487
3005906,4.7347270075402
3005907,1642.8797814177922
3005908,0.03348828497367439
3005909,309.5778472158382
3005910,25.0220656159134
3005911,845.216759170019
3005912,471.1534347455996
3005913,218.79091577064398
3005914,96.01414944308044
3005915,101.46445054998185
3005916,2721.2582561789
3005917,69.828497008716
3005918,1.0646127027583798
3005919,25.098489295798284
3005920,22.17567565314539
3005921,0.3439391770713509
3005922,224.65806764526712
3005923,13.200738381020443
3005924,10.798294863601706
3005925,7.6670984873310974
3005926,77.73121615666079
3005927,5.774715789673546
3005928,306.0790019566955
3005929,201.7877132370154
3005930,3.3798435985728696
3005931,6.891121016406895
3005932,296.63554624078085
3005933,53.693326103264525
3005934,1468.093699510256
3005935,13.837301684101051
3005936,13.503258005295791
3005937,7.112271130105496
3005938,0.04735754904764166
3005939,12.532115773219836
3005940,4492.894508838457
3005941,0.0730666703956186
3005942,576.89468026579
3005943,28.083561254874542
3005944,1721.3085879738424
3005945,997.441127190044
3005946,538.8753267925013
3005947,119.6368994920022
3005948,174.1165732604778
3005949,6030.011733893212
3005950,165.93077790168508
3005951,1.311833772395382
3005952,47.464561516666265
3005953,32.2115159768147
3005954,0.4603083763354232
3005955,519.3514015774774
3005956,23.033878538184148
3005957,12.182065334820562
3005958,1.7341783162682205
3005959,179.96271734420384
3005960,7.2113895870469005
3005961,963.1901673041268
3005962,484.6320452362707
3005963,10.748435489173476
3005964,19.79892502512983
3005965,526.1607215064406
3005966,82.95982224932307
3005967,1958.7518917655625
3005968,417.1539729723252
3005969,25.02364009960419
3005970,6.541526112967574
3005971,0.03932031845376993
3005972,4.179792533694572
3005973,4540.30202598528
3005974,0.03798756554739084
3005975,803.5071295379921
3005976,7.272060984305705
3005977,1401.8973554992267
3005978,1537.4856813638048
3005979,294.4702663612512
3005980,401.89718064447595
3005981,316.6020315584782
3005982,5104.28495088047
3005983,40.21765394496909
3005984,1.428909437088626
3005985,24.63990617188997
3005986,37.28901928344925
3005987,0.3408074042001398
3005988,333.1725798747933
3005989,2.0817637322319267
3005990,45.991536533955625
3005991,4.800690184781755
3005992,199.50114317514144
3005993,8.393404148220917
3005994,1137.8688442567102
3005995,259.69354603771393
3005996,15.642698447442402
3005997,7.9533659528888005
3005998,2748.6931410287425
3005999,122.02558309099149
3006000,4639.200350468403
3006001,3.989842828902784
3006002,59.30606396493512
3006003,9.114878617041681
3006004,0.08949868854615761
3006005,6.139665869895719
3006006,4103.7526997564255
3006007,0.060343620648766416
3006008,852.6711375983298
3006009,12.444846402348132
3006010,1699.1859346111771
3006011,1144.946425772063
3006012,409.4725281821825
3006013,231.07360403976406
3006014,397.2319745504713
3006015,5537.265209786492
3006016,48.519094789949015
3006017,2.7577743070924843
3006018,39.55465940482138
3006019,39.93179265929288
3006020,0.5452043504950848
3006021,368.70406972802095
3006022,5.139059623801727
3006023,47.881499688319174
3006024,7.018366942849559
3006025,288.23614810101725
3006026,7.285525565520107
3006027,902.9318694335793
3006028,309.99004880518083
3006029,11.425699432087027
3006030,18.559437852667344
3006031,698.2357943945653
3006032,139.08304328028947
3006033,4239.210280593463
3006034,2.0046636583989623
3006035,10.200797754604691
3006036,7.124455763755449
3006037,0.05890010002302364
3006038,2.247993534838099
3006039,2494.7495256019065
3006040,0.038668443585197346
3006041,416.57414734653844
3006042,5.357088195535408
3006043,997.8030602428162
3006044,449.5260025593127
3006045,262.43877738205765
3006046,98.45981709321725
3006047,134.69036770470274
3006048,3192.215324075266
3006049,8.298447473357875
3006050,0.8333705133318787
3006051,17.04549535313054
3006052,16.59638248444024
3006053,0.20751928271900522
3006054,208.17960001445056
3006055,2.6104339585675143
3006056,10.989245506986578
3006057,6.752598181832251
3006058,97.46009742490125
3006059,2.120201385587582
3006060,476.21896506236385
3006061,170.7129317120038
3006062,3.853725916739858
3006063,5.129197140580295
3006064,255.4847611746596
3006065,55.376663627362774
3006066,1868.0752008580826
3006067,33.43190812905558
3006068,3.1675463068178553
3006069,7.070341743555462
3006070,0.12399527060843676
3006071,2.2838698896989644
3006072,4167.65099658807
3006073,0.15044328299000242
3006074,224.63164430665913
3006075,12.258050045551535
3006076,1089.8303951055282
3006077,236.78569470906493
3006078,229.1317483664722
3006079,76.14065761186816
3006080,45.232213485312386
3006081,3213.68766221136
3006082,17.900500587484924
3006083,2.325801464061936
3006084,32.95355786098192
3006085,17.60896379168856
3006086,0.45019294485737393
3006087,218.99077388878504
3006088,2.3179287393832033
3006089,98.7584069417648
3006090,6.52444106837337
3006091,33.031270695662954
3006092,6.180406518181103
3006093,60.81695655662847
3006094,161.4448956865316
3006095,5.5310486829984535
3006096,10.751152988939342
3006097,84.31237131310368
3006098,69.6919112775683
3006099,651.0373933562907
3006100,40.46033878470902
3006101,5.669061471343392
3006102,4.7735289509850105
3006103,0.0975473264232464
3006104,4.713329157768785
3006105,3268.6119387077497
3006106,0.05007060343740581
3006107,502.15578558618233
3006108,14.937951148587583
3006109,1471.0750047492531
3006110,902.7604583452605
3006111,408.8106137451671
3006112,184.08316867473638
3006113,163.17019067964986
3006114,4353.922900297322
3006115,31.963863087339647
3006116,1.4257660012432425
3006117,28.555610907045832
3006118,46.77399234109839
3006119,0.18759694252910997
3006120,387.3766049816488
3006121,18.672424758482546
3006122,20.25575411281624
3006123,11.777101636421154
3006124,150.5327055024282
3006125,8.044544656339731
3006126,708.0220863570178
3006127,260.08134501976633
3006128,7.834805991863852
3006129,11.549446245062832
3006130,765.3170777256893
3006131,102.77918773598903
3006132,2239.5090216388226
3006133,32.36267198223531
3006134,53.28588131890406
3006135,4.385233244678781
3006136,0.14368482182755327
3006137,5.141791591610616
3006138,4210.095730334513
3006139,0.041512367238827834
3006140,664.72773513367
3006141,23.403366881994394
3006142,996.2164199749982
3006143,1318.1910966530036
3006144,223.57155928250012
3006145,283.7619974581498
3006146,261.13303071186425
3006147,3910.837564864992
3006148,35.44472145928978
3006149,1.4447224309734423
3006150,25.199539939836136
3006151,24.640116800663755
3006152,0.6935923933685526
3006153,250.06621635829478
3006154,15.811044920179942
3006155,47.655584629833854
3006156,4.410884828087778
3006157,244.76730291523546
3006158,14.231837221679598
3006159,817.2986236828065
3006160,230.40133301221454
3006161,5.78256545215183
3006162,15.663927651585917
3006163,869.1784929059618
3006164,139.0530634371278
3006165,4452.675158496756
3006166,25.84465863207482
3006167,57.3155401486377
3006168,4.7333398450217326
3006169,0.16548960159554338
3006170,8.071789525310383
3006171,4323.404257685673
3006172,0.08310483349650369
3006173,775.6340963354899
3006174,28.281656611960063
3006175,1261.000904123422
3006176,1359.6227418763308
3006177,316.85025193077615
3006178,329.97593472896665
3006179,160.67467341063048
3006180,4604.979078574207
3006181,45.76720593746305
3006182,2.83095663572724
3006183,31.423327029427497
3006184,38.93759666555978
3006185,0.12374769180098538
3006186,339.4240292698906
3006187,20.82278072841062
3006188,31.84434365158791
3006189,16.883847526720935
3006190,168.7321591899983
3006191,15.207801112649683
3006192,881.8713087505187
3006193,307.18122495960915
3006194,15.574225181954745
3006195,15.320124792568098
3006196,946.537748149574
3006197,137.47848481391964
3006198,3862.3337186932654
3006199,16.434573042943384
3006200,58.49091017829073
3006201,5.326461724319371
3006202,0.05367366210089546
3006203,3.5403104063732393
3006204,2670.014151584865
3006205,0.041301834513698746
3006206,447.71776524921614
3006207,12.257822426086259
3006208,1230.106834227887
3006209,577.9298563341639
3006210,578.919145435317
3006211,128.32456034276495
3006212,87.33963088791945
3006213,4642.688817678655
3006214,10.979243481024735
3006215,0.47976747926272756
3006216,27.391902727104895
3006217,22.079751467988487
3006218,0.08970631857242008
3006219,301.1805791588276
3006220,7.479778026038029
3006221,4.696003724004556
3006222,3.924635237469413
3006223,55.560900327579816
3006224,2.5967748433851514
3006225,274.99592194766535
3006226,295.7814473170388
3006227,4.671553243086248
3006228,4.94774416144972
3006229,437.37240326281324
3006230,76.75399114489815
3006231,1109.2252253029233
3006232,47.01448245066153
3006233,9.854972981191818
3006234,5.655230790593141
3006235,0.05791456537680224
3006236,4.668372586549708
3006237,2220.5325572508727
3006238,0.03469117143910306
3006239,357.1586780048857
3006240,15.388312864826096
3006241,685.4942236102709
3006242,683.8117937880373
3006243,141.9418211259262
3006244,149.84691751288426
3006245,143.71878207649033
3006246,2640.017589835384
3006247,18.706686296639973
3006248,1.9339639825970254
3006249,16.746371626655957
3006250,21.45482910541336
3006251,0.8525698405912892
3006252,194.21748263809158
3006253,16.333131112284875
3006254,16.30170925001404
3006255,4.62851602167016
3006256,138.8684967048713
3006257,7.304337568159052
3006258,280.7145133102384
3006259,156.92530865256532
3006260,5.5126333458665755
3006261,10.989665225515544
3006262,264.4955204415968
3006263,66.02640301030202
3006264,2513.6954610414705
3006265,0.03601621351637109
3006266,27.846547559780852
3006267,2.414252465514187
3006268,0.10892567041840316
3006269,1.4981927401263253
3006270,1505.0894160120556
3006271,0.04108483986485935
3006272,112.7054552872512
3006273,10.190443295154553
3006274,1009.0098588955441
3006275,298.194126036188
3006276,257.0008295296458
3006277,38.34449556836307
3006278,56.64103437106479
3006279,2979.438037555714
3006280,14.947215003625306
3006281,0.39969510136972497
3006282,13.739168968085274
3006283,13.211910794311502
3006284,0.16491777422017362
3006285,198.51944194702168
3006286,4.180001936368456
3006287,0.20795043317006884
3006288,2.7330836665726377
3006289,24.617296050232287
3006290,0.9248457724853941
3006291,170.27153627377743
3006292,189.93092142406545
3006293,2.0504810662732162
3006294,7.3233648543086876
3006295,134.74565948153193
3006296,28.669948415787857
3006297,253.85671342667482
3006298,13.136228152185485
3006299,1.6091099610998238
3006300,7.884593201410091
3006301,0.13722432688365896
3006302,4.099980478259097
3006303,3753.2242756741853
3006304,0.03917748132333277
3006305,601.8870297924286
3006306,16.55776852726513
3006307,1612.1383575095138
3006308,602.8050227267162
3006309,414.4203372496195
3006310,208.7914730059504
3006311,108.4394774933756
3006312,5853.533969997772
3006313,44.68416112018633
3006314,0.8173940988698869
3006315,31.768671704510023
3006316,22.680360674172285
3006317,0.27476453213873275
3006318,358.5091475650093
3006319,17.016695113995553
3006320,2.310442776816906
3006321,9.497786813323994
3006322,67.26051026305178
3006323,2.9779893264869286
3006324,506.1146529164279
3006325,316.241249054131
3006326,2.4807009198923087
3006327,12.75156543508178
3006328,345.65475709928876
3006329,122.94093451353343
3006330,1173.4872491585359
3006331,39.573295468122154
3006332,12.27332095457354
3006333,5.051545314613122
3006334,0.05570703791716818
3006335,0.16103578413588696
3006336,1881.1898890559883
3006337,0.03577683564180951
3006338,189.00533173315773
3006339,11.995945884443527
3006340,1241.7494624897438
3006341,466.5703123990618
3006342,201.4692836283103
3006343,58.42163194688157
3006344,55.634236120546234
3006345,3264.904329068834
3006346,14.439873971420795
3006347,0.29779949437000014
3006348,18.39197216515089
3006349,20.050188731783717
3006350,0.3160287295363673
3006351,183.7753062624739
3006352,8.150059368644985
3006353,0.10458993992535927
3006354,7.366414130570207
3006355,64.18198000600037
3006356,1.586932445353974
3006357,156.13428101248374
3006358,166.14234228725968
3006359,1.61209676958091
3006360,6.18953336259556
3006361,163.5365276192008
3006362,30.082652276040903
3006363,419.914897664483
3006364,17.402087587694364
3006365,3.818001781883723
3006366,4.01524031154884
3006367,0.05545080434793358
3006368,3.9609241769430827
3006369,1791.103683300793
3006370,0.0345699954861633
3006371,142.7098989870109
3006372,8.235931679214808
3006373,963.0980566565892
3006374,361.1434915474416
3006375,199.70744137916404
3006376,42.09023626778435
3006377,49.801638630700936
3006378,3210.744363208324
3006379,24.907046933106827
3006380,0.3660988248891912
3006381,20.812770463548084
3006382,14.214680198823627
3006383,0.20304179747351897
3006384,164.22010007516582
3006385,1.4696381178814903
3006386,0.11775709918467857
3006387,2.8073825524589795
3006388,61.70265919661716
3006389,1.6723823534595397
3006390,167.08406117521804
3006391,209.05434392158196
3006392,0.7638384245574916
3006393,5.270213097743968
3006394,131.36542817652378
3006395,25.37345951235507
3006396,222.0684653316344
3006397,13.038828059106873
3006398,3.1304777996653925
3006399,4.013758305173545
3006400,0.14642324744614377
3006401,2.931737651222276
3006402,1549.2294955436166
3006403,0.05264028792434465
3006404,188.46418249930815
3006405,6.78599043486919
3006406,1568.3192692677897
3006407,445.38834831479755
3006408,262.9337661532659
3006409,44.859678543559816
3006410,73.9446167815212
3006411,3471.2930009634065
3006412,17.25779805974046
3006413,0.6595263473196047
3006414,16.515042901174315
3006415,21.02444250616803
3006416,0.13208898991000662
3006417,263.0426738917517
3006418,2.160417459451325
3006419,0.11214828326687834
3006420,2.609054645538162
3006421,31.73646888445002
3006422,2.3384034802445712
3006423,288.36761109975146
3006424,294.9484270357776
3006425,1.816873814441673
3006426,3.72331145885969
3006427,149.98947556044297
3006428,85.24028931587154
3006429,492.99352200020576
3006430,5.021686913012818
3006431,6.184358428019967
3006432,3.424310713862404
3006433,1.3356906378854747
3006434,2.3590728880522494
3006435,1647.689662701813
3006436,0.02907867065041462
3006437,170.8891218947047
3006438,3.81147267990612
3006439,963.2865062555493
3006440,342.78577376751616
3006441,237.24375600361628
3006442,69.49877633135378
3006443,98.70584033700746
3006444,2669.296389436139
3006445,11.497521266642092
3006446,0.5691165599135932
3006447,18.249059642828684
3006448,14.497797989052852
3006449,0.23719572372264186
3006450,222.22137241244684
3006451,7.315458830340117
3006452,0.10538213598909502
3006453,5.085988435898981
3006454,33.924901925783004
3006455,2.1398239884389327
3006456,132.9711197322153
3006457,204.16023405804202
3006458,1.2722434803111065
3006459,4.192132190446171
3006460,111.95698965865614
3006461,42.61450062175909
3006462,658.4049061382586
3006463,43.08913878575198
3006464,4.0940804376492
3006465,7.005191290549949
3006466,0.1637280188646364
3006467,1.421663468869806
3006468,1412.3330231078162
3006469,0.047423725475526826
3006470,153.94570283286325
3006471,8.457248896696106
3006472,946.123043458437
3006473,283.0111741295035
3006474,173.85280342419446
3006475,125.47535384417881
3006476,63.191282421210985
3006477,2331.1653350180627
3006478,7.67591443859091
3006479,0.4534488369846876
3006480,12.802328258122744
3006481,14.468189389532446
3006482,0.30819163276877704
3006483,166.78048371401198
3006484,0.20745866802823615
3006485,0.10714887623977734
3006486,2.8189240645178595
3006487,46.94621461373018
3006488,2.3853048185943813
3006489,68.547877211733
3006490,170.2931252436797
3006491,1.0414377071611332
3006492,2.8496547990086087
3006493,70.64541753941052
3006494,34.54723639075013
3006495,520.2739824966861
3006496,0.08170190873846736
3006497,1.2189026323067862
3006498,7.967213973812468
3006499,0.4495168989250135
3006500,5.182240528201158
3006501,3311.1793846962437
3006502,0.04291980645029941
3006503,335.68662323998666
3006504,7.623907254142904
3006505,1342.0530324513086
3006506,708.0891821716933
3006507,571.8351587014517
3006508,160.62907564239575
3006509,168.7411542321117
3006510,4554.3382415121505
3006511,22.92155655608341
3006512,1.17789730962447
3006513,18.957192188669215
3006514,25.332885258653405
3006515,0.4344659289925381
3006516,290.5426854029392
3006517,1.7587406531080023
3006518,0.4431185367647063
3006519,8.661809865563837
3006520,56.54480215316928
3006521,4.639975757242954
3006522,222.89894972846201
3006523,273.84515877422314
3006524,2.4249960662471786
3006525,10.092633174636427
3006526,450.2358161561363
3006527,64.48225053349408
3006528,1386.1389660662808
3006529,51.61829398232658
3006530,18.60202620335024
3006531,5.4239161728746605
3006532,0.122690830504036
3006533,5.414970474426593
3006534,2740.059835260956
3006535,0.049023221709532355
3006536,606.9944698417451
3006537,11.098478580790713
3006538,707.5457869893364
3006539,703.4282370707778
3006540,289.6287016891006
3006541,203.69847051475466
3006542,88.89239249830894
3006543,3072.552195731193
3006544,16.63882264887598
3006545,1.0595659646905786
3006546,28.052506651968347
3006547,21.793040265318137
3006548,0.26579102792710696
3006549,206.07541294983582
3006550,12.63640174513611
3006551,6.06000602613444
3006552,9.14999763593733
3006553,71.53507580475696
3006554,2.03150032180308
3006555,124.77938700117635
3006556,177.33506078433356
3006557,5.4553138619957275
3006558,7.175865915499951
3006559,243.78761043177542
3006560,55.160620797422865
3006561,1944.5945603013922
3006562,89.68034682137633
3006563,22.253582404786364
3006564,7.541725834378897
3006565,0.910162647006433
3006566,4.819459017852754
3006567,3730.203285876235
3006568,0.0496448278510801
3006569,232.40538106647557
3006570,10.440137775828703
3006571,1608.1745382762242
3006572,494.6268034407177
3006573,373.75738252176455
3006574,62.4028352775598
3006575,68.12303025436948
3006576,4833.157471654671
3006577,83.31840173791534
3006578,0.9439149780650966
3006579,22.493061458672905
3006580,20.94197068964589
3006581,0.2255203921044756
3006582,259.4273471028813
3006583,11.803332456920979
3006584,0.4649136178824171
3006585,5.435006941761378
3006586,80.41203232857596
3006587,4.150606135903536
3006588,229.97188080886525
3006589,259.3421966626962
3006590,1.6473365568397693
3006591,6.481329692198887
3006592,284.7780235543773
3006593,30.862386086223808
3006594,632.2974514477258
3006595,17.414223004773362
3006596,6.432499484101681
3006597,9.518858586852698
3006598,0.13013284487596208
3006599,9.13095952339189
3006600,3633.0117955961805
3006601,0.07408682439222788
3006602,780.6245124401524
3006603,17.560774462706178
3006604,983.9441598497333
3006605,959.253600289507
3006606,277.8352971254313
3006607,181.68187698049223
3006608,161.3851415572567
3006609,4326.471924647476
3006610,84.5237522706289
3006611,2.0293203948796545
3006612,23.56034265683158
3006613,34.975870367680116
3006614,0.5001053932946531
3006615,330.9577695033096
3006616,30.70530712066548
3006617,24.63655045848698
3006618,9.199237149644196
3006619,165.03967491938624
3006620,13.679054945386934
3006621,525.8404652542263
3006622,301.8479610014341
3006623,11.744822890953916
3006624,11.402411501589938
3006625,547.7266261351732
3006626,121.90945173110195
3006627,2563.4784688377135
3006628,0.17393516436279788
3006629,38.85052006638524
3006630,10.30895386334925
3006631,0.18125893555715994
3006632,6.23547691175302
3006633,4074.9730390866744
3006634,0.06817179695315775
3006635,556.7428173448187
3006636,12.876968109736346
3006637,2063.493168169173
3006638,832.0649029207194
3006639,772.3491809972504
3006640,107.04978114502507
3006641,168.83794418182862
3006642,6199.100942871612
3006643,17.796972141683668
3006644,0.4962631877614624
3006645,26.60308978138343
3006646,15.32227584025103
3006647,0.25564763108223737
3006648,365.6316718350906
3006649,3.4913874062885433
3006650,5.841391480366543
3006651,4.754525157924137
3006652,91.98385817941656
3006653,1.9113862701251427
3006654,316.1826319999194
3006655,406.75305537289375
3006656,5.8553924679346
3006657,8.106286098341096
3006658,382.54957982026747
3006659,84.54177132775959
3006660,1246.0422510475244
3006661,272.5683602877414
3006662,23.17217674745308
3006663,10.458974409919882
3006664,0.18353404809961582
3006665,3.6399839263816895
3006666,3222.0983564521284
3006667,0.04751377944447217
3006668,492.8183176432637
3006669,11.332309048322637
3006670,1693.8754611435825
3006671,652.7987856383957
3006672,338.4080051579585
3006673,222.76930533174811
3006674,157.6837868121242
3006675,4087.1532284826535
3006676,15.478922003634388
3006677,0.620894140341145
3006678,37.516783458693084
3006679,30.84892693416501
3006680,0.3720712177830671
3006681,341.25544954431365
3006682,3.889580626981579
3006683,4.156210371731013
3006684,10.352738946518912
3006685,141.03602093081034
3006686,2.006507878048784
3006687,130.9397979204379
3006688,311.78038402566085
3006689,3.0715694770844726
3006690,7.097927052464532
3006691,192.05545654324027
3006692,144.79231025179342
3006693,1509.8437883480115
3006694,0.6313908751584381
3006695,8.799417606868145
3006696,4.48370169512225
3006697,0.09064659110606578
3006698,2.0382982457419616
3006699,1684.122771231916
3006700,0.04623812067216612
3006701,148.4376587148151
3006702,12.97176932336661
3006703,655.8044768515194
3006704,328.05757658475454
3006705,151.679353513381
3006706,52.44730938210751
3006707,81.26070069668705
3006708,2596.661673038815
3006709,18.001458231899573
3006710,0.39166056918113024
3006711,19.592944698626873
3006712,16.274683862251905
3006713,0.14122822682958208
3006714,191.254182983911
3006715,2.840405788886384
3006716,0.36334516254821664
3006717,3.919584366308108
3006718,132.69173801155054
3006719,2.4963037727825057
3006720,101.75427668665354
3006721,159.06322995376988
3006722,1.6876087678121712
3006723,5.551515107090006
3006724,148.7593867954723
3006725,37.30749595541764
3006726,461.3089398184085
3006727,62.71675837738195
3006728,5.785817864979972
3006729,3.2763892236101313
3006730,0.07147962612141023
3006731,5.666359059970494
3006732,1872.5809820154236
3006733,0.05711654183642784
3006734,296.71779900237834
3006735,21.16283778508228
3006736,609.4073831882386
3006737,534.3237895430354
3006738,158.72522588190523
3006739,58.99785278056852
3006740,86.86276496709786
3006741,2572.9283568365927
3006742,29.39707610959228
3006743,0.47287630241024065
3006744,17.779131155877426
3006745,14.411411814235414
3006746,0.21945405101652699
3006747,149.6238086941246
3006748,17.303937773586135
3006749,5.1364132994951
3006750,3.9007271340192786
3006751,83.18409342713954
3006752,6.7042411573075436
3006753,359.07869056501386
3006754,175.0364412708027
3006755,4.1307068044788195
3006756,6.922101649607143
3006757,292.84448246359983
3006758,44.83432048105006
3006759,1219.8342559726018
3006760,0.03203638420866216
3006761,10.516602219387504
3006762,4.263160359046452
3006763,0.15408449298730442
3006764,4.485631756275665
3006765,3453.1510650813825
3006766,0.06257204191221272
3006767,751.16501569341
3006768,22.2214065799726
3006769,1197.4188188803957
3006770,1412.9170820480203
3006771,291.3317776146542
3006772,235.21918051097072
3006773,196.57134764904632
3006774,4013.332996868243
3006775,26.5125427480316
3006776,1.0288993494191359
3006777,22.00964397080977
3006778,36.206133751635306
3006779,0.19822961668683317
3006780,280.7282752262056
3006781,15.581921156062831
3006782,47.430173691538954
3006783,8.929158882948418
3006784,162.25044242385445
3006785,15.292777870561356
3006786,396.1896954192322
3006787,281.0223127790707
3006788,20.353873911182152
3006789,11.449421692239142
3006790,567.8905561575065
3006791,121.20931117457897
3006792,3010.5151522156757
3006793,0.12580016799781757
3006794,19.30041316253088
3006795,5.012956879538709
3006796,0.10657501403370513
3006797,2.4717677174210184
3006798,2735.8076961374804
3006799,0.041484604876988504
3006800,458.0273502171076
3006801,8.201367417592227
3006802,575.3621929941506
3006803,731.0730851979317
3006804,189.9560464560013
3006805,147.22601540644553
3006806,176.153239593577
3006807,2378.49095048214
3006808,21.78526720628704
3006809,0.9877266676934365
3006810,14.398312547319335
3006811,18.475205389862076
3006812,0.1472092698986907
3006813,131.25711364111402
3006814,0.22308866756910772
3006815,30.09047079581144
3006816,4.289993322794017
3006817,441.14013453948087
3006818,9.512496279857283
3006819,227.9401167945926
3006820,147.693323723581
3006821,4.4045209751181575
3006822,7.075440271173756
3006823,202.2928977321594
3006824,46.147816458770194
3006825,1800.6780718721138
3006826,0.5449727662752899
3006827,3.8582113137932446
3006828,6.855184583781048
3006829,0.0934047063993519
3006830,1.8798795662736083
3006831,1414.000238600086
3006832,0.07681886028244947
3006833,243.8101307884976
3006834,9.771851970446079
3006835,464.2829195766942
3006836,242.74302455224233
3006837,109.9487163435899
3006838,38.50296599719131
3006839,46.61958798065065
3006840,1965.3857045024965
3006841,24.012240971943275
3006842,0.9119260795330116
3006843,10.865935946222738
3006844,15.691303024600902
3006845,0.5384621147766517
3006846,119.05142248850828
3006847,0.8950228271074963
3006848,7.862771882360081
3006849,3.055368524607582
3006850,63.14314821916554
3006851,0.8844825032844008
3006852,312.106325180624
3006853,145.67760709701733
3006854,4.898718140460092
3006855,7.8640599957115525
3006856,186.4495178319597
3006857,28.33910337037549
3006858,502.34962436696924
3006859,0.7540183554473037
3006860,3.393714633482599
3006861,8.243433568403447
3006862,0.2251467013876019
3006863,4.634847464070898
3006864,3714.7600302248156
3006865,0.12718386592079128
3006866,646.9396538946562
3006867,29.418264053562147
3006868,1060.8690926533695
3006869,1065.1000438975218
3006870,327.4989215462569
3006871,238.3490735864512
3006872,233.019151773594
3006873,4233.844567802495
3006874,28.385857119015128
3006875,2.027566970247137
3006876,34.205305947068275
3006877,47.063043994074846
3006878,0.21006797636371166
3006879,265.9953265130885
3006880,6.6700998751094
3006881,48.88054628658841
3006882,8.436119364192423
3006883,328.8124452798526
3006884,6.12517764354213
3006885,309.77581544233965
3006886,286.9810625856089
3006887,11.00674562693293
3006888,9.957724643896523
3006889,422.57019524180566
3006890,89.98942417947727
3006891,2557.0372551779983
3006892,1.0780365066199336
3006893,14.144363702446896
3006894,8.90216473878824
3006895,0.10584192780724222
3006896,3.8544363459159543
3006897,3480.6828672030397
3006898,0.0585435455267117
3006899,665.0130664291415
3006900,24.187195697431406
3006901,1316.4707822395626
3006902,893.3799649229844
3006903,336.71414934043753
3006904,187.68804087887526
3006905,135.70095573315612
3006906,4393.495169016042
3006907,13.282703625356616
3006908,1.150317506611422
3006909,33.79744032021395
3006910,26.78845734870301
3006911,0.31859140069204245
3006912,283.45671699525343
3006913,0.10245184167386047
3006914,9.503832282388814
3006915,5.698683831973241
3006916,97.71290105833562
3006917,1.985830099139905
3006918,225.65308014488693
3006919,273.0475125258752
3006920,6.7000497980220866
3006921,5.122380974981175
3006922,268.212817252861
3006923,80.57115830195383
3006924,1627.1741918644707
3006925,3.2611074533449376
3006926,8.777112865067155
3006927,6.33423329181613
3006928,0.18107347059269563
3006929,1.2825599901724922
3006930,2791.259721678715
3006931,0.06107611559077954
3006932,634.9594397668089
3006933,11.369523124892947
3006934,1057.451224013378
3006935,740.4026373335821
3006936,286.8633777240677
3006937,211.97349859566134
3006938,159.3425521584392
3006939,3436.3105933629085
3006940,20.054224417465484
3006941,0.7321163474003947
3006942,20.536228406382925
3006943,21.463626720780173
3006944,0.20142501763541495
3006945,257.1798355292016
3006946,0.23038998427898633
3006947,6.34615704072703
3006948,4.757488417136303
3006949,157.0926762655756
3006950,2.3260754348058716
3006951,117.65259473767486
3006952,250.54432672838146
3006953,5.816826422357299
3006954,5.71534775140371
3006955,213.7212631601687
3006956,68.45518153020734
3006957,1228.2403991305325
3006958,1.1638704131343587
3006959,6.365972225135367
3006960,15.166139867932694
3006961,0.8469698242114476
3006962,12.985992255585813
3006963,8880.190090255559
3006964,0.059193101403987584
3006965,1251.1244179711787
3006966,57.375684833268714
3006967,2121.213015418339
3006968,2251.9476615288477
3006969,411.78608773049984
3006970,524.3294829558636
3006971,473.51447356822484
3006972,7129.862276247391
3006973,86.44040305929789
3006974,2.150597502637945
3006975,40.05776757511753
3006976,49.39335884441405
3006977,0.3675422696733561
3006978,700.4574123605306
3006979,52.137406726799355
3006980,64.43929787176371
3006981,22.721176875036214
3006982,362.2218282507353
3006983,32.0852089403909
3006984,759.3697922017376
3006985,622.7591448894239
3006986,18.052439865495984
3006987,26.716799342873948
3006988,1162.8363032788423
3006989,263.4074003813329
3006990,6647.326160583414
3006991,1.0705612590664788
3006992,77.14895164250319
3006993,4.823145540924234
3006994,0.19144601970275663
3006995,1.1231490527333825
3006996,1838.011019232391
3006997,0.03012611799193819
3006998,164.49248945959047
3006999,5.694410887454742
3007000,663.7471972688575
3007001,287.30030311660414
3007002,134.92255583935918
3007003,150.5892441374842
3007004,82.9750520026843
3007005,2363.4876532521575
3007006,6.634596721410585
3007007,0.33100874821213533
3007008,16.906156435143068
3007009,9.890031673656885
3007010,0.5033429298577247
3007011,171.84758744362836
3007012,0.43092779048548513
3007013,0.2527646957729607
3007014,5.574817268245571
3007015,45.17297388083844
3007016,1.252356022753553
3007017,63.30855526501993
3007018,108.38588549475594
3007019,3.2017434801038065
3007020,6.152061005365843
3007021,125.7524098478244
3007022,25.843503087550282
3007023,489.5578691416329
3007024,0.1619323613066487
3007025,5.022530631633435
3007026,8.3611760904373
3007027,0.07655418120817477
3007028,2.901552106615298
3007029,2807.1747474914055
3007030,0.029707702618790494
3007031,587.4124937129038
3007032,11.141898306690141
3007033,1470.836900718607
3007034,759.2316953315488
3007035,283.01761143411744
3007036,227.01001862708523
3007037,148.26979104735238
3007038,4507.019701301475
3007039,18.172337930007803
3007040,0.2869276954631859
3007041,23.105163466412314
3007042,20.926684856289747
3007043,0.1693832563693333
3007044,304.36648628388843
3007045,2.060035339408741
3007046,5.542225498234399
3007047,9.55912695526252
3007048,31.48427520304751
3007049,1.6015699561520502
3007050,344.05322056335547
3007051,303.35261975238365
3007052,3.6788150567334905
3007053,6.610451586826494
3007054,151.29957906255333
3007055,63.57236629109667
3007056,1245.406258661997
3007057,1.245883114361533
3007058,5.819319094281142
3007059,2.5352263106556663
3007060,0.04482357447266317
3007061,0.5860121382264047
3007062,1424.4400471066542
3007063,0.03057510490212013
3007064,126.32626552785021
3007065,3.78516995729587
3007066,792.8277406539421
3007067,182.2854807887105
3007068,91.35922988198357
3007069,118.25749689140484
3007070,35.73118825783577
3007071,2023.2476005179128
3007072,3.674028439853584
3007073,0.4228046276307224
3007074,14.523848147414778
3007075,5.363743835614015
3007076,0.17320639510400032
3007077,112.394950506698
3007078,0.07619492469279969
3007079,0.09980266752577328
3007080,1.585144364371065
3007081,42.952524965936085
3007082,0.7925447548075664
3007083,68.36662653738992
3007084,90.98139641396935
3007085,0.4185066442910553
3007086,1.520267414115391
3007087,68.83255175626334
3007088,15.559238142611328
3007089,241.881858603755
3007090,0.02028338130403142
3007091,1.6060329268433595
3007092,7.7639757544224395
3007093,0.0660179394879166
3007094,1.6105320575662478
3007095,2170.5046076656918
3007096,0.04363045057430286
3007097,258.1660234965839
3007098,10.883813340644599
3007099,1115.8062573403608
3007100,518.6544833052774
3007101,204.2145547824346
3007102,181.91271055750195
3007103,139.48242155016877
3007104,3425.6019574676984
3007105,4.610660214154663
3007106,0.9594085571513294
3007107,24.079024683391935
3007108,26.565588157018958
3007109,0.23987991896449656
3007110,325.22850440319013
3007111,0.4632809049162913
3007112,0.3498833036694576
3007113,15.946085144468881
3007114,38.483319125757056
3007115,2.153158388733939
3007116,296.9021925751808
3007117,225.7517847501027
3007118,1.5441681546959967
3007119,5.6191579715619575
3007120,158.27231741272175
3007121,26.104431768308977
3007122,1372.9868746582158
3007123,0.19623488673314277
3007124,2.6515746304933936
3007125,4.566615901336387
3007126,0.22463639473488417
3007127,1.1594815535054055
3007128,2871.080066253819
3007129,0.04037406310051797
3007130,636.9468177877081
3007131,8.878081079655704
3007132,837.3719477368907
3007133,678.5013928727392
3007134,232.42418745956394
3007135,117.94299411967627
3007136,91.64773911414284
3007137,3911.6980055179474
3007138,7.000289467212342
3007139,4.67379614451168
3007140,25.361453109363108
3007141,38.89597556030806
3007142,0.28361389858137065
3007143,224.70984011455351
3007144,1.47560799271543
3007145,8.673983855426126
3007146,2.5910689025848663
3007147,74.54497556827144
3007148,2.36981387020964
3007149,184.40831316481186
3007150,250.45864522512164
3007151,3.212343504682538
3007152,4.716085790991279
3007153,148.21096544237295
3007154,36.33104008591057
3007155,631.2966757862646
3007156,1.4480905450907868
3007157,4.920991130951581
3007158,5.174913677805585
3007159,0.05313263122223056
3007160,0.4236252175743579
3007161,1783.4771299600725
3007162,0.04128266953080316
3007163,105.2105944718538
3007164,7.173472197415393
3007165,541.8744587933995
3007166,210.77248457431642
3007167,103.96685875629447
3007168,147.06753553928294
3007169,86.60651370751414
3007170,2282.2456610019235
3007171,9.320246334911808
3007172,0.36553529844952837
3007173,12.05507710608503
3007174,7.803422080572927
3007175,0.3506761054761113
3007176,121.85383323125454
3007177,0.08568436677492167
3007178,0.24410832139587896
3007179,1.0855142353505318
3007180,84.93786745897961
3007181,0.787814181695599
3007182,176.0913158884543
3007183,110.79874496926439
3007184,1.4011069069693947
3007185,2.4839067200169356
3007186,60.131203042465174
3007187,25.36866397321802
3007188,413.99668965746196
3007189,0.19688816842170226
3007190,2.9305625498699954
3007191,4.780342631763581
3007192,0.06966376436820682
3007193,0.6390244663922588
3007194,3239.9459556638058
3007195,0.07538065980866407
3007196,543.9562096786822
3007197,14.801693758793906
3007198,1075.4039233938745
3007199,611.8569331915618
3007200,218.46562393365895
3007201,111.17872918624914
3007202,163.19955787243208
3007203,4051.5583269642375
3007204,12.703968003539822
3007205,0.5677222425586207
3007206,19.42668930060674
3007207,13.008517009548129
3007208,0.1814663692710996
3007209,241.80029722827476
3007210,0.6537978518298361
3007211,30.043777546792782
3007212,2.281176116999181
3007213,85.56573203994938
3007214,1.3478420134651254
3007215,232.4826988350618
3007216,242.93189239127668
3007217,1.6717138656485167
3007218,4.931428710922633
3007219,122.99790767916198
3007220,50.58087921938749
3007221,1359.1277376260666
3007222,0.5411164467639819
3007223,1.0839206714605818
3007224,3.9741048921055615
3007225,0.05515657405668369
3007226,6.639344432165652
3007227,3202.9823972628574
3007228,0.03728030487678323
3007229,557.3022273690439
3007230,13.64271671617174
3007231,979.9036192247529
3007232,914.2201964765557
3007233,177.3195301920382
3007234,147.97638487505134
3007235,110.61335555885817
3007236,4055.8034033754507
3007237,62.73828496750522
3007238,1.9061909936045294
3007239,32.86571597935412
3007240,27.75493675977029
3007241,0.21462040531118876
3007242,306.4863806393139
3007243,28.4375335417769
3007244,23.75615215276738
3007245,3.1727392161634738
3007246,164.53457142925842
3007247,11.858713085651685
3007248,243.06338725580036
3007249,282.43569319793687
3007250,11.444461085645782
3007251,14.985837420028519
3007252,320.0944348970686
3007253,64.85323836999879
3007254,2706.5380505134153
3007255,0.026644001122356546
3007256,15.886446608737675
3007257,6.447580912445911
3007258,0.11453229781251689
3007259,10.336178964418993
3007260,4291.993946145233
3007261,0.056198561692693695
3007262,535.9092565628805
3007263,19.154438333229255
3007264,1510.0299925876939
3007265,927.6638861399265
3007266,189.17876735532946
3007267,121.00923396208572
3007268,123.30891228360775
3007269,4951.321198279795
3007270,36.8760411310246
3007271,1.6191746516650125
3007272,40.949741088404124
3007273,56.3949171022262
3007274,0.17821494720023293
3007275,509.24311950412664
3007276,28.383549162231052
3007277,23.22952862053515
3007278,9.445145319148368
3007279,141.84303131139248
3007280,13.854290101317766
3007281,165.5772681608457
3007282,590.2338420160709
3007283,9.598605158330411
3007284,12.061937941629166
3007285,169.86062086378422
3007286,94.71312844225392
3007287,2108.709237616936
3007288,0.15651395026988904
3007289,20.917719169018483
3007290,11.056558640097405
3007291,0.42467041929798344
3007292,3.4935478482346523
3007293,4344.724129153631
3007294,0.04065422299862025
3007295,730.7492581854856
3007296,10.503562776780393
3007297,2069.7566340754647
3007298,724.8839402477782
3007299,219.0744591184539
3007300,345.02945747287447
3007301,125.1255777666786
3007302,5138.916889833587
3007303,36.064035956337335
3007304,1.4354931436250422
3007305,32.92665437101776
3007306,24.85617312430397
3007307,0.25716870498942546
3007308,338.8837556826875
3007309,6.779125005510587
3007310,16.361762347675405
3007311,11.376640817186836
3007312,91.38826927435454
3007313,4.35578101144975
3007314,185.84362110012404
3007315,349.1988205149313
3007316,6.08415488089104
3007317,15.768146299381694
3007318,271.9846769000475
3007319,65.6882632896032
3007320,1713.5757131112703
3007321,13.009832290116343
3007322,19.73466802269978
3007323,5.347827213901386
3007324,0.13270166781381845
3007325,5.31309409456474
3007326,3394.068239343217
3007327,0.05643692750386552
3007328,411.57892976694205
3007329,12.295722704082948
3007330,986.8530075052768
3007331,863.6901958483282
3007332,266.76762691659775
3007333,162.55576000243707
3007334,120.94856039639083
3007335,3782.5636941744924
3007336,41.725303616955316
3007337,1.1116473981170825
3007338,18.374011921302618
3007339,22.907711542850226
3007340,0.21319632890205928
3007341,327.21425787100594
3007342,22.350162023760078
3007343,24.461866011668256
3007344,2.817499625449875
3007345,168.66274309012545
3007346,9.04660778427677
3007347,363.18840480967583
3007348,289.7136619414181
3007349,7.025012801626792
3007350,10.341898666048516
3007351,439.94761717897927
3007352,52.08970079901998
3007353,2512.8327085538385
3007354,0.10590695688029753
3007355,25.041052010036218
3007356,6.2089962721027625
3007357,0.14947725283355093
3007358,5.282458836098707
3007359,5061.721505982761
3007360,0.03997424993496791
3007361,441.14079535911446
3007362,15.425365128674322
3007363,2195.2538552254136
3007364,728.0905764672526
3007365,290.3694799043303
3007366,176.0984005149065
3007367,128.15879660938464
3007368,6268.577175508417
3007369,14.337915700692689
3007370,1.8352762927082682
3007371,27.90448730228579
3007372,29.497624086659087
3007373,0.2805209720725857
3007374,505.1035732648395
3007375,0.6374432924607674
3007376,0.7329339302845429
3007377,6.05794133591283
3007378,89.00624504286131
3007379,3.2281660589126036
3007380,159.26615106723563
3007381,396.5244572535004
3007382,3.6454204053237644
3007383,8.71710400805436
3007384,180.23146781258532
3007385,67.49020688088567
3007386,1299.0987820291318
3007387,0.07328446528300583
3007388,5.903667160233894
3007389,6.953367772631134
3007390,0.0744649432453324
3007391,7.7535748671642155
3007392,4201.108858959147
3007393,0.03816235637114333
3007394,569.6458393315161
3007395,13.479449179451015
3007396,1253.007215264343
3007397,818.0416532910117
3007398,276.30206264125457
3007399,156.64733203982752
3007400,185.33619217862304
3007401,4511.169000063406
3007402,61.87940148194312
3007403,1.3359132883744338
3007404,31.017927519894748
3007405,37.433157324012434
3007406,0.24441507078592384
3007407,311.607312107528
3007408,24.44712772321462
3007409,31.041518844217038
3007410,11.263259529378516
3007411,273.5891647536287
3007412,14.067935683025336
3007413,246.9228476958816
3007414,545.159531562304
3007415,13.404718833143924
3007416,11.12513336791417
3007417,210.47752551946832
3007418,71.54798716837841
3007419,2203.21253991696
3007420,0.44851100305245073
3007421,8.481521650411674
3007422,3.7806752058483264
3007423,0.046237349287923085
3007424,4.9676035378712164
3007425,3876.9134407677734
3007426,0.032961878280782446
3007427,560.0474352588427
3007428,18.296478106899706
3007429,869.6788797243292
3007430,946.2681943885513
3007431,207.68390242363114
3007432,164.80722093117623
3007433,127.0829578369669
3007434,3751.4225068362634
3007435,43.0115262804053
3007436,0.6195051618433485
3007437,28.48358456006205
3007438,23.528769481942952
3007439,0.15258424551059335
3007440,257.3909598304359
3007441,26.53132600908235
3007442,48.33421746714551
3007443,7.833956926478541
3007444,130.22062013888242
3007445,9.463366175943298
3007446,297.66102952351173
3007447,256.0557470524742
3007448,9.899478836217314
3007449,8.73825661646603
3007450,278.05609352344925
3007451,73.21575801853797
3007452,2530.142128870164
3007453,0.12676184120183076
3007454,12.428463814722495
3007455,6.6024051910733945
3007456,0.13587247672696728
3007457,6.228368198143986
3007458,5617.66513194599
3007459,0.04148798052433735
3007460,634.6901881975664
3007461,23.772947799153908
3007462,1471.7803132792042
3007463,707.9437545032797
3007464,307.3560072296264
3007465,180.93891138019433
3007466,118.59233719638749
3007467,5272.207323350821
3007468,15.521092162975469
3007469,1.2024707074588055
3007470,29.935852826373534
3007471,25.10486571971945
3007472,0.3112128665320377
3007473,282.8397153105177
3007474,0.600578676491091
3007475,9.262537576906706
3007476,3.5166707152614087
3007477,156.24920087366732
3007478,5.18669881685893
3007479,189.57131330614288
3007480,378.6020286303003
3007481,5.557945127314983
3007482,6.785856443540209
3007483,244.05327215552148
3007484,122.64589412122393
3007485,1351.4310399564613
3007486,1.9067336940984245
3007487,3.0912947338345127
3007488,19.397870711468
3007489,0.06180121468580929
3007490,25.30582570990594
3007491,12438.38938122827
3007492,0.05321479980106377
3007493,1882.9511972766459
3007494,38.421679408962895
3007495,3326.722831435416
3007496,3074.625601026179
3007497,734.593981224997
3007498,779.6207592358934
3007499,609.1721259034614
3007500,12521.653516825681
3007501,102.72193009127267
3007502,4.618963343826353
3007503,121.34997729642944
3007504,148.59251457023987
3007505,1.0622030621381562
3007506,1160.9668650624694
3007507,54.04057875042055
3007508,40.94663603037199
3007509,23.54972369412154
3007510,606.904523800739
3007511,32.92887213174646
3007512,1102.4190018883526
3007513,901.9540571262712
3007514,60.55222901360452
3007515,43.22228614803771
3007516,1427.5397189363448
3007517,308.7165615885792
3007518,10746.62752272323
3007519,38.20514120426727
3007520,105.4800872662343
3007521,16.351474368247796
3007522,0.061442859036362235
3007523,18.40407368679591
3007524,11336.536127006679
3007525,0.1114345614450196
3007526,1382.0959001745784
3007527,31.828151954704428
3007528,3332.58633409174
3007529,2509.5681062739623
3007530,861.1636009141228
3007531,447.94965044586087
3007532,417.56085073381075
3007533,12449.903066308116
3007534,215.0814599208834
3007535,1.9965565872310416
3007536,61.837581951577874
3007537,90.14857166203554
3007538,0.719925031725073
3007539,949.2152634781789
3007540,46.6750083483266
3007541,44.757052914353565
3007542,24.313005709722532
3007543,345.39258120125277
3007544,21.428507846902516
3007545,1376.2871017270731
3007546,954.8280105658735
3007547,30.926024225534302
3007548,36.68842138974683
3007549,1506.8601016548735
3007550,273.9824228564402
3007551,7148.854079317747
3007552,256.34395580415105
3007553,81.74767886603352
3007554,14.022624354855543
3007555,0.05628374706346399
3007556,22.209794759164197
3007557,9045.353610463648
3007558,0.12525602581855855
3007559,1124.2166428745275
3007560,27.511756832483826
3007561,3362.782364232475
3007562,1993.4955178608468
3007563,1049.7148142814417
3007564,216.6643383460526
3007565,329.5058075419055
3007566,12457.802675683117
3007567,70.41407092438314
3007568,2.3048570926007557
3007569,46.25505081906216
3007570,37.19691617584071
3007571,0.4157593038912827
3007572,981.8343898099906
3007573,50.665252391510705
3007574,42.199895196162714
3007575,12.795069738559658
3007576,240.3152476307355
3007577,12.298267719645143
3007578,1028.484339447553
3007579,1014.9172908363277
3007580,33.71246139861434
3007581,60.250504923473386
3007582,1008.1741266793466
3007583,164.27600848469555
3007584,3409.236997045001
3007585,59.67368745688871
3007586,61.3257855030473
3007587,19.598209714262993
3007588,0.058208248329794474
3007589,25.462576488432237
3007590,11637.104501619602
3007591,0.10325752390792167
3007592,1191.5834810741462
3007593,31.42767630859995
3007594,3059.0796590870896
3007595,2556.05237902268
3007596,847.3946884181867
3007597,421.19338695742783
3007598,328.21878396475444
3007599,11517.410271649538
3007600,77.83993843894336
3007601,1.582634880160653
3007602,59.260270257243725
3007603,92.54678493874349
3007604,1.1327700522678743
3007605,961.1832806935504
3007606,48.26839425247199
3007607,31.741862246115048
3007608,55.87781008479903
3007609,333.35001391714934
3007610,19.63953787985831
3007611,1025.7824970595916
3007612,976.364167049163
3007613,24.730819233011346
3007614,36.39237623265953
3007615,1350.0294209875346
3007616,271.3448972201874
3007617,5973.33493167654
3007618,65.11529474246203
3007619,70.9333212590745
3007620,17.242624071358076
3007621,0.04666712851820371
3007622,21.18896728534197
3007623,6653.964814682895
3007624,0.029863382500363217
3007625,948.8946152401768
3007626,30.804272161127187
3007627,2779.6963534601987
3007628,1595.202065778858
3007629,781.5377836836124
3007630,147.59416873618312
3007631,243.92484059714826
3007632,10301.209824238933
3007633,59.162292794359374
3007634,0.9618642224296101
3007635,31.47216325355057
3007636,43.340518210645044
3007637,1.1046973136204135
3007638,872.3948778314666
3007639,58.64214430736669
3007640,17.98721213006285
3007641,16.14209540190783
3007642,203.8580892762448
3007643,7.644987232350027
3007644,1008.2539339443729
3007645,925.760849553556
3007646,22.363654215852762
3007647,31.164723092071583
3007648,1093.0707033319693
3007649,102.28657897747473
3007650,2355.5437949757857
3007651,116.84552625076236
3007652,24.80193390101131
3007653,14.176113704791122
3007654,0.06016037104043967
3007655,15.034571329496444
3007656,8068.911299511838
3007657,0.05256295129354081
3007658,1101.7886611910676
3007659,29.36935119462872
3007660,1913.662643751115
3007661,2224.402391808275
3007662,506.42460448003396
3007663,481.0520495641852
3007664,415.7879879310823
3007665,7538.6432124686635
3007666,77.37918192245861
3007667,1.7685715526845898
3007668,53.543258671862496
3007669,56.11404380705227
3007670,0.4294180417177687
3007671,611.1464520437364
3007672,21.472955760852834
3007673,36.69158965451445
3007674,18.124751503299763
3007675,395.3153882881818
3007676,22.8079288439997
3007677,781.0352752352635
3007678,589.4175856889483
3007679,22.243407893363305
3007680,38.148209991126734
3007681,997.7598039551076
3007682,247.0540377228669
3007683,7123.992116427122
3007684,48.18086530744316
3007685,79.86418330220084
3007686,5.9249327961098786
3007687,0.3392645462405348
3007688,6.88178558213246
3007689,2151.094199766586
3007690,0.04056553676546502
3007691,329.8761767420795
3007692,29.049482162792344
3007693,1225.8047697019501
3007694,541.6713607510247
3007695,225.57378936655107
3007696,87.47471213907296
3007697,129.9742675056533
3007698,3304.8926792935313
3007699,95.46487302215169
3007700,1.5136493537902491
3007701,31.542587002759753
3007702,24.15331548294825
3007703,0.3749334261429123
3007704,279.93724654141573
3007705,17.118560887676825
3007706,12.371258534493128
3007707,9.788510565476566
3007708,115.61060000433957
3007709,8.27928423110729
3007710,253.7551793862782
3007711,279.7139036152889
3007712,4.92655493656571
3007713,8.729932455625635
3007714,256.2910381426896
3007715,58.41991764718122
3007716,1546.2451115475596
3007717,0.5258466108968506
3007718,8.955075816203122
3007719,8.317127169381994
3007720,0.05366804472494728
3007721,20.228957875859138
3007722,6253.3066788116885
3007723,0.08059275491406716
3007724,708.704345084253
3007725,31.521755893462547
3007726,2563.443650075797
3007727,1453.6907494622978
3007728,601.8691040170877
3007729,143.4431160739057
3007730,201.857063135127
3007731,8419.663609923218
3007732,189.16170226191758
3007733,1.8452150207170486
3007734,58.682423679015976
3007735,42.95865174995585
3007736,0.5278846420961902
3007737,803.6624799074823
3007738,38.44156228112217
3007739,13.371627911175619
3007740,2.533316734871681
3007741,196.41907289674748
3007742,11.950552397343746
3007743,663.1295289442962
3007744,797.7933325719478
3007745,19.838535397808158
3007746,32.856564636400414
3007747,494.3872925154428
3007748,107.41660379109815
3007749,2491.142442033608
3007750,69.65507298374565
3007751,24.119106301046887
3007752,8.96291396271307
3007753,0.0792076976350308
3007754,6.777695530788163
3007755,5425.483488322245
3007756,0.05648835040326199
3007757,965.3421024324894
3007758,11.379170747276474
3007759,1605.6031910608958
3007760,1626.670319107266
3007761,294.69671670492136
3007762,348.9980973262734
3007763,388.43857567451175
3007764,5555.321069668445
3007765,54.55502048754124
3007766,2.3254248620302773
3007767,39.26727581884822
3007768,44.490977159998174
3007769,0.5067010444637352
3007770,429.13070412443113
3007771,3.2544013324471344
3007772,55.13137639061634
3007773,8.77003927078444
3007774,310.5091444201773
3007775,12.711986683518024
3007776,657.8064437872755
3007777,351.32294030488345
3007778,22.75405369146646
3007779,13.235618671834224
3007780,718.0831143274365
3007781,136.17752533817963
3007782,5435.35482628494
3007783,4.011473906010002
3007784,53.75000839503902
3007785,14.381351583363717
3007786,0.09975557935487009
3007787,10.7382466011288
3007788,5235.84623413026
3007789,0.05886629384655524
3007790,990.8520928292629
3007791,15.300860427308137
3007792,2105.5697375649243
3007793,1428.7558674299185
3007794,449.4940364791936
3007795,255.72196695620235
3007796,436.4383350188383
3007797,7001.078445835639
3007798,67.67168745988818
3007799,3.5536988427254577
3007800,43.279109283083045
3007801,43.90352297906894
3007802,0.5152788024394138
3007803,524.9153421220791
3007804,13.351279120363234
3007805,63.10706810056698
3007806,8.297546278206388
3007807,334.3737998384322
3007808,14.06656541699104
3007809,572.2116056152609
3007810,475.5696849926211
3007811,18.394306611648418
3007812,28.949458381653407
3007813,604.7590831386542
3007814,119.92991065864155
3007815,4837.109826220631
3007816,3.128169148347305
3007817,8.652160055546378
3007818,10.014179376440591
3007819,0.06610723021718615
3007820,4.4119692762658165
3007821,3014.486926793422
3007822,0.03908597670458569
3007823,544.2959333767539
3007824,8.071743769290403
3007825,1165.9197120094304
3007826,565.1921838190249
3007827,311.65455623196266
3007828,106.20785155742374
3007829,195.74202908648456
3007830,4027.2136039905686
3007831,22.547377757363442
3007832,1.1607013150302792
3007833,31.541179557709324
3007834,31.03154526721537
3007835,0.23015509763460903
3007836,304.64254257023816
3007837,3.952363535850872
3007838,20.063536051339227
3007839,8.994597249739963
3007840,177.3450083242609
3007841,3.581298418328136
3007842,338.2465457063253
3007843,296.8647004039146
3007844,5.093142474475561
3007845,8.81641428525009
3007846,255.00816154897603
3007847,74.57262804105112
3007848,2246.7521534482935
3007849,0.18455574213064138
3007850,1.8046009025866034
3007851,11.228711658271289
3007852,0.19525193634246668
3007853,4.1099482991656995
3007854,3309.4948205320125
3007855,0.11991487564347911
3007856,245.65567421826955
3007857,16.502117479089865
3007858,1745.4148576684793
3007859,289.57318790489217
3007860,250.7387799649251
3007861,71.43476423220417
3007862,78.23235634346528
3007863,3994.953754431618
3007864,22.057187827091614
3007865,2.7696819580658536
3007866,33.79125755498561
3007867,23.25904252128931
3007868,0.47144443759377275
3007869,282.39775475539284
3007870,3.5155182129049343
3007871,18.156606984724995
3007872,9.995400222977821
3007873,54.28911455747816
3007874,9.174753184487468
3007875,60.17629799442369
3007876,187.87963369312507
3007877,8.127004203054252
3007878,19.744095588864305
3007879,92.40929785839398
3007880,96.31893308735631
3007881,729.5261007405567
3007882,0.8668538567547635
3007883,13.556447937748782
3007884,7.356757316732262
3007885,0.1085861129509137
3007886,6.128213096959078
3007887,4288.847443351888
3007888,0.05066115237519002
3007889,611.7047628278017
3007890,20.88509153657562
3007891,1400.9528704352804
3007892,1056.8092962406886
3007893,377.38429945637006
3007894,205.9628232567071
3007895,218.6940937226454
3007896,5166.345124533526
3007897,41.62194966439529
3007898,1.695500179081363
3007899,36.61903706029056
3007900,45.53141679155628
3007901,0.23193199724217542
3007902,413.65088516450766
3007903,28.777329864896963
3007904,22.723623377554716
3007905,12.23636621374316
3007906,202.17751297429498
3007907,8.108670089616709
3007908,520.2325825637965
3007909,331.93548401499214
3007910,10.782112362103376
3007911,13.746987460725862
3007912,594.0216452394616
3007913,115.41860085594764
3007914,2589.196449101252
3007915,0.06966795608461876
3007916,33.989826913437746
3007917,6.16308403556285
3007918,0.16823029348250407
3007919,5.400655843304818
3007920,3941.591560435949
3007921,0.04592923221153635
3007922,653.1837596366934
3007923,30.501282951159993
3007924,877.1301555891553
3007925,1186.3756893375253
3007926,193.1707006883774
3007927,254.90689767185557
3007928,302.611378799995
3007929,3513.656511305968
3007930,43.34402115813289
3007931,2.115356241766151
3007932,28.43476224862153
3007933,27.013830276298997
3007934,0.7848666369471506
3007935,239.94291020408002
3007936,19.178542971728554
3007937,54.96461521793226
3007938,8.521790130557177
3007939,280.39555336955607
3007940,15.856141455535226
3007941,457.37013706849575
3007942,226.13357364577055
3007943,6.618742826012403
3007944,21.73891887218315
3007945,587.454684974923
3007946,133.95871001050818
3007947,4365.630105910785
3007948,0.16278025491194148
3007949,37.75966356742548
3007950,7.811620746169432
3007951,0.19109158942099588
3007952,12.273871541396609
3007953,5467.648449286593
3007954,0.08500291139571842
3007955,803.2729089537795
3007956,25.461874960862623
3007957,1340.4278381814038
3007958,1676.8432555661134
3007959,336.5168749009172
3007960,390.07606139610016
3007961,185.6792350913783
3007962,5447.764382821765
3007963,47.22690018834921
3007964,5.199247995637977
3007965,51.42051498036088
3007966,58.56478051235875
3007967,0.16981754747173472
3007968,441.3080889667169
3007969,36.68989436866824
3007970,39.84814129717237
3007971,19.09691898269686
3007972,219.76839888553
3007973,16.694231526444927
3007974,531.79326032873
3007975,390.42912193114194
3007976,20.093381912284737
3007977,20.1818165647059
3007978,741.3738042657252
3007979,166.28777506455077
3007980,4915.408041568346
3007981,0.3681189729090155
3007982,42.546057935658425
3007983,9.838424419557327
3007984,0.0616803547194632
3007985,6.383833996709554
3007986,3818.3272788516624
3007987,0.04719712669573842
3007988,570.0772299288991
3007989,21.1816847570393
3007990,1589.8960537301446
3007991,898.5235878492344
3007992,555.5383690213994
3007993,217.77951071406392
3007994,143.72274049320455
3007995,5867.494123109841
3007996,18.802205595061125
3007997,0.8059402222368135
3007998,38.37583055377725
3007999,31.916726010557156
3008000,0.15376075687709112
3008001,419.93518202097493
3008002,13.601994011128612
3008003,5.729161663239914
3008004,5.168637416918113
3008005,90.06930961948092
3008006,3.511475658583274
3008007,363.1983171777614
3008008,491.22949899819963
3008009,6.16594998193788
3008010,6.49414311294138
3008011,437.43776530055493
3008012,108.14438363433206
3008013,1658.2524715350573
3008014,26.72188556251141
3008015,16.97983468084877
3008016,4.414636768781387
3008017,0.050781330342849804
3008018,4.83675812033639
3008019,1288.913516143245
3008020,0.028126142664740034
3008021,182.73807907601918
3008022,5.582162823758027
3008023,328.0767996093854
3008024,417.4367859070891
3008025,75.83015800035976
3008026,96.65683109662311
3008027,62.2086357072424
3008028,1501.166106096117
3008029,13.367681213831458
3008030,1.4843027896700605
3008031,8.320005804409693
3008032,12.882313358240268
3008033,0.7614829680591835
3008034,123.28059577548387
3008035,8.772490660875953
3008036,15.909300799116359
3008037,3.5948254340339867
3008038,57.29484123025896
3008039,4.772391955096452
3008040,185.8874526519179
3008041,101.78001951937367
3008042,5.016356982598547
3008043,6.76227835569706
3008044,177.60893031561818
3008045,50.687589788263494
3008046,1415.407109195319
3008047,0.06441353348078097
3008048,13.55471723965859
3008049,2.1903412638820514
3008050,0.11287913334764363
3008051,1.5138890305716624
3008052,1449.3362959243236
3008053,0.04709953129673311
3008054,127.88986866451557
3008055,5.847571804620318
3008056,889.9115344392708
3008057,290.5588878624979
3008058,275.81595071227866
3008059,54.03190466142809
3008060,39.661038118442335
3008061,2740.4301700484307
3008062,10.009014776802374
3008063,0.41223377975458875
3008064,12.08467640260187
3008065,10.266491200421516
3008066,0.19881194899445548
3008067,172.95119618710962
3008068,4.671866386085451
3008069,0.22324061576605847
3008070,1.9001288995852232
3008071,14.474548443456387
3008072,0.8753805056566197
3008073,185.05580310723246
3008074,193.1461271289765
3008075,1.5452827412516874
3008076,5.5962380918384795
3008077,203.06616622135954
3008078,27.906805981892198
3008079,301.56811828599336
3008080,17.09727360833619
3008081,1.5476961702338006
3008082,7.1022539412344
3008083,0.1971990428444182
3008084,3.126980122606694
3008085,4108.750612726752
3008086,0.05514739414833408
3008087,853.9056226994242
3008088,10.536340505871692
3008089,1787.199819162768
3008090,801.8233091173774
3008091,536.1682098089929
3008092,195.96785284669647
3008093,88.95171747833012
3008094,6821.620138787421
3008095,30.096331306015067
3008096,0.7883437472450825
3008097,31.490297954975823
3008098,25.04215770599913
3008099,0.31345582552999707
3008100,451.54053948679456
3008101,16.59847434881192
3008102,2.3294814114729223
3008103,6.6899076136415765
3008104,34.15267399132856
3008105,3.073438174979526
3008106,555.3632787322234
3008107,392.1499892431698
3008108,3.1040491253898344
3008109,13.322565298275666
3008110,481.730924225986
3008111,88.62470046862533
3008112,1502.1179688345774
3008113,42.246971165143336
3008114,10.424715706103253
3008115,4.940290141817372
3008116,0.04703972020516571
3008117,0.17239788282506574
3008118,1820.5767218738788
3008119,0.02773855280172309
3008120,220.89202717511753
3008121,10.195965180403125
3008122,1189.2105852452505
3008123,465.1902026374362
3008124,214.90591478420032
3008125,53.13745652798947
3008126,38.06586672009718
3008127,3173.4211996950926
3008128,16.600249318920554
3008129,0.3430707044577294
3008130,10.636201642539856
3008131,18.792478734977554
3008132,0.36641182432041297
3008133,176.0813234945685
3008134,9.292895142168762
3008135,0.08919660551396769
3008136,7.715138180173664
3008137,44.45128769479584
3008138,0.9782190063556543
3008139,143.52504882222246
3008140,189.4828399097115
3008141,1.446552994135605
3008142,6.809371946488587
3008143,172.0802210092765
3008144,29.400896785402725
3008145,374.85434532749247
3008146,9.073525304599798
3008147,2.0026999167846684
3008148,3.967657514421333
3008149,0.05811208262904014
3008150,3.778630713141707
3008151,1532.1984684515517
3008152,0.04006669390289342
3008153,159.69552195402593
3008154,6.378279589853292
3008155,924.6112693951859
3008156,260.63575130120626
3008157,156.95103063468838
3008158,40.440870984052424
3008159,30.392758433141065
3008160,2527.9177696177408
3008161,18.64279015169831
3008162,0.36933324248551447
3008163,19.13966318581721
3008164,11.679972443887257
3008165,0.21786469991515936
3008166,135.16211840784263
3008167,1.312906346865692
3008168,0.1166257287833617
3008169,2.2883610849148255
3008170,19.771335733525408
3008171,1.399745669006033
3008172,125.79952293309881
3008173,152.12416619687772
3008174,0.7602526885647494
3008175,7.192176489613116
3008176,97.42454206855429
3008177,31.260653547656634
3008178,180.18431166257056
3008179,16.140914477983955
3008180,1.7934659679387468
3008181,3.8099539772569204
3008182,0.14111672362536382
3008183,1.3371142266270597
3008184,1303.9710619135587
3008185,0.06859610273031114
3008186,174.94476775478526
3008187,5.639628898471265
3008188,1530.2367538140763
3008189,325.1323684560598
3008190,207.10665577030636
3008191,48.44232849061656
3008192,37.528537326231955
3008193,2984.7443608327426
3008194,9.834234435670734
3008195,0.6528550415981231
3008196,12.672734297146718
3008197,13.847062505579174
3008198,0.3496998666810906
3008199,182.3762662412247
3008200,1.6244437327281043
3008201,0.09488553913256287
3008202,2.110217899460383
3008203,19.71295087177064
3008204,2.1790544291289624
3008205,236.25626790636773
3008206,186.16566484869244
3008207,1.6314575622923377
3008208,3.5153272533171878
3008209,67.05857544392528
3008210,64.19210230405699
3008211,405.22269754713375
3008212,5.720846673087454
3008213,2.8334662782512097
3008214,4.34454682797729
3008215,0.3110304643972712
3008216,3.3242101603499408
3008217,1353.5545724670396
3008218,0.03323821207805759
3008219,173.1548414033436
3008220,3.1703305761501435
3008221,845.3403711921931
3008222,297.7065031574922
3008223,242.38049421239015
3008224,78.14704471674337
3008225,56.19822937093905
3008226,2565.4395141219316
3008227,11.556258762389913
3008228,0.7546826260988285
3008229,13.288026880558677
3008230,17.351278225420433
3008231,0.25891449382426796
3008232,187.09682188051528
3008233,8.20585706712253
3008234,0.10807578470947035
3008235,2.991416462297879
3008236,13.950482280440399
3008237,1.6796398488869553
3008238,103.3543566797078
3008239,178.55857888740667
3008240,1.4666492346086843
3008241,4.15869484463056
3008242,90.72097803931334
3008243,36.53467093842566
3008244,502.7014723372334
3008245,43.84459510582226
3008246,3.420551413918518
3008247,5.937737482351819
3008248,0.1719877476595465
3008249,2.9683841813783136
3008250,1729.4867944557159
3008251,0.05504515292715238
3008252,226.71441595119353
3008253,5.2675757844888
3008254,1410.939683155708
3008255,369.86760311778943
3008256,226.23315214946132
3008257,169.64074143754183
3008258,46.28845416915121
3008259,3005.603858546121
3008260,11.26710168979126
3008261,0.5007507391911195
3008262,12.558813303144209
3008263,16.69993342287192
3008264,0.2903246235309585
3008265,207.57156759197235
3008266,0.183206755330368
3008267,0.09900698367278193
3008268,2.3976078230912568
3008269,30.412269782651713
3008270,1.9092150570129052
3008271,70.73320167869858
3008272,207.76264621772572
3008273,1.4876259446398112
3008274,2.760061954872102
3008275,76.56698974677704
3008276,44.15496304473845
3008277,642.7155577717051
3008278,0.12040795760145927
3008279,1.3217862807011311
3008280,7.714369510397683
3008281,0.584857785253101
3008282,5.148330685173618
3008283,3830.8772358454025
3008284,0.0598243525840271
3008285,520.1096060528416
3008286,5.068027119057364
3008287,1565.277046511796
3008288,912.5207110721828
3008289,588.4720786881563
3008290,242.66873285194634
3008291,118.05177654080214
3008292,5139.776201518789
3008293,29.093527939979346
3008294,1.591295896201679
3008295,24.279999846711018
3008296,31.75697507494288
3008297,0.45609151874331744
3008298,375.98284066343496
3008299,2.730618947759021
3008300,0.4675347548017072
3008301,9.811711650712638
3008302,52.41518857283461
3008303,3.6344984717817654
3008304,288.55801934880543
3008305,353.16872383493273
3008306,2.8125751031229553
3008307,9.11360330000264
3008308,497.8151322240975
3008309,66.75408079518033
3008310,1910.3162555903396
3008311,202.17178274384008
3008312,18.295160101712945
3008313,4.710960452891824
3008314,0.11274189599587672
3008315,6.07556535792856
3008316,2819.839988946789
3008317,0.04589314091486363
3008318,797.1147153145869
3008319,5.6330350574869685
3008320,767.7497241878394
3008321,781.7313107868524
3008322,256.4520615567267
3008323,224.33490098474624
3008324,67.61306917735787
3008325,3364.5512852058746
3008326,23.405732227364098
3008327,1.5534560977313405
3008328,32.179407300202705
3008329,19.176339468224814
3008330,0.3471471597158058
3008331,242.3698538041122
3008332,14.275590977475257
3008333,5.267876168731999
3008334,4.951288656190321
3008335,46.39040964949683
3008336,2.649774650011273
3008337,130.51755726846054
3008338,198.29989758207336
3008339,6.1008522956824205
3008340,9.468777786936915
3008341,271.8524189523373
3008342,52.10715915134179
3008343,2042.4016689723248
3008344,25.612325046953448
3008345,16.217419312452407
3008346,8.460833409025943
3008347,0.7618005068088035
3008348,3.5171788128041603
3008349,2904.4996350764595
3008350,0.05503388818394621
3008351,244.90942586509783
3008352,7.108517161052093
3008353,997.4651414643654
3008354,395.2831860337669
3008355,313.9125255567315
3008356,79.41902572223823
3008357,51.34074097638734
3008358,3765.456695993383
3008359,50.270270247298626
3008360,0.9998146075894834
3008361,19.142590102212292
3008362,19.43843825391011
3008363,0.20778242815937262
3008364,204.62991695227785
3008365,12.827906506058037
3008366,0.4799852218005582
3008367,5.834704404317234
3008368,38.1647834863125
3008369,2.8772301642799336
3008370,146.59986800712312
3008371,204.8837518638243
3008372,2.266830917571017
3008373,6.637844900109378
3008374,120.03998097794808
3008375,30.304842549129027
3008376,565.6967026187593
3008377,13.980369202390182
3008378,4.563674172951558
3008379,10.115912160324967
3008380,0.13986467385624657
3008381,10.346179217083172
3008382,3835.8780928240685
3008383,0.0776060094075796
3008384,781.2137567162013
3008385,11.996828023167193
3008386,1064.3999371842513
3008387,1063.0619466636408
3008388,271.50063838284876
3008389,237.72262040213064
3008390,121.46225324126772
3008391,4661.75906501125
3008392,75.48655699949909
3008393,3.719227276565241
3008394,22.611326894194043
3008395,31.124169801433435
3008396,0.5262971289975988
3008397,358.5606895238776
3008398,43.54843690940304
3008399,23.688772545230734
3008400,6.598946141314817
3008401,91.9608775841211
3008402,10.62514201602747
3008403,418.8742829317123
3008404,328.9393400807353
3008405,10.309197682104351
3008406,9.900351577718935
3008407,592.8847005354683
3008408,115.30207248573478
3008409,2851.4512000844607
3008410,0.24303691194763705
3008411,42.95005406718767
3008412,12.867772171122088
3008413,0.20148328372317287
3008414,11.07517081598369
3008415,5227.334503160178
3008416,0.08048636539064269
3008417,971.1641939663791
3008418,12.231323965947581
3008419,2451.4837194873535
3008420,1178.754079829865
3008421,933.5729566557937
3008422,164.11170954239913
3008423,95.08996966059954
3008424,8299.483006431477
3008425,26.153984829276347
3008426,0.5813690120923491
3008427,33.26104851004531
3008428,23.65448649350813
3008429,0.3015084296680206
3008430,534.1420066042933
3008431,5.416823533850119
3008432,9.082421997439464
3008433,8.139634569485434
3008434,61.502056418690806
3008435,2.040178212445194
3008436,496.94790411354245
3008437,627.8506731455582
3008438,6.6884350032775615
3008439,9.961256670597498
3008440,558.7662333486809
3008441,111.37124522858733
3008442,1810.5463540016794
3008443,66.35881243930015
3008444,16.417781274146996
3008445,8.777172463787327
3008446,0.3248653414903984
3008447,4.068530089677064
3008448,4035.276452266708
3008449,0.05390497481606822
3008450,792.0750158979795
3008451,6.644389548145282
3008452,2275.5250773538196
3008453,1012.130537177598
3008454,500.54174383567926
3008455,409.9990213797907
3008456,74.58287650713052
3008457,5540.516715618607
3008458,26.37143486557747
3008459,0.6052713011766263
3008460,36.79918716920446
3008461,40.16303057155527
3008462,0.39665876008009804
3008463,476.09830716647684
3008464,5.245971241984725
3008465,5.022723747347797
3008466,10.69578825434478
3008467,60.975188709992864
3008468,2.2837763897316115
3008469,172.2268131408368
3008470,461.44311699741485
3008471,3.378574552351004
3008472,6.297907812351454
3008473,254.67445357471084
3008474,171.03105071792993
3008475,1815.7098502624603
3008476,0.9970689861338214
3008477,7.461938293203396
3008478,4.723981212529667
3008479,0.08143158753201632
3008480,1.6403722608281301
3008481,1761.384816185593
3008482,0.045021811361444106
3008483,171.62236753760573
3008484,9.436806660185272
3008485,833.0900826538295
3008486,320.20750850006607
3008487,168.40120695432284
3008488,53.554660119290645
3008489,49.60457260919638
3008490,2434.3972858274446
3008491,13.540910619869718
3008492,0.4745794600170784
3008493,20.88021017525644
3008494,17.358345291445247
3008495,0.14784508398316085
3008496,182.22115507589587
3008497,1.9660359770207632
3008498,0.37644005848583173
3008499,3.6886039965026933
3008500,34.69557222541501
3008501,2.6834289100863797
3008502,106.19461688072495
3008503,190.26066395914216
3008504,1.711671102775686
3008505,6.488839878756818
3008506,170.8081016250434
3008507,37.03746111146363
3008508,513.1525973310647
3008509,45.359288501304206
3008510,3.016259099963724
3008511,2.5204155703846762
3008512,0.06570632122128614
3008513,2.6961506272930675
3008514,2280.652714913306
3008515,0.052459977604972965
3008516,267.8179079868144
3008517,15.328253598107404
3008518,644.6276318222893
3008519,584.5074122314518
3008520,147.99173442262088
3008521,57.915508974563934
3008522,62.8314546137782
3008523,2621.013299479518
3008524,19.939563003103537
3008525,0.46942955795853614
3008526,16.657826620791994
3008527,17.45195678707855
3008528,0.22644369379681095
3008529,189.57206628862065
3008530,13.876098526968203
3008531,6.328784409274004
3008532,6.543519396806011
3008533,51.944173178197104
3008534,5.639376538720809
3008535,843.9863798831257
3008536,218.28991114477648
3008537,3.690470858072996
3008538,7.5622541335243
3008539,313.1357321214553
3008540,34.52365348192858
3008541,1276.834037829345
3008542,0.037757454169111436
3008543,7.561935987358026
3008544,4.477991638664479
3008545,0.17323937634393236
3008546,3.353035316281764
3008547,3245.1429852031824
3008548,0.051541025211322214
3008549,648.2086876326337
3008550,14.194187706990968
3008551,1137.561438253504
3008552,1230.0176295363756
3008553,255.80153641006018
3008554,197.14788722077623
3008555,123.84681024529388
3008556,3394.1777116526
3008557,27.39688074509888
3008558,1.1276605822308339
3008559,20.480825426256565
3008560,34.086034098994816
3008561,0.2238192182007085
3008562,261.69647832117715
3008563,13.496766833858931
3008564,37.803643802099636
3008565,7.1458770529664735
3008566,84.10930914367364
3008567,12.03258125081479
3008568,348.323671513935
3008569,304.924267306608
3008570,17.44824195069241
3008571,10.65945202964998
3008572,491.6095460154987
3008573,107.07232313220581
3008574,2872.8510470421124
3008575,0.1193135783453031
3008576,17.972339724581566
3008577,5.105769803180083
3008578,0.11562656079187172
3008579,2.5846922524308997
3008580,2410.4519581974378
3008581,0.04765867303497023
3008582,465.6815853709884
3008583,6.361191227253856
3008584,539.3700997519311
3008585,678.2917464829147
3008586,164.80077070156509
3008587,134.6896861408559
3008588,101.72602950528821
3008589,2364.165541861307
3008590,25.621400800072422
3008591,0.9083050880633647
3008592,17.382096495526937
3008593,21.785035323526447
3008594,0.17432340322825612
3008595,140.56329403833482
3008596,0.26963786524615196
3008597,29.49656329423613
3008598,4.716205228790418
3008599,125.3023653200625
3008600,7.902813793799555
3008601,226.02036591858737
3008602,142.25644856586763
3008603,6.155131128420932
3008604,6.964802492850987
3008605,185.260228998443
3008606,45.81801636283394
3008607,1694.71834837194
3008608,0.9456181863677631
3008609,3.5312422146657108
3008610,6.757288918578004
3008611,0.10705911034678231
3008612,0.349622894869584
3008613,1564.6105863133848
3008614,0.08201604494327276
3008615,266.3679903076829
3008616,9.014908577262226
3008617,648.4851601978621
3008618,338.5125934827936
3008619,131.02835243380554
3008620,53.267413888992834
3008621,47.41286533679831
3008622,2212.6397691326392
3008623,28.29108951104009
3008624,1.0131982180683714
3008625,14.274120656413881
3008626,19.804418618477634
3008627,0.4628670322760512
3008628,134.4850957239482
3008629,1.2728886630022818
3008630,8.29904991845588
3008631,3.0778662929144307
3008632,33.21222531682106
3008633,0.9333450205232278
3008634,368.74743528329236
3008635,193.03069555606254
3008636,5.780895210582392
3008637,2.4859456065702394
3008638,199.71211735057932
3008639,27.769574932733434
3008640,588.4934287372554
3008641,0.6071059333635334
3008642,4.008519922172498
3008643,7.479374722024114
3008644,0.21183805720243837
3008645,5.3754373637407
3008646,4917.012199558501
3008647,0.14488388127963542
3008648,870.2851562499727
3008649,19.947135106861147
3008650,1235.902476657232
3008651,1426.5404834652677
3008652,368.71796075926227
3008653,317.84820747362926
3008654,159.25916064009667
3008655,5572.277938147201
3008656,37.08229709933585
3008657,3.0876691213039376
3008658,32.91526473601062
3008659,30.23539408242482
3008660,0.22171375511170027
3008661,354.40269922339564
3008662,9.657331499509535
3008663,39.11766013847081
3008664,7.181480402096548
3008665,238.38003532371494
3008666,4.857328342327069
3008667,359.8803432207631
3008668,321.5227144884118
3008669,11.96414040254919
3008670,10.513566521899179
3008671,530.5382192589399
3008672,114.66215769570168
3008673,3148.3509650819333
3008674,1.89409438268254
3008675,19.227650681458666
3008676,8.212162409404021
3008677,0.11214765200351487
3008678,3.802858280622323
3008679,4394.726597616932
3008680,0.06789055997008056
3008681,1001.8834803635434
3008682,13.928648309405737
3008683,1628.1414734722662
3008684,1260.9638127686908
3008685,492.3753753573786
3008686,332.85290261526205
3008687,87.46799018602914
3008688,5855.763938557358
3008689,18.472059918536424
3008690,1.3883954317507752
3008691,31.982769348878
3008692,25.988941329452977
3008693,0.362792681092284
3008694,378.246497367217
3008695,0.12919924865386972
3008696,6.2456416566418795
3008697,5.5691518427522935
3008698,62.212805856541365
3008699,1.9863187732493353
3008700,206.11131215445738
3008701,362.38506840693356
3008702,5.683142870194909
3008703,5.288086723806644
3008704,313.1718558856899
3008705,79.8135594799929
3008706,1788.210410435845
3008707,4.001483863969275
3008708,4.003888457449693
3008709,7.229821448773191
3008710,0.2803667105558002
3008711,1.3675107310078958
3008712,3245.394210005991
3008713,0.04273241990679474
3008714,823.1457289648374
3008715,9.341384902347915
3008716,1178.8415889771745
3008717,931.9933663913162
3008718,345.2751728741767
3008719,266.58168564431037
3008720,91.96743899807157
3008721,3679.0082881029516
3008722,26.82803187552487
3008723,0.8498833318294843
3008724,27.309909494136868
3008725,20.0558629222609
3008726,0.18139110643757136
3008727,300.54823351328037
3008728,0.2099879019977856
3008729,6.258846580630479
3008730,3.920759894380799
3008731,103.5498947229845
3008732,1.885577035567124
3008733,130.3715126904739
3008734,319.64707167031395
3008735,6.069103773525893
3008736,4.146616762723456
3008737,243.50842819340852
3008738,64.38665284080861
3008739,1417.658387154365
3008740,2.303091198955417
3008741,5.161397053935267
3008742,13.951589280903226
3008743,0.8719594213028689
3008744,17.834962909860494
3008745,9641.858066603305
3008746,0.07021212833986373
3008747,1423.2917724040647
3008748,34.69519542782029
3008749,2377.942606392911
3008750,2537.5600214751357
3008751,441.3746475078504
3008752,607.074693800381
3008753,410.03821399694164
3008754,8514.471112774547
3008755,102.48257774538672
3008756,2.1363634523827124
3008757,45.0903176899065
3008758,64.03994129474881
3008759,0.3952341970664385
3008760,787.158353144571
3008761,55.13885965689206
3008762,61.05110123537874
3008763,29.353675242654184
3008764,236.60614912965582
3008765,26.10686133031048
3008766,876.8727253759754
3008767,786.1102617461333
3008768,21.00789844611523
3008769,26.094658343874748
3008770,1347.0046436050225
3008771,279.20151187470015
3008772,7501.720116232919
3008773,1.3903143654868224
3008774,82.90476780220723
3008775,4.632108014940451
3008776,0.19026074977550667
3008777,0.9903351917023744
3008778,1616.278331148827
3008779,0.027854364381969643
3008780,203.3835348688357
3008781,3.65996973695855
3008782,628.667338918216
3008783,322.85944448536173
3008784,138.4769544588771
3008785,153.69258435431965
3008786,50.9399368023221
3008787,2104.7471252315036
3008788,8.966511779604398
3008789,0.4158762681101361
3008790,16.818347079159338
3008791,13.652636787809147
3008792,0.5689238867063089
3008793,156.96905382238222
3008794,0.9884556572364213
3008795,0.2171958759698075
3008796,5.075964959268112
3008797,25.88158144238146
3008798,0.9419588640713059
3008799,68.4075212366717
3008800,104.97324713165965
3008801,3.142541506101546
3008802,5.061104481327748
3008803,127.1439288722797
3008804,21.94785571463951
3008805,559.4278689803225
3008806,0.1992615774917605
3008807,4.186721880783188
3008808,7.121011613320851
3008809,0.0877891398211346
3008810,4.028844406959612
3008811,3487.4456681525735
3008812,0.045161863712432984
3008813,806.6465773424432
3008814,7.36618528050997
3008815,1603.304427363164
3008816,1018.5413071976013
3008817,302.5295836181772
3008818,425.0210950964637
3008819,75.65689960845805
3008820,5264.4581271818115
3008821,26.471751801228837
3008822,0.28957471262182477
3008823,30.150350139511755
3008824,23.825026761454957
3008825,0.1651516344807102
3008826,415.0832759478961
3008827,2.3070699259252008
3008828,5.74086199939892
3008829,10.078260913108744
3008830,13.620801398121323
3008831,1.5617997773483963
3008832,488.1136060872306
3008833,436.61817680797014
3008834,4.046112585356537
3008835,8.066356555813433
3008836,180.52456047820428
3008837,76.62100007513388
3008838,1427.8616044152122
3008839,2.213758045847694
3008840,3.2358433128135684
3008841,2.2824974704716405
3008842,0.04972042815334058
3008843,0.7407542899091349
3008844,1084.492084892792
3008845,0.034684434557760525
3008846,195.85382722661078
3008847,3.3155794344225855
3008848,523.2510158334501
3008849,190.78219083777944
3008850,97.6649718897327
3008851,152.83807353327109
3008852,22.59123809571799
3008853,1944.1317479191412
3008854,8.783977860148878
3008855,0.5134902389563157
3008856,15.23123671942636
3008857,6.864805846807638
3008858,0.18950932918807276
3008859,96.06972833539163
3008860,0.08379963466112902
3008861,0.08053389873502245
3008862,1.3793920544943252
3008863,26.62577547972908
3008864,0.8275353886831389
3008865,77.30049741023522
3008866,95.33272766515873
3008867,0.36280262694900767
3008868,1.492148790469774
3008869,71.77751709849507
3008870,14.802971131441558
3008871,221.84372643496192
3008872,0.04377131690179563
3008873,1.4053689028819534
3008874,6.23762402539808
3008875,0.06512867036781167
3008876,2.801892897637332
3008877,2513.3110817551374
3008878,0.045780044513133736
3008879,317.81965624764155
3008880,7.7533247077119025
3008881,1224.578400520519
3008882,541.2169615437497
3008883,189.2660037237122
3008884,151.10715437017865
3008885,51.730964807406195
3008886,3807.5067486577727
3008887,5.185103303257588
3008888,1.0440405868553728
3008889,23.96171985948946
3008890,22.580973400309297
3008891,0.2272123575093389
3008892,265.3950139496437
3008893,0.458110391787788
3008894,0.3068590786974637
3008895,13.965373422039917
3008896,25.118547611449465
3008897,2.1624275596616718
3008898,354.09475303688805
3008899,291.1774933357058
3008900,1.5195269031804548
3008901,6.29381691896201
3008902,190.6570917014715
3008903,22.38793087927951
3008904,1382.0412370365077
3008905,0.23915869523679462
3008906,1.12678463115229
3008907,4.596371822835083
3008908,0.1720689783737166
3008909,1.4073722495333727
3008910,2609.955195067958
3008911,0.04508310931891125
3008912,704.8784568502718
3008913,5.233113103891533
3008914,873.1978438685734
3008915,604.2995765372835
3008916,241.7451951577233
3008917,119.04035044636825
3008918,60.76848594457989
3008919,3583.0736583796
3008920,11.209678384180307
3008921,3.904392060078397
3008922,26.608949031524432
3008923,39.54882030201068
3008924,0.3054136166796133
3008925,185.20618974385246
3008926,2.5141921960632923
3008927,5.146593673589822
3008928,1.9982597447347024
3008929,35.091352748474876
3008930,1.92902765119785
3008931,180.09046377841855
3008932,247.91741292628586
3008933,2.0982958724600067
3008934,6.535663660203977
3008935,137.65439327363245
3008936,35.13773204249182
3008937,612.6751422957975
3008938,2.0193468866882873
3008939,2.4381797728770516
3008940,4.389649170682444
3008941,0.038760583722432025
3008942,0.5229697587599356
3008943,1803.6666209040193
3008944,0.02936127818965672
3008945,158.02183314044962
3008946,6.007896703476531
3008947,673.1649312430811
3008948,269.70934651267163
3008949,124.59060369271384
3008950,179.82053287350186
3008951,44.50087749393384
3008952,2834.3246387397185
3008953,16.311907013765424
3008954,0.36838457563820265
3008955,14.462707372556075
3008956,21.150300809511535
3008957,0.3178948045977548
3008958,144.07599299956715
3008959,0.07941178513837448
3008960,0.195591292969486
3008961,0.9164859966807912
3008962,36.81286060435144
3008963,0.6555560836496659
3008964,249.25497241554257
3008965,143.68444040518276
3008966,1.6980829365610721
3008967,2.6027213805556464
3008968,92.0788090532798
3008969,29.63396393620169
3008970,472.696876892216
3008971,0.23550556861548624
3008972,0.6003998741827761
3008973,5.092345689442812
3008974,0.05852657940198791
3008975,0.6635533702471748
3008976,3707.5742032582157
3008977,0.07778521859520643
3008978,663.9008705918267
3008979,7.149569260590688
3008980,1039.5567375483674
3008981,821.4992705250199
3008982,263.7788227028562
3008983,137.37337380068368
3008984,99.78566270132701
3008985,4417.803017980072
3008986,14.051561357318967
3008987,0.49155507236755774
3008988,17.172849514351775
3008989,15.425054340570938
3008990,0.17994474906814845
3008991,255.45249773538114
3008992,0.5316737734796809
3008993,15.712402897713268
3008994,1.9087875378833887
3008995,41.73979411484724
3008996,1.161497143712611
3008997,204.616783674398
3008998,257.6038402845097
3008999,1.3774427422468563
3009000,5.854209263165551
3009001,128.5815216411383
3009002,47.47798714577605
3009003,1242.2064075430235
3009004,0.5427672181499474
3009005,0.9611588669422242
3009006,4.196640277850943
3009007,0.0563622478938482
3009008,6.880982874525984
3009009,2506.032429355175
3009010,0.034822987800138705
3009011,467.3122731926735
3009012,7.759678310703704
3009013,853.5671030716353
3009014,724.2852241557665
3009015,146.48630394848277
3009016,125.21574948987575
3009017,76.2586468742219
3009018,3248.861757058954
3009019,70.86896012082778
3009020,1.480581854171505
3009021,16.497920048393787
3009022,24.301452766388188
3009023,0.4528780040180578
3009024,260.1808143396779
3009025,25.07698960859021
3009026,20.798281728503074
3009027,3.2682984768131083
3009028,102.22443897082917
3009029,8.296007986354738
3009030,199.57378966375185
3009031,272.5531273789086
3009032,10.85623836358221
3009033,13.299205632736093
3009034,240.9324166234074
3009035,58.861767238304104
3009036,2115.9043170815658
3009037,0.048696807662713074
3009038,14.383859438521572
3009039,7.699189006047286
3009040,0.1359479568148258
3009041,9.361521519918892
3009042,3004.762121846158
3009043,0.06750458614121813
3009044,546.8004824802796
3009045,13.874540363624737
3009046,1801.3396926283488
3009047,876.641031102846
3009048,170.3895064790573
3009049,132.26658113922153
3009050,107.91860220642056
3009051,5026.199811018219
3009052,34.67599620941152
3009053,1.7736362580087983
3009054,36.94407536136896
3009055,42.05986582075157
3009056,0.1998515298987999
3009057,481.6994112050779
3009058,34.08155494002207
3009059,18.635585418018486
3009060,8.50394034000204
3009061,81.99657730737633
3009062,14.476728717025155
3009063,160.3297405223537
3009064,568.8095772866939
3009065,7.626083865115175
3009066,13.029325450432964
3009067,166.81518262326978
3009068,94.2745868712593
3009069,2174.250002862771
3009070,0.24642454870057762
3009071,19.35949788879411
3009072,9.674500819574593
3009073,0.19663155114327724
3009074,3.5534705207901984
3009075,4533.336928287566
3009076,0.04184214716982203
3009077,899.2890924077719
3009078,7.286144032289471
3009079,2309.001928600432
3009080,765.6260198552061
3009081,205.1696068040622
3009082,410.73499353443475
3009083,64.09205338732059
3009084,5680.670257548918
3009085,38.051965940374785
3009086,2.2663957218783484
3009087,33.62673498045049
3009088,17.518470771953364
3009089,0.24788993629400144
3009090,396.9807803544372
3009091,5.687982715138043
3009092,11.891765270378123
3009093,6.16121819174238
3009094,52.82038520980905
3009095,3.114780538981135
3009096,173.67346362493942
3009097,455.59012242249577
3009098,7.427548133015537
3009099,11.799895895888037
3009100,294.7682455629321
3009101,56.34643933870137
3009102,1922.959980963602
3009103,40.75612977101795
3009104,16.53399192649337
3009105,5.362768920325937
3009106,0.14749321628900725
3009107,6.298154114229236
3009108,3584.0961185998403
3009109,0.05107612683871359
3009110,510.8858967637499
3009111,9.95544189576713
3009112,1079.3477095797025
3009113,988.0613644113423
3009114,263.21245534782696
3009115,203.9817919242858
3009116,116.24798436424533
3009117,4037.911604973374
3009118,36.26625192250131
3009119,2.352807313195545
3009120,16.430952448243733
3009121,19.18618962550369
3009122,0.3211390400973291
3009123,358.76931011823854
3009124,25.770819855769375
3009125,23.836385283025038
3009126,2.91086328505947
3009127,112.88783919689212
3009128,6.135136721018354
3009129,404.91509174893974
3009130,370.51552990358437
3009131,7.462417213536507
3009132,10.93856933018699
3009133,522.6860942131123
3009134,45.47291886256489
3009135,2981.485673658662
3009136,0.1237525243339174
3009137,30.82013604087676
3009138,6.583507802923158
3009139,0.16049836330273945
3009140,4.44344327778146
3009141,4676.249284774614
3009142,0.049146411756564035
3009143,576.6906266290584
3009144,9.303500799743428
3009145,2171.3087808028226
3009146,807.3570816754147
3009147,312.883683464176
3009148,155.35166379753167
3009149,72.23618453751433
3009150,6201.9990611362255
3009151,17.89979603513437
3009152,2.1664487720867185
3009153,32.838362043104766
3009154,31.064886731294024
3009155,0.5095232283418494
3009156,482.5920408195543
3009157,0.802350063101987
3009158,0.808192817326704
3009159,6.57856225027639
3009160,28.625674878466512
3009161,3.1114623016159926
3009162,153.6092029026724
3009163,386.7003845182635
3009164,3.677011532647807
3009165,9.808268001690404
3009166,223.21845182806678
3009167,71.32298076584294
3009168,1162.8379216378482
3009169,0.14711792084435987
3009170,5.792636208164394
3009171,6.840999309587083
3009172,0.059845548911927546
3009173,9.37982095170385
3009174,4509.633712141472
3009175,0.0420638218016526
3009176,716.5464208132084
3009177,11.30561302520968
3009178,1717.655411589486
3009179,1059.7216854657602
3009180,342.9510341639132
3009181,200.39867484167172
3009182,140.65579653389275
3009183,5279.91102421537
3009184,60.83923723618655
3009185,1.5145238861055772
3009186,30.274696289579186
3009187,38.97430640825232
3009188,0.2538343499564736
3009189,457.516392049857
3009190,35.84192827535559
3009191,31.848593105151693
3009192,11.812756212961384
3009193,77.4609305484509
3009194,14.112811291005979
3009195,291.8787600425235
3009196,599.6811129797485
3009197,18.158008425747063
3009198,11.560750442369892
3009199,287.63976268051954
3009200,82.4995724875332
3009201,2656.0286368749057
3009202,0.5451134800355181
3009203,8.416685102848527
3009204,4.148293836356766
3009205,0.038556909056641844
3009206,4.806771312554374
3009207,3685.6296982790464
3009208,0.03158411415075015
3009209,602.0159090821747
3009210,9.959857688824481
3009211,945.1809048951392
3009212,979.6988684702499
3009213,216.0235596367782
3009214,171.52475266048774
3009215,116.6494972730344
3009216,4065.4215888434674
3009217,37.431406252509234
3009218,0.9254032695963401
3009219,31.21446241849968
3009220,25.449751672727402
3009221,0.1339588981942011
3009222,300.68842139697773
3009223,25.160879838368672
3009224,37.02399208852025
3009225,6.963088266012698
3009226,75.4160711002132
3009227,9.711086123561556
3009228,271.6239291523583
3009229,293.6478626609277
3009230,9.043386162823746
3009231,9.465123004763914
3009232,291.087251698101
3009233,74.51393780342418
3009234,2766.611526874661
3009235,0.1971633012390287
3009236,16.853200971191004
3009237,6.987523829070456
3009238,0.1379227281856938
3009239,5.15271608569326
3009240,5823.474036399648
3009241,0.04139221399159115
3009242,797.7384057275793
3009243,19.11979075956491
3009244,1521.426803336612
3009245,901.7592245957322
3009246,354.48891227079025
3009247,184.83471482200258
3009248,64.76633680136858
3009249,5861.003985790838
3009250,14.888063809360316
3009251,1.3035292448875058
3009252,26.907821365288058
3009253,25.42988368348682
3009254,0.3275089629981771
3009255,340.97310572437516
3009256,0.6339959573227482
3009257,11.438872036329926
3009258,3.3342603922534204
3009259,104.87088605044488
3009260,4.707923442077065
3009261,218.29976160541707
3009262,380.9387914355421
3009263,6.398390338715739
3009264,6.491871178982209
3009265,291.07151253632054
3009266,146.053594214854
3009267,1440.036389236916
3009268,2.260382577463462
3009269,2.7983766687507066
3009270,15.978208057596742
3009271,0.06367498353549489
3009272,26.42874646929164
3009273,13111.849639270682
3009274,0.04482465479954937
3009275,2076.3555009220654
3009276,25.423448356272168
3009277,3737.9313861989194
3009278,3405.1267712046824
3009279,906.3151327658768
3009280,959.3290481002282
3009281,570.3561181686251
3009282,13162.92560741862
3009283,108.80336961138687
3009284,4.686704665618889
3009285,154.3873367224119
3009286,148.61448643746076
3009287,0.5365943695438399
3009288,1462.5188783179283
3009289,56.80814638127267
3009290,28.3764781050225
3009291,20.41768975544352
3009292,412.9655282090365
3009293,31.87635613837805
3009294,1103.0471094507732
3009295,1136.9713856821486
3009296,59.746811667603694
3009297,54.66924403827139
3009298,1670.2080531407084
3009299,341.8187096368995
3009300,12345.565256205198
3009301,49.28610249357949
3009302,115.27971456809087
3009303,23.164498813304252
3009304,0.07831594482793564
3009305,22.872704256377844
3009306,12847.981084583182
3009307,0.11840820838552496
3009308,1665.0154090638557
3009309,21.128370300161116
3009310,3880.1698456595977
3009311,3025.020569949199
3009312,1086.1931454614796
3009313,561.7923835521066
3009314,430.2760990543814
3009315,13040.868572595497
3009316,166.36810451914792
3009317,3.1224785503112242
3009318,75.79868053320659
3009319,100.69659590709412
3009320,1.0923619196941519
3009321,1172.2680837290595
3009322,62.92276814430929
3009323,47.41912850539657
3009324,66.36993916202388
3009325,217.3608341785071
3009326,23.729059543154005
3009327,1626.3494605653368
3009328,1233.3394464017463
3009329,37.69987536571744
3009330,44.864071320050144
3009331,1829.3143909215964
3009332,329.3323860507705
3009333,8257.698754452522
3009334,370.43863084319867
3009335,132.4870751349132
3009336,17.14503648357737
3009337,0.06252250834166163
3009338,26.532049561694194
3009339,10422.276846132767
3009340,0.09333587740403199
3009341,1296.5634830858498
3009342,13.107554627591803
3009343,4090.996680196854
3009344,2465.7950598964762
3009345,1252.863624763097
3009346,254.8315461112037
3009347,344.5030043481123
3009348,13066.619549157997
3009349,74.91457670958383
3009350,3.3763045878262004
3009351,48.314222607213125
3009352,44.58891214411864
3009353,0.43712667758156754
3009354,1187.8984378867751
3009355,77.67123495012677
3009356,40.534383812583656
3009357,12.659395936218797
3009358,133.8402847515929
3009359,11.10337276557061
3009360,1192.5962487769639
3009361,1220.023744257296
3009362,40.00543926272995
3009363,62.304584128176494
3009364,1282.5930204725903
3009365,142.8962128208631
3009366,4276.404343266436
3009367,236.20648228966246
3009368,67.04010281146766
3009369,21.666412182937965
3009370,0.06930628199859613
3009371,26.565796596011488
3009372,12303.018779895683
3009373,0.0981469217566367
3009374,1503.4826518424193
3009375,17.340465549004787
3009376,3515.5877016896475
3009377,2933.919035039342
3009378,1020.8380787348217
3009379,545.4109222772724
3009380,350.70495829626395
3009381,12645.280734371743
3009382,71.32693804970623
3009383,2.1052856659278434
3009384,71.04564555285356
3009385,101.72681340339669
3009386,1.1775668825481391
3009387,1100.6144245710345
3009388,58.409922405643606
3009389,34.911194494645734
3009390,18.167041497541437
3009391,219.39442922717546
3009392,14.453973422798954
3009393,1137.0562379219223
3009394,1223.519726212047
3009395,34.59753837346803
3009396,49.36851358289651
3009397,1733.057109049899
3009398,268.75298614478515
3009399,7656.645480892128
3009400,114.87336363782669
3009401,82.29826129490175
3009402,18.585796734650884
3009403,0.05798802701554353
3009404,27.93160829758375
3009405,8375.966445345293
3009406,0.03642516169698416
3009407,1132.736148048272
3009408,17.30879175857561
3009409,3565.4649102323738
3009410,2014.6396524616746
3009411,1060.1455275390986
3009412,200.52351953458458
3009413,260.2244480853692
3009414,11692.656755006672
3009415,75.01653777632293
3009416,1.2021173375796812
3009417,46.67333777275613
3009418,70.9680437082755
3009419,1.1450883667443252
3009420,1095.3742254980882
3009421,46.29369692926858
3009422,18.0370761091531
3009423,7.927225494854021
3009424,121.6450063831384
3009425,7.093976340374855
3009426,1256.748248756252
3009427,1182.842028487562
3009428,24.865786738493412
3009429,40.54913244498041
3009430,1441.625365922493
3009431,142.42084828382693
3009432,3223.9279952889738
3009433,71.86717179482548
3009434,33.50343678738224
3009435,11.2577889131347
3009436,0.06164905424027795
3009437,14.31081851660724
3009438,8470.068922621691
3009439,0.0551294071227449
3009440,1299.3825219425364
3009441,21.678370272637736
3009442,2293.9854561791994
3009443,2548.027491418781
3009444,574.8141369655032
3009445,569.3297900431644
3009446,385.2108835815989
3009447,8440.350406663976
3009448,84.76545546994322
3009449,2.3849624735583683
3009450,50.345663587849955
3009451,56.40739708541456
3009452,0.4453088679402063
3009453,794.22300501459
3009454,36.159748946458016
3009455,26.512958382216596
3009456,20.782228361780444
3009457,247.75252124217238
3009458,19.628042991780326
3009459,866.2675148672142
3009460,809.4637057285829
3009461,29.835412716643376
3009462,45.37896775558554
3009463,1135.3483446379464
3009464,242.23449024261623
3009465,8151.757445858772
3009466,89.31399289949555
3009467,74.85213333936791
3009468,6.321584435160835
3009469,0.2691093262107331
3009470,6.330299945637003
3009471,2783.519454018133
3009472,0.04652994049399783
3009473,414.3652789336658
3009474,21.139981914710567
3009475,1161.6001357945
3009476,728.6994542301188
3009477,261.1665042771722
3009478,122.07258559198729
3009479,87.66503238727233
3009480,3884.1620315561136
3009481,127.845012932311
3009482,1.1613552276946282
3009483,26.600374312965258
3009484,27.393073725880726
3009485,0.3650240326071821
3009486,339.29784853886883
3009487,18.675911772273214
3009488,12.210166770508973
3009489,11.03730146746983
3009490,64.67509745510253
3009491,7.575311235746123
3009492,286.2923714768655
3009493,371.37041171740566
3009494,5.953820594094229
3009495,8.923069600984892
3009496,294.2237049396943
3009497,61.391220082503445
3009498,1847.3982751171784
3009499,0.6329836949472549
3009500,10.867239950192177
3009501,9.72001796283282
3009502,0.05147111462227161
3009503,16.973735198915556
3009504,7026.289833221674
3009505,0.07778749526333593
3009506,758.3775044725603
3009507,28.872808698516476
3009508,2632.350172983492
3009509,1494.5097126936844
3009510,690.4806030061774
3009511,155.9151648644344
3009512,148.78044652825753
3009513,8350.536320333866
3009514,234.71388194252992
3009515,2.0347161840675585
3009516,41.34051104662945
3009517,41.735490590964105
3009518,0.49525486438591737
3009519,839.2501691583361
3009520,38.66855383504554
3009521,11.652365114134508
3009522,2.9044862187988985
3009523,133.38324874950757
3009524,9.371139380708222
3009525,583.7689176467105
3009526,846.4940600586291
3009527,14.572340749131072
3009528,35.460518297134016
3009529,580.1931891461959
3009530,85.39995729449828
3009531,2777.830938652455
3009532,77.60891212697186
3009533,24.290913862946233
3009534,10.556299325307691
3009535,0.07860643514230006
3009536,7.681944998019799
3009537,5913.34926724917
3009538,0.056161269415183644
3009539,1039.4952407847595
3009540,7.887495853189563
3009541,1765.334029191403
3009542,1892.5264936956837
3009543,308.16684009927116
3009544,415.00579220415864
3009545,286.0155544447057
3009546,6620.394647587236
3009547,59.19886163751221
3009548,2.4741482559032244
3009549,42.05740135914563
3009550,48.73600524899349
3009551,0.5663212613388473
3009552,496.01825359644323
3009553,4.18563351597294
3009554,57.29358264265037
3009555,6.15747175022841
3009556,171.67427907545994
3009557,12.858925537495276
3009558,686.4838500024908
3009559,397.69125892481634
3009560,24.739098731268864
3009561,13.978591585553708
3009562,819.7856621375404
3009563,153.8953286349106
3009564,5612.17490314531
3009565,5.3723705812722535
3009566,59.96817563987676
3009567,15.151274679363336
3009568,0.10608244505726956
3009569,8.67804143738908
3009570,5527.461324065331
3009571,0.065064400742291
3009572,1099.2896129057035
3009573,13.742453239380716
3009574,2116.3068305970146
3009575,1466.731989858018
3009576,499.1667385200634
3009577,285.3714588872431
3009578,338.6019083157225
3009579,7104.743090758715
3009580,65.41161732520838
3009581,3.243146304100037
3009582,42.04923070420921
3009583,54.11026863185897
3009584,0.5702479051176658
3009585,553.5203726503375
3009586,11.840012974014423
3009587,55.80617930919502
3009588,8.194940998126036
3009589,190.47385383043257
3009590,11.69032850760455
3009591,565.7537394096132
3009592,537.434806958072
3009593,17.887475305080848
3009594,31.89500452188844
3009595,617.6026318662996
3009596,139.4722515270389
3009597,4716.778024097311
3009598,3.221933816302024
3009599,8.61127196274574
3009600,10.890444762686368
3009601,0.07378141321327356
3009602,4.680851658895683
3009603,3428.538087457702
3009604,0.047688970587712924
3009605,677.127383201296
3009606,5.656418154516881
3009607,1410.2837038061234
3009608,787.524127436156
3009609,320.1915554026698
3009610,132.80631014327145
3009611,130.33291100446127
3009612,4464.036810045458
3009613,20.566747081938217
3009614,1.6650751644242585
3009615,27.87763775392756
3009616,25.85054781488533
3009617,0.2088667015586797
3009618,380.0653665087558
3009619,4.838712335909192
3009620,17.816839362254346
3009621,7.343673743512918
3009622,102.22284679915415
3009623,3.5982274938460517
3009624,321.5613202125823
3009625,353.398963673627
3009626,6.0911909859317594
3009627,6.715051198014165
3009628,295.0368743550951
3009629,81.80088295937904
3009630,2642.4918148167126
3009631,0.17271929398688124
3009632,2.203562922682453
3009633,11.512450896870318
3009634,0.1988506353319734
3009635,7.868249335617584
3009636,5921.247518779348
3009637,0.12376918294572781
3009638,495.54933873404264
3009639,13.436456381519658
3009640,1919.1402345774372
3009641,394.1848532926537
3009642,332.98894261954337
3009643,96.65113901447185
3009644,59.93141034605041
3009645,5107.835709756606
3009646,44.125842521246206
3009647,3.63243039469807
3009648,48.86589688318389
3009649,24.185719811391515
3009650,0.46682868838556946
3009651,401.12857590012027
3009652,4.020074007316153
3009653,15.717788336082018
3009654,7.586979609966917
3009655,36.79678287308743
3009656,7.01243956520273
3009657,76.02704574490171
3009658,343.0360797945225
3009659,8.019002889893242
3009660,17.17611956123975
3009661,82.15588033755245
3009662,135.4300693812505
3009663,870.3687052509256
3009664,1.1315046889371652
3009665,8.860715285511603
3009666,6.218645225723176
3009667,0.1158595389554139
3009668,8.265932299173631
3009669,5054.331640471758
3009670,0.07029982739561766
3009671,676.6806192887082
3009672,11.287605921571483
3009673,1685.5047698397152
3009674,1230.0368132077347
3009675,488.88025446116455
3009676,255.81361111111238
3009677,172.77525145004353
3009678,6269.906725489275
3009679,39.76848714616382
3009680,2.0230352687535476
3009681,33.294417322597624
3009682,43.52564106642512
3009683,0.25930680621755864
3009684,542.5158932438912
3009685,36.84301454336992
3009686,22.11693854496722
3009687,12.34253708476821
3009688,129.32379967227516
3009689,9.687051133293242
3009690,570.756051503825
3009691,458.08009488558355
3009692,11.287932259506352
3009693,18.68093076668797
3009694,721.8526028927025
3009695,107.8393449789828
3009696,3335.2338302288035
3009697,0.10656884567251731
3009698,41.184195598542544
3009699,5.654400103435144
3009700,0.15532675917349062
3009701,6.57004234330458
3009702,3980.3858470160867
3009703,0.049550461350537256
3009704,655.7295740821569
3009705,12.743606695085644
3009706,934.3670096796601
3009707,1210.6345202607292
3009708,199.47846729539634
3009709,270.87350432960676
3009710,230.03220379031387
3009711,3770.1378466710994
3009712,39.848921396168244
3009713,1.8699243186660293
3009714,26.592480855125064
3009715,28.297041658186792
3009716,0.7013537727054451
3009717,267.1731418001789
3009718,23.52587802264786
3009719,40.44149875456527
3009720,12.153699827151232
3009721,191.94102995171173
3009722,15.079008364780877
3009723,431.43288911611205
3009724,263.3915595508952
3009725,6.747106337099188
3009726,17.708993738052783
3009727,601.6788958703972
3009728,126.89119280785995
3009729,4567.364963214208
3009730,0.2446033495382581
3009731,37.65773291416512
3009732,6.959577444608499
3009733,0.1899750268572255
3009734,12.998179067609794
3009735,5528.44293363801
3009736,0.05350609743089171
3009737,918.5901758139354
3009738,22.87271540567778
3009739,1474.04757249355
3009740,1709.6299033784044
3009741,384.78786009339456
3009742,444.9498617499906
3009743,184.1429652688131
3009744,5379.519378910893
3009745,37.685221997266495
3009746,4.5527775174979315
3009747,42.351513494798255
3009748,55.42880576290352
3009749,0.1838407883010441
3009750,466.8147927569812
3009751,34.99924890608654
3009752,34.105806666240575
3009753,20.811356275694834
3009754,126.23137459479221
3009755,17.496331320745018
3009756,498.30736067222074
3009757,466.8909469694111
3009758,24.686378978606673
3009759,18.78347690459952
3009760,755.8873099386727
3009761,178.54937481558807
3009762,5538.048960951726
3009763,0.6022109408908071
3009764,47.87893864820001
3009765,10.655348014977756
3009766,0.2157223472324959
3009767,6.371761401187872
3009768,3846.740889821779
3009769,0.055572997389062455
3009770,712.5546746078701
3009771,12.94485577179891
3009772,1723.1472176429759
3009773,964.5588201373916
3009774,580.5381053723861
3009775,240.7623826918865
3009776,115.4130434362984
3009777,6385.640872151959
3009778,16.461443586470395
3009779,0.8558531237260463
3009780,33.584760240707396
3009781,38.661121080237905
3009782,0.17061683239705505
3009783,441.97052660297675
3009784,10.275188978096743
3009785,5.131253204666061
3009786,7.181328324396114
3009787,56.545221392015165
3009788,3.133093524321867
3009789,416.6048329697634
3009790,501.4360342469985
3009791,7.048108377181743
3009792,7.909365500523596
3009793,506.23072062046316
3009794,95.90214844044922
3009795,1786.7130285534288
3009796,21.420440617649312
3009797,14.432268200615532
3009798,4.392205411873409
3009799,0.06387164017100164
3009800,3.851497975643888
3009801,2165.822865040613
3009802,0.08644312871678102
3009803,353.5664379787851
3009804,8.90399507949179
3009805,633.2313556073557
3009806,716.9252255541526
3009807,160.98807888424858
3009808,139.60208676072705
3009809,117.32317488896452
3009810,2693.4067445825467
3009811,16.304940236026265
3009812,1.2882334753346476
3009813,11.31979716085208
3009814,24.80045867302166
3009815,0.8196559121989084
3009816,217.5567818867819
3009817,11.864750007702826
3009818,16.909540907601063
3009819,3.9836351399813923
3009820,66.82572899880094
3009821,5.780633329952881
3009822,290.21805417358576
3009823,180.88349955603977
3009824,3.6564774942006686
3009825,8.397408326285705
3009826,346.8908040791403
3009827,65.77958660645466
3009828,2453.734519690811
3009829,0.0654975365584643
3009830,21.582310609245198
3009831,2.0430399409578617
3009832,0.08444366771700856
3009833,2.136044005525043
3009834,1326.7684969633915
3009835,0.029764433081632142
3009836,121.31060192936407
3009837,3.8108668443368847
3009838,1127.0231838920727
3009839,302.10010188208696
3009840,226.7019906553943
3009841,82.07139748178764
3009842,27.203288465247855
3009843,2714.7906941724286
3009844,8.874019862775343
3009845,0.3733053855995972
3009846,6.593083538391884
3009847,7.65058166039484
3009848,0.11059695169393587
3009849,185.77401470890624
3009850,2.044785738722983
3009851,0.11924125259940624
3009852,1.386412869957972
3009853,8.997706594733678
3009854,0.6607355249981341
3009855,188.74011495215987
3009856,186.72767668227866
3009857,1.105671424646125
3009858,4.098724925162415
3009859,135.6309443178258
3009860,26.488449443246495
3009861,279.6002265767355
3009862,8.579483134957087
3009863,1.4570756962696056
3009864,4.338576868091809
3009865,0.18673356490695342
3009866,1.9162900932598745
3009867,3677.4987709758298
3009868,0.041188298196664544
3009869,669.751367775961
3009870,8.122004890141723
3009871,1642.7339435629317
3009872,655.8330003388891
3009873,505.4006618888387
3009874,409.8140117313827
3009875,62.71807179214644
3009876,6415.371983393756
3009877,21.140901378219827
3009878,0.6268290997973776
3009879,13.055298199489375
3009880,20.838624556324742
3009881,0.21498758132389229
3009882,452.6251360643487
3009883,9.235327155324756
3009884,0.9876957207448954
3009885,6.066462996315071
3009886,27.92381213110088
3009887,1.9350519881293584
3009888,530.4533994109335
3009889,353.2695131525186
3009890,1.75385429348391
3009891,12.235241402277357
3009892,293.00374455418125
3009893,62.5693274358523
3009894,1482.9622399253
3009895,13.666413114158393
3009896,6.641788039011159
3009897,3.4701209695908837
3009898,0.05218818762512629
3009899,1.7718203212257393
3009900,1721.7579847867758
3009901,0.03231346129008135
3009902,205.14230846361255
3009903,6.4062338529604315
3009904,1326.5198638503457
3009905,378.5235644727725
3009906,181.9986767636565
3009907,70.60366292822935
3009908,28.255097486435886
3009909,3156.9578759893648
3009910,8.545248153451555
3009911,0.2916213431948516
3009912,9.469929304315622
3009913,14.202946405597713
3009914,0.3366777967024017
3009915,180.5445623584535
3009916,4.090580627612531
3009917,0.06913086536286155
3009918,8.970183669422736
3009919,18.780495590629776
3009920,1.0837118327829183
3009921,152.29982868571753
3009922,167.23457396526246
3009923,0.8830328369144381
3009924,4.911090362115771
3009925,171.95507594251887
3009926,25.368854883321866
3009927,318.1687456912144
3009928,16.026150900928606
3009929,1.693344781028896
3009930,3.5825256870797992
3009931,0.052060420598701876
3009932,2.213236555470837
3009933,1645.9136848819367
3009934,0.029699003477921093
3009935,144.30340455856057
3009936,4.96073521878488
3009937,1219.356397009203
3009938,281.3961436929076
3009939,174.30185687201794
3009940,74.46057967704577
3009941,32.75002490977029
3009942,3059.2222612759765
3009943,12.207679880998926
3009944,0.26220647061203556
3009945,16.55868928149887
3009946,11.158164959308781
3009947,0.1793188884893396
3009948,155.61988039437867
3009949,1.195056794451578
3009950,0.07514750863836835
3009951,2.614259569464128
3009952,22.84382561363107
3009953,0.7933177201820764
3009954,173.4214381079381
3009955,251.0499140188347
3009956,0.6010174805284272
3009957,5.152293159188643
3009958,65.39678581264289
3009959,21.012843467003997
3009960,179.40674720558633
3009961,14.800849904819056
3009962,1.399887960091919
3009963,3.3050756678136413
3009964,0.13039618430392225
3009965,1.279968469656267
3009966,1617.2969087271897
3009967,0.05768921459339173
3009968,168.5181342989106
3009969,4.757282522949197
3009970,1504.525959886587
3009971,364.86477430254126
3009972,234.55971087000864
3009973,54.104952694709446
3009974,34.76377382558111
3009975,3035.33603206281
3009976,10.036999024664993
3009977,0.3867599196935413
3009978,9.238491171891788
3009979,22.00838421946897
3009980,0.23020958545202097
3009981,251.3561940961987
3009982,1.070161073521134
3009983,0.07904155890878381
3009984,2.473519943924159
3009985,9.69059486493822
3009986,1.6991783240847231
3009987,243.48565783400284
3009988,236.626426850492
3009989,1.3318213792232039
3009990,2.8414663072166153
3009991,72.21801586593315
3009992,83.38310399515306
3009993,398.5122593470942
3009994,13.639002552995455
3009995,2.675851903402571
3009996,2.4655847942317752
3009997,0.22603188934982205
3009998,3.743675619687663
3009999,1706.3299071027345
3010000,0.026064941234076322
3010001,167.02156103520696
3010002,2.065072519600262
3010003,962.8341510105339
3010004,380.0330965270313
3010005,249.54861465790526
3010006,114.42469144846945
3010007,49.39135723967648
3010008,2697.3021422460542
3010009,7.925080201294877
3010010,0.5736203188390014
3010011,13.425768711167237
3010012,11.714468609681354
3010013,0.26713439999406957
3010014,213.29798848075825
3010015,5.34294234760484
3010016,0.07839275134839956
3010017,2.0578495912989014
3010018,12.20301992081186
3010019,1.0393900126380067
3010020,136.4063289139648
3010021,197.2539647943383
3010022,0.9891379194306813
3010023,3.0020491332558623
3010024,105.24126949118445
3010025,35.55665622945857
3010026,594.8521679845312
3010027,39.983858980218194
3010028,3.0929193835908704
3010029,4.255893806840067
3010030,0.13574871995505897
3010031,0.8677884173959453
3010032,1323.673610134058
3010033,0.04173788433219837
3010034,172.8539390144033
3010035,3.7082288399121204
3010036,689.315396830582
3010037,257.7572159767867
3010038,166.08688700725875
3010039,174.9302366823276
3010040,24.72789866443052
3010041,2185.0822610721166
3010042,6.492882979568845
3010043,0.3491769053459107
3010044,11.287663621024215
3010045,12.345490864059013
3010046,0.21505922655721604
3010047,154.54722311904712
3010048,0.18741148760969445
3010049,0.06038657953420532
3010050,2.253147003377558
3010051,14.505286279346784
3010052,1.2288602452736332
3010053,68.2269529047756
3010054,142.0409110956982
3010055,0.98782186542971
3010056,2.6680308144449594
3010057,66.44599958225486
3010058,34.250569242476026
3010059,569.4145322118591
3010060,0.06942469376664481
3010061,1.2620384244307525
3010062,5.470270862780702
3010063,0.5450065406367888
3010064,3.304403727450055
3010065,2953.290390486136
3010066,0.040777073538229916
3010067,334.4349815648623
3010068,3.7442835022836847
3010069,1303.6218068629257
3010070,700.0256133545241
3010071,478.453982233037
3010072,308.2072139975355
3010073,89.64823334449675
3010074,4332.063569676241
3010075,17.072968964025065
3010076,1.2190244708453766
3010077,15.950965297193314
3010078,21.529349068507834
3010079,0.3601178885400781
3010080,289.24380455791743
3010081,1.4294410155681363
3010082,0.19437607033671017
3010083,5.77337937153416
3010084,26.79613586459084
3010085,1.8361754603695548
3010086,256.7986291074907
3010087,306.8948501085031
3010088,1.7841727408408343
3010089,6.622005342453875
3010090,427.08159383056704
3010091,54.146825465055684
3010092,1328.5256767082178
3010093,184.960560698036
3010094,9.459457131003273
3010095,2.6114552787843643
3010096,0.07816377928999388
3010097,4.422637548510322
3010098,1935.2159199759967
3010099,0.038307256222824694
3010100,554.7964897125655
3010101,5.145104004639662
3010102,614.362397904328
3010103,573.5638974575932
3010104,189.08716423459396
3010105,198.63354583565035
3010106,40.11675155440476
3010107,2816.0176898633354
3010108,11.709566234468761
3010109,0.7750058818975608
3010110,18.89995458710026
3010111,13.50609735746189
3010112,0.29449481468826394
3010113,163.30306405894524
3010114,9.510070750136265
3010115,3.706821922271377
3010116,5.130852004850622
3010117,26.984002081485787
3010118,1.4178705178840953
3010119,95.71517653720932
3010120,168.89497764431843
3010121,3.7269421814221957
3010122,5.314141543069464
3010123,175.1595203953376
3010124,51.126812945445295
3010125,1510.8252929540859
3010126,31.354280284073603
3010127,10.34548750627355
3010128,5.179330927714149
3010129,0.6299601141269213
3010130,2.9426080914234536
3010131,2626.225221504477
3010132,0.04116122942917546
3010133,189.89518093308277
3010134,4.770089167712895
3010135,1057.719504613087
3010136,409.6122691519837
3010137,290.39515311422906
3010138,109.04800410879099
3010139,41.45981020083688
3010140,3764.1108099591675
3010141,52.54217371465547
3010142,0.6702127989175454
3010143,11.936351215822167
3010144,12.606064290545804
3010145,0.1668194308056899
3010146,186.1880676917089
3010147,7.486785098321685
3010148,0.20208677264807495
3010149,3.8787184050993346
3010150,34.97865705075904
3010151,1.6316280672991081
3010152,142.3484754789256
3010153,202.618836939557
3010154,1.2355421310955146
3010155,3.953544257117739
3010156,103.54913221316247
3010157,26.053656728511882
3010158,517.7888712459472
3010159,37.37692522713856
3010160,3.5967550285420646
3010161,6.371184772610156
3010162,0.10843267292083546
3010163,8.867657658778597
3010164,3023.1865428936426
3010165,0.07538158779879203
3010166,639.9677907144597
3010167,11.628436095893424
3010168,919.3826264197637
3010169,809.2752923627545
3010170,242.58474954544886
3010171,158.95888060554194
3010172,89.39340198034672
3010173,3539.6878276792795
3010174,69.00638714812942
3010175,1.5824012193713595
3010176,16.814058574488925
3010177,27.69014802039144
3010178,0.45545251814693183
3010179,278.47228826862283
3010180,20.290342469658242
3010181,14.555623684948863
3010182,8.556497783417436
3010183,53.734670366334456
3010184,8.054725093382578
3010185,380.77468262177223
3010186,285.1642140965868
3010187,8.274524641296434
3010188,8.876331219723575
3010189,465.21390053907044
3010190,113.85539143365432
3010191,2143.253873159608
3010192,0.1724612740257927
3010193,31.83601427358638
3010194,6.453017529177433
3010195,0.13425314919775816
3010196,4.548365637279696
3010197,3056.295379669148
3010198,0.05188549969734796
3010199,494.67660445545516
3010200,7.494060863059472
3010201,1720.5498819833479
3010202,710.9916491083361
3010203,566.8207522499446
3010204,168.60849481903642
3010205,67.98692650520408
3010206,5014.781616312052
3010207,12.645332821047877
3010208,0.4628193587253803
3010209,19.129047769422435
3010210,15.433673592861126
3010211,0.14287358448401533
3010212,307.43802384311624
3010213,1.9359380459445505
3010214,4.110856528878814
3010215,2.9846304531745576
3010216,24.23963716487536
3010217,1.1479144189081318
3010218,270.9064518154449
3010219,338.5429640940833
3010220,3.2175620689756426
3010221,5.0537650973280765
3010222,321.7559620015702
3010223,58.580956008220724
3010224,968.3988104300568
3010225,39.848355650369626
3010226,10.127476519934497
3010227,6.190176693244991
3010228,0.2204479751290992
3010229,2.9860506518802272
3010230,3237.0111537437333
3010231,0.04079515054953216
3010232,466.82333646010227
3010233,5.952839225114351
3010234,1742.0423671536917
3010235,603.1814198528515
3010236,342.27603230926104
3010237,373.1006082452993
3010238,61.00626895117177
3010239,3789.8490987369414
3010240,12.853412980332102
3010241,0.3529717772925849
3010242,22.13014101636131
3010243,26.22093473195091
3010244,0.21060715667585614
3010245,353.7698062399677
3010246,2.361979676665806
3010247,1.9559787339311607
3010248,6.700448149209763
3010249,52.985776636455526
3010250,1.4500579018907565
3010251,110.96435210097994
3010252,303.7287288741961
3010253,2.015249203166685
3010254,5.78138506636875
3010255,157.9989766502693
3010256,127.75783890796697
3010257,1273.2145542146877
3010258,0.8255743581557421
3010259,5.466576446362677
3010260,3.046227161901947
3010261,0.2042260588840069
3010262,1.1483179451679206
3010263,1731.066259709275
3010264,0.03260386125747015
3010265,231.4642682382625
3010266,8.399310470146128
3010267,717.9799403336154
3010268,362.0467494655725
3010269,163.86969521776217
3010270,76.21105697875879
3010271,40.831388503735596
3010272,2715.1606639533657
3010273,10.089816507415556
3010274,0.3641194319564277
3010275,13.694319010224723
3010276,11.74689453866731
3010277,0.0922687963941726
3010278,156.58983356601732
3010279,0.9666840602797584
3010280,0.1532153878455044
3010281,3.701844663044784
3010282,34.59936445442938
3010283,1.7265421572006616
3010284,135.9383763809294
3010285,194.4442766223657
3010286,1.5285509744144483
3010287,3.5490818071453174
3010288,204.38849390725426
3010289,22.344531765284728
3010290,775.4984477827576
3010291,41.9298229981372
3010292,2.4402030416202054
3010293,1.9611248122681273
3010294,0.05184354366241575
3010295,4.169966241982948
3010296,1386.1421295482592
3010297,0.049387406949819496
3010298,269.0536598525749
3010299,10.041287490622613
3010300,525.1625932663712
3010301,509.22754840438307
3010302,138.3889489449636
3010303,45.46134294131413
3010304,46.50192679268362
3010305,2250.1692664064626
3010306,17.59936984748569
3010307,0.36976888592913587
3010308,11.267523275231625
3010309,15.302159065004615
3010310,0.15012973515506833
3010311,149.75400938709564
3010312,8.14733961220759
3010313,3.4053530537595194
3010314,4.855939883821924
3010315,36.1125195150085
3010316,4.144784887920696
3010317,400.81471892925947
3010318,143.10191590905194
3010319,2.9733930409635994
3010320,4.495717601298875
3010321,354.86303748222343
3010322,28.382659838701322
3010323,1125.7294192413083
3010324,0.043607535016049755
3010325,5.994523805055042
3010326,2.790264823280312
3010327,0.14605890991947695
3010328,4.068462795379832
3010329,2936.8820131145603
3010330,0.036467029948579
3010331,612.0526289752574
3010332,13.952303197362866
3010333,945.9429236353319
3010334,1166.5751892255457
3010335,246.79268875032676
3010336,210.0708717515767
3010337,140.6709295069119
3010338,3218.4210171585933
3010339,31.065189024994687
3010340,0.6997787808927517
3010341,14.847536340514768
3010342,25.51664017373794
3010343,0.0948076940604617
3010344,241.5135777143961
3010345,9.618733608778577
3010346,24.68396127937385
3010347,5.9617978415238095
3010348,55.10079960883278
3010349,8.399861568690882
3010350,346.970421990468
3010351,244.81946254569633
3010352,12.93215461292296
3010353,8.412656489358842
3010354,475.1360990964175
3010355,91.61715564533313
3010356,2725.3186122388424
3010357,0.07891349936466976
3010358,11.937104351585115
3010359,2.9223992611953475
3010360,0.13037879026859744
3010361,2.4781449511467395
3010362,1619.7310941424657
3010363,0.03266277919786497
3010364,339.97512461631624
3010365,3.680228271975447
3010366,405.8964554679901
3010367,510.7259186273717
3010368,131.62593265757982
3010369,95.14995888412933
3010370,55.60897896694275
3010371,1676.009141241559
3010372,15.435852737628313
3010373,0.5617487413575356
3010374,9.02449528081958
3010375,14.68965717809769
3010376,0.11949791131632481
3010377,105.73739706064832
3010378,0.11266307877454168
3010379,9.393020133116758
3010380,1.8461060286639484
3010381,73.50645742177154
3010382,4.699693847355206
3010383,171.64532735902327
3010384,93.91579082665938
3010385,3.1415306737842847
3010386,4.41609582930297
3010387,134.19065464194298
3010388,25.053855883294634
3010389,1322.6402063886276
3010390,0.659917582158104
3010391,2.0939427673838598
3010392,4.225671818422395
3010393,0.08820875634877562
3010394,0.21181932719134644
3010395,1128.621594879261
3010396,0.07505872475069897
3010397,223.66496929307323
3010398,5.957768633138302
3010399,527.3522416455465
3010400,283.1009177113249
3010401,111.10351321512888
3010402,38.310648472257554
3010403,31.11320839142969
3010404,1976.338058333748
3010405,27.790686009147798
3010406,0.7142676476398631
3010407,10.332364579979872
3010408,11.491085156982532
3010409,0.3921351008420285
3010410,138.01956738381682
3010411,0.5806678763086226
3010412,5.462418145103975
3010413,1.9768075268208727
3010414,17.188006096443296
3010415,0.6611363495302923
3010416,287.49601777833595
3010417,187.01506029714204
3010418,3.289674027888206
3010419,2.3380052894223926
3010420,159.4710832727389
3010421,22.863574696183846
3010422,507.5038757637036
3010423,0.608879151153225
3010424,2.6618248941959664
3010425,5.049564038460381
3010426,0.1555451157329197
3010427,3.9901356351265895
3010428,3791.856012115344
3010429,0.11311397361665151
3010430,779.7473826487875
3010431,12.594011996062143
3010432,1059.8295024082095
3010433,1225.5531265238064
3010434,316.7963993623971
3010435,276.17505225829564
3010436,101.00923890043615
3010437,4528.287596912061
3010438,19.013184175571222
3010439,1.5094733024753135
3010440,17.14069492231343
3010441,23.069944804628904
3010442,0.42282193564548354
3010443,313.460835812919
3010444,5.425358394878009
3010445,22.27440225377493
3010446,5.002927401364042
3010447,91.85996312373479
3010448,2.5590534352135297
3010449,331.12367764480473
3010450,282.2136654657744
3010451,8.27028980330515
3010452,7.355341040461873
3010453,467.07920013838645
3010454,86.15119584751122
3010455,2906.1216774243467
3010456,0.973393564666119
3010457,12.310609985278285
3010458,6.314370571727779
3010459,0.07626626698839058
3010460,2.3629613074139786
3010461,3518.266052791292
3010462,0.04978704263451221
3010463,773.958413219094
3010464,12.917195153075443
3010465,1499.3735278221811
3010466,958.8850882707861
3010467,379.67292891769
3010468,332.9324389170282
3010469,65.88389639701066
3010470,5207.769546240596
3010471,9.265772933811776
3010472,0.7292700149174552
3010473,23.01117724294059
3010474,18.027871735174926
3010475,0.31773579819735165
3010476,290.49938893044066
3010477,0.0763108614808547
3010478,4.302588357483151
3010479,5.180340934213831
3010480,28.128331930114584
3010481,1.2632929296349513
3010482,176.92200745017277
3010483,302.850685250217
3010484,3.6878510634028436
3010485,3.772508060665481
3010486,219.33095769179798
3010487,84.61239027974166
3010488,1610.2343623531283
3010489,2.0392567526124172
3010490,2.9489167736493678
3010491,6.010685724377544
3010492,0.3859421140272365
3010493,1.3531641407129626
3010494,2881.887514160034
3010495,0.03844290587114814
3010496,771.8634720503659
3010497,5.980414161832594
3010498,1036.2566791121374
3010499,812.7513580286047
3010500,250.29238957755726
3010501,467.8193009636271
3010502,57.42610715714119
3010503,3679.4539287154266
3010504,14.71085403325149
3010505,0.6257161967612025
3010506,18.284054477924517
3010507,12.53780048125978
3010508,0.0986805902123631
3010509,269.52685208474304
3010510,0.09971414441006654
3010511,4.015159798607966
3010512,3.2557201428302207
3010513,48.83275037581413
3010514,1.0326332692854139
3010515,123.32832580344885
3010516,329.44216726342773
3010517,4.81838964401524
3010518,3.977463781474796
3010519,210.8733119772146
3010520,67.79031695200692
3010521,1080.3063232396262
3010522,1.2717474905238675
3010523,4.319138472341825
3010524,7.297103674970208
3010525,0.5706140048658342
3010526,11.707894603778893
3010527,6726.250793071098
3010528,0.06390825173723384
3010529,1124.9918463911426
3010530,26.5377404007979
3010531,1918.091295562479
3010532,1852.822679009345
3010533,306.3521457199461
3010534,458.8879358329002
3010535,307.0237101541105
3010536,6562.948332597787
3010537,71.17341723207548
3010538,1.9508163773393368
3010539,26.467819056463682
3010540,42.78404208005518
3010541,0.30235255903071606
3010542,527.5525391178658
3010543,29.582172402582955
3010544,37.639305083335394
3010545,16.677537423673126
3010546,124.65920777304405
3010547,17.139747108356623
3010548,643.5902943237727
3010549,517.8333597915844
3010550,11.897296756882179
3010551,17.907935464855257
3010552,1074.5768825022249
3010553,197.1423572106679
3010554,6388.913762997039
3010555,0.9330003046340178
3010556,70.43173438118903
3010557,3.0691356329050743
3010558,0.28072596172777153
3010559,0.6843252603198331
3010560,1546.5530198321499
3010561,0.026081204877857762
3010562,168.12769055787606
3010563,2.378462912789405
3010564,510.6288945657934
3010565,300.5825073087354
3010566,121.9895572342324
3010567,187.27137511796997
3010568,31.551881062552027
3010569,2063.346089629186
3010570,4.122739115309649
3010571,0.24110882893098073
3010572,13.055025952484211
3010573,10.993537128988297
3010574,0.35401668817512466
3010575,138.684653910829
3010576,0.4676205208195535
3010577,0.16876841507230145
3010578,3.5392537109200344
3010579,16.02742646572937
3010580,0.9582690086029004
3010581,55.94565611866484
3010582,96.03662767847021
3010583,2.21766923982572
3010584,3.528909464471351
3010585,84.01825308549186
3010586,18.752412553743184
3010587,505.38573697670364
3010588,0.2099606672542404
3010589,3.7947849000657383
3010590,4.860696320837247
3010591,0.09873541818037042
3010592,1.957955080819761
3010593,2598.3733149388963
3010594,0.02946154705012089
3010595,535.7400577069667
3010596,7.4688211916522
3010597,1155.4554865208052
3010598,631.0218540460851
3010599,205.11776023097156
3010600,514.4811284045234
3010601,57.296880925744574
3010602,3723.414653589279
3010603,11.481392663334962
3010604,0.15730733875067687
3010605,15.520780013601277
3010606,18.28080422086643
3010607,0.06726162452251659
3010608,254.01842642761852
3010609,0.9528161610055224
3010610,3.086938625275872
3010611,5.989144441407924
3010612,9.62383847151084
3010613,0.9910335946034199
3010614,362.1618924485328
3010615,249.37594510254908
3010616,3.0559687258505868
3010617,5.204961405807873
3010618,118.0014378582782
3010619,53.95991562265039
3010620,1035.1596354619794
3010621,1.08296913125668
3010622,3.395746256377307
3010623,1.993581240248577
3010624,0.03516872482542496
3010625,0.5384129134249899
3010626,1071.3666318577148
3010627,0.023039958432603425
3010628,162.11339862632323
3010629,2.2220541077286047
3010630,874.8001663419195
3010631,186.35043038274023
3010632,95.67585712554614
3010633,388.48851431315165
3010634,16.79033983103444
3010635,1780.0457687155981
3010636,2.4816506068054034
3010637,0.3927869258482662
3010638,9.205098502880801
3010639,5.023089506907514
3010640,0.09688841752824837
3010641,92.73685700413148
3010642,0.06136112158224181
3010643,0.05734620973493465
3010644,1.1028831852163412
3010645,14.758610404534654
3010646,0.6465097140393101
3010647,73.41617302990815
3010648,88.50672336579318
3010649,0.4425304154796992
3010650,1.4583562080888242
3010651,66.21772704577444
3010652,12.710661483511458
3010653,210.07058511877517
3010654,0.06509526252781161
3010655,1.6896787778304343
3010656,5.310772120253509
3010657,0.07710425660899078
3010658,1.3749507429999017
3010659,2142.733687764643
3010660,0.0458533496949758
3010661,244.9199863993868
3010662,4.9916804983502665
3010663,980.2194404005864
3010664,399.2653617978497
3010665,165.56343155419518
3010666,319.6856513512213
3010667,34.51159987713383
3010668,3041.7159276564344
3010669,2.9320975438523775
3010670,1.1972453471681286
3010671,19.369447409624335
3010672,14.231032238103731
3010673,0.16942959355133524
3010674,181.0522867607215
3010675,0.32346951474594016
3010676,0.2691697495208376
3010677,8.673129123417429
3010678,9.80431737537348
3010679,1.5721969221185665
3010680,203.32613443294588
3010681,205.87673433896975
3010682,1.1776474266614434
3010683,4.803487704017051
3010684,162.35419014630725
3010685,19.16671832616898
3010686,1150.2722460231103
3010687,0.28628543460908573
3010688,0.9584659625218
3010689,2.668292030448078
3010690,0.1915665486167502
3010691,1.268766246196387
3010692,2224.5369037286537
3010693,0.03431234245670504
3010694,607.7597437849747
3010695,4.758376906246553
3010696,913.657545013526
3010697,609.4951944920927
3010698,231.6381277572077
3010699,155.81469284088723
3010700,45.84516862691693
3010701,3284.0809856286414
3010702,5.124137652471618
3010703,3.2842562690555264
3010704,15.669967099821829
3010705,27.943067358404004
3010706,0.12290936107957529
3010707,199.84128547518046
3010708,1.8382442926915832
3010709,4.692099908513468
3010710,1.718275946440484
3010711,15.473274153775229
3010712,1.2903953987726038
3010713,159.7357473499707
3010714,262.17934971033776
3010715,2.139302885224912
3010716,4.216934577313928
3010717,136.32247106494185
3010718,27.422009761881476
3010719,566.6802787636375
3010720,1.7359280190820279
3010721,1.828694492320654
3010722,3.153130941531707
3010723,0.029684065589217323
3010724,0.2752411173421785
3010725,1630.9179848151502
3010726,0.02502507459185381
3010727,101.89659533064165
3010728,3.6643249488467076
3010729,536.3493802036706
3010730,198.61796574111253
3010731,99.1697713603011
3010732,233.67819046345517
3010733,31.16573234063027
3010734,2270.682274788347
3010735,7.471647509580723
3010736,0.34155720138870477
3010737,7.972638604733676
3010738,8.71764143271588
3010739,0.1279204419687914
3010740,111.61493365946843
3010741,0.05597044110456553
3010742,0.14094448705774487
3010743,0.8709360151717029
3010744,17.49857284663964
3010745,0.5484316061254184
3010746,191.4112045776498
3010747,107.22060319841668
3010748,1.2409455552536728
3010749,1.7362852905972812
3010750,56.76546752390982
3010751,20.651951495900306
3010752,352.8715511184181
3010753,0.17305877811595272
3010754,0.5388097601437669
3010755,3.6519149728523015
3010756,0.04607159330117097
3010757,0.6639251339338532
3010758,3306.4024080115714
3010759,0.06512574066403033
3010760,545.0200112696436
3010761,7.467352195068699
3010762,860.0956202431578
3010763,581.15340630526
3010764,192.39144170015157
3010765,164.09706288853
3010766,54.84771908893143
3010767,3853.293450136403
3010768,8.038332117368519
3010769,0.436973398680254
3010770,18.855478246088307
3010771,12.920662596371834
3010772,0.28092653841547416
3010773,231.7127733693032
3010774,0.48338308455186346
3010775,11.675567813299612
3010776,1.033414526762877
3010777,22.132546563740256
3010778,0.7540135901400888
3010779,204.3459831406767
3010780,235.7019810297112
3010781,1.8877074565638603
3010782,4.646489373082314
3010783,112.91857145272638
3010784,44.37420909917445
3010785,1129.4827593041348
3010786,0.693485668148652
3010787,0.8711688394920606
3010788,2.9290504565899345
3010789,0.03273975666056424
3010790,5.190252939735391
3010791,3234.2371901777997
3010792,0.024685420482485072
3010793,555.1912485527513
3010794,5.109277872447819
3010795,965.8071783741655
3010796,909.4784573772587
3010797,168.5108059151345
3010798,127.35608072982257
3010799,100.69772425453866
3010800,3598.68663656637
3010801,56.40672640330534
3010802,1.0660859089055081
3010803,15.729497931316363
3010804,26.82236434294549
3010805,0.3208952295762614
3010806,282.00843572549223
3010807,15.90471610141125
3010808,19.50280484446314
3010809,1.7941456450652375
3010810,78.68839261459028
3010811,6.391369570091775
3010812,189.20197082881987
3010813,251.3663237877669
3010814,8.179024051007053
3010815,11.111458672649176
3010816,231.56948301761605
3010817,57.613973692183734
3010818,2315.520384352182
3010819,0.03797119656842439
3010820,10.050083752009444
3010821,4.4659806063230985
3010822,0.10846851804931892
3010823,5.314906655701216
3010824,2413.598442494871
3010825,0.054408455081545536
3010826,478.8347642595213
3010827,10.131365301581601
3010828,1129.787155352276
3010829,718.5574621003983
3010830,151.59706701515273
3010831,89.83957279960717
3010832,84.36622195035152
3010833,3896.2588959728237
3010834,23.905525419612864
3010835,0.9848508691627811
3010836,29.719411946808293
3010837,54.39598163705918
3010838,0.13370780700983664
3010839,334.64691408114413
3010840,19.638750182080557
3010841,13.86035271274497
3010842,5.550785142151177
3010843,72.8556088615792
3010844,8.687645879669894
3010845,165.15620526577763
3010846,427.50120278283515
3010847,6.960489402524461
3010848,8.4202658231503
3010849,99.53734829377831
3010850,78.62734309086184
3010851,1829.4053209777278
3010852,0.2934217351495684
3010853,12.25192024575535
3010854,6.941466818080464
3010855,0.1892106109791119
3010856,1.7838198096602162
3010857,3750.0445849869534
3010858,0.041231787901057644
3010859,689.0587730843444
3010860,5.967800145515648
3010861,2145.4707962029956
3010862,676.2128348430822
3010863,187.72209246664718
3010864,1377.3106362339656
3010865,55.48224965313386
3010866,5588.808073514375
3010867,28.56688196091698
3010868,1.6621833525529905
3010869,17.397478495128336
3010870,17.73443925598512
3010871,0.13292463860101467
3010872,312.905376720078
3010873,3.5313530618708824
3010874,10.098006729626656
3010875,5.339787884743259
3010876,27.951621268056865
3010877,1.6625910220628066
3010878,161.58960679534923
3010879,295.19145759226745
3010880,5.01966272106659
3010881,8.667069593306094
3010882,232.7726255296383
3010883,55.212376139803254
3010884,1619.6226440485361
3010885,10.281449249085203
3010886,12.687852170991311
3010887,3.4586946855908915
3010888,0.17860647221031445
3010889,4.863203866070345
3010890,2402.4832740546035
3010891,0.060057722385126265
3010892,401.64348138870184
3010893,6.58658486056428
3010894,742.0312062498786
3010895,699.1999063927111
3010896,184.9112280700777
3010897,131.65208142121307
3010898,82.24012477409804
3010899,3012.800515329829
3010900,20.326852867380257
3010901,1.6147284551535628
3010902,11.401449845673428
3010903,12.466968187569869
3010904,0.2791358198104678
3010905,251.8869431686399
3010906,15.778281008979551
3010907,15.923298293773676
3010908,2.2328387865658006
3010909,50.87993802434346
3010910,5.007051545156536
3010911,337.3303560565059
3010912,241.44496001809483
3010913,5.690169009009152
3010914,7.580691879058094
3010915,348.45437585235567
3010916,42.72599688516473
3010917,2019.276503462699
3010918,0.20838405075313504
3010919,21.302699476663854
3010920,3.5735091084709523
3010921,0.16665508972641946
3010922,2.457011661238
3010923,3582.873337896511
3010924,0.04123009033903048
3010925,468.8710960727967
3010926,6.581751144627967
3010927,1739.0824519554583
3010928,621.4581482335633
3010929,248.8148795024763
3010930,247.14814194105523
3010931,75.9174389020358
3010932,5188.443226833428
3010933,10.222738377779395
3010934,1.3301036777094175
3010935,22.425396701072174
3010936,20.216075264177192
3010937,0.3174617581801633
3010938,515.7430167235188
3010939,0.41140079176089733
3010940,0.3325947775065685
3010941,4.596911311976713
3010942,21.943087291426565
3010943,1.6325702141626968
3010944,138.50706645096287
3010945,329.08253004317135
3010946,2.6982511459406933
3010947,6.796409812524214
3010948,190.86386202287912
3010949,68.01352154587265
3010950,1181.9646512240506
3010951,0.10686644174237081
3010952,5.4553234581725905
3010953,4.43551781212091
3010954,0.04379422306164966
3010955,5.350091979651532
3010956,2731.1847527100836
3010957,0.03483674022549728
3010958,535.1089712921939
3010959,6.459886637954818
3010960,976.120510712572
3010961,718.7955972829454
3010962,219.17820417293103
3010963,145.38997888693868
3010964,87.75253194052549
3010965,3567.416805362169
3010966,47.20756131856923
3010967,0.9599204453248982
3010968,15.34851093877765
3010969,20.49261553968661
3010970,0.17808647779725553
3010971,277.30366991433556
3010972,12.115863200917428
3010973,16.560103038448414
3010974,7.30891732913482
3010975,97.12289563361873
3010976,8.877291348037714
3010977,199.92139477421472
3010978,357.608213526465
3010979,12.172002127332904
3010980,9.87495722725018
3010981,212.70632719143646
3010982,57.723525979684496
3010983,2028.3351869058768
3010984,0.33491531005237163
3010985,6.923627183422091
3010986,2.764187171895335
3010987,0.03779838763552754
3010988,3.945200194970778
3010989,2941.262744932877
3010990,0.028179099983601345
3010991,563.7550265104871
3010992,9.11080932376273
3010993,769.3859714603896
3010994,836.5674982993087
3010995,195.3247807363512
3010996,142.55750640650868
3010997,103.81861400600687
3010998,3316.763770208103
3010999,30.936529669968515
3011000,0.7016204348170736
3011001,18.844992921283716
3011002,14.287818754709827
3011003,0.09181072978936083
3011004,258.91588268271005
3011005,13.185784458496716
3011006,28.12880497799229
3011007,5.202916984889633
3011008,50.72323581445575
3011009,6.463484298979452
3011010,227.64987033745325
3011011,256.7976979685354
3011012,7.283483414814855
3011013,6.644078775725917
3011014,206.2395826187322
3011015,66.94920688046281
3011016,2222.9743840858355
3011017,0.2299882221598516
3011018,11.513105931352127
3011019,5.012820625313136
3011020,0.12353869156088801
3011021,4.009986939439606
3011022,5868.180123607226
3011023,0.03584195092793361
3011024,687.2208265333161
3011025,12.04648850176332
3011026,1376.9325808842884
3011027,769.7720920868376
3011028,326.8111651771448
3011029,394.6115835867827
3011030,57.9283430991843
3011031,5162.785764026188
3011032,12.238568443821379
3011033,1.1124619191232374
3011034,18.942620091791
3011035,17.971903700459855
3011036,0.21772750640944377
3011037,296.1626093485285
3011038,0.4942723794506601
3011039,5.068976174389485
3011040,2.875659562044662
3011041,49.46380566276716
3011042,4.196942051683144
3011043,236.82763547147982
3011044,351.96812770416705
3011045,4.762584609109933
3011046,5.052426465716093
3011047,182.8765685228496
3011048,141.18544351596285
3011049,1321.8819708840306
3011050,2.343007578822325
3011051,2.145719531329619
3011052,11.163201549258797
3011053,0.05332571731431902
3011054,15.607379583975273
3011055,9535.142367480166
3011056,0.03539609044616336
3011057,1487.1062068144886
3011058,24.326464795805528
3011059,2375.9676922372732
3011060,2124.177483491757
3011061,557.224236917141
3011062,586.6513772205416
3011063,370.25810960596243
3011064,9250.48290908587
3011065,98.40582444461941
3011066,3.968863345025147
3011067,72.34513359006864
3011068,103.71629455694995
3011069,0.45844263478325625
3011070,754.0378159449624
3011071,35.19410269170833
3011072,18.783210739671333
3011073,14.878048714846306
3011074,210.33802290824457
3011075,19.668274167245322
3011076,770.0467504835783
3011077,604.881821692693
3011078,28.02156183921349
3011079,31.05098392422493
3011080,1100.0624275047362
3011081,288.0090659535096
3011082,8086.057667390869
3011083,25.01004186550936
3011084,82.83306866319856
3011085,12.48060952889887
3011086,0.04466448751011025
3011087,13.009108202714996
3011088,8953.116034278915
3011089,0.06090383423964881
3011090,1159.0529146227236
3011091,15.63485351622655
3011092,2661.857545936666
3011093,1926.8800730457688
3011094,631.2516343868335
3011095,380.14715759297036
3011096,267.5414228838778
3011097,9914.154014130543
3011098,154.24043256374082
3011099,1.637330905534923
3011100,40.03978642711478
3011101,68.1458156472058
3011102,0.46823344368359787
3011103,722.9129047960679
3011104,26.54731245166022
3011105,21.422400932449996
3011106,34.40560623643967
3011107,128.63894680939694
3011108,12.129905764966386
3011109,1102.5855395591748
3011110,887.7420380522291
3011111,16.600291192099835
3011112,28.80939086673898
3011113,1134.425571536205
3011114,210.92229803692032
3011115,5774.486957235849
3011116,155.36033355678288
3011117,74.51803582456276
3011118,8.819671676806788
3011119,0.047864228912629814
3011120,14.145360437422376
3011121,6279.519578376955
3011122,0.07493583053107442
3011123,891.3307061706237
3011124,11.720137765316027
3011125,2167.785132832354
3011126,1714.3184782366536
3011127,738.6440088691386
3011128,136.8988665805885
3011129,209.94136949917612
3011130,9159.950867056134
3011131,49.298009757578896
3011132,1.699625481956668
3011133,21.990146932787024
3011134,29.127919393416185
3011135,0.4608301900783619
3011136,671.7734513974419
3011137,29.145523599123816
3011138,21.066466064503654
3011139,7.194098536919315
3011140,110.83550892630055
3011141,6.750660071100673
3011142,1020.1958222555882
3011143,739.2266423781624
3011144,20.16366303953076
3011145,32.875012411478046
3011146,741.9206135722978
3011147,164.46827991992342
3011148,2592.332992455117
3011149,136.5358137237048
3011150,37.67909179157341
3011151,12.572091875341428
3011152,0.047353669960983724
3011153,13.825965369774373
3011154,7401.482057778047
3011155,0.045230511895864814
3011156,1124.4641295987476
3011157,15.514368544815172
3011158,2567.2322006224113
3011159,1915.1351213052703
3011160,669.8798947008535
3011161,353.8792202126143
3011162,221.0767933759542
3011163,9430.592606662645
3011164,49.462192229281726
3011165,1.1631935824789645
3011166,36.26256816930447
3011167,64.90495102012902
3011168,1.0230018626570827
3011169,711.7487629874876
3011170,33.486354378634395
3011171,14.776292141369474
3011172,29.722466949624405
3011173,125.35180727087976
3011174,8.074303870019133
3011175,787.7962910301161
3011176,728.0024112281744
3011177,19.639439000521474
3011178,23.96298463883226
3011179,1187.26843801302
3011180,208.07415631911255
3011181,4981.95951849218
3011182,38.77523612276072
3011183,65.93333388231348
3011184,9.750680476753518
3011185,0.04177273607999149
3011186,14.839968574332499
3011187,4521.68143491647
3011188,0.02287962952956519
3011189,892.2334454726804
3011190,14.000105471687595
3011191,2322.985712305409
3011192,1295.9638259951457
3011193,619.725084738155
3011194,107.3478597862173
3011195,150.32334180187587
3011196,8188.126376784858
3011197,53.15856063183776
3011198,0.8554442309156534
3011199,23.867642965837746
3011200,34.589134113591065
3011201,1.0045370500207071
3011202,727.7874542239113
3011203,38.00957400145094
3011204,8.805682932087908
3011205,8.341457336525082
3011206,83.91195452400433
3011207,4.62463511368028
3011208,915.835386171756
3011209,818.9416567748376
3011210,15.273774137376513
3011211,21.972688474003945
3011212,791.2869002368634
3011213,95.82917077249564
3011214,1788.3351362549984
3011215,53.36675191575303
3011216,23.107257148080897
3011217,8.625193282115646
3011218,0.04629781980731617
3011219,8.748820125671742
3011220,6689.938625210805
3011221,0.051268347578547147
3011222,1127.7125263867829
3011223,19.818768262369062
3011224,1872.466819906279
3011225,2039.8079395957584
3011226,450.8325919480656
3011227,474.40626796421196
3011228,277.5916701634086
3011229,7464.452451011322
3011230,67.3050691335272
3011231,1.951295577443183
3011232,36.52355633240885
3011233,61.258636917971955
3011234,0.3441527213125135
3011235,567.6121860690257
3011236,23.254352581388684
3011237,18.136470749097867
3011238,7.0246191068160355
3011239,187.8067643068651
3011240,13.505372831447524
3011241,792.7541503288128
3011242,538.983335176941
3011243,17.881941900963806
3011244,27.20197976650352
3011245,1052.3357627707703
3011246,204.23992835845164
3011247,7134.356794869529
3011248,100.6993827133596
3011249,76.95014625322125
3011250,3.5783496196917937
3011251,0.23711700567288713
3011252,5.061283268189247
3011253,1966.2686029570496
3011254,0.047260847827082585
3011255,342.7277204283437
3011256,17.24828419486929
3011257,1014.6814831482787
3011258,582.9115093239445
3011259,224.78375726858258
3011260,83.962538524739
3011261,77.8893001542235
3011262,3255.419749709192
3011263,85.19530220748794
3011264,0.7687900820894666
3011265,18.244045756904967
3011266,24.19224980316374
3011267,0.26972675639245625
3011268,278.2972594506376
3011269,11.057090324863061
3011270,8.189501405004098
3011271,9.363776704256962
3011272,36.86528726264947
3011273,4.7615810357622035
3011274,262.10022253307733
3011275,272.46472704428294
3011276,3.961800719364399
3011277,7.944676886679103
3011278,212.00079963293257
3011279,56.517942474877984
3011280,1407.5938618649607
3011281,0.6006331597633124
3011282,6.812315162785408
3011283,6.374365925605192
3011284,0.0363848496701655
3011285,10.954360869460444
3011286,4204.706664211097
3011287,0.07301726678866115
3011288,597.6292002369095
3011289,21.76156601481841
3011290,1877.808436967472
3011291,1114.4821508734908
3011292,475.97062240933224
3011293,117.9727980867423
3011294,104.6488367855687
3011295,6591.996941505742
3011296,120.5264059231326
3011297,1.1207399504216444
3011298,27.867892157132957
3011299,34.2387912826525
3011300,0.3658260389643616
3011301,549.1375412148213
3011302,21.197815480567975
3011303,6.549472678432631
3011304,1.8690986305359978
3011305,97.70713721748473
3011306,5.6377342686816245
3011307,581.894776446302
3011308,595.6506323444664
3011309,11.530740995581565
3011310,20.205489073841314
3011311,396.36087093672637
3011312,80.03817161632992
3011313,1988.6621201464043
3011314,66.28206127831473
3011315,14.8072801678909
3011316,6.181959622793096
3011317,0.03918262498158812
3011318,5.107205421814761
3011319,4755.400265672535
3011320,0.03948695577688937
3011321,897.5899765579175
3011322,6.3586357314162605
3011323,1533.549423752741
3011324,1582.3806300201172
3011325,283.21866284782476
3011326,342.526854110064
3011327,230.90780770714
3011328,5503.837127119725
3011329,30.678749111502622
3011330,1.7269954414527522
3011331,24.012484655631404
3011332,29.24452779363093
3011333,0.35208513903986266
3011334,447.51490277115795
3011335,1.916753203095578
3011336,35.139523639931184
3011337,5.58797105150143
3011338,96.6367134126393
3011339,8.53072261753496
3011340,594.119681480577
3011341,370.22810569163005
3011342,20.281627175751417
3011343,8.923634504383086
3011344,702.6402741852258
3011345,120.70957539475687
3011346,4911.895970179048
3011347,3.544984282404852
3011348,37.340461873392975
3011349,8.685233579263668
3011350,0.0825580678018219
3011351,6.816657458106471
3011352,3962.831630890145
3011353,0.05083684319968659
3011354,805.8474271763027
3011355,9.24658642210991
3011356,1527.6617907737268
3011357,1107.8350480064855
3011358,336.04888197349237
3011359,208.4089361316207
3011360,219.5136881585107
3011361,5451.670881349229
3011362,75.40134131516535
3011363,2.2047085231141144
3011364,27.14531122474411
3011365,30.536440324844044
3011366,0.4123635708248035
3011367,339.43078923048876
3011368,6.310978710094316
3011369,32.51035951996995
3011370,7.205791433499535
3011371,131.54170559988205
3011372,6.284320926055441
3011373,443.6395569557915
3011374,290.5870670557713
3011375,10.513104030919786
3011376,15.912281281255414
3011377,440.36689017388494
3011378,126.44898118376668
3011379,3969.119746573764
3011380,2.382205743763285
3011381,5.524470754573628
3011382,6.8436058534669435
3011383,0.07070325435281977
3011384,3.8836581895190707
3011385,2565.554427784144
3011386,0.05079465599326112
3011387,474.1479717839488
3011388,4.093542415051669
3011389,1033.0773994329043
3011390,532.2425969196703
3011391,215.287266315519
3011392,88.2159175189019
3011393,78.85278583972877
3011394,3382.2706270931853
3011395,13.685242722966287
3011396,1.0672784717131256
3011397,18.021734248187244
3011398,21.41267471957631
3011399,0.12148787765639452
3011400,243.83199348656046
3011401,1.8393178769258702
3011402,8.854164462182549
3011403,4.3652956367097975
3011404,49.99534668921562
3011405,2.874296782067057
3011406,231.71292224884684
3011407,215.7992245023748
3011408,4.527246107010251
3011409,4.752516418515507
3011410,172.40934737600983
3011411,59.7399108851075
3011412,1814.0240678118034
3011413,0.09380919441055559
3011414,1.477072662642776
3011415,6.373588733067798
3011416,0.13089109309277938
3011417,6.060915710018816
3011418,3743.533312134283
3011419,0.15646943586295686
3011420,299.5739911393603
3011421,10.850989937598095
3011422,1665.087770714322
3011423,278.90033787561634
3011424,245.52159239291984
3011425,90.42222040974495
3011426,39.60139025634086
3011427,4001.099319472377
3011428,19.472087434040155
3011429,2.9007529009180093
3011430,27.92153996973395
3011431,22.91569424016474
3011432,0.451174471269252
3011433,263.9087767117485
3011434,2.4433497916262197
3011435,5.702740955833925
3011436,6.273519258705209
3011437,23.30182792810937
3011438,4.4426153402638775
3011439,51.63131926468324
3011440,214.91925441605855
3011441,5.445081853968564
3011442,15.225991307964582
3011443,73.0728750566545
3011444,102.4102549389705
3011445,676.2120688937314
3011446,0.8124324077816518
3011447,6.376761571771961
3011448,4.210371690363485
3011449,0.09637314838052574
3011450,5.648214768657323
3011451,3496.005672793669
3011452,0.058564585427838475
3011453,540.6513221546293
3011454,8.846561500728663
3011455,1206.5206266018895
3011456,933.0122636290027
3011457,342.53946672041616
3011458,169.53359229137288
3011459,135.25767252281193
3011460,4956.1385401874595
3011461,31.45000530039604
3011462,1.9313165345190058
3011463,22.93106458726143
3011464,42.310134276238706
3011465,0.21178171309929206
3011466,470.1867399789455
3011467,17.11769514681326
3011468,14.789692033887682
3011469,10.69498206848618
3011470,45.75328136345328
3011471,6.155042281836804
3011472,432.18489007431765
3011473,313.11703583111546
3011474,7.92456388186266
3011475,10.648715745737777
3011476,536.0626356419075
3011477,74.37323858569995
3011478,2404.5181211452577
3011479,0.14108212417160948
3011480,32.44927302141103
3011481,4.3429606418544004
3011482,0.1054455779299695
3011483,5.771457022069317
3011484,3623.790497011343
3011485,0.04681549713852689
3011486,671.5360031543192
3011487,15.46009423767849
3011488,1123.8778766203175
3011489,1305.9028915468075
3011490,176.1572224484592
3011491,295.98362322862715
3011492,200.15708566645003
3011493,3978.7124787880357
3011494,35.00147236348954
3011495,1.907362507779426
3011496,20.123426798813405
3011497,30.901931831339585
3011498,0.6495922938587759
3011499,282.48389473161865
3011500,13.801014695656166
3011501,29.91798985885337
3011502,7.396738459627016
3011503,111.42062458208055
3011504,8.865769934123522
3011505,497.0628586594655
3011506,260.30472567500556
3011507,5.5279950809553835
3011508,12.193460471575044
3011509,653.0846564144954
3011510,132.0358842191838
3011511,4822.844564333763
3011512,0.27862255712746864
3011513,38.437359280500615
3011514,4.188552492121946
3011515,0.16335639560288948
3011516,9.444220588224614
3011517,3923.2136192561425
3011518,0.049221714855161164
3011519,787.7090380267935
3011520,13.327072130591741
3011521,1148.1703662703121
3011522,1291.2349257815354
3011523,278.8099685100702
3011524,319.4246156469947
3011525,138.2063412039111
3011526,4342.488290605726
3011527,33.916033992794134
3011528,3.774605019581102
3011529,24.662802377475792
3011530,45.36270094409109
3011531,0.12775375389511862
3011532,340.85148466027294
3011533,20.252165730719675
3011534,21.65607407189479
3011535,16.843275052490306
3011536,103.9462907865858
3011537,11.844902436525881
3011538,433.7253048669535
3011539,319.4919398999194
3011540,14.948983586456245
3011541,13.59809772688305
3011542,597.6343182758092
3011543,132.5344966164992
3011544,3939.939303087231
3011545,0.548284759178978
3011546,33.472374098070006
3011547,6.83464039275979
3011548,0.13814294208028885
3011549,4.316152888221417
3011550,2946.3228867344947
3011551,0.051264149072030626
3011552,579.2859015657323
3011553,8.424621754319874
3011554,1529.7669197295638
3011555,737.2584000974033
3011556,496.31704637838095
3011557,260.00785009806293
3011558,70.8463582057412
3011559,5332.912034395103
3011560,10.757478603076862
3011561,0.8262531901406029
3011562,29.009734911230893
3011563,28.18276249362625
3011564,0.1015285741298421
3011565,443.3083149696586
3011566,7.28394765294492
3011567,4.168449518722553
3011568,4.672183898809407
3011569,33.0638881193841
3011570,1.6398013477367372
3011571,334.1346652360254
3011572,386.22674550939587
3011573,6.124027644607012
3011574,4.629973970827381
3011575,341.5145456132048
3011576,74.81083630264571
3011577,1401.1095661495956
3011578,24.116354211864923
3011579,9.268124764245997
3011580,4.026810936762241
3011581,0.059282887047466974
3011582,2.336412684130322
3011583,2162.1760834840293
3011584,0.0740257143054502
3011585,322.6818474416883
3011586,9.063395149223371
3011587,638.6822627491563
3011588,591.0846311746162
3011589,134.55437773551787
3011590,128.31390096013035
3011591,114.21092605975267
3011592,2382.281364276473
3011593,19.04206386059692
3011594,1.2855265189157552
3011595,11.302053655174442
3011596,24.989583370434765
3011597,0.5480559559055057
3011598,203.87610456134738
3011599,10.621104980893485
3011600,18.335632544856345
3011601,4.928075381836096
3011602,66.1558589897236
3011603,4.872330022485062
3011604,247.34850494131598
3011605,152.29475277367004
3011606,3.5373805920665387
3011607,10.907292745814077
3011608,301.4935541933499
3011609,57.68194020170708
3011610,2010.8983145097318
3011611,0.044778239662737696
3011612,19.81559373112271
3011613,1.6324964977553698
3011614,0.0703321958432582
3011615,1.735196504869287
3011616,1387.2178199885338
3011617,0.024988786148619872
3011618,103.71791873386547
3011619,4.314152959064304
3011620,701.531038443162
3011621,241.23446097322733
3011622,237.42050003310825
3011623,40.27120204198534
3011624,24.816329254983543
3011625,2474.346469460786
3011626,8.115913108325044
3011627,0.33832019357528736
3011628,7.878741725921849
3011629,8.50571923982287
3011630,0.08941075076544391
3011631,148.54656813180134
3011632,2.2686705498980912
3011633,0.0437771030497474
3011634,1.3204701636317446
3011635,11.910855169336703
3011636,0.6067547002953911
3011637,176.89275481131955
3011638,167.26032982128342
3011639,1.044052813346331
3011640,4.314694348271955
3011641,144.64458178638006
3011642,21.604758947175412
3011643,353.63758794017843
3011644,11.369662519389623
3011645,1.7463934552742537
3011646,4.420487394224266
3011647,0.19224288596515296
3011648,3.288626624725885
3011649,3449.45649534907
3011650,0.02623931669056071
3011651,632.8879891299143
3011652,9.230661649469937
3011653,1559.2764374961303
3011654,640.3125414289536
3011655,503.08380491228627
3011656,424.53132357860505
3011657,73.89844805487184
3011658,6105.834913099107
3011659,30.150878607632084
3011660,0.6047177396636445
3011661,16.873496638417045
3011662,16.857803109149874
3011663,0.12490856289652832
3011664,414.4546335054157
3011665,11.40553014432233
3011666,1.8959944242997642
3011667,5.645098394175948
3011668,25.45142563609764
3011669,1.436874412016491
3011670,612.6359516244311
3011671,340.3505066265043
3011672,1.6532244843861459
3011673,10.424307577876395
3011674,461.0025596530327
3011675,101.06731986695357
3011676,2125.4030620812946
3011677,11.072102732472763
3011678,5.9147703680505055
3011679,3.822210544265922
3011680,0.04413072899954673
3011681,0.23645796163245286
3011682,1465.9132851988988
3011683,0.02503994629102266
3011684,173.81790015749442
3011685,6.839249014257913
3011686,1273.9198551876443
3011687,338.6833100608558
3011688,196.37205092975634
3011689,45.90910987453779
3011690,31.109900442890815
3011691,2701.6548581399984
3011692,10.574734221182243
3011693,0.24019416474963448
3011694,10.842653193839663
3011695,11.082812332290308
3011696,0.3024917925358323
3011697,161.33142416728907
3011698,4.467317871715449
3011699,0.050619791442259934
3011700,8.90423439852492
3011701,29.31765337461301
3011702,0.8569846286748307
3011703,205.4276721127481
3011704,167.63914143578106
3011705,0.8668305621335917
3011706,4.248274225352889
3011707,158.54856279141882
3011708,26.87195734887028
3011709,404.8902696966385
3011710,17.277585992160088
3011711,2.825257604098824
3011712,3.0717557491621355
3011713,0.04666553060563561
3011714,3.657764057112984
3011715,1292.886979844542
3011716,0.02653761543648756
3011717,142.70705014722026
3011718,5.433534900790384
3011719,864.2895024007944
3011720,248.84028505460662
3011721,183.01624720247162
3011722,39.00936732753259
3011723,27.902717852148804
3011724,2521.380226659908
3011725,11.736756419651382
3011726,0.22892859819857347
3011727,15.362091913978485
3011728,7.330655526703193
3011729,0.15485059623742078
3011730,137.61019523668062
3011731,1.250247859016727
3011732,0.06527213302320965
3011733,2.3063418332206855
3011734,23.28277100514502
3011735,0.9079616076755762
3011736,184.88279065901293
3011737,173.5770461061618
3011738,0.5915448433065839
3011739,4.2966124913712465
3011740,97.66381968350714
3011741,18.77597100382479
3011742,232.97366918406638
3011743,16.649445447268732
3011744,1.290531960971598
3011745,2.909663179758832
3011746,0.1248662805148956
3011747,1.7271426686750206
3011748,1394.5786100890023
3011749,0.04195085608519368
3011750,181.52034490957593
3011751,5.017738857537669
3011752,1450.991736646361
3011753,340.378391572159
3011754,246.77018148699
3011755,33.81536660923224
3011756,37.93858251876955
3011757,2658.077547067687
3011758,12.537066678457666
3011759,0.48683397646508364
3011760,9.89436149151389
3011761,15.69336693107303
3011762,0.20845098005658916
3011763,180.28743941449318
3011764,1.0126602459391898
3011765,0.06803618861102327
3011766,2.0661384621228076
3011767,18.931702399831977
3011768,1.4191362355823314
3011769,241.18569485912082
3011770,226.77942635083488
3011771,1.2801888525161336
3011772,2.950540462117184
3011773,78.33477863223187
3011774,77.86468348020301
3011775,512.8417568630963
3011776,14.619810376034724
3011777,2.5863425570957927
3011778,2.4375257903079115
3011779,0.2630940225877707
3011780,2.1371032318975454
3011781,1569.4109335676703
3011782,0.018632030176414585
3011783,161.04717297313135
3011784,2.3142832742847164
3011785,880.1541920255679
3011786,323.6336465786649
3011787,239.62346648651396
3011788,87.97104685393957
3011789,62.387233353166614
3011790,2560.564658062366
3011791,8.107649314821392
3011792,0.5094137751480468
3011793,10.711808022574681
3011794,13.910100329426847
3011795,0.22478471380745832
3011796,214.32047427822272
3011797,5.071761088667929
3011798,0.04986925927323056
3011799,1.5621419026718903
3011800,13.146968880295876
3011801,0.8418081604165417
3011802,124.70593400429699
3011803,182.06714394428838
3011804,0.8073102466181774
3011805,3.4009796087937176
3011806,105.97401336050362
3011807,47.61006308021926
3011808,933.4731851356282
3011809,54.42404908424092
3011810,3.404593464133675
3011811,3.9097569171409283
3011812,0.11586566065548726
3011813,0.8172595008793988
3011814,1386.0316710949269
3011815,0.03001889127935622
3011816,164.58918328592068
3011817,3.5440047554214695
3011818,689.8811299882939
3011819,222.57747734725552
3011820,157.48509061983387
3011821,110.78039644921286
3011822,24.68256883806235
3011823,1914.0117915985118
3011824,5.106111079617371
3011825,0.3240526106957805
3011826,6.97925234904918
3011827,13.13548904057083
3011828,0.1687906963863316
3011829,143.3370047963056
3011830,0.14361695331216404
3011831,0.04354809620143739
3011832,2.2570886845903484
3011833,16.484993397011603
3011834,1.1764456762635518
3011835,52.54911830891665
3011836,137.87770794295247
3011837,0.914320182196743
3011838,2.5425397007681214
3011839,63.92578881868976
3011840,36.89866032246255
3011841,875.3709401630528
3011842,0.03732203759192881
3011843,1.0472999396099767
3011844,5.7561511394035385
3011845,0.6060110092304702
3011846,2.831447438810409
3011847,2792.1413269351824
3011848,0.03155195447061749
3011849,309.212107955765
3011850,3.7109247969002017
3011851,1140.153320513654
3011852,637.8718224697859
3011853,437.53617516019256
3011854,162.16474450311222
3011855,74.05914721001591
3011856,4372.870932504481
3011857,16.096709147936455
3011858,1.4120214517764604
3011859,15.016912415536424
3011860,21.950213767800665
3011861,0.378066036181906
3011862,249.7177897740068
3011863,1.3997903375597138
3011864,0.16108948459088485
3011865,6.777693476425496
3011866,19.039095824671474
3011867,1.8812301120177564
3011868,272.07047583740973
3011869,235.672196068733
3011870,2.1553395717387644
3011871,6.382627725099463
3011872,373.02040777227694
3011873,52.82287734542949
3011874,2067.4332709128958
3011875,73.18517251102084
3011876,9.468268872163975
3011877,3.012271748906514
3011878,0.07014309847588432
3011879,3.3746682694149928
3011880,2305.18131504555
3011881,0.027680871391817713
3011882,511.7708252742176
3011883,5.753117334018292
3011884,587.256901187026
3011885,622.9628418839244
3011886,225.40339203131543
3011887,169.58176514053153
3011888,47.91934907357139
3011889,3035.1095851593964
3011890,13.836972601784648
3011891,0.5426539858592163
3011892,11.909260384290713
3011893,13.49868193900479
3011894,0.2396529916063905
3011895,184.67865351010454
3011896,5.552021404128618
3011897,5.554039070908917
3011898,6.290980100593416
3011899,36.297484055255715
3011900,1.7409726847097786
3011901,116.37852782530328
3011902,145.8553323892751
3011903,3.220405730326717
3011904,5.83464107222252
3011905,204.42198932572762
3011906,57.39722835007936
3011907,2873.7422846176205
3011908,27.47274357797677
3011909,12.28601541824912
3011910,4.484234503596307
3011911,0.4479652350653248
3011912,3.7585228261419386
3011913,2281.2973522043453
3011914,0.02901100237237728
3011915,187.95341870005728
3011916,6.038083930898845
3011917,792.8345641896213
3011918,305.6851063049314
3011919,260.78791306893226
3011920,51.859114865944335
3011921,39.32467750737904
3011922,2913.3449361297016
3011923,47.4506397939736
3011924,0.5974568475221441
3011925,11.533492951317852
3011926,13.328135139420638
3011927,0.12904535983824705
3011928,156.2428757980436
3011929,5.737642924551775
3011930,0.15156047138731155
3011931,2.585829869106495
3011932,40.02327221456292
3011933,1.449848027923516
3011934,159.34264041683244
3011935,154.93817876387712
3011936,1.188557533453825
3011937,3.3705279740574694
3011938,105.49216976038328
3011939,24.469972934600307
3011940,597.924965767684
3011941,38.5181913967359
3011942,2.8634758989167173
3011943,5.722941066599693
3011944,0.09590208976511076
3011945,8.30997451776566
3011946,2564.726447934777
3011947,0.06297148702676378
3011948,574.1769098142455
3011949,10.008929779712595
3011950,790.6448207941114
3011951,731.8564655106775
3011952,178.66536309799613
3011953,142.7316848115958
3011954,83.15579932895642
3011955,3310.847796514672
3011956,54.0585766127759
3011957,1.3655240437728837
3011958,19.495084995668954
3011959,26.37239504864764
3011960,0.4065775421195787
3011961,242.59047180529387
3011962,22.03513489331242
3011963,13.646297099590768
3011964,3.92630402684403
3011965,61.81565601308992
3011966,6.462484815401848
3011967,428.1883723799842
3011968,234.15520049130993
3011969,8.453025053234827
3011970,8.83064164036251
3011971,414.1607821842783
3011972,83.31655637635667
3011973,2031.3449408690549
3011974,0.10756676801506879
3011975,28.05865603933991
3011976,6.4438746245923735
3011977,0.10894335083801433
3011978,4.064906909413679
3011979,2922.985773885287
3011980,0.03371293329822573
3011981,457.6324449316595
3011982,6.621013851148065
3011983,1631.3201786014304
3011984,578.2498325791047
3011985,507.9945565929284
3011986,107.06175626985929
3011987,69.05702620121937
3011988,4083.8592761476984
3011989,11.741987863440283
3011990,0.4917940395332165
3011991,15.566578461112936
3011992,15.381766903993334
3011993,0.11642303839759349
3011994,253.56877678531862
3011995,1.6020134273277389
3011996,9.985491265515712
3011997,5.690733811692072
3011998,28.88373083628499
3011999,0.7899862999430465
3012000,242.18199856816324
3012001,267.39899304132837
3012002,2.8672032074520266
3012003,4.430918429377962
3012004,258.07576763182715
3012005,60.20083789943092
3012006,1460.6016552601336
3012007,12.711969395780987
3012008,8.222674939627542
3012009,6.777557312659413
3012010,0.23027496398911695
3012011,3.000269949997653
3012012,2401.9790067089934
3012013,0.0275816485814153
3012014,423.0409576752653
3012015,5.145288970812203
3012016,1655.9910423919036
3012017,536.2207382176849
3012018,318.1974019777778
3012019,159.82706785178735
3012020,59.04009609116457
3012021,3517.30784862376
3012022,12.36394908344781
3012023,0.23152310042059443
3012024,29.384715868156675
3012025,25.58144620792533
3012026,0.16006850160579142
3012027,282.4793443004259
3012028,2.1084082637040478
3012029,4.265923372732523
3012030,8.877353737154145
3012031,76.12488061593601
3012032,1.4408037393496627
3012033,118.74951364401835
3012034,249.34826767210433
3012035,1.597007018212993
3012036,6.036328723774569
3012037,167.47638466939765
3012038,125.0904276700633
3012039,2112.5427394421595
3012040,0.7778745723546212
3012041,6.006175562900625
3012042,3.934697520124269
3012043,0.19393919256709988
3012044,0.7952127333699134
3012045,1609.9365668295936
3012046,0.02858195351839569
3012047,139.16706894290462
3012048,7.697256170669628
3012049,635.78835633256
3012050,284.3075610727059
3012051,143.9301808377559
3012052,49.34369034603267
3012053,40.47739231842159
3012054,2583.073082231702
3012055,14.686802278527496
3012056,0.3586832364479856
3012057,15.251500013294887
3012058,14.623217215570005
3012059,0.07782843009949579
3012060,161.693497093149
3012061,0.9929621262233853
3012062,0.12792438061925376
3012063,2.9396704986245936
3012064,47.509057617174
3012065,1.7127843436441896
3012066,97.00727423791685
3012067,151.98022257864883
3012068,1.0306015381373754
3012069,3.8118329379900038
3012070,120.69595280078936
3012071,28.851050818633944
3012072,587.202717547963
3012073,28.302650314406716
3012074,2.1633601581522743
3012075,1.4040870499088367
3012076,0.05015662089785647
3012077,2.069501309697895
3012078,1334.011324928265
3012079,0.04710237776784405
3012080,261.8980744481853
3012081,11.218120781466196
3012082,478.86426456794743
3012083,465.6797604873342
3012084,126.12920770883373
3012085,50.39668601896561
3012086,50.172930213178276
3012087,1991.6791489429856
3012088,22.292104177222853
3012089,0.42550619032401166
3012090,11.56790802645033
3012091,11.90515613916628
3012092,0.1449220785384861
3012093,118.6484731791166
3012094,8.716710314440359
3012095,3.059727957200967
3012096,4.749127414869733
3012097,44.88673945920412
3012098,4.41107343367827
3012099,559.2376913306099
3012100,137.4327550900987
3012101,3.3294639576903777
3012102,4.000773723620975
3012103,306.54265757952726
3012104,28.97517183520568
3012105,1110.9887004266034
3012106,0.020579330425468854
3012107,6.5311576388186685
3012108,2.2829642479951877
3012109,0.21221215848130445
3012110,3.8469215825819836
3012111,2897.2027063129694
3012112,0.03943238785148394
3012113,669.2663770748702
3012114,13.370588283461942
3012115,1046.212752476466
3012116,1109.215212903938
3012117,241.3868727963134
3012118,203.9961407784167
3012119,140.5841931415691
3012120,3311.8412996036504
3012121,28.731387054338533
3012122,0.7539366824074761
3012123,16.023546991485574
3012124,30.935590121302525
3012125,0.09379014746317318
3012126,234.57570698441162
3012127,9.737140144871171
3012128,27.387759833007046
3012129,5.7159502385914145
3012130,76.92721945413363
3012131,9.14796651939285
3012132,364.09341714627993
3012133,269.0830297171687
3012134,12.420809037474049
3012135,7.6767290243264785
3012136,484.8404652808221
3012137,88.64970183432655
3012138,2614.279995235549
3012139,0.10763899149616249
3012140,14.438562631660801
3012141,2.596942249942554
3012142,0.10891501706186824
3012143,2.3550327462350906
3012144,1547.5084088831786
3012145,0.02052050217540373
3012146,265.8947281968466
3012147,3.8205886831836584
3012148,349.70316140342726
3012149,456.5511556588354
3012150,139.16399771610548
3012151,94.31678634003094
3012152,51.328799960377985
3012153,1637.7908132339874
3012154,13.872909822639823
3012155,0.5519398527291957
3012156,8.058658536153276
3012157,15.648382342723956
3012158,0.07912007263025532
3012159,96.19518610775667
3012160,0.07328848773325625
3012161,12.602745746356899
3012162,1.8627428247145508
3012163,126.8511401215433
3012164,3.8550756314473555
3012165,166.34451416821562
3012166,105.72598501180116
3012167,2.5278181603249985
3012168,3.5510424738600124
3012169,140.53377101445943
3012170,25.633179615682835
3012171,1016.5442980070991
3012172,0.7640206185528008
3012173,1.948548294555665
3012174,3.698345905145775
3012175,0.07023550142398188
3012176,0.21861517699587907
3012177,1297.3925398486058
3012178,0.05538272077141509
3012179,230.68883705135605
3012180,5.832983998229134
3012181,421.4023779666282
3012182,244.82124048392717
3012183,68.44831453310762
3012184,33.1955922888536
3012185,27.490586833872
3012186,1748.4961618473676
3012187,25.272925015807807
3012188,0.7440243864902041
3012189,9.336721902575672
3012190,13.795693504851165
3012191,0.30974288777043313
3012192,94.1686992276781
3012193,0.49603628717912535
3012194,4.6972155992473805
3012195,1.368041907990967
3012196,22.28525210590749
3012197,0.6713782517258164
3012198,269.3248658812513
3012199,149.72459646598145
3012200,2.5410330577738085
3012201,2.0904987911718322
3012202,126.00120127641222
3012203,18.84943541195671
3012204,423.08526667295513
3012205,0.4763691356412963
3012206,1.8641528884310716
3012207,5.313421007580414
3012208,0.10130458381891766
3012209,1.7025568723366629
3012210,2853.9097748090703
3012211,0.11409342292537428
3012212,592.8382329424661
3012213,11.701119787603504
3012214,829.8338249064432
3012215,899.2953706647043
3012216,271.70539166327046
3012217,218.71666421273244
3012218,78.36516366195256
3012219,3673.6182120876947
3012220,18.10131935691611
3012221,1.4421535815057838
3012222,16.73174695590685
3012223,24.117566349794537
3012224,0.34711288247965344
3012225,252.74528577104314
3012226,3.756728607187328
3012227,21.101577625558953
3012228,4.332680864178535
3012229,70.95877598934948
3012230,2.1652290714805082
3012231,262.7019307509485
3012232,225.36838828131138
3012233,6.684596384615624
3012234,6.2329816861271565
3012235,354.21918020320425
3012236,70.59070100115335
3012237,2217.7703135860293
3012238,0.8926874425633948
3012239,9.668606082749761
3012240,6.349630411099271
3012241,0.07696644935671397
3012242,3.3191350950446505
3012243,3371.1424125865296
3012244,0.04278205363289709
3012245,640.7396276144723
3012246,12.29732411514929
3012247,1235.1050515682355
3012248,966.7734907091653
3012249,348.07048464257343
3012250,294.9238004867907
3012251,68.3021244167001
3012252,4427.7693922082
3012253,10.863008460391406
3012254,0.8538704004703422
3012255,26.28681520250538
3012256,16.554627104010954
3012257,0.26448745786428185
3012258,249.2879699449124
3012259,0.05946560073880411
3012260,4.5611637191345205
3012261,3.8588121589569804
3012262,29.161955538929583
3012263,1.2989304388320977
3012264,203.0011285405501
3012265,308.97484060887615
3012266,3.763969627552081
3012267,3.186628503580784
3012268,218.49994125503088
3012269,80.408666887278
3012270,2570.5009260080856
3012271,2.049837441306675
3012272,3.3182281787162196
3012273,5.006500240345515
3012274,0.3702536582297574
3012275,2.6162656833002833
3012276,2478.997264984761
3012277,0.03712234348268504
3012278,628.8110344699752
3012279,9.021161089263815
3012280,962.7156316900061
3012281,708.4342813931438
3012282,248.81649071933907
3012283,197.69008877445654
3012284,66.74649886712376
3012285,3345.5135906427286
3012286,15.830033238856291
3012287,0.5405348676859613
3012288,18.335865898693072
3012289,14.093422871467867
3012290,0.09457192685083318
3012291,238.85343634286045
3012292,0.07625950244491853
3012293,8.461855671879889
3012294,2.5527455428683963
3012295,33.98078692708195
3012296,1.009687968430892
3012297,132.28990050145774
3012298,289.41303205206293
3012299,5.033873786387312
3012300,3.0541680837101444
3012301,224.36721884133283
3012302,60.51586499588578
3012303,2019.7003266769682
3012304,1.2219684629845555
3012305,4.426761764800572
3012306,8.690909190672478
3012307,0.5522594025429104
3012308,11.794269493276111
3012309,5791.088270297996
3012310,0.044086913892391486
3012311,985.1429156501588
3012312,30.41530296268955
3012313,1647.3407049068142
3012314,1722.3501038117834
3012315,293.62184566401436
3012316,384.20382016385975
3012317,256.63109475114607
3012318,6065.920634792597
3012319,66.67214840958415
3012320,1.8538268717133333
3012321,26.209672103213105
3012322,41.37846839200587
3012323,0.20780745594626962
3012324,485.63475778343576
3012325,25.928060143405226
3012326,41.85378799762891
3012327,15.531654839087887
3012328,131.61434002656574
3012329,15.001678828815292
3012330,563.0886870584233
3012331,431.5095966990988
3012332,13.951003191319696
3012333,15.29747344867118
3012334,845.0981511738614
3012335,206.8138271622482
3012336,5266.780502241399
3012337,0.8481639591995527
3012338,66.81936237171618
3012339,3.2886804467673274
3012340,0.38433659417100485
3012341,0.6497062960300619
3012342,1573.6844800119497
3012343,0.02522194289348083
3012344,183.80379616325092
3012345,2.6139539141940036
3012346,794.3825601409412
3012347,283.1031507188245
3012348,115.9254958137216
3012349,106.52551252996528
3012350,40.822673225854096
3012351,2275.9686123352476
3012352,4.200057539606377
3012353,0.23448644046984338
3012354,12.847518516658969
3012355,12.045168108942317
3012356,0.3508347976227062
3012357,297.0450810457804
3012358,0.4885613547216698
3012359,0.18673544224630012
3012360,3.4570967194073683
3012361,12.12299149465286
3012362,0.7704399278482015
3012363,75.65410488507747
3012364,88.07678304665117
3012365,1.7373969988320277
3012366,3.596412181516544
3012367,107.64640694562769
3012368,18.151783907263848
3012369,1077.7178048222709
3012370,0.17482355034037347
3012371,2.7451111813747637
3012372,5.661970041862478
3012373,0.1793091030104222
3012374,1.8112655196571177
3012375,3316.1805041535226
3012376,0.01947535942179064
3012377,557.1351408222179
3012378,5.961589237398587
3012379,1219.2557058549808
3012380,617.0441866845075
3012381,215.24615281509585
3012382,333.77906138516755
3012383,75.03484330464576
3012384,4175.520467274174
3012385,11.272892295417085
3012386,0.1369700670890488
3012387,17.53655755881188
3012388,19.256321478523784
3012389,0.05705144631317702
3012390,245.14328953872968
3012391,0.7558123095289457
3012392,5.935363477375011
3012393,6.6424463044576445
3012394,12.795123176241319
3012395,1.0459279561352681
3012396,304.3406179339824
3012397,257.16314160777677
3012398,2.8471575641770475
3012399,5.936289637548024
3012400,138.82094441490133
3012401,46.725702520060096
3012402,2213.5859981611875
3012403,1.0901900251708068
3012404,3.5399574757997714
3012405,1.724193023594522
3012406,0.03576402361672138
3012407,0.49833789349856294
3012408,965.4668256313279
3012409,0.0260179220174876
3012410,118.25837346129101
3012411,2.6137058239515802
3012412,606.253510453806
3012413,151.51237222927307
3012414,97.09197263511835
3012415,161.74643139921048
3012416,16.146472237143865
3012417,1762.5904854426303
3012418,2.1938869547558637
3012419,0.3013138367314826
3012420,10.25897825853348
3012421,4.722836945733225
3012422,0.08449400282685826
3012423,90.4448438237395
3012424,0.04454433498895148
3012425,0.05537784833528968
3012426,0.9549028267827273
3012427,10.973360933430161
3012428,0.5379444818539679
3012429,66.61296736252548
3012430,72.12092189427092
3012431,0.4986196708269962
3012432,1.396735950312789
3012433,53.556114607321916
3012434,10.974408340588937
3012435,329.3445709957947
3012436,0.03406404036279211
3012437,1.187038794815123
3012438,6.011751012124933
3012439,0.05672676286559594
3012440,1.3510610972077357
3012441,1889.709884725764
3012442,0.029389473669601957
3012443,237.16099471899696
3012444,6.968487393028594
3012445,995.0853890190062
3012446,320.6764606073545
3012447,176.35358875487952
3012448,96.80458115052535
3012449,52.97049097301607
3012450,3003.2038548938635
3012451,3.259462650388582
3012452,0.9639683429424273
3012453,19.964405449589744
3012454,11.337764102725835
3012455,0.13135959281837187
3012456,168.92565425576856
3012457,0.21964145116155823
3012458,0.22288995009143478
3012459,9.460990642825493
3012460,12.281159667665925
3012461,1.3116473947287894
3012462,228.22440063251196
3012463,188.0760191309433
3012464,1.025323200655766
3012465,4.035357749777108
3012466,158.6206179071205
3012467,19.478013615430754
3012468,1916.8676273418087
3012469,0.17620360852771313
3012470,1.1180618962271827
3012471,2.497022265053502
3012472,0.14760970686940242
3012473,1.6659445503819181
3012474,1932.20659904064
3012475,0.023650717500769466
3012476,582.7194819790536
3012477,4.9289069107110635
3012478,721.0206092016257
3012479,492.8244140944237
3012480,189.96328307000394
3012481,106.11653713229542
3012482,44.74190995874021
3012483,3016.760183148135
3012484,4.730866655926674
3012485,3.448186331764346
3012486,18.406349893514186
3012487,32.91653937592595
3012488,0.08166976036465383
3012489,179.2454476755861
3012490,1.4331874351589575
3012491,7.958770438686102
3012492,1.4969470831958613
3012493,19.94018356337136
3012494,1.1514921718135127
3012495,158.34794567222372
3012496,233.11421664273513
3012497,1.6842941580531439
3012498,3.3741136043880404
3012499,132.82789405226762
3012500,30.112719180775834
3012501,947.2588953409378
3012502,1.4185264687984147
3012503,1.3458225228024232
3012504,2.9040529793892853
3012505,0.0439965086327125
3012506,0.3230324172775317
3012507,1150.5579435180443
3012508,0.02918558778650908
3012509,109.32146184850282
3012510,3.051360854873575
3012511,347.6540340165765
3012512,150.98683901187326
3012513,74.00453280106771
3012514,79.29851307921253
3012515,26.9128793476291
3012516,1887.6174456136973
3012517,5.30377812287004
3012518,0.34373882708614045
3012519,6.495840752597706
3012520,6.739928927578848
3012521,0.09058181121265135
3012522,115.29696940561524
3012523,0.06715564354901993
3012524,0.14858727526147494
3012525,0.7269197299413979
3012526,17.830575613928406
3012527,0.6964982471116905
3012528,179.62550076855797
3012529,101.8196118839316
3012530,0.9601399058259756
3012531,1.4230728101601016
3012532,53.643827019261295
3012533,17.775202655645007
3012534,555.9873277254039
3012535,0.15818319647221507
3012536,0.3430082559712949
3012537,3.096380976115495
3012538,0.045021207555273265
3012539,0.7772481657642544
3012540,3073.9905102542466
3012541,0.063690906113249
3012542,496.7989092751028
3012543,6.815585104147264
3012544,840.8777216411931
3012545,625.1695753606509
3012546,192.06223888002802
3012547,120.96457670621473
3012548,66.55784498703919
3012549,3798.4359705810684
3012550,12.117994163179436
3012551,0.36536362291245394
3012552,13.442123935898884
3012553,15.075830084382071
3012554,0.28339371322077067
3012555,188.50858759071866
3012556,0.419645314898844
3012557,19.96427072726719
3012558,0.8642795113673025
3012559,35.3582219504005
3012560,0.7230136903517576
3012561,220.85942250588693
3012562,195.5432547497542
3012563,1.7212908178858086
3012564,4.33970405708525
3012565,128.45769693468299
3012566,40.391049599260725
3012567,2362.7646943099267
3012568,0.8189591543475321
3012569,0.948769215689874
3012570,3.6536734065711864
3012571,0.03698348458709102
3012572,4.5965336877497505
3012573,2865.6959521850545
3012574,0.026901538325308255
3012575,530.5250025182686
3012576,7.060261817375759
3012577,1014.4203442216187
3012578,772.3756357268386
3012579,157.84298870249594
3012580,118.53912846546359
3012581,120.0504215567396
3012582,3823.233039407957
3012583,57.70204974976351
3012584,1.1643265928532462
3012585,21.05376766896552
3012586,30.05868519878925
3012587,0.5269111259400361
3012588,283.60380322065475
3012589,16.499869491914243
3012590,19.798195241604205
3012591,1.6760814302251086
3012592,100.93149000165535
3012593,6.718354445830699
3012594,220.2761911480538
3012595,255.3478597356513
3012596,6.725464852282
3012597,10.050332070714001
3012598,232.2671294812435
3012599,67.31152048472394
3012600,2120.698694636427
3012601,0.030412325957763903
3012602,9.99225260714055
3012603,4.243574002283966
3012604,0.0885082604213516
3012605,6.8848581296030975
3012606,2448.7300727803236
3012607,0.03480131920861062
3012608,350.4751225614657
3012609,10.121746937835738
3012610,949.7550616367395
3012611,656.1738056597854
3012612,142.16312291371997
3012613,79.59492902755191
3012614,81.1887439897655
3012615,3388.496466664753
3012616,27.506808120166458
3012617,1.0951840603010243
3012618,25.953780562428395
3012619,51.81640476862642
3012620,0.10137616918060527
3012621,263.4617272206316
3012622,13.745525020560153
3012623,13.471543600068777
3012624,5.179787599124748
3012625,68.03708684115125
3012626,7.89470776595974
3012627,122.42209956424205
3012628,327.5983211768197
3012629,6.409979354998035
3012630,8.571708019285566
3012631,102.12107311023767
3012632,72.61203758102185
3012633,1567.1404884872713
3012634,0.23063566662430662
3012635,12.203226130974928
3012636,7.082001691247757
3012637,0.176777900069652
3012638,0.9335139416106933
3012639,3956.0926106160778
3012640,0.03214873061725346
3012641,609.283384920542
3012642,4.91810299195161
3012643,1936.2698467901089
3012644,632.4115703819917
3012645,198.2312539356863
3012646,288.17200453293026
3012647,68.05065388332014
3012648,4944.675320235005
3012649,23.122745705672106
3012650,1.5141139362020888
3012651,18.1658931580543
3012652,15.528894780990626
3012653,0.09633005765364529
3012654,360.63465865932744
3012655,3.6120495567255473
3012656,15.02098704581169
3012657,3.5494054953433585
3012658,25.546469500247614
3012659,1.4270950671366058
3012660,158.57247664626763
3012661,303.4500224891103
3012662,5.515071364882351
3012663,8.425914882970902
3012664,176.81677465847622
3012665,52.786503897290245
3012666,2602.129177514758
3012667,9.8721281733258
3012668,12.04771355159152
3012669,3.4116368510737622
3012670,0.1621503406247265
3012671,3.5426463673400033
3012672,2329.525745963203
3012673,0.046002776306224694
3012674,335.3492674493205
3012675,7.234263197787799
3012676,720.486401679326
3012677,645.5027356244664
3012678,181.19022228844335
3012679,123.35403871580434
3012680,75.9104863868892
3012681,3050.1222594444407
3012682,22.386973164658162
3012683,1.3959353007012005
3012684,11.441671378667953
3012685,12.409309594881272
3012686,0.24417858876880483
3012687,239.04035837504927
3012688,15.429950986619083
3012689,15.402339891033872
3012690,1.9022803590756228
3012691,56.36521882094165
3012692,4.826888632918155
3012693,394.5133963918156
3012694,209.89077538107762
3012695,3.5689795824517416
3012696,6.827945971528105
3012697,336.6679111904435
3012698,50.161670278684085
3012699,1867.8779442259515
3012700,0.15384258412782548
3012701,18.361316664599137
3012702,3.893710235961029
3012703,0.17587003270189228
3012704,1.8980562117383508
3012705,3525.082545487344
3012706,0.039982592532534326
3012707,465.53112527597017
3012708,6.2892307592843455
3012709,1826.5974864084735
3012710,567.9052629782586
3012711,250.5088455051336
3012712,182.7054169726258
3012713,71.75482113826446
3012714,5279.470606350557
3012715,10.672769741151415
3012716,1.4308944354223176
3012717,24.02361192859709
3012718,19.48107913692738
3012719,0.35713373563597806
3012720,625.7147756410807
3012721,0.4382991369467141
3012722,0.3789421900977371
3012723,5.434271563600452
3012724,19.40530969534528
3012725,2.014870827585232
3012726,129.11603847603462
3012727,274.7507453288797
3012728,3.030639089908857
3012729,8.169609262725192
3012730,195.99501877329993
3012731,63.01607172041403
3012732,2160.7067244373
3012733,0.09189776392582658
3012734,4.404026645302125
3012735,4.621368674348571
3012736,0.03599885550493113
3012737,5.3823060992370575
3012738,2380.358324118282
3012739,0.027303369596033883
3012740,398.4278140027824
3012741,4.580084288177227
3012742,968.5433436270155
3012743,590.1479939570482
3012744,205.33323946535137
3012745,116.99954399821976
3012746,91.47168367578148
3012747,3400.778966928178
3012748,41.15577344351408
3012749,1.0970189030303052
3012750,16.89981908310501
3012751,27.765504144419943
3012752,0.11460151333802024
3012753,242.53362736064116
3012754,14.105153073565779
3012755,18.240992400495944
3012756,8.729412730525166
3012757,86.58707294412906
3012758,6.204500775637837
3012759,182.62373310160336
3012760,684.2374689340579
3012761,10.546685487522248
3012762,9.58932586126735
3012763,202.4282273678501
3012764,49.70760494204349
3012765,1702.5774507468
3012766,0.21365383886962663
3012767,4.367908137901381
3012768,2.738897498476153
3012769,0.04539360238557588
3012770,3.3459254768543922
3012771,3368.712206533138
3012772,0.031894322390269854
3012773,471.9543464216134
3012774,8.922969743318022
3012775,705.9495231639726
3012776,792.6985094381778
3012777,177.20239962446698
3012778,127.44108680754249
3012779,116.346290467713
3012780,3249.7264749209376
3012781,30.154376983768103
3012782,0.8620604201062739
3012783,17.78406812852653
3012784,18.350769491899307
3012785,0.08011914526556177
3012786,206.67720649683747
3012787,11.485269184511308
3012788,26.653267642944606
3012789,3.2128864436007696
3012790,52.84404714540314
3012791,6.167369093608751
3012792,208.0137805058115
3012793,210.23957868794807
3012794,7.009049145011842
3012795,6.690353939027279
3012796,213.7806811235661
3012797,59.55667558244707
3012798,2068.5061402342644
3012799,0.20177386255055768
3012800,11.137772815032978
3012801,4.986337980635988
3012802,0.11630232338955321
3012803,2.241285392861526
3012804,4748.119494396349
3012805,0.03044541575519749
3012806,559.0477937954957
3012807,13.138263021687791
3012808,1201.642273282505
3012809,649.4614791814155
3012810,243.96877593606553
3012811,161.3272226516806
3012812,63.16674225407869
3012813,4549.103719563354
3012814,8.702605373394295
3012815,0.9914552180474823
3012816,18.412174678755136
3012817,13.332655316810218
3012818,0.17796751901504826
3012819,237.85255922928923
3012820,0.42148012051749595
3012821,9.271608838169513
3012822,2.4918462364522243
3012823,56.22274289356566
3012824,3.4490913487146635
3012825,205.81035010667975
3012826,256.63172830767064
3012827,4.087709533748583
3012828,4.1062981610153
3012829,267.2014214602456
3012830,162.48365379601603
3012831,1919.7236594139063
3012832,2.336879371269624
3012833,2.0171572525491523
3012834,9.125676836660421
3012835,0.0422234204411749
3012836,11.844435573708678
3012837,7349.56444623204
3012838,0.027352758350056326
3012839,1273.964481632464
3012840,22.7409133297184
3012841,2434.71742636585
3012842,1947.4633432722212
3012843,466.8459128392692
3012844,479.9001827285537
3012845,374.50599012672694
3012846,8428.870502916236
3012847,100.47749170851924
3012848,3.498915528322226
3012849,95.89512984342426
3012850,110.90448007506568
3012851,0.430348111749686
3012852,648.6417950423058
3012853,31.192346301549502
3012854,18.516390191051947
3012855,20.47618218107093
3012856,200.21704789768108
3012857,19.222942410610017
3012858,699.7635161086328
3012859,515.2589240719
3012860,29.346145011824504
3012861,30.97637115415707
3012862,880.5801729990665
3012863,259.547310978851
3012864,6740.726021689954
3012865,31.319309337589907
3012866,79.45614620802611
3012867,12.625881807059983
3012868,0.03430410318919915
3012869,11.808124430604185
3012870,6704.455015480068
3012871,0.03377170399409214
3012872,964.3605486461229
3012873,18.684756475293803
3012874,2222.5377471158245
3012875,1766.9227356665506
3012876,542.8062054828047
3012877,290.8383501116901
3012878,217.187226286676
3012879,8776.208237365674
3012880,149.48314439679552
3012881,1.678441445085276
3012882,35.543916728998646
3012883,53.45968916213222
3012884,0.4130521267950177
3012885,556.4975625456817
3012886,23.814800008690632
3012887,23.325914609010248
3012888,12.564531104880917
3012889,138.4466083324715
3012890,13.279390170538878
3012891,906.5284508891502
3012892,581.5359546418667
3012893,18.37890101832621
3012894,23.260467504007728
3012895,965.4286187563928
3012896,177.50576369783155
3012897,4611.756290711726
3012898,153.28107199688955
3012899,69.11047450365169
3012900,9.486149204544382
3012901,0.039059357866152306
3012902,13.368294417491187
3012903,4852.961368978036
3012904,0.06317897084484819
3012905,740.4818920599537
3012906,12.477243079504929
3012907,1937.5912310149365
3012908,1305.31041615175
3012909,675.2217129771366
3012910,129.03035528094193
3012911,178.17025923063807
3012912,7638.798782956568
3012913,57.57400248669092
3012914,1.7279752769731132
3012915,23.490221383538646
3012916,24.933529092503065
3012917,0.3054162354507234
3012918,541.5623169306405
3012919,30.106786886770276
3012920,18.22451627868584
3012921,7.223359853127821
3012922,97.28836632580057
3012923,7.405914999769928
3012924,854.8976995744346
3012925,616.1525714464808
3012926,16.35193881886886
3012927,31.07031869547912
3012928,645.0986745892193
3012929,119.92080038992101
3012930,2164.8266513200083
3012931,190.67823530952398
3012932,32.08302734678598
3012933,12.86108490413537
3012934,0.027654166947557714
3012935,15.246704481862562
3012936,6497.380638441802
3012937,0.03354832958134486
3012938,969.1667238202331
3012939,16.96698639424838
3012940,1957.9730251526817
3012941,1651.107687023436
3012942,523.8966751785514
3012943,283.7574966342571
3012944,206.77490180334848
3012945,8501.002040567979
3012946,46.538510873881734
3012947,1.526699910217044
3012948,27.932868486880714
3012949,60.89828457658825
3012950,0.988131966689076
3012951,583.6569454913065
3012952,31.201733077047784
3012953,14.943441589735567
3012954,20.293542816034154
3012955,147.3986817232634
3012956,6.4393940638170495
3012957,704.5740200825966
3012958,625.0140311924704
3012959,15.73981607294209
3012960,23.843186373108928
3012961,948.7926604463125
3012962,165.9276368901646
3012963,4039.1513948558822
3012964,146.4772163142259
3012965,49.349352445460056
3012966,9.2197786943481
3012967,0.03481390181413957
3012968,14.240034386656758
3012969,3865.8166300405182
3012970,0.017766429574067145
3012971,577.9337376276703
3012972,13.23037723795241
3012973,1781.8482112401061
3012974,952.054588828601
3012975,468.4126672788824
3012976,99.96285317475083
3012977,140.28011388572327
3012978,6420.2459975200745
3012979,42.88236354802793
3012980,0.5059220143463584
3012981,24.504736019591622
3012982,41.16603310698747
3012983,0.959779189401712
3012984,535.7100629932894
3012985,23.198990673506138
3012986,6.382483822946019
3012987,9.617982299553974
3012988,89.68047559976361
3012989,4.643192041776182
3012990,739.0971036626412
3012991,582.4382470725393
3012992,11.965644607034262
3012993,19.522613764116755
3012994,591.183099177742
3012995,80.09835171544577
3012996,1562.732557710393
3012997,39.22292995296536
3012998,15.878340089752772
3012999,8.33329694152871
3013000,0.03582373750773716
3013001,10.335303019107716
3013002,5442.018717545864
3013003,0.044734960278686675
3013004,934.9033035075736
3013005,20.19598875089585
3013006,1613.6678891663319
3013007,1885.003451531001
3013008,378.9767507605741
3013009,411.3373834008655
3013010,250.40673815188336
3013011,6281.994054904382
3013012,92.35390409449184
3013013,1.2827247758154288
3013014,41.73669520964499
3013015,46.816185570770514
3013016,0.36657104936964907
3013017,502.6550206661217
3013018,17.119348759262387
3013019,20.30370501498844
3013020,12.813965988018259
3013021,152.32100156034534
3013022,10.594530089560596
3013023,655.7961857577322
3013024,473.60594496237474
3013025,14.165851588295048
3013026,21.054353986709224
3013027,812.1362765406759
3013028,187.2207989720203
3013029,5660.173109228313
3013030,194.14173522160473
3013031,63.52928668899085
3013032,4.035903035990081
3013033,0.19028173214122301
3013034,4.878580992040609
3013035,1668.2098299641868
3013036,0.03627006657444848
3013037,306.68520871640715
3013038,19.178486522024095
3013039,836.5589328928243
3013040,444.39957119229115
3013041,208.5279674351256
3013042,82.17093547957964
3013043,72.36473770162048
3013044,2509.4025130918913
3013045,85.757338267045
3013046,0.6803827660632957
3013047,21.600928859172104
3013048,20.72792002173595
3013049,0.15693304239929523
3013050,220.89914237611242
3013051,9.987509676019007
3013052,7.01274557216143
3013053,7.725060720402851
3013054,38.23972779369055
3013055,4.008627683663343
3013056,233.5890720900449
3013057,277.9328451669234
3013058,3.2764474187811214
3013059,6.836264016017921
3013060,210.9355634115357
3013061,50.955713012194565
3013062,1381.1886705186225
3013063,0.49356737039253945
3013064,5.696143793583163
3013065,6.836577735982298
3013066,0.043772902982601905
3013067,11.314803383676962
3013068,4122.065372375109
3013069,0.05713278864169511
3013070,516.8843176550049
3013071,21.7014876102223
3013072,1707.3969205074889
3013073,984.5361154055088
3013074,416.834717043835
3013075,95.22489321264746
3013076,107.66144693651614
3013077,6379.904294566051
3013078,106.92544012916247
3013079,1.1298452253410225
3013080,33.344343180905575
3013081,27.633739694200855
3013082,0.36308938620564624
3013083,492.53336493583697
3013084,17.838468741799495
3013085,6.4918209737959
3013086,1.7911312240221677
3013087,110.7903339120943
3013088,5.6590944528226395
3013089,504.79859041498537
3013090,475.3013671292501
3013091,9.420111899491944
3013092,21.647096004388203
3013093,388.7552109247898
3013094,72.20459505101118
3013095,1798.5512565630397
3013096,39.4854193652436
3013097,16.380551124469605
3013098,6.77218178214879
3013099,0.0314781496564125
3013100,3.7532615991607354
3013101,4099.64951571378
3013102,0.03275108460665021
3013103,779.099798032923
3013104,5.6046323041011
3013105,1277.0430609801729
3013106,1341.823120426758
3013107,213.14822692510256
3013108,308.28699577686416
3013109,217.3751948753044
3013110,4862.432844124334
3013111,29.289333752798306
3013112,1.4439558519383704
3013113,25.67297185720436
3013114,31.88432836189272
3013115,0.32684215151847107
3013116,336.3013011057225
3013117,1.21547139188023
3013118,28.758384699246783
3013119,5.17520408570713
3013120,106.31465017615079
3013121,7.617509859858011
3013122,521.4962634246707
3013123,297.6001867506367
3013124,16.696255917581915
3013125,8.404311574002161
3013126,603.41229957784
3013127,106.71002913269601
3013128,4394.695629354411
3013129,3.0502872530851515
3013130,38.89192800053929
3013131,7.048995370840681
3013132,0.0791949688618053
3013133,7.069550639684024
3013134,3779.1813908096983
3013135,0.04823242735051049
3013136,620.5182454427554
3013137,9.177342905610896
3013138,1394.7004606887515
3013139,890.2352667020189
3013140,288.68006970911046
3013141,176.13360610437454
3013142,198.8409200332938
3013143,4943.257169631208
3013144,45.77034095949108
3013145,2.156424499945088
3013146,30.44877285419325
3013147,33.91307225498881
3013148,0.3833881716628636
3013149,308.8254710105665
3013150,6.054057974033482
3013151,25.181683702894304
3013152,7.12360675041371
3013153,138.5541532615503
3013154,5.3132127559590465
3013155,357.51453901549587
3013156,263.7502736705668
3013157,11.669306406277068
3013158,15.028535175421997
3013159,374.60839248386355
3013160,114.40594846371872
3013161,3338.9365241032924
3013162,2.1873851198337277
3013163,5.344446972079269
3013164,5.7941952628084605
3013165,0.06040938337216707
3013166,1.5828886840319283
3013167,2134.2986267727842
3013168,0.03171913762964149
3013169,426.56412887500835
3013170,4.833271307597493
3013171,874.4774649414987
3013172,495.3406070045612
3013173,175.9016049644497
3013174,75.42432817926479
3013175,95.51046691497132
3013176,2798.943000625426
3013177,13.920058621423053
3013178,0.85664085471577
3013179,19.281845185375715
3013180,23.203624026331195
3013181,0.1521497882295971
3013182,226.0730079064391
3013183,2.0547510698725158
3013184,9.730027060609924
3013185,3.5910099221577374
3013186,47.01151498730307
3013187,2.326268717286396
3013188,217.9831713031155
3013189,187.98002675822102
3013190,3.9064289910199297
3013191,4.138619562173008
3013192,155.29475955574532
3013193,57.685610423803524
3013194,1447.5569301634985
3013195,0.053230375357428944
3013196,2.1826438844563123
3013197,6.763271991417339
3013198,0.1261114360240237
3013199,6.116746510267776
3013200,3014.8642878043565
3013201,0.14253866541656737
3013202,269.9093495939944
3013203,8.099214195180595
3013204,1030.3439438012608
3013205,259.00518625749606
3013206,237.11907140586828
3013207,84.16922138850325
3013208,41.04861377740247
3013209,3597.783873161738
3013210,19.742815038888267
3013211,2.571981542214159
3013212,24.023719609695554
3013213,16.080587179821364
3013214,0.41176851513575347
3013215,310.87794430413066
3013216,2.2792082871452024
3013217,6.112663828388623
3013218,6.190891398044929
3013219,33.02191771927437
3013220,5.095943440618715
3013221,65.78263295997756
3013222,180.4543128991915
3013223,5.181991262765013
3013224,12.175099225730232
3013225,67.18415736777882
3013226,85.47234927664688
3013227,1044.0230973916002
3013228,0.6563166124786987
3013229,6.379911019704247
3013230,4.4481057923494625
3013231,0.06747527717594222
3013232,6.886715970628278
3013233,3207.899961383728
3013234,0.050550561156226026
3013235,501.2822266895409
3013236,10.076887848552357
3013237,1320.404045002124
3013238,809.1639345936807
3013239,342.45205284632516
3013240,148.59325901964465
3013241,139.78218863186302
3013242,4305.875936445194
3013243,29.710282925191244
3013244,1.4907784571160263
3013245,19.797577383798156
3013246,42.267058647224545
3013247,0.1777461722272537
3013248,324.3250238600714
3013249,17.258423614166844
3013250,11.63384126039962
3013251,8.345580600321293
3013252,58.074347744992934
3013253,6.483589317655518
3013254,430.97534769581466
3013255,287.9168746342194
3013256,7.904161926549625
3013257,11.080939712275809
3013258,483.55744419165956
3013259,65.78348880958748
3013260,1864.6026891232682
3013261,0.09567658015553357
3013262,27.2025744751517
3013263,3.7899020420366987
3013264,0.08044027357561269
3013265,5.855190502814064
3013266,3263.878138375878
3013267,0.034921818587321206
3013268,582.2931621828773
3013269,18.566839973033744
3013270,953.1603807198261
3013271,1137.6241362433555
3013272,181.84323790142668
3013273,231.01729035084645
3013274,201.3718702198829
3013275,3750.817615357654
3013276,36.40704846240088
3013277,1.9514870555920343
3013278,19.17035817531672
3013279,26.601396253776798
3013280,0.713141014456618
3013281,230.86477187088457
3013282,10.33353385098333
3013283,35.456582935525844
3013284,8.725877677942083
3013285,112.91195904842414
3013286,8.49692769088126
3013287,406.7622957944632
3013288,277.73387792075675
3013289,5.3945155396587765
3013290,13.221552040819127
3013291,606.2784624649566
3013292,110.78859898612095
3013293,4192.005516525188
3013294,0.24928002410397418
3013295,33.19319659805749
3013296,3.9134737962793213
3013297,0.14443156583800199
3013298,8.675497323222288
3013299,3727.2174608433725
3013300,0.04183221970437781
3013301,663.8404508085505
3013302,15.030149168333011
3013303,1036.058942801293
3013304,1086.633400002053
3013305,234.92384289795035
3013306,254.58631398031142
3013307,124.27576646182594
3013308,4099.929805502643
3013309,23.122753887887292
3013310,3.1767121890356895
3013311,28.497424659472113
3013312,52.191694763598974
3013313,0.10238696177155635
3013314,274.0443736444055
3013315,22.719266863527963
3013316,20.72589211033222
3013317,22.12509837840374
3013318,110.5216926259807
3013319,9.961046020855244
3013320,346.2601693183642
3013321,280.7131925503081
3013322,10.78532717589944
3013323,16.036622014032336
3013324,468.52202958837205
3013325,104.41388555126545
3013326,3346.8273539439506
3013327,0.489123333433313
3013328,27.411490347589314
3013329,8.607704219939073
3013330,0.11800448394240853
3013331,3.835451982086604
3013332,3229.1118096396167
3013333,0.0343641241432662
3013334,498.74168669447454
3013335,10.565551854455384
3013336,1485.7670614986719
3013337,707.3999418420058
3013338,451.2034899027248
3013339,177.33787521522942
3013340,80.92956288009916
3013341,5460.129859468248
3013342,10.479855025381642
3013343,0.818739637394151
3013344,29.665833113636303
3013345,24.390713696638766
3013346,0.0727245998922202
3013347,362.3907476414959
3013348,6.693408924633028
3013349,8.063023814482289
3013350,5.340123077078502
3013351,39.83325272588079
3013352,1.344351451371318
3013353,330.44274627950875
3013354,434.28302493472887
3013355,5.464609601877319
3013356,4.633112284304638
3013357,351.6245908805285
3013358,54.80697836065722
3013359,1972.9802359879754
3013360,20.549665716975994
3013361,10.082465215092661
3013362,3.340495057565609
3013363,0.05881320744594785
3013364,3.5887904149544196
3013365,2177.663991587392
3013366,0.07488250283532945
3013367,347.0754403372052
3013368,7.922020734961634
3013369,704.4967128515508
3013370,742.0917207324135
3013371,140.07911333452174
3013372,130.59300225106318
3013373,137.87415277732026
3013374,2747.8599470934305
3013375,18.774086575094067
3013376,0.9305842196434401
3013377,12.705603418141507
3013378,20.532683250034594
3013379,0.5125328728169812
3013380,208.68828304904196
3013381,12.07209741747885
3013382,25.82124282751261
3013383,4.519602765113975
3013384,95.14943120250797
3013385,5.269029768778282
3013386,245.35052972749364
3013387,154.5084376053418
3013388,3.0041136682866507
3013389,8.004796376891415
3013390,315.2570849280349
3013391,61.04003429371626
3013392,3390.9820683791304
3013393,0.034090239195418794
3013394,18.194919915511214
3013395,1.790572090201585
3013396,0.06414818723725321
3013397,1.5796522648964042
3013398,951.8104129095766
3013399,0.020556670253630057
3013400,98.97594295189569
3013401,3.847531576115409
3013402,610.6334709236615
3013403,296.8363873635733
3013404,197.7897367680584
3013405,27.205321970151005
3013406,28.794583920085053
3013407,1924.6579474867754
3013408,6.1982071680675075
3013409,0.4281902769678876
3013410,6.392982631236913
3013411,9.127770852076175
3013412,0.07753531595594207
3013413,146.01312046130025
3013414,1.7658859999579493
3013415,0.03503551009384506
3013416,1.1905061060204913
3013417,11.278769022183475
3013418,0.5843057853558696
3013419,162.80796004173857
3013420,152.41765192258123
3013421,0.9505437090427831
3013422,3.3003082765091154
3013423,139.56209439642655
3013424,24.60891732320414
3013425,245.26173426728252
3013426,3.6151823426441148
3013427,1.595294638888997
3013428,4.455009266120461
3013429,0.18331566525543613
3013430,3.3309056660250014
3013431,3450.4231007700178
3013432,0.02526298322029393
3013433,533.5352133298022
3013434,8.898985613085648
3013435,1478.7020665979835
3013436,608.0011288826294
3013437,419.36807439172696
3013438,185.46562304951283
3013439,63.084686802812726
3013440,5651.536743954915
3013441,41.30496376595147
3013442,0.586347411938255
3013443,15.853212348523751
3013444,19.178913125842612
3013445,0.10068255314545235
3013446,388.56315542010594
3013447,7.661310569666485
3013448,1.0796950176602713
3013449,6.386713039999934
3013450,28.35207331564989
3013451,1.4469838330503961
3013452,663.1512168653754
3013453,315.09270572600855
3013454,2.2327739275768206
3013455,10.768316021172879
3013456,341.09659279963137
3013457,94.29967333541452
3013458,1145.2408167206254
3013459,19.613844234222235
3013460,7.899053428417233
3013461,4.126254439817621
3013462,0.035204128301737005
3013463,0.1610458981510386
3013464,1342.6082285147722
3013465,0.019508536895323052
3013466,170.9592566739474
3013467,5.455802228228419
3013468,960.5199262981854
3013469,437.435247706171
3013470,181.95181557691015
3013471,57.01552841288371
3013472,30.801150986200337
3013473,2536.14728505167
3013474,10.902767867958733
3013475,0.2350453617504382
3013476,9.182232185067013
3013477,12.857703499859939
3013478,0.25595420733965557
3013479,151.84649278715798
3013480,4.8711116424647365
3013481,0.05384878237464707
3013482,9.209098059970668
3013483,28.79546731196038
3013484,1.0455504509839055
3013485,150.16945633768745
3013486,153.84169214496455
3013487,1.0485428425040375
3013488,4.4013357262977655
3013489,123.4812778869811
3013490,25.35529813551432
3013491,275.73508026062996
3013492,41.587420804809646
3013493,2.4646266170205173
3013494,3.102308137472446
3013495,0.038903862398618004
3013496,3.346539409831893
3013497,1207.7508113316865
3013498,0.02097878604154612
3013499,118.6921876415116
3013500,4.813175363245018
3013501,721.4714906404399
3013502,281.2462028616378
3013503,136.67059390198926
3013504,41.80361642736033
3013505,28.863081069598827
3013506,2347.566208835252
3013507,11.954312899446307
3013508,0.23054817153471685
3013509,11.556193282346118
3013510,7.970998956160651
3013511,0.10906923907253963
3013512,126.20521088301541
3013513,1.0632100746415423
3013514,0.05932119701256286
3013515,1.89458637750481
3013516,30.79914796582198
3013517,0.6569439191482214
3013518,133.99139924263528
3013519,157.78183914965814
3013520,0.6344616852653581
3013521,4.63470690692364
3013522,67.14199903038914
3013523,21.344335257402477
3013524,166.61239805910083
3013525,129.0116103149448
3013526,0.8995502742343795
3013527,3.336116993140553
3013528,0.11077149367943546
3013529,2.1273297325392058
3013530,1574.6644563036389
3013531,0.03688698948970108
3013532,155.55200169582005
3013533,4.252155296842974
3013534,1057.2863413344373
3013535,353.0592186932524
3013536,224.9136795144051
3013537,34.28722023442658
3013538,41.66435020131992
3013539,2327.363205951518
3013540,10.443953228961933
3013541,0.4669985168366082
3013542,10.51458140293676
3013543,17.31732262155399
3013544,0.1966064789812378
3013545,165.4990835065085
3013546,0.9061127007538783
3013547,0.06888487203250226
3013548,2.2738437898019055
3013549,16.311693731324702
3013550,1.0792080280355962
3013551,133.3276359937772
3013552,239.5990607537687
3013553,1.1070362947922283
3013554,2.246676424288296
3013555,82.92882386147491
3013556,85.71351197631644
3013557,318.52917208108
3013558,35.98947571365411
3013559,3.0926555390641544
3013560,2.4961913763617387
3013561,0.23777812887676145
3013562,2.1281783638334333
3013563,1531.5999095305579
3013564,0.013001674600343932
3013565,131.26089437213162
3013566,2.4521568693729954
3013567,805.2789202946179
3013568,363.05070765938626
3013569,212.9745433783758
3013570,98.81393089795252
3013571,54.973810458556386
3013572,2243.014633461808
3013573,6.627674162603947
3013574,0.6719394969686552
3013575,11.716396711582385
3013576,13.21597303256364
3013577,0.1361511269065425
3013578,170.32032225463345
3013579,4.039659170361422
3013580,0.04033500349626653
3013581,1.4892539256514035
3013582,26.683383881339942
3013583,0.8099502452789635
3013584,122.02535784470777
3013585,160.1440756622477
3013586,0.8463455976032892
3013587,2.796369851974532
3013588,110.00587962056052
3013589,42.743670609241086
3013590,505.80993974057264
3013591,239.53690374649983
3013592,2.5316817893406602
3013593,3.417925924927312
3013594,0.10196586414773992
3013595,1.853163066220267
3013596,1395.8073974643696
3013597,0.021474821699185402
3013598,147.80273433707222
3013599,3.0269033286367746
3013600,869.5516298389205
3013601,296.196973994129
3013602,155.04475603007705
3013603,131.6598312409558
3013604,24.8914104653501
3013605,2714.9161127225466
3013606,5.224485372685832
3013607,0.30659977694149954
3013608,8.619294415510108
3013609,11.315076387159472
3013610,0.2776181880332469
3013611,153.4198092449734
3013612,0.12813682527065576
3013613,0.04462965534784202
3013614,1.8920373458495676
3013615,17.261631215339825
3013616,0.9424593340251478
3013617,61.95275253803874
3013618,144.41748684993857
3013619,0.7858141695210138
3013620,2.6723508513788694
3013621,65.4708304064724
3013622,30.194962731041983
3013623,498.19042055360455
3013624,0.022123465231728215
3013625,1.0769771618649773
3013626,5.117184753349272
3013627,0.5904233289782856
3013628,2.7633752529935913
3013629,2230.5505337134964
3013630,0.022568140933802376
3013631,259.3093629634433
3013632,3.862933628317705
3013633,878.8093907340606
3013634,874.1940081487488
3013635,345.4998779864193
3013636,136.85361840492737
3013637,67.43626601107306
3013638,3422.196117297928
3013639,12.305207239336454
3013640,1.3598284947848895
3013641,15.034370594104168
3013642,21.519315424220427
3013643,0.3212069270804826
3013644,223.5784792966046
3013645,1.0634655691225658
3013646,0.15293268728180925
3013647,8.59188594715486
3013648,24.73827082289717
3013649,1.8495288439995283
3013650,215.65846191583978
3013651,225.41114220691173
3013652,1.8650318215143673
3013653,5.737857065282052
3013654,290.8688149996407
3013655,45.46041146235618
3013656,1079.1788414703933
3013657,53.47235445298892
3013658,8.519671226909637
3013659,3.0861623033717356
3013660,0.05775739373962639
3013661,2.829508093664277
3013662,1878.852228031506
3013663,0.01939128838979233
3013664,457.80324182023776
3013665,4.900193125006884
3013666,491.79031340419647
3013667,803.2022178413013
3013668,173.10988183420875
3013669,156.38851195021678
3013670,44.80901402414091
3013671,2340.856329784512
3013672,13.946306085499655
3013673,0.7262549396447959
3013674,12.603626311632798
3013675,12.95319974108029
3013676,0.228939867327565
3013677,148.15992443092946
3013678,8.309824156334251
3013679,4.203367038246544
3013680,7.5642763994089215
3013681,36.71836590477976
3013682,1.6034692683245813
3013683,94.19414882876592
3013684,141.66433144211612
3013685,2.6510239481662854
3013686,5.125256539517517
3013687,156.68806112339163
3013688,49.754359268550786
3013689,1186.294638189843
3013690,23.976824379590727
3013691,10.279382767190388
3013692,5.126658440945493
3013693,0.3765039827328321
3013694,3.547719833299186
3013695,2082.4533300303005
3013696,0.0212798401616099
3013697,165.95954468427476
3013698,5.084410592586822
3013699,823.7939185983244
3013700,344.71655506550985
3013701,235.05065644370634
3013702,38.79524251768342
3013703,33.66458854580959
3013704,2941.0858125546392
3013705,37.35462050938856
3013706,0.6174569661503748
3013707,12.704383436683734
3013708,12.506823743369516
3013709,0.11967834437567196
3013710,151.80441458384615
3013711,3.8270486650981232
3013712,0.16938095102750933
3013713,3.6290259711721404
3013714,27.58655489446744
3013715,1.4953584397785162
3013716,131.07573759454635
3013717,160.31370371710528
3013718,1.1451959059199575
3013719,3.4421406181706398
3013720,91.61616874288771
3013721,19.581499580485648
3013722,303.0285266148101
3013723,7.567712125318475
3013724,2.730918111327573
3013725,5.9030419155862415
3013726,0.09336738382439311
3013727,9.218801246534948
3013728,2891.8937822549306
3013729,0.05939735442825519
3013730,571.5020906562611
3013731,9.111593476937967
3013732,855.8545154225834
3013733,735.1005049930025
3013734,202.3118284636119
3013735,152.74679271359142
3013736,105.36464039338513
3013737,3443.1647474978918
3013738,48.904548705292434
3013739,1.3043948836287833
3013740,18.099081402539635
3013741,29.78938703867975
3013742,0.3732261337869227
3013743,245.76026697666276
3013744,21.05966573294272
3013745,26.965970611483925
3013746,6.871324735146404
3013747,57.30845953466971
3013748,6.958972815388956
3013749,388.5130068004246
3013750,256.72140480303875
3013751,7.83551200308982
3013752,8.559289735967923
3013753,431.4661359736858
3013754,112.3501977956241
3013755,2969.521113392717
3013756,0.09366335178820517
3013757,29.218159175622745
3013758,6.327774295723512
3013759,0.1024244749996542
3013760,2.576769971191549
3013761,2602.974326072432
3013762,0.026312888947048862
3013763,403.59651925295145
3013764,7.445089099778995
3013765,1573.6785572905653
3013766,824.0088922357709
3013767,454.45422440434095
3013768,59.80438788557666
3013769,59.298905922277385
3013770,4120.646268091918
3013771,13.029615909021805
3013772,0.3837722595557449
3013773,18.55929478059113
3013774,13.261520995438456
3013775,0.10033831055302082
3013776,234.95788802543564
3013777,1.493921604943412
3013778,4.377862979493052
3013779,2.903516596429939
3013780,45.90908570933523
3013781,0.7513289689527084
3013782,291.9255954178635
3013783,256.60043128266625
3013784,2.560642366784009
3013785,3.764013115497177
3013786,219.78091831078268
3013787,53.97058708176461
3013788,782.6119664215073
3013789,31.111129980719085
3013790,8.051505081196275
3013791,5.856923530980899
3013792,0.25907679575380177
3013793,1.4348656249687428
3013794,2408.594054659036
3013795,0.0180826535280043
3013796,384.42580073032246
3013797,4.091663164133362
3013798,1518.926779474491
3013799,665.3503306060812
3013800,257.15372873912503
3013801,151.15292936915878
3013802,73.71095243224934
3013803,3452.088808671101
3013804,15.115275787379515
3013805,0.24216145465560535
3013806,20.46440063163506
3013807,25.18969340857474
3013808,0.14673545570790297
3013809,233.5090777332618
3013810,2.2962817406843214
3013811,2.7816403622920207
3013812,6.461551666426299
3013813,83.78296023805387
3013814,1.3038778307184056
3013815,105.84160514192888
3013816,219.472058087628
3013817,1.2404337446612872
3013818,2.5567880266439156
3013819,143.55708200665123
3013820,116.28429795682922
3013821,1038.7853647565848
3013822,0.7509571064930088
3013823,4.247966361507463
3013824,3.502688258987019
3013825,0.1817708154191579
3013826,0.8492759579137938
3013827,1294.592001763989
3013828,0.026193080656553756
3013829,121.1846690252039
3013830,6.807264031186115
3013831,609.9003465051795
3013832,310.8827690411361
3013833,138.34377630329152
3013834,51.60714509606737
3013835,41.24570960499849
3013836,2386.448763420543
3013837,11.670353180730862
3013838,0.3372345892853009
3013839,13.002138717408531
3013840,11.576783808489996
3013841,0.07092478667158812
3013842,149.3446677196813
3013843,0.7844671173640257
3013844,0.12574480299494423
3013845,2.3626073785993844
3013846,52.313550471869135
3013847,1.4552304503410196
3013848,114.56664542667698
3013849,151.00671583026136
3013850,1.1502269292562293
3013851,3.504865443493778
3013852,147.42078768448874
3013853,23.529002588249384
3013854,386.9060942966979
3013855,31.20439336115569
3013856,1.8641184887290168
3013857,2.4705134160313347
3013858,0.05204631628383087
3013859,3.907741271388364
3013860,1413.827669152641
3013861,0.047298929762705624
3013862,272.63495327369935
3013863,9.427299547211454
3013864,510.1499430054737
3013865,473.87839362503655
3013866,126.83703770714331
3013867,45.73252328332444
3013868,54.4753890704947
3013869,2372.10449278102
3013870,22.989145071832823
3013871,0.41547402527866517
3013872,11.28282628991413
3013873,13.409583928397169
3013874,0.15076477785175404
3013875,152.0178030824415
3013876,9.392867413435013
3013877,2.9950079441569155
3013878,2.362168067839961
3013879,45.50835043940912
3013880,3.819417482519813
3013881,498.58698660126277
3013882,160.88412636764377
3013883,2.99054296578395
3013884,5.089855690441594
3013885,285.63074000932056
3013886,32.64182302365427
3013887,1495.0873126300582
3013888,0.012558237621270757
3013889,6.531542361485155
3013890,2.5598141721392054
3013891,0.12328705315947444
3013892,2.250830920987277
3013893,2994.039077203419
3013894,0.04054204944208119
3013895,677.5129660418182
3013896,12.116976186324402
3013897,1069.9733411478442
3013898,1290.2419990352037
3013899,264.13157667444887
3013900,210.96673302308307
3013901,141.47260098711973
3013902,3614.5297581998925
3013903,29.913714748123105
3013904,0.6890374061432107
3013905,12.776167240626396
3013906,29.02416908763628
3013907,0.08599755255360764
3013908,284.36079593810666
3013909,9.048299646850655
3013910,42.38465564297121
3013911,5.750458327254209
3013912,88.98453695129842
3013913,7.760092269473776
3013914,419.6169234154322
3013915,266.8089925818965
3013916,11.612733907368938
3013917,8.062334292059989
3013918,517.3606086403645
3013919,96.4404223061025
3013920,4481.110295854678
3013921,0.104048761193794
3013922,16.964811976286523
3013923,2.634965602062818
3013924,0.10310941779152
3013925,1.2191654349182117
3013926,1561.2461815504848
3013927,0.015001641284636234
3013928,325.8535025816571
3013929,4.526026095802364
3013930,373.7228071157645
3013931,431.5497928441263
3013932,139.6106457196196
3013933,93.91489280749846
3013934,51.53905915006454
3013935,1622.4172053587217
3013936,16.000598702494297
3013937,0.5462671922984716
3013938,8.523518231736173
3013939,13.021193352749995
3013940,0.07078837054076627
3013941,99.40254247324788
3013942,0.06160844218430264
3013943,26.62244161931083
3013944,1.7721889191108238
3013945,123.65932860349727
3013946,3.822230442339083
3013947,215.80122366708383
3013948,83.65328777729162
3013949,2.37149500020456
3013950,3.67411460211983
3013951,160.01755554590522
3013952,27.44548441791607
3013953,2263.710260503301
3013954,0.5786140757811193
3013955,2.532744499418822
3013956,3.7739089669534707
3013957,0.05853443572212146
3013958,0.1810325787672501
3013959,884.1969356271675
3013960,0.04612061820612795
3013961,206.81448530963962
3013962,6.709939096436133
3013963,386.1820146358055
3013964,231.87210799122718
3013965,85.25501478832507
3013966,32.399608793696714
3013967,22.757989631109062
3013968,1626.6517961286593
3013969,23.964453015248107
3013970,0.6398416596360019
3013971,10.121200828166392
3013972,11.343685191434272
3013973,0.29446997845363176
3013974,84.03262248436275
3013975,0.4478216015770529
3013976,6.805240803407732
3013977,1.4042619246482653
3013978,22.5624864975076
3013979,0.6500428431502271
3013980,224.75913218023382
3013981,131.03076062791058
3013982,2.161415581951113
3013983,1.7825975373080838
3013984,131.12775149975508
3013985,18.141309389671843
3013986,845.6749631332125
3013987,0.6626932553344043
3013988,2.4557013988983645
3013989,5.235932210847709
3013990,0.068833105679278
3013991,2.6751459975493903
3013992,2794.5047657895507
3013993,0.10785337516532878
3013994,630.5795729989553
3013995,11.975360755175643
3013996,901.6061883074415
3013997,885.3192219871694
3013998,270.757617747322
3013999,220.5337977855651
3014000,90.59946976147238
3014001,3391.2266520822495
3014002,20.760008168646575
3014003,1.2826103084070282
3014004,18.505926600804333
3014005,19.427726310630096
3014006,0.3630974379856924
3014007,220.40436815184904
3014008,3.251426854502874
3014009,30.447503780530763
3014010,3.8062237126131646
3014011,88.54224420854622
3014012,2.3620415895836224
3014013,261.961055214586
3014014,205.31105831807014
3014015,7.787123470058155
3014016,6.6530373293887735
3014017,354.20368473756656
3014018,78.50036374692698
3014019,3793.1405025635695
3014020,0.8797985905122147
3014021,12.937780248827325
3014022,5.175469076185261
3014023,0.06799955490367461
3014024,2.104912422496201
3014025,2376.1016583156384
3014026,0.03675368883353608
3014027,517.541247561184
3014028,12.2692641027766
3014029,836.0581058263739
3014030,782.0574964334035
3014031,278.3811144952944
3014032,180.77938643024197
3014033,54.571374062701295
3014034,3665.537156035889
3014035,11.265464242053744
3014036,0.8718993411457937
3014037,20.030724285352974
3014038,12.562530960160359
3014039,0.3301087177686987
3014040,205.30079529588602
3014041,0.04545086591551524
3014042,4.551115582943245
3014043,3.2161874657480105
3014044,31.190021027787814
3014045,1.244032794005737
3014046,174.00157391282463
3014047,204.65395202481403
3014048,3.2721268733092383
3014049,2.861882137609065
3014050,150.62901836685543
3014051,69.65960767724908
3014052,1087.5465131449048
3014053,1.8136864259222496
3014054,2.6546487080919006
3014055,5.2157501660299195
3014056,0.4391462821462606
3014057,2.421199712883081
3014058,2335.9208508466413
3014059,0.03332267732997375
3014060,547.3869951213456
3014061,6.497201447420433
3014062,814.3770386071144
3014063,753.1121734832716
3014064,209.42969129217283
3014065,151.26018763180042
3014066,52.81119832244064
3014067,2806.537679859075
3014068,11.465898593329083
3014069,0.4903204018512661
3014070,14.221280505753203
3014071,14.829187116098911
3014072,0.08657358020442879
3014073,203.25959843521983
3014074,0.07315567198256473
3014075,5.658356433633388
3014076,2.7949141446583496
3014077,51.974583671245824
3014078,0.8947906291955685
3014079,112.74496542399908
3014080,194.6344840578681
3014081,3.72988830712014
3014082,3.15228935587158
3014083,175.96139483774903
3014084,54.640283747971175
3014085,900.1853995233937
3014086,0.9911201993388176
3014087,4.734065728803076
3014088,8.384227112875264
3014089,0.652980437378189
3014090,10.90696190543721
3014091,6096.025258867996
3014092,0.04815198909921592
3014093,1099.5016234982759
3014094,29.152866432400888
3014095,1818.86228755576
3014096,1785.360852329643
3014097,273.0849844815292
3014098,396.8692008515924
3014099,290.7976220247088
3014100,6254.797846752693
3014101,74.47656358089006
3014102,1.6380395289962153
3014103,24.522208237293643
3014104,44.844580028245815
3014105,0.17645107467366467
3014106,484.22058864115945
3014107,24.58739874460472
3014108,63.6095747645078
3014109,12.857762523834241
3014110,170.99337638918303
3014111,15.292648276508935
3014112,587.3158126776444
3014113,429.4927594929362
3014114,12.87027291208202
3014115,17.13580543947963
3014116,946.1234023046958
3014117,174.6374201391076
3014118,8350.154301649934
3014119,0.9589050221280563
3014120,66.25197849528237
3014121,3.1877744543025406
3014122,0.3594799009884059
3014123,0.47002374357371246
3014124,1424.1257431238432
3014125,0.020738236367854525
3014126,155.09075209354089
3014127,3.1335525644826685
3014128,569.9781507093927
3014129,342.5313334172995
3014130,114.44706687233455
3014131,87.23423876064349
3014132,41.15639031567385
3014133,2258.1668160776844
3014134,3.9890001705443017
3014135,0.22475757718829345
3014136,12.99901142556324
3014137,9.044091517812454
3014138,0.3578093527524576
3014139,120.53818954747953
3014140,0.4746420537080502
3014141,0.18821820470201364
3014142,3.585270338552617
3014143,18.074015584286077
3014144,0.7112868898879137
3014145,66.88759254086465
3014146,83.5275248926253
3014147,1.8229197646739117
3014148,2.8251033219995363
3014149,100.08101913143403
3014150,15.895207265498847
3014151,473.9932376110934
3014152,0.16032931142344056
3014153,2.537815464044045
3014154,4.677718595394476
3014155,0.16816677847966566
3014156,1.9509286152556156
3014157,2347.898730442893
3014158,0.015289179723360219
3014159,422.069692390357
3014160,6.281161099174476
3014161,1239.137075496526
3014162,679.9009767139158
3014163,167.31512963524648
3014164,187.1833134617704
3014165,51.70619148454044
3014166,3542.129626874841
3014167,7.741124444218043
3014168,0.14344789296225097
3014169,14.443914801898512
3014170,18.836865813810174
3014171,0.04916565196935956
3014172,209.49043454081573
3014173,0.6749397485245557
3014174,4.5921317690725525
3014175,4.474689239617048
3014176,12.220426716698444
3014177,1.0920365695263252
3014178,304.17291006964336
3014179,218.3139916688146
3014180,2.909003873355495
3014181,5.254455398925131
3014182,108.50374521060446
3014183,73.90459493567849
3014184,842.8762952311715
3014185,0.9554716428606027
3014186,2.9044825767237272
3014187,1.7851929548616088
3014188,0.027780554963799
3014189,0.6317246422273662
3014190,754.2210506476476
3014191,0.019972227975181004
3014192,121.75989637083056
3014193,2.845709010671899
3014194,1076.0883406276366
3014195,187.1846805796834
3014196,96.38625845527537
3014197,144.63840344970853
3014198,14.89189371196419
3014199,1511.3992520792872
3014200,2.287701714178999
3014201,0.28888250738257276
3014202,11.00420404302517
3014203,5.029925341381692
3014204,0.07194269541848991
3014205,79.76500900971413
3014206,0.03481267860957129
3014207,0.058509108667505826
3014208,0.8352960709064974
3014209,10.687501362597976
3014210,0.5718411867422503
3014211,68.98901785785834
3014212,85.39428262697977
3014213,0.47099669479620637
3014214,1.2879036858985125
3014215,50.77148937617484
3014216,11.389036318235027
3014217,170.7598502075089
3014218,0.02508313283747909
3014219,1.15615633272991
3014220,5.391936899198889
3014221,0.05313128214086766
3014222,0.8231387612384329
3014223,1668.9341048454512
3014224,0.0262074848659462
3014225,201.74775152118772
3014226,6.710133623381585
3014227,838.8495852034407
3014228,477.20637094425456
3014229,150.68466650015364
3014230,117.66507322076427
3014231,47.26751943759687
3014232,2310.1217619576473
3014233,3.3740804146731156
3014234,0.9123251082652957
3014235,17.280720382399075
3014236,11.458367014725841
3014237,0.12324517149933767
3014238,176.98985059926719
3014239,0.2038848767015256
3014240,0.20923010501592532
3014241,7.90462966171744
3014242,21.45790331639658
3014243,1.041736487494439
3014244,268.01693808177026
3014245,188.44157399919948
3014246,1.2515315690944115
3014247,3.5042983410933655
3014248,226.69742519255607
3014249,21.173399770786695
3014250,966.0033196770019
3014251,0.1557395302173663
3014252,0.9852808398879311
3014253,2.2764018871268026
3014254,0.1697212412679901
3014255,2.052271770299657
3014256,1718.4345899895875
3014257,0.021246353012177623
3014258,527.5492523479525
3014259,4.886885251655906
3014260,585.6658885951674
3014261,590.1969199782176
3014262,194.00979315589083
3014263,72.98674702976248
3014264,46.99762701683418
3014265,2786.170912511533
3014266,4.506479794428422
3014267,3.1721059752719283
3014268,21.38720456166222
3014269,24.49969906368538
3014270,0.14877129053156563
3014271,141.3632339490881
3014272,1.3436383641797869
3014273,4.729896178390449
3014274,1.4648217580481608
3014275,28.313298911160025
3014276,1.2713476200543348
3014277,178.71549392160392
3014278,202.693531451529
3014279,2.1294637413509
3014280,3.481780383976342
3014281,148.12962999827536
3014282,22.54887853090776
3014283,530.1179308752392
3014284,1.3289698747860132
3014285,1.8146460308235293
3014286,2.84661026954259
3014287,0.03628449328001018
3014288,0.21654767217908283
3014289,1167.2454617955007
3014290,0.022779710011010493
3014291,94.34570657351077
3014292,4.007007193959135
3014293,492.5709345179079
3014294,216.54930065822117
3014295,94.34063639966445
3014296,113.54993318457463
3014297,31.625369365063555
3014298,2083.9163028117537
3014299,5.763450168851213
3014300,0.3948447436589589
3014301,7.38571878731454
3014302,9.750684116173623
3014303,0.15378137141335285
3014304,106.64938202104969
3014305,0.053693311377904625
3014306,0.13778993729083913
3014307,0.6234722028331419
3014308,10.591158508396862
3014309,0.4783252057066107
3014310,184.39961597075904
3014311,100.21665820741146
3014312,0.975221075413419
3014313,1.368544572121844
3014314,48.32790517503902
3014315,16.760861976541285
3014316,333.31481032085355
3014317,0.14283607169449153
3014318,0.5253306301548513
3014319,2.989273885275117
3014320,0.04697916639359642
3014321,0.7079340452507845
3014322,3059.5115261415503
3014323,0.06380817022812502
3014324,389.2915408534036
3014325,6.510009094113702
3014326,793.7114255231421
3014327,631.4723430131944
3014328,214.25648002444922
3014329,92.33211926427884
3014330,70.09861985175698
3014331,3372.8321148021714
3014332,10.3857072441854
3014333,0.3690910934140694
3014334,16.886317337179662
3014335,10.321631359457015
3014336,0.2839249086074154
3014337,190.2565191441608
3014338,0.4246086098910352
3014339,19.732883146487527
3014340,1.4175766426749208
3014341,28.118844330795298
3014342,0.7726304493908973
3014343,212.73149443122853
3014344,189.81065480931943
3014345,1.2232777273243456
3014346,3.65586414989982
3014347,100.77775063076987
3014348,50.49208922701447
3014349,941.9129802699863
3014350,0.7085085201962005
3014351,0.8707779825099071
3014352,3.22810540771171
3014353,0.03749697149234654
3014354,5.618499883333248
3014355,2808.524291542112
3014356,0.026818275885787717
3014357,503.51618943588727
3014358,6.754855951587861
3014359,1001.5814978903036
3014360,787.4229238052981
3014361,157.0559384525912
3014362,120.07323826110712
3014363,106.60832804490599
3014364,3834.1236137929172
3014365,61.8081735136493
3014366,1.3925684363562212
3014367,19.15549452236779
3014368,23.53186482684744
3014369,0.42886912242184005
3014370,246.25416155439714
3014371,17.46403625037741
3014372,32.55642844522521
3014373,2.116363721599743
3014374,115.2735524122841
3014375,6.029345679531669
3014376,193.9014269749856
3014377,242.72943946487723
3014378,9.853088713543714
3014379,12.335032933600274
3014380,240.83887721564614
3014381,77.01417841713186
3014382,3286.610407917946
3014383,0.02421968309130242
3014384,8.884840521229247
3014385,4.702889256094498
3014386,0.07860662435560846
3014387,6.637856536015583
3014388,2540.7531494885216
3014389,0.030179422358236986
3014390,437.23174240823585
3014391,8.570300206045397
3014392,1387.17916478017
3014393,655.5064148921754
3014394,133.26704535184658
3014395,82.74130130115883
3014396,125.77786639668022
3014397,3673.610031061681
3014398,27.46180607489124
3014399,0.8068384233766726
3014400,26.919948231008902
3014401,51.33904872502456
3014402,0.09618869716715964
3014403,290.6187565407122
3014404,13.22210256076475
3014405,23.337626685913687
3014406,4.35070142303109
3014407,81.40985934059037
3014408,7.526324788220977
3014409,145.49849124148483
3014410,810.7166803392533
3014411,5.980418122945116
3014412,9.927290093934333
3014413,128.54050884788515
3014414,69.73564196790991
3014415,2660.007244207735
3014416,0.21367631508223667
3014417,10.75980906053161
3014418,6.38756127582244
3014419,0.1604289140846923
3014420,2.4233639020372157
3014421,3595.2304858136017
3014422,0.02972318726235511
3014423,520.4590061424927
3014424,6.168113670308976
3014425,2027.1982868707883
3014426,621.4327567811954
3014427,184.57559402094753
3014428,218.729553432721
3014429,51.68194712855011
3014430,4247.969438507285
3014431,22.75007059186296
3014432,1.4544922909114109
3014433,16.719592769766635
3014434,18.78152023907362
3014435,0.08857094828712192
3014436,250.4490101142635
3014437,2.8937103317846162
3014438,9.66227870144933
3014439,5.162081973616937
3014440,31.321855599544925
3014441,1.3857236576748622
3014442,141.21276767601654
3014443,234.99104057521333
3014444,3.955579296934634
3014445,7.838221975395452
3014446,185.91562294541978
3014447,52.4959087148307
3014448,1255.7812823012412
3014449,15.496691163459799
3014450,10.016977949861399
3014451,4.48489229409031
3014452,0.279032234499065
3014453,3.936465988130994
3014454,2075.6924610817196
3014455,0.04467871867545807
3014456,353.20785014542685
3014457,6.334058293939726
3014458,776.0166483069638
3014459,625.4743921136609
3014460,176.12999057989617
3014461,118.17622757541764
3014462,81.59196652418613
3014463,2831.03068600273
3014464,27.05315159044611
3014465,1.3433609788271983
3014466,14.96181785499661
3014467,16.386634240118994
3014468,0.23995158745532563
3014469,207.9161254216789
3014470,13.999455246258863
3014471,29.84189828108099
3014472,2.0004417016303164
3014473,64.53884906751509
3014474,4.806713057005588
3014475,301.08535478863155
3014476,217.08557310230213
3014477,4.088577750793766
3014478,6.999939807137653
3014479,302.426488150181
3014480,49.725751627204275
3014481,2657.5875726881363
3014482,0.14098525847403431
3014483,19.816560573156693
3014484,3.3612118091141383
3014485,0.1679002342144455
3014486,2.1302527848347133
3014487,4004.2946533769705
3014488,0.03743185915775701
3014489,349.2231438066669
3014490,5.071100883735132
3014491,1728.5514066838755
3014492,769.3187364600753
3014493,220.55153429719985
3014494,171.1250013041241
3014495,42.65222680866771
3014496,4624.434958145048
3014497,10.874012695806254
3014498,2.171434025495257
3014499,21.690933283447208
3014500,19.721806570726592
3014501,0.34596435979704726
3014502,457.65559646702985
3014503,0.44755949001480244
3014504,0.3890640039326716
3014505,6.245440688026806
3014506,38.354931407538
3014507,2.0435876856685353
3014508,132.51499566129417
3014509,293.1861978679285
3014510,3.0032334091862096
3014511,6.009916282890657
3014512,144.87671594753118
3014513,52.73632446596962
3014514,917.9790069837227
3014515,0.08317409712289744
3014516,3.519033502987824
3014517,5.201300938033268
3014518,0.03181502048092321
3014519,5.543718363822159
3014520,3127.2040360381725
3014521,0.02248452592360535
3014522,453.40977610856896
3014523,7.207641116773002
3014524,1294.6229410977612
3014525,667.2690520983202
3014526,192.50712867199752
3014527,118.52775453770175
3014528,89.82229843008099
3014529,3963.091290237821
3014530,35.40578107894342
3014531,1.0780933597078228
3014532,17.17797983660071
3014533,23.729591109006318
3014534,0.08810572946887057
3014535,258.1456001325671
3014536,12.662052332407354
3014537,24.166377829529978
3014538,6.918280771438726
3014539,165.0789780665647
3014540,8.478742529583016
3014541,213.76749315850114
3014542,880.9467164481496
3014543,11.492528133670247
3014544,7.604027764083917
3014545,211.91253085037107
3014546,60.08633313964671
3014547,2813.7725548013495
3014548,0.19846393196079934
3014549,6.284784709590378
3014550,2.5220801439564355
3014551,0.03438034766206348
3014552,3.6036476979353216
3014553,3115.6726797223487
3014554,0.02431669283298861
3014555,461.1308886272435
3014556,11.176200998852632
3014557,670.9559967673747
3014558,718.6107265430804
3014559,161.9151828103021
3014560,130.2803175072806
3014561,116.57762488948411
3014562,3087.9462667613234
3014563,32.12810191303781
3014564,0.6483047301310916
3014565,13.740625694986928
3014566,13.84830430805658
3014567,0.06699228947181582
3014568,195.4202733399662
3014569,11.724952555406741
3014570,33.14947789507181
3014571,7.444849070573163
3014572,71.50270197652362
3014573,5.443952430204315
3014574,228.49503798641456
3014575,204.15159231163796
3014576,8.890903108466762
3014577,5.686687717671059
3014578,226.6302193329065
3014579,59.12711270881876
3014580,2901.4110095575766
3014581,0.17903885717128032
3014582,10.335885908438225
3014583,5.0152571428130965
3014584,0.11442952510925225
3014585,3.5886142008622333
3014586,3806.2683128149856
3014587,0.02709511112128335
3014588,504.5985218825306
3014589,12.123340404530254
3014590,1106.1789484576047
3014591,629.9479997247307
3014592,247.74369826822561
3014593,181.27193315900487
3014594,56.101990763736005
3014595,3994.450635755734
3014596,8.772361162854175
3014597,1.0304691631578935
3014598,17.050482151330446
3014599,16.694325460658476
3014600,0.17063268249439356
3014601,235.1176283834826
3014602,0.41453599116811957
3014603,7.319225375789779
3014604,2.5888736893828863
3014605,42.21081958268688
3014606,2.7288797823412168
3014607,201.42358202821305
3014608,271.2012129536281
3014609,4.030911428011796
3014610,3.788365964145874
3014611,242.23613922661153
3014612,109.55836366615632
3014613,978.1795555768
3014614,1.4647639867272164
3014615,2.022887995568344
3014616,11.11313671271467
3014617,0.03471367465684902
3014618,14.019766887180914
3014619,7201.276281894543
3014620,0.02045295245575541
3014621,1516.0227075287398
3014622,22.194529706850304
3014623,2685.1147263059065
3014624,2169.094305352264
3014625,471.92215583000893
3014626,516.7067077336836
3014627,389.60616968568127
3014628,8694.023936100988
3014629,111.25628096854885
3014630,2.8229134457080827
3014631,90.31845447092742
3014632,116.53114847254508
3014633,0.43455840359958686
3014634,687.1797317342263
3014635,32.277314172633524
3014636,28.787110027684655
3014637,15.181685775836549
3014638,248.03817661267908
3014639,16.45520497739304
3014640,768.4912371327889
3014641,528.5761393934471
3014642,29.081816520975632
3014643,30.769676812045585
3014644,1006.9931461109779
3014645,269.04302814150367
3014646,10370.26489015232
3014647,47.105852088274546
3014648,73.8927237996435
3014649,12.86697087394843
3014650,0.02950046234042786
3014651,12.250465330206968
3014652,7483.697106600299
3014653,0.027173980702340894
3014654,1045.6223060286404
3014655,19.23566058655152
3014656,2217.5377560164
3014657,1837.1801371537958
3014658,531.1675452639425
3014659,295.45315762824157
3014660,253.3527606133922
3014661,8887.405214710834
3014662,137.88306992138615
3014663,1.3553900995266166
3014664,36.64200561203798
3014665,64.27654577085495
3014666,0.4606345945077285
3014667,547.0485578350977
3014668,27.878759847878854
3014669,33.81468176637198
3014670,9.5116014107614
3014671,178.7742664879903
3014672,11.936276906193259
3014673,909.8611132159002
3014674,594.9646612525828
3014675,16.192295438574543
3014676,22.22375591786526
3014677,1001.6151110569193
3014678,236.95420503886717
3014679,7032.9990066662285
3014680,189.4449758372172
3014681,65.28256156628754
3014682,10.270595049224001
3014683,0.03570574710799157
3014684,13.705461730052825
3014685,4616.594837452606
3014686,0.1055896385156957
3014687,816.3477580971885
3014688,12.778236496592143
3014689,2134.7754219718777
3014690,1240.556186632006
3014691,595.1306579198995
3014692,121.35427822684369
3014693,187.73978598245355
3014694,7744.367863119966
3014695,44.016063434800486
3014696,1.219244881825493
3014697,29.81019203745307
3014698,25.40660633154088
3014699,0.2917029752614972
3014700,535.1475749178055
3014701,34.77298014501349
3014702,32.00141656304173
3014703,8.219987740085163
3014704,105.90008431990793
3014705,7.980548147755361
3014706,907.5306201443033
3014707,594.4089622624892
3014708,18.741852555544583
3014709,36.84443404224311
3014710,555.7286971343535
3014711,121.15346779833197
3014712,3128.685446552091
3014713,250.2153745637474
3014714,35.584068962948834
3014715,11.599420769521139
3014716,0.019639632631575317
3014717,15.293818549300289
3014718,6887.264764982204
3014719,0.02777497080499145
3014720,971.2811413212753
3014721,14.863206392115643
3014722,2072.5768961895046
3014723,1804.4973894269942
3014724,522.7605430169431
3014725,287.01812776733834
3014726,217.8975574152098
3014727,8742.097963734272
3014728,47.98042699763204
3014729,0.9550562818663031
3014730,57.392663746285336
3014731,64.225064104286
3014732,0.9713463755993774
3014733,530.6723211413096
3014734,28.94041336692404
3014735,29.17776774146757
3014736,24.725352840247567
3014737,174.52376414608864
3014738,6.784988617636558
3014739,672.3136055324944
3014740,560.2706759172761
3014741,15.777352373174276
3014742,22.831720190606568
3014743,831.7849180679023
3014744,161.4431932552778
3014745,6253.569459872824
3014746,208.72715212178812
3014747,50.747896472151595
3014748,9.35319508307558
3014749,0.03295967794444188
3014750,14.711533764451165
3014751,4146.301736952295
3014752,0.01895396829461518
3014753,651.2348597964342
3014754,13.978134997004656
3014755,1810.4108593851151
3014756,1082.6658321683467
3014757,522.8293833270468
3014758,108.03286116198447
3014759,130.49045701016328
3014760,6721.4148064998935
3014761,41.80221294615144
3014762,0.5211898251608835
3014763,24.975366368822314
3014764,44.98947416822615
3014765,0.32460845078801215
3014766,588.4706865453496
3014767,16.784217004243203
3014768,14.163348375838838
3014769,8.70193518709518
3014770,108.93954562932353
3014771,3.1232409916250066
3014772,727.2949065812156
3014773,826.9100707160504
3014774,11.428280800562737
3014775,22.31900951507557
3014776,589.999578239014
3014777,77.85442711997882
3014778,2427.8879320036567
3014779,28.219911380794844
3014780,18.165099027015746
3014781,7.140875509705088
3014782,0.03393218174321048
3014783,10.269983774058934
3014784,5710.560769599825
3014785,0.04265623589015781
3014786,1036.9350519139361
3014787,18.672741487090843
3014788,1869.5267964717827
3014789,1884.6099465349907
3014790,357.7713364909599
3014791,407.82015587123476
3014792,317.9398567755257
3014793,6867.598936210199
3014794,80.73620107470303
3014795,1.3971967387504014
3014796,30.154899937960348
3014797,54.483370487096664
3014798,0.41916504275497757
3014799,502.53078076505597
3014800,18.42763884979277
3014801,28.649525720141945
3014802,13.710525526463488
3014803,200.52288305027093
3014804,11.949856958988931
3014805,637.920250379132
3014806,479.70892602558797
3014807,12.742105552462014
3014808,25.129769984397633
3014809,809.8637017792187
3014810,209.95894605473148
3014811,9387.056624351948
3014812,162.4163722818249
3014813,75.50255376103016
3014814,4.295228211671127
3014815,0.16499021312595455
3014816,2.6754662215800233
3014817,2052.148526725582
3014818,0.030350093963657877
3014819,321.3539223233131
3014820,15.346029594747426
3014821,930.0409001918493
3014822,494.5456131715118
3014823,212.74621373847214
3014824,78.98009511875676
3014825,70.16980110932286
3014826,2798.2347821593894
3014827,67.15577590620487
3014828,0.5963013731801641
3014829,20.94382534152608
3014830,21.556878391101236
3014831,0.14465342840557355
3014832,215.28464834730858
3014833,9.314718864878564
3014834,11.92103571928231
3014835,7.470332491774949
3014836,41.64194963186077
3014837,4.504001420435519
3014838,218.69998596636862
3014839,242.51054801527806
3014840,2.3635889119431317
3014841,6.873392632071679
3014842,217.83878554039302
3014843,48.37403726576427
3014844,1953.571444210506
3014845,0.5579609731163311
3014846,7.042159117532671
3014847,7.889056125337355
3014848,0.04413467825004402
3014849,12.121105770006366
3014850,3946.4150149688357
3014851,0.03927774274223068
3014852,540.6214756042575
3014853,17.989863381499383
3014854,1721.9235830624043
3014855,970.093047547147
3014856,423.3570860691282
3014857,100.04186290064135
3014858,132.01584378600722
3014859,6113.923624082696
3014860,100.96024224096377
3014861,1.015118677112072
3014862,36.751782839361056
3014863,37.18951410230456
3014864,0.36117151718899976
3014865,456.71821034457946
3014866,14.884947913815132
3014867,13.823183037907894
3014868,1.9870960533907318
3014869,107.37214286262994
3014870,5.22037065123262
3014871,545.5902621170385
3014872,476.31417155679003
3014873,8.886232295633736
3014874,18.880295433449298
3014875,356.22647226103163
3014876,78.60690125051622
3014877,2692.7440350425295
3014878,103.48606500472218
3014879,18.572477453071777
3014880,6.50769204275766
3014881,0.028210531760562638
3014882,5.0240124928451655
3014883,4397.274340462811
3014884,0.03191011404758326
3014885,830.585450414514
3014886,6.675306726902313
3014887,1408.088818178589
3014888,1531.9515159052783
3014889,230.2800319632957
3014890,337.3859814536418
3014891,238.17968998956496
3014892,5297.263842440371
3014893,27.041188702679165
3014894,1.2397145619659304
3014895,25.59453708936422
3014896,27.012072919856102
3014897,0.2704297527161841
3014898,351.43499270159896
3014899,0.9173769293342979
3014900,40.13797201324585
3014901,4.762368148383516
3014902,128.84792295393348
3014903,7.475636297930124
3014904,557.2249504971285
3014905,299.0569921722124
3014906,18.427122927575297
3014907,9.003818841767668
3014908,695.6264959309112
3014909,114.511421714529
3014910,7390.679716156172
3014911,3.4866610930418656
3014912,37.98979450497757
3014913,10.099159258046171
3014914,0.07417057840128774
3014915,7.522415594021527
3014916,3950.5430799884202
3014917,0.043996249350516256
3014918,718.3742953801099
3014919,9.260881700529813
3014920,1718.775730414735
3014921,1101.899907242822
3014922,297.13098472513605
3014923,204.70232710850007
3014924,254.58662088278408
3014925,5266.355414688101
3014926,63.008548998425226
3014927,2.283929137451609
3014928,34.47610967521444
3014929,31.477606173490337
3014930,0.42887160921950007
3014931,344.84196393292706
3014932,6.828689895404532
3014933,58.01256928727307
3014934,5.98074219206367
3014935,206.9238677158014
3014936,6.065860807519238
3014937,442.20859902957795
3014938,309.6210123163225
3014939,11.767395568452315
3014940,19.01380307701679
3014941,452.90468002024613
3014942,123.19978683406231
3014943,5986.156548873826
3014944,1.805236185332492
3014945,8.201951023920316
3014946,6.248588248425433
3014947,0.04874347994453838
3014948,3.6505364001854326
3014949,2482.871957037792
3014950,0.02352412320784142
3014951,446.428577025466
3014952,5.242055209306827
3014953,1044.8490702942302
3014954,512.4803228013349
3014955,195.5350635545567
3014956,85.47399178616443
3014957,89.45316150960633
3014958,3158.854955775212
3014959,12.804667830992264
3014960,0.7421968541938746
3014961,18.732769626538094
3014962,21.046542710345513
3014963,0.13438227182609616
3014964,220.32988469732487
3014965,1.6601877888210361
3014966,19.665592108516133
3014967,4.475772710020238
3014968,63.713666583711216
3014969,1.59238659680658
3014970,253.15188488025018
3014971,233.39596927078958
3014972,4.3456611234356455
3014973,3.933502366332217
3014974,171.567521805949
3014975,87.09740192534593
3014976,2902.2645923864866
3014977,0.03776878830019045
3014978,1.2004259142262512
3014979,6.077854160958321
3014980,0.12338282313601256
3014981,2.520996186337561
3014982,2389.2816090080905
3014983,0.14277297042398407
3014984,243.44901415932048
3014985,9.340028976079108
3014986,977.9010780162182
3014987,270.26033502603326
3014988,185.08945197549673
3014989,62.767610838308826
3014990,40.87849782702668
3014991,2895.171302844097
3014992,18.0744871875805
3014993,2.346188977369656
3014994,28.01679650383481
3014995,13.778733677903325
3014996,0.3889276848318686
3014997,202.14362021762946
3014998,2.2203894867688523
3014999,5.928637952442982
3015000,5.958945795278448
3015001,28.276292035316583
3015002,6.5196293529801626
3015003,54.99937313114926
3015004,186.50084938396978
3015005,5.310599583435824
3015006,17.840847081737582
3015007,56.60822270610792
3015008,84.11458866343213
3015009,560.918898907307
3015010,0.6150431259459962
3015011,5.976123245130841
3015012,4.553468862547382
3015013,0.06298651752035317
3015014,7.62742014338082
3015015,3183.569104615177
3015016,0.047606640015327564
3015017,513.6988267869974
3015018,11.519584678669847
3015019,1133.9920911968106
3015020,866.2134202580439
3015021,262.21295382666426
3015022,166.1318139501459
3015023,132.36020033646753
3015024,4279.420113758179
3015025,25.797865789454082
3015026,1.3862045400101848
3015027,23.77281599343086
3015028,40.34615269750903
3015029,0.16773137033753396
3015030,304.12034666633656
3015031,17.167721400085604
3015032,27.69299704775903
3015033,12.016160985800088
3015034,81.05442164311408
3015035,6.04388941506476
3015036,414.5631191046903
3015037,296.5614426280863
3015038,8.535101535098509
3015039,11.926455433471508
3015040,453.5727365038317
3015041,84.1128741899532
3015042,3385.1514185785245
3015043,0.07968315760700134
3015044,29.676733106532932
3015045,4.336776526955404
3015046,0.053308903435351974
3015047,5.281577538344066
3015048,3637.452657407785
3015049,0.06465248263345369
3015050,587.6519636381275
3015051,15.522524849725798
3015052,994.6524048451769
3015053,1302.0757739345
3015054,180.7664521467994
3015055,251.3181174986123
3015056,208.79392844988598
3015057,3881.0526187994774
3015058,37.676968046059564
3015059,2.4943809451163874
3015060,16.73896151554189
3015061,26.179866854978194
3015062,0.528994485510019
3015063,260.8134222821493
3015064,12.48843468942604
3015065,36.4903026239991
3015066,9.396106092056932
3015067,134.40507351153744
3015068,7.987356872202744
3015069,426.7269397233657
3015070,258.0082659301329
3015071,5.5085622867546
3015072,12.199780942231296
3015073,599.2993293890321
3015074,124.09554329054664
3015075,5789.416694964019
3015076,0.26581507280057365
3015077,40.64684375775242
3015078,4.336758736459524
3015079,0.21887257391479703
3015080,8.783197065340982
3015081,3787.294141248616
3015082,0.04009393551817185
3015083,707.6390656029503
3015084,14.750012429728262
3015085,1153.6890318387073
3015086,1207.5421515696785
3015087,250.87629619544137
3015088,267.2794235448481
3015089,145.1473534119521
3015090,4256.29649726614
3015091,28.770928851960125
3015092,3.8889677786681247
3015093,26.064576487737995
3015094,55.20868689834158
3015095,0.08567426318177568
3015096,296.35376457004025
3015097,21.530561614883755
3015098,36.478466256903275
3015099,13.99549884032274
3015100,102.5889736043766
3015101,11.019254261224
3015102,337.02946119478304
3015103,255.45685680359648
3015104,11.013655754798751
3015105,14.456174045512274
3015106,491.02721894909394
3015107,142.61079322907383
3015108,5481.923805813518
3015109,0.7431318169520122
3015110,35.685605872692705
3015111,6.462156596634679
3015112,0.11169095112308366
3015113,3.6248473868456554
3015114,2528.023628833419
3015115,0.02979007541418291
3015116,409.3043548660875
3015117,8.589316888783951
3015118,1420.4966274759138
3015119,701.790308792306
3015120,426.06169118433263
3015121,147.19140948014817
3015122,87.83737347945419
3015123,4391.063110747332
3015124,7.722931355000626
3015125,0.7422225688367178
3015126,26.676412383110534
3015127,25.22056862023882
3015128,0.06275796101147028
3015129,281.6257000760129
3015130,4.188306672270418
3015131,4.718557113598745
3015132,7.98122783120229
3015133,45.153775077248724
3015134,1.5920700936332604
3015135,294.18210892448883
3015136,340.30565610414794
3015137,5.729160610542175
3015138,5.140219763822972
3015139,354.37291501279935
3015140,64.5952290568665
3015141,1048.7267530601234
3015142,17.947485749864672
3015143,10.350690645532675
3015144,3.922334029337234
3015145,0.06043960030221675
3015146,1.7569332485066416
3015147,1926.0184779654442
3015148,0.07597703123580384
3015149,270.534104830311
3015150,7.768328321604894
3015151,578.3564801162626
3015152,544.7111902914769
3015153,122.74492825681807
3015154,115.69189101537336
3015155,118.80528126855043
3015156,2231.5578527450098
3015157,18.88344044402701
3015158,1.2024799348540498
3015159,13.562169434332777
3015160,22.27417815709291
3015161,0.623469271966124
3015162,164.2905289459776
3015163,11.165594215267014
3015164,14.171510925909569
3015165,3.952687317085621
3015166,79.63161445232927
3015167,5.456117913619817
3015168,241.91109103648205
3015169,134.42932993250506
3015170,3.067650136078896
3015171,6.5850779541533555
3015172,257.0593137658665
3015173,59.59730687269567
3015174,1929.0508265353408
3015175,0.036896678018713165
3015176,22.49180414679347
3015177,1.3895064422796248
3015178,0.061532817459448566
3015179,1.3026916464133602
3015180,1149.3089684412212
3015181,0.018813797421452644
3015182,88.14476054542841
3015183,4.185931544296045
3015184,1242.0646137849933
3015185,217.30800404739074
3015186,206.007883024302
3015187,31.961144549731564
3015188,33.545310904342564
3015189,2157.821485578891
3015190,7.038435396026568
3015191,0.3220806416291751
3015192,10.029109457210854
3015193,6.9247797734945475
3015194,0.06724334436123226
3015195,133.08673818668655
3015196,2.207246968552929
3015197,0.04988279165746223
3015198,1.4830141542631077
3015199,11.065150510512725
3015200,0.581560601949104
3015201,254.5635845374963
3015202,164.05169383777098
3015203,0.8709985567273453
3015204,3.7212928219970083
3015205,121.6199628414127
3015206,28.19215134793486
3015207,227.54674206076783
3015208,3.568989024326923
3015209,1.4465197484138763
3015210,5.049945567083579
3015211,0.16129622154018597
3015212,3.2263042593650484
3015213,3349.755624841374
3015214,0.024744911411624684
3015215,544.885664212925
3015216,9.911099126821492
3015217,1501.3459010330985
3015218,537.8090449501235
3015219,398.6460021410216
3015220,122.16695670421856
3015221,56.605983964016545
3015222,5468.16075886902
3015223,35.81207459981273
3015224,0.5878259423394437
3015225,16.774848587997248
3015226,22.076469572415863
3015227,0.0935381867590052
3015228,389.66485505385
3015229,6.492135212134884
3015230,1.4640666249266818
3015231,6.148650822443366
3015232,28.578259167544957
3015233,1.2606845981024546
3015234,819.5652866781602
3015235,294.56986819549513
3015236,3.059787616490823
3015237,10.435347296366613
3015238,353.24235060749334
3015239,95.52680436212562
3015240,1061.7298040911521
3015241,20.01618089867553
3015242,7.329364521191169
3015243,4.645555088041942
3015244,0.040074006522958505
3015245,0.426949103074135
3015246,1294.9707023732176
3015247,0.021683600156205726
3015248,147.2916847546733
3015249,5.71307907211656
3015250,1160.3342830910256
3015251,329.79303291844724
3015252,163.94799392244897
3015253,74.93168044840998
3015254,31.881404228699267
3015255,2689.434248475722
3015256,9.455119862536542
3015257,0.2739449386277952
3015258,10.587410556638249
3015259,14.11468731876897
3015260,0.25836086268403824
3015261,154.05454862457805
3015262,4.887579788402378
3015263,0.055669521320592795
3015264,9.89365238659444
3015265,25.99049357708621
3015266,1.085519561195693
3015267,212.24734613828218
3015268,155.96722369329382
3015269,1.1681232170105487
3015270,5.095912562411351
3015271,139.56031233633763
3015272,28.090871567301647
3015273,302.4668568572326
3015274,39.052030408501
3015275,1.9075482789170923
3015276,3.4572516833285167
3015277,0.04599053208618365
3015278,1.6155696858005373
3015279,1274.9969658166083
3015280,0.025045024773675033
3015281,95.05970857326653
3015282,6.787701412033089
3015283,1108.3637975462489
3015284,198.68786119003687
3015285,115.71994676858921
3015286,32.38560375125616
3015287,30.56044572466524
3015288,2449.4194120279594
3015289,13.049531246780685
3015290,0.22956250587691437
3015291,13.728411561505641
3015292,9.651049337290873
3015293,0.09478144420228951
3015294,115.45523374390412
3015295,1.2704715117480663
3015296,0.06938953517375532
3015297,2.2282646612738555
3015298,20.782121390182642
3015299,0.7140940792504344
3015300,192.9414107868176
3015301,169.87453803560612
3015302,0.4940068072591665
3015303,4.456766403110894
3015304,87.402657365301
3015305,19.300478961464915
3015306,152.1139865538153
3015307,166.677386952449
3015308,0.9012204757302134
3015309,3.245072643327938
3015310,0.11265076628196037
3015311,3.078683395121943
3015312,1591.8086828306346
3015313,0.03792410709272588
3015314,135.04214338383147
3015315,4.315262038180455
3015316,2924.702472116438
3015317,335.43760230605443
3015318,178.8855960718701
3015319,23.533016129198206
3015320,41.63753664107654
3015321,2588.9498662537844
3015322,8.441429105103776
3015323,0.5886714797354657
3015324,10.770272177447104
3015325,15.403507779806592
3015326,0.19081935755149748
3015327,201.5662660719313
3015328,0.9672437632643599
3015329,0.07251623073578486
3015330,2.6693612910751376
3015331,13.846473567890138
3015332,1.1157253143446018
3015333,328.4689837074467
3015334,202.3193962809371
3015335,1.2284645896281579
3015336,2.5973263109930524
3015337,74.28078751531064
3015338,85.29329060507182
3015339,319.29960492626594
3015340,3.934566042751574
3015341,2.9425369655746625
3015342,3.103538257100235
3015343,0.2276701608479592
3015344,2.1900112827136535
3015345,1513.495733085192
3015346,0.018031184331096906
3015347,158.20828740059392
3015348,2.6476464306152314
3015349,934.6897814195277
3015350,275.753856136962
3015351,260.6815943364563
3015352,69.21669808954556
3015353,57.741539163191135
3015354,2403.6717265851053
3015355,5.1082247422469855
3015356,0.6607670630898986
3015357,7.471520832896373
3015358,13.994879072584952
3015359,0.10657405024389091
3015360,169.0994402082191
3015361,4.304886544566362
3015362,0.05774835990119224
3015363,1.417615080643083
3015364,16.77293041064459
3015365,0.6575082447639438
3015366,168.59685250006055
3015367,172.47027450454738
3015368,0.8314293534510683
3015369,4.0918789295251
3015370,115.13664223029096
3015371,46.796768667933335
3015372,484.2849546130632
3015373,18.0046058001834
3015374,3.2051113357093555
3015375,3.273920781386799
3015376,0.09333731376682425
3015377,1.1100582400753913
3015378,994.989681962152
3015379,0.021708872920569118
3015380,119.09320905913472
3015381,3.16650917083549
3015382,1313.8323802220514
3015383,173.63613167051406
3015384,128.40712988864775
3015385,119.79821062301698
3015386,23.526201033877577
3015387,1650.3019720064613
3015388,4.513145488727464
3015389,0.25312344674701326
3015390,11.920101121480961
3015391,8.65938521187148
3015392,0.2652389523983239
3015393,126.45827069433628
3015394,0.1250390212740095
3015395,0.05322920448329572
3015396,1.9694804262489285
3015397,18.786679399077748
3015398,1.0137292422560384
3015399,62.62896941884789
3015400,119.36139264984931
3015401,0.8269673368369274
3015402,2.827113186537421
3015403,65.82285885451265
3015404,30.703392700601718
3015405,355.44737135469296
3015406,0.01613348370285774
3015407,1.034364470766822
3015408,5.127958293461878
3015409,0.5595315233484199
3015410,2.812242713371149
3015411,2288.2815981873796
3015412,0.02258204368381496
3015413,235.51869038576575
3015414,7.358479573361311
3015415,874.1682698993961
3015416,481.0319796199209
3015417,363.31239645489666
3015418,158.99717546780118
3015419,74.07776642403729
3015420,3370.761086182113
3015421,13.684600920854662
3015422,1.1780217700136784
3015423,13.562153117620994
3015424,18.21823531707526
3015425,0.31144663469604983
3015426,195.70517721106972
3015427,1.071759611612386
3015428,0.1634402765785839
3015429,11.983486787276783
3015430,23.958104344150435
3015431,1.3042950508876316
3015432,261.52064822421653
3015433,202.72473590662065
3015434,1.7563525852218205
3015435,6.453243062171904
3015436,279.74132155092764
3015437,51.043471154686
3015438,996.0627262757032
3015439,36.05108994197793
3015440,8.554833155303415
3015441,3.143313459748056
3015442,0.06237460456371094
3015443,3.7363244535261835
3015444,1821.7597388264917
3015445,0.025035756845233823
3015446,471.26723275413156
3015447,7.0880443144529615
3015448,532.3557746052004
3015449,447.0341684081096
3015450,153.64782013699087
3015451,112.26791150740723
3015452,42.595172364517
3015453,2363.1786246165584
3015454,12.136559808286737
3015455,0.9137041008000163
3015456,18.529737698837675
3015457,12.661827268573937
3015458,0.18933114096879564
3015459,142.704224787907
3015460,7.00612131331752
3015461,5.201186100727945
3015462,4.115779505428225
3015463,44.16696150598115
3015464,1.431701327860822
3015465,185.96859157010152
3015466,124.14400526729648
3015467,3.1153530799282736
3015468,4.818494683406154
3015469,141.82061163211557
3015470,51.76626981764278
3015471,1208.3687029714338
3015472,26.40943620359394
3015473,8.409630489442092
3015474,5.061790486936735
3015475,0.39539941531461953
3015476,3.4249602344646974
3015477,1904.035652503033
3015478,0.021984978283393214
3015479,132.2227655047907
3015480,5.121438068614542
3015481,761.1077929048067
3015482,247.52694182442582
3015483,182.72828224968737
3015484,46.28772864414972
3015485,41.316903235801846
3015486,2696.994319153604
3015487,37.425118753940225
3015488,0.620645827470307
3015489,11.394803478652634
3015490,10.47299607725471
3015491,0.11407636218098083
3015492,139.50855716542517
3015493,4.109158990188097
3015494,0.19171923311797914
3015495,2.8923907550032846
3015496,38.166659936181524
3015497,1.3075528410916157
3015498,153.97480808302575
3015499,145.7842408905218
3015500,1.2583845515712735
3015501,3.486586596170839
3015502,168.87606425546846
3015503,23.494999919630096
3015504,384.05408862710055
3015505,1.621614236079382
3015506,2.704584709483701
3015507,5.436430869168754
3015508,0.09015131354745243
3015509,5.174836209692414
3015510,2401.1270324266
3015511,0.054716679406097965
3015512,535.933230875853
3015513,10.51100579693621
3015514,738.623025309255
3015515,607.517597990945
3015516,176.44488537217626
3015517,126.84889583693632
3015518,84.00614544005461
3015519,3134.848158130075
3015520,43.500338903943636
3015521,1.2785801688570633
3015522,17.22388328158544
3015523,27.63404009694497
3015524,0.30761048841740124
3015525,223.9698335539074
3015526,23.103228186541152
3015527,15.89856926021673
3015528,6.17871222252098
3015529,65.44377739688761
3015530,5.82991292150001
3015531,298.10426525458644
3015532,207.92303322939512
3015533,7.18039023210651
3015534,7.367808620024513
3015535,361.7912805056609
3015536,87.91850130606278
3015537,1814.934731882105
3015538,0.09315544020536373
3015539,25.325122650310902
3015540,5.715000152421267
3015541,0.09825202531280329
3015542,4.358853150231093
3015543,2926.8505221919413
3015544,0.024511300685004712
3015545,381.80355411786775
3015546,6.727881170598094
3015547,1693.0311626610282
3015548,511.2119652863893
3015549,474.45076040795163
3015550,63.44592318421111
3015551,69.4172871916336
3015552,4516.524956730158
3015553,12.909366306188453
3015554,2.291535979717541
3015555,18.51083340282203
3015556,11.895658128089622
3015557,0.09342363784648045
3015558,245.3108914491405
3015559,1.542332648572552
3015560,4.7128060820785045
3015561,5.004265638241279
3015562,34.23964306076471
3015563,0.741213758256312
3015564,646.8057337961858
3015565,268.95847463183765
3015566,2.634519716797853
3015567,3.746591621049845
3015568,233.98966431479215
3015569,54.397501236633545
3015570,720.5894039454894
3015571,13.141789326910969
3015572,7.698012924594819
3015573,7.630828448646408
3015574,0.2686894399760283
3015575,1.3112463259450275
3015576,2294.461195262578
3015577,0.020155185229536333
3015578,324.42489105863245
3015579,5.1247401230632015
3015580,2632.5423507806368
3015581,386.80294791146235
3015582,200.47759956586094
3015583,138.86319291732852
3015584,55.49604828577337
3015585,3171.0350934078947
3015586,13.084068506278483
3015587,0.2263265066068002
3015588,19.99929932439838
3015589,22.29289862358325
3015590,0.1416706049982951
3015591,268.2325369772958
3015592,2.477201164217576
3015593,3.078633614969486
3015594,7.216626628298985
3015595,83.74982332108536
3015596,1.3474863926362048
3015597,121.6896627587331
3015598,184.69109012924523
3015599,1.0077117122362724
3015600,2.92127306020543
3015601,136.26728776824092
3015602,118.99287043280674
3015603,698.2517633327873
3015604,0.6640811445113199
3015605,4.23168846153614
3015606,3.9658545244133783
3015607,0.1792304871901144
3015608,0.7204931656159472
3015609,1661.5000369978368
3015610,0.0240501876837298
3015611,118.87293207515184
3015612,8.175778216513592
3015613,963.2756655199709
3015614,274.5584069548853
3015615,126.48635840828331
3015616,48.66372383625769
3015617,42.915133606856934
3015618,2337.543249372435
3015619,8.873120178759091
3015620,0.3856934791160972
3015621,11.624716877102797
3015622,13.541783529096563
3015623,0.06158391685118484
3015624,142.5671243768426
3015625,0.6061446138384227
3015626,0.1464943249507739
3015627,1.8805025735125704
3015628,42.48502242711835
3015629,1.486753540911637
3015630,116.99632116320277
3015631,145.15896171513853
3015632,1.2402748670261308
3015633,5.028360374626957
3015634,109.79743157299282
3015635,26.939148576834803
3015636,372.74384528484086
3015637,10.354399281029917
3015638,1.0668936986908681
3015639,2.666091964222456
3015640,0.08321603241799078
3015641,0.6374390750571057
3015642,1409.913633617979
3015643,0.07321543762302814
3015644,240.30082072222413
3015645,12.813133909471947
3015646,537.3642404075307
3015647,487.5908315899263
3015648,118.16618736558925
3015649,50.23787389234455
3015650,59.95835524821291
3015651,2037.9927347060702
3015652,27.094074362360686
3015653,0.43108926857929963
3015654,13.19618099739565
3015655,13.72764129060703
3015656,0.2291007743357034
3015657,124.47380277929008
3015658,8.032354812008741
3015659,5.274930540319595
3015660,6.489752175918827
3015661,47.92481987742448
3015662,4.41752265882178
3015663,694.7091211250054
3015664,145.89969316381553
3015665,4.185270822147226
3015666,5.401921683404542
3015667,300.9704712919567
3015668,31.09885520832923
3015669,1005.1611018279505
3015670,0.06709786578399382
3015671,8.484208714582588
3015672,2.6184078311780463
3015673,0.12611143185348947
3015674,1.9975333262260089
3015675,2711.796714263042
3015676,0.04159687148065102
3015677,551.6541712523225
3015678,17.736724936546004
3015679,973.5524923158031
3015680,953.127200639917
3015681,211.02736890892888
3015682,160.60980851832875
3015683,149.46553872153214
3015684,3040.4106128249127
3015685,33.106022842529384
3015686,0.6592433398151535
3015687,16.822424394140082
3015688,28.831383514568202
3015689,0.08546053842672757
3015690,211.9489075252805
3015691,8.570204141781993
3015692,26.908426075334763
3015693,6.0136800464661935
3015694,79.13251280924923
3015695,8.263472036913715
3015696,297.70490028703745
3015697,215.36113383202292
3015698,11.619245920911826
3015699,7.185858401572747
3015700,453.1060438188837
3015701,88.02171518032969
3015702,2473.9881925763943
3015703,0.10266093359137869
3015704,13.728669861926702
3015705,2.88620672769596
3015706,0.0976117729287812
3015707,2.4706384909593546
3015708,1508.5982322643076
3015709,0.014710129099851019
3015710,254.60156607527688
3015711,4.42633417500718
3015712,360.680460001309
3015713,400.16127077825627
3015714,115.99684879940759
3015715,83.8714394405225
3015716,59.14850225170163
3015717,1425.226480137189
3015718,14.074323009198913
3015719,0.4886710072288583
3015720,7.538925268346941
3015721,11.783616152638803
3015722,0.06402359369977077
3015723,79.49408149184222
3015724,0.05918244405630476
3015725,15.49386832243125
3015726,1.9952604589908356
3015727,120.78690951650225
3015728,2.8962409244182035
3015729,151.78352040417025
3015730,97.40062469554984
3015731,2.553135930062914
3015732,4.585741414285249
3015733,131.08537818604378
3015734,27.688457252067938
3015735,998.1480486618273
3015736,0.5929700747054009
3015737,2.0179442299831147
3015738,3.3457831677591754
3015739,0.061775118465204414
3015740,1.7134617638594072
3015741,636.3679034677223
3015742,0.047789793377233186
3015743,169.38659231222687
3015744,6.371358734965597
3015745,281.0488796713032
3015746,157.64067915152637
3015747,52.12360352646134
3015748,29.051914839513348
3015749,37.07610826801876
3015750,1180.5079349516334
3015751,17.10646123637611
3015752,0.5023745134454992
3015753,10.878027999787033
3015754,8.882552584610306
3015755,0.28776989246148366
3015756,68.86895117981967
3015757,0.44456289611791483
3015758,6.071531703506568
3015759,1.3426207111698856
3015760,23.974717798494552
3015761,0.6602088176958143
3015762,215.08976081688087
3015763,120.00574285904555
3015764,2.2178560976788733
3015765,1.7038177162376043
3015766,99.65045152354568
3015767,14.334820198709668
3015768,322.6555995997196
3015769,0.5617647222014789
3015770,2.871677700633676
3015771,4.9746081112688465
3015772,0.06690366377551514
3015773,3.0639619665321716
3015774,2228.890899909397
3015775,0.08107022645250408
3015776,499.0475625755686
3015777,13.041039265968202
3015778,570.754976659011
3015779,694.4698705079
3015780,189.67955053117703
3015781,172.16599081102106
3015782,89.1520406786052
3015783,2757.4453752563495
3015784,16.770249561995502
3015785,1.0799574062126658
3015786,15.489837871853236
3015787,21.014449173761744
3015788,0.38682068674895964
3015789,179.8251453483784
3015790,3.074668295071093
3015791,23.247156798983593
3015792,4.094716016849423
3015793,103.88920207875333
3015794,1.9867779782156614
3015795,191.19859201531824
3015796,145.02677690439313
3015797,7.551694642153999
3015798,5.876694925627399
3015799,265.7917504784716
3015800,60.346980023886985
3015801,1805.6978193199839
3015802,0.9374820935001509
3015803,8.925007934714735
3015804,5.78304502117726
3015805,0.06408651703815467
3015806,1.859871120733407
3015807,2478.567790190439
3015808,0.03561760262790257
3015809,460.05149863982
3015810,10.132165378757866
3015811,925.4860221323817
3015812,575.9440875128739
3015813,274.79999920361234
3015814,186.11120349183415
3015815,55.902911187964946
3015816,3594.9853087932597
3015817,11.615542642854551
3015818,0.8489294449753935
3015819,21.932142617063974
3015820,14.980118473567675
3015821,0.3311955035345144
3015822,194.570351026014
3015823,0.0456155598852018
3015824,5.000310516682482
3015825,3.397480879367988
3015826,35.0900812165927
3015827,1.118152186846278
3015828,278.1706986951378
3015829,196.95351347627815
3015830,3.1154668183498497
3015831,3.1702334213281724
3015832,173.78558921057984
3015833,71.73024282630085
3015834,1217.3965183830442
3015835,1.7328177680953787
3015836,2.560979231331648
3015837,4.632664573235672
3015838,0.33123691317146153
3015839,1.4036840690370842
3015840,2449.3070170901997
3015841,0.034232321905150354
3015842,558.2704406984483
3015843,8.469619382536958
3015844,911.7741007377359
3015845,469.4225809437171
3015846,233.67858495461036
3015847,165.5945023980465
3015848,54.13317003545076
3015849,3145.2794941604993
3015850,12.567437811997605
3015851,0.548438690178671
3015852,18.47104272069032
3015853,14.145452536800782
3015854,0.08461541234661779
3015855,213.24264110409808
3015856,0.0678005929793397
3015857,4.413762590754406
3015858,3.2513081152065846
3015859,70.43239959407903
3015860,0.9917902386332405
3015861,165.60969623671775
3015862,200.9935266623371
3015863,3.9576713270332826
3015864,2.931010126079551
3015865,172.28773223323157
3015866,43.85895436837582
3015867,825.7425468468068
3015868,1.13112382290374
3015869,5.196428746386438
3015870,8.641120417454491
3015871,0.44740217471506827
3015872,8.755180127012638
3015873,5563.155944860924
3015874,0.047483314329150476
3015875,931.3219122412252
3015876,55.49202090826865
3015877,1549.7915371532436
3015878,1494.3506346285099
3015879,276.4158625505611
3015880,345.0601628557973
3015881,266.6399443078788
3015882,5821.490910477946
3015883,56.43039370645439
3015884,1.5135898541984472
3015885,20.996127570909515
3015886,40.24546152305255
3015887,0.17342361808510248
3015888,386.3021616539728
3015889,21.591520568809994
3015890,35.28882522134891
3015891,19.21485811983346
3015892,165.5093345696915
3015893,15.450717069237443
3015894,565.9250056405393
3015895,405.6161420030983
3015896,13.721052338255308
3015897,16.792737193981644
3015898,852.9270158397344
3015899,179.7193088068233
3015900,5174.9313274655005
3015901,0.8214434725604511
3015902,60.46221952927368
3015903,3.8878269325287
3015904,0.32014564136867507
3015905,0.44271314878109486
3015906,1694.3284148780901
3015907,0.02483137805691915
3015908,164.97744838876062
3015909,4.2998734869393935
3015910,979.1081407153467
3015911,224.79572544952646
3015912,102.41074404779408
3015913,113.60166292739494
3015914,40.17901979597412
3015915,3736.0457922638852
3015916,4.0037194791100745
3015917,0.23034322773419044
3015918,13.665882222288007
3015919,10.210467902047583
3015920,0.2751093940316821
3015921,215.83112747141234
3015922,0.47010104819643933
3015923,0.21704362925420417
3015924,3.5168219782325956
3015925,16.012383404805448
3015926,0.7806246509948991
3015927,150.0296431515223
3015928,92.4751180326244
3015929,1.8186077300662906
3015930,3.4669839639579587
3015931,94.23918083257504
3015932,16.710202785588347
3015933,440.45956096089117
3015934,0.23969775147151762
3015935,2.8729261770176118
3015936,5.294759043838568
3015937,0.16666755593079421
3015938,1.8422500222183351
3015939,2190.7064120257246
3015940,0.01905868174472677
3015941,479.22166408717874
3015942,7.898063044353289
3015943,1482.2661270489607
3015944,457.2488496441498
3015945,164.24176046575965
3015946,231.41204672536696
3015947,65.03060719144949
3015948,3642.5230906524266
3015949,10.792131474429011
3015950,0.26362255683337354
3015951,17.141289185260426
3015952,16.931609750709413
3015953,0.05112393073203336
3015954,219.98135326184104
3015955,0.804583726706281
3015956,3.2356717979514973
3015957,7.1440091489517785
3015958,14.093672190470723
3015959,1.033039218112777
3015960,616.2048140131612
3015961,227.49989939220927
3015962,2.3084617471650626
3015963,5.478680230575092
3015964,125.75747596805678
3015965,48.214693895042075
3015966,895.8433955785879
3015967,0.8343019889044863
3015968,3.0813896653918063
3015969,1.9452604387699104
3015970,0.022073594156464097
3015971,0.5820261973066128
3015972,1006.6924185218263
3015973,0.015061031666115766
3015974,140.88901007269527
3015975,3.0812555626642615
3015976,937.5529351632633
3015977,136.79742643416907
3015978,79.37320745722269
3015979,162.15175521231276
3015980,16.296695385972903
3015981,1690.8580844316095
3015982,1.7120803132875462
3015983,0.26240353345674605
3015984,9.370241323352717
3015985,4.136496032005467
3015986,0.06338304291700195
3015987,71.88164599681329
3015988,0.026433305209412974
3015989,0.05842996088855835
3015990,0.8266931583848239
3015991,12.140403614764367
3015992,0.4960365216775
3015993,107.79353654358164
3015994,76.88046280110615
3015995,0.4549632599488618
3015996,1.258594824212242
3015997,47.65862302032504
3015998,11.984923567507586
3015999,147.05207730787143
3016000,0.01703371911923202
3016001,1.1137919425253178
3016002,5.799902679406579
3016003,0.05998705859609499
3016004,1.3658682542412737
3016005,1471.3070179057881
3016006,0.027600130191821674
3016007,177.36448324194404
3016008,6.038260762595473
3016009,896.6651525052775
3016010,272.0272473160305
3016011,155.52413140454038
3016012,96.41972854490405
3016013,50.77167721711161
3016014,2466.6896431562727
3016015,3.2118448494186866
3016016,0.942744049990037
3016017,16.020847809842518
3016018,11.551053066652605
3016019,0.18705230418308785
3016020,160.98354265804804
3016021,0.19320891386353375
3016022,0.23798093445254748
3016023,8.72549380387054
3016024,21.04906764804818
3016025,1.0560629007445466
3016026,316.00377146396613
3016027,156.9149976796895
3016028,1.708051572991864
3016029,4.041094241453072
3016030,170.86626081303982
3016031,13.17529281337693
3016032,990.4575371211274
3016033,0.15859021119699868
3016034,0.9219397634331856
3016035,2.37147658336431
3016036,0.17118698984968073
3016037,0.9303900426382886
3016038,1990.4402112030716
3016039,0.024310862783514825
3016040,496.29052926711347
3016041,5.320616804934268
3016042,687.4144975480873
3016043,457.7332891996412
3016044,189.48244246588143
3016045,51.9421231556084
3016046,53.11505756903468
3016047,3121.1223760873563
3016048,3.892850354373704
3016049,2.7851133406037616
3016050,18.439480661629965
3016051,26.21155881679909
3016052,0.14487068659107588
3016053,160.73643583743518
3016054,1.4192969186810114
3016055,5.4562771613088294
3016056,1.9605147777505019
3016057,33.25633326137858
3016058,1.4558891513492822
3016059,232.48105294141646
3016060,214.75278837471618
3016061,2.1858871474115116
3016062,4.4954667431432735
3016063,124.61219112437834
3016064,22.632003494710972
3016065,499.72881355123116
3016066,1.5748755521658435
3016067,1.3470005339152191
3016068,2.622939078570951
3016069,0.034069157194686985
3016070,0.20592639071730623
3016071,1072.5370835947017
3016072,0.025217817738702592
3016073,71.85880429680735
3016074,4.014539552650504
3016075,349.6019873553573
3016076,151.8664080387809
3016077,65.09435273713359
3016078,94.22749532009442
3016079,26.14209191621525
3016080,1818.1448416365752
3016081,5.700375389510073
3016082,0.353694658303609
3016083,6.589769270661776
3016084,7.759404565072371
3016085,0.14151824146254144
3016086,90.0353910030823
3016087,0.04372962800309962
3016088,0.16485712922765203
3016089,0.6211402946345319
3016090,19.84199373888628
3016091,0.49862366810532616
3016092,281.96914835375424
3016093,82.38309907348454
3016094,0.7171012799850321
3016095,1.4099538972552366
3016096,54.68522920467174
3016097,15.657508347311708
3016098,293.65493583929975
3016099,0.14318898228741597
3016100,0.4788013916110474
3016101,3.009161767244632
3016102,0.039017850368614576
3016103,0.6238182281085014
3016104,2815.9590650621462
3016105,0.0545583804251545
3016106,393.5304396511889
3016107,7.925638046514261
3016108,689.6756887868492
3016109,426.3661480575272
3016110,165.81479588501625
3016111,154.94213102117092
3016112,56.32617130967638
3016113,3148.457065923664
3016114,7.800194546330914
3016115,0.293835487696359
3016116,14.88221056007383
3016117,11.751850335121118
3016118,0.25336384650944566
3016119,188.81190772205258
3016120,0.38796467927649403
3016121,20.814891832333185
3016122,1.5492620426931638
3016123,26.588609251135683
3016124,0.8446493282394206
3016125,376.3965861089265
3016126,166.8329590428422
3016127,0.9502410094556198
3016128,3.5387554346250054
3016129,128.40237195048238
3016130,37.995791110143074
3016131,945.5175813851241
3016132,0.6864605906177772
3016133,0.8159969133809102
3016134,3.267270426606914
3016135,0.04181095131060015
3016136,5.3693795049193955
3016137,2408.437972877214
3016138,0.029713427792137856
3016139,461.0717934307687
3016140,6.662022110323127
3016141,792.036580250736
3016142,652.6755003641757
3016143,162.87596350498882
3016144,111.88171736320857
3016145,98.67124897818618
3016146,3318.8793829013875
3016147,57.44648556712855
3016148,1.179332740450247
3016149,19.561562985655463
3016150,27.383834813638956
3016151,0.42740930785126746
3016152,212.5078925780334
3016153,16.301462941474878
3016154,20.90796985370425
3016155,2.158515645188001
3016156,109.83934476161778
3016157,6.037760218385342
3016158,200.25573308887948
3016159,240.44758787176568
3016160,10.104444115426368
3016161,11.86533759706924
3016162,222.37014874271745
3016163,68.09974604656162
3016164,2049.0336097405598
3016165,0.028017651913345647
3016166,8.86848504952404
3016167,4.687117544473326
3016168,0.07670566792030734
3016169,4.029832024368828
3016170,1850.5194312113802
3016171,0.029133971258681085
3016172,340.42639553369975
3016173,10.96704312309746
3016174,770.2107125700693
3016175,525.240589034166
3016176,101.74879709093284
3016177,58.32320024552524
3016178,80.25798498470199
3016179,3067.366526711158
3016180,26.489261099735145
3016181,0.8718018442969193
3016182,25.853686611279507
3016183,38.23703649659008
3016184,0.08255138799711796
3016185,236.8362270598975
3016186,11.460836994339989
3016187,13.827435787995661
3016188,4.617377277200146
3016189,69.70553834193093
3016190,7.310613177436364
3016191,138.48345304916592
3016192,296.0547308784537
3016193,4.453327586356111
3016194,8.275369443834059
3016195,104.69930661738184
3016196,71.04734345996818
3016197,1568.7839111883318
3016198,0.20643937301642706
3016199,15.685560951570064
3016200,7.455512961721714
3016201,0.1272081094226476
3016202,2.599209106940418
3016203,2902.7306111283133
3016204,0.028018927302681254
3016205,530.9277278896068
3016206,6.690928949228166
3016207,3350.0681026111347
3016208,498.5428231752762
3016209,150.2376019511143
3016210,275.5440919681156
3016211,54.44841179982112
3016212,4846.138249292124
3016213,23.803230770195945
3016214,1.4867234116061494
3016215,17.468942102442284
3016216,16.890255717174107
3016217,0.07920733728373533
3016218,233.16704406974702
3016219,2.09687168307771
3016220,10.520880757905289
3016221,6.628664360734912
3016222,35.658174478105785
3016223,1.3017107702340118
3016224,229.727195570476
3016225,312.1684150320333
3016226,5.974897927820988
3016227,7.586242414678554
3016228,210.07591277243358
3016229,49.871513551770406
3016230,1189.0253150600165
3016231,5.486323650037018
3016232,9.355683617715043
3016233,3.772716874128751
3016234,0.4542350686065938
3016235,1.8379030119696638
3016236,1891.7261107420989
3016237,0.04561021993749483
3016238,297.82056952510345
3016239,6.6697129083799105
3016240,574.3513559611968
3016241,539.602316854201
3016242,170.54138191001675
3016243,110.07890751853347
3016244,66.46631655502469
3016245,2613.2932996929458
3016246,22.207375943901084
3016247,1.088439664438547
3016248,13.293344196016776
3016249,11.529681312949133
3016250,0.23051203214753396
3016251,189.00543447111028
3016252,14.04669278834042
3016253,14.247373327481203
3016254,2.107897225355
3016255,49.74945692239433
3016256,4.453668534666839
3016257,305.19818647264583
3016258,196.8080071734083
3016259,4.174451775786118
3016260,6.295734160609439
3016261,250.35095501794538
3016262,32.16562446249306
3016263,1573.6101128037326
3016264,0.1458042847752852
3016265,18.73001721366579
3016266,3.672043548769177
3016267,0.1497984409464378
3016268,1.848332839327883
3016269,3081.269898879809
3016270,0.03912438958336803
3016271,325.5701045637059
3016272,4.4866649567407695
3016273,1812.5933021784504
3016274,478.2275072889142
3016275,199.18774930106358
3016276,114.76526272784696
3016277,58.886714829227515
3016278,4516.1609901256525
3016279,8.474020641177429
3016280,1.9443746802249633
3016281,20.034906728150013
3016282,16.121143800386793
3016283,0.3300282480963276
3016284,323.2731792032173
3016285,0.40683942992500083
3016286,0.4190124705304382
3016287,6.200982489492585
3016288,35.585955459419665
3016289,1.810499770524272
3016290,169.21417472801224
3016291,259.5697481561099
3016292,3.583821662768446
3016293,7.335286301168599
3016294,147.4008921501312
3016295,48.172538119206436
3016296,758.9317782095167
3016297,0.07533849467858467
3016298,3.881601654782699
3016299,5.068251713993066
3016300,0.02868223387913517
3016301,3.830821870236038
3016302,1787.048478619438
3016303,0.021811450804948403
3016304,356.57897587849743
3016305,7.737570921932205
3016306,1108.6291503036136
3016307,502.8401490846844
3016308,171.10308625695248
3016309,85.66708343390673
3016310,129.00681025243404
3016311,3167.6262141015814
3016312,29.627512569898496
3016313,0.8181704562270955
3016314,14.44723387942753
3016315,23.513610760847378
3016316,0.07840326793543259
3016317,177.89189924135653
3016318,12.411898795192116
3016319,15.5167653877896
3016320,5.120614647528301
3016321,71.65279882678428
3016322,7.673705301374969
3016323,172.1901292950816
3016324,280.99581933063314
3016325,9.827327651378912
3016326,7.335935507133504
3016327,147.46273010639453
3016328,51.429625007643125
3016329,1485.0171465478907
3016330,0.22900653113870356
3016331,4.523496789638655
3016332,2.691310888105891
3016333,0.041452301827649585
3016334,3.5492305404508997
3016335,2065.7371337612135
3016336,0.028436275319962196
3016337,397.2856836864065
3016338,10.753078445316095
3016339,575.8038340972787
3016340,647.4749042850965
3016341,149.7431633354493
3016342,115.80656323739476
3016343,100.53150370822334
3016344,2696.7475694884915
3016345,22.241376419379584
3016346,0.648497109151327
3016347,14.048722413272312
3016348,14.389816076244486
3016349,0.06610541439127667
3016350,168.83815888748734
3016351,11.21964519880505
3016352,26.50145837543568
3016353,4.819762615093613
3016354,56.94257775235597
3016355,5.840111664524879
3016356,222.2051879036359
3016357,171.79461297016144
3016358,7.995840066694398
3016359,5.533243769717418
3016360,204.31472762840932
3016361,55.8236553872737
3016362,1862.1557170073693
3016363,0.18400179953516804
3016364,11.477917205720189
3016365,5.225660693518161
3016366,0.14196592171990524
3016367,3.2088895252086536
3016368,3882.489866059852
3016369,0.02470826897895597
3016370,453.7152129661729
3016371,12.13504564770157
3016372,1085.2194601003757
3016373,490.2735614461302
3016374,221.14557768322112
3016375,143.5512441334842
3016376,53.89709017361546
3016377,3911.436464658682
3016378,8.250395699633785
3016379,1.0486174078204658
3016380,16.638385254340577
3016381,13.765742881312445
3016382,0.11613353052143266
3016383,214.82115139280873
3016384,0.3944523861798107
3016385,7.773365714767013
3016386,2.2346959542215794
3016387,53.41010139318466
3016388,2.323572019675238
3016389,268.83619327929387
3016390,252.2739680346056
3016391,3.812373586000185
3016392,2.8395953468763606
3016393,189.6816890447156
3016394,130.59507226968304
3016395,1027.7827293259036
3016396,1.4143789273297234
3016397,1.7138620513470804
3016398,11.268407319866936
3016399,0.03638784854443284
3016400,12.877310607626129
3016401,6962.408214972702
3016402,0.021561122406137667
3016403,1160.814560123282
3016404,24.642612197552168
3016405,1915.5903353797344
3016406,1783.5054997672823
3016407,403.9872346594186
3016408,411.5786047230289
3016409,393.6378905402651
3016410,7092.554401488109
3016411,89.1894616815855
3016412,3.444712914512099
3016413,74.8746056426892
3016414,112.79719223100037
3016415,0.41785990680430085
3016416,518.0392568517185
3016417,30.006926761137834
3016418,20.383186988975204
3016419,18.26490940727962
3016420,326.4867325931946
3016421,17.185038548597685
3016422,662.8365257969621
3016423,429.2741988573941
3016424,30.611932083705405
3016425,28.154685925382847
3016426,878.2078596509176
3016427,265.269523174555
3016428,6392.527286133636
3016429,90.42877753427285
3016430,68.92164730333353
3016431,10.30319877314905
3016432,0.032034786278755764
3016433,10.980865125230867
3016434,6650.51431682439
3016435,0.03080652980272726
3016436,874.7049837257608
3016437,21.91240696224836
3016438,1993.3217458990134
3016439,1579.3705970517672
3016440,503.9292365319814
3016441,267.66673783826695
3016442,237.4947531599153
3016443,7625.03298337189
3016444,113.11147277153437
3016445,1.1736348222327442
3016446,39.84693626692916
3016447,54.191479072081236
3016448,0.5258641139181258
3016449,513.19202550607
3016450,30.57725723665221
3016451,28.648734792661042
3016452,10.13763900069674
3016453,184.2930861695175
3016454,10.791167877973935
3016455,860.5447059360448
3016456,523.5573706146516
3016457,18.224063562644325
3016458,21.586724239356002
3016459,796.1499622402481
3016460,196.81398350846882
3016461,4259.4511466977065
3016462,173.3824250570493
3016463,51.90586703975126
3016464,9.234937746109795
3016465,0.034859281915191956
3016466,13.80758487836881
3016467,4239.321245792408
3016468,0.07900043146290883
3016469,729.6045059590845
3016470,14.389321103011557
3016471,1845.3918248334046
3016472,1135.7899539921823
3016473,589.1266002242227
3016474,107.40248937456973
3016475,232.3902692692854
3016476,7023.903644652171
3016477,46.987302371163864
3016478,1.2719583500108111
3016479,19.97640605596912
3016480,26.032234094867757
3016481,0.35081281084407256
3016482,490.4012558186733
3016483,29.332920479768635
3016484,16.958591609576562
3016485,8.812195388157427
3016486,112.03599326172426
3016487,6.704339575201393
3016488,766.6536260153074
3016489,518.466408767373
3016490,18.615613179742784
3016491,29.083432796583278
3016492,584.173282548633
3016493,119.47422006569529
3016494,2011.116309251271
3016495,156.00552099853974
3016496,35.478191873771
3016497,12.58093934391593
3016498,0.02198665409530367
3016499,14.433385060662413
3016500,5712.44754620083
3016501,0.026747057026074397
3016502,826.4706865505314
3016503,17.97946992703583
3016504,1834.2086187666735
3016505,1531.7262898562958
3016506,460.9572371358373
3016507,242.671479979989
3016508,177.92197161334957
3016509,7525.972990073092
3016510,46.197624387820376
3016511,1.1643604403255212
3016512,39.212516870605434
3016513,66.88516826382414
3016514,0.9582706050649993
3016515,512.3176005716376
3016516,28.086601300660277
3016517,20.610560734785
3016518,15.536392251558329
3016519,177.12799242468392
3016520,7.8732114229867705
3016521,675.1883930884635
3016522,537.930556959827
3016523,16.339428624319783
3016524,24.91153106914362
3016525,869.4294723490534
3016526,162.25595200153714
3016527,4071.4769725759197
3016528,168.8999618134381
3016529,50.92079991987411
3016530,9.548204480792586
3016531,0.034664028507609315
3016532,16.0421801751098
3016533,3868.7196179288885
3016534,0.014625025771380534
3016535,616.2661275606566
3016536,12.228646146579521
3016537,1706.6958702803142
3016538,919.4041822565064
3016539,469.5619951616671
3016540,91.25579415091448
3016541,169.91002223762297
3016542,6396.243664914649
3016543,41.020463423721935
3016544,0.46090941985964673
3016545,23.824249097877235
3016546,41.03148425994273
3016547,0.27044876346964797
3016548,481.49233410016734
3016549,29.423413511097046
3016550,10.13894572347391
3016551,6.357804696087896
3016552,113.10882927417798
3016553,3.9793500002777495
3016554,616.7022016612767
3016555,521.6011057008463
3016556,12.464303393223688
3016557,18.051660720580358
3016558,584.32316160146
3016559,82.22685957300013
3016560,1503.9901056501103
3016561,38.21580325876155
3016562,17.94978883651261
3016563,11.498940997696401
3016564,0.032076442381740906
3016565,9.315028032816645
3016566,4641.522310388597
3016567,0.039643612633450634
3016568,784.9491569966713
3016569,18.75252320937534
3016570,1484.5413321420165
3016571,1520.4695883069567
3016572,329.5334310721408
3016573,321.59958793161536
3016574,278.63428801728145
3016575,5693.933857097704
3016576,66.02649015299707
3016577,1.5815845935708193
3016578,48.80502346266988
3016579,50.935780943813654
3016580,0.4054879336637418
3016581,397.4602135402915
3016582,19.926075282464016
3016583,20.038365116545304
3016584,14.167738266309486
3016585,206.7325418544807
3016586,8.741832037190223
3016587,554.3795933048467
3016588,415.9232116758562
3016589,14.134897396817369
3016590,21.88399310667627
3016591,676.3875165604035
3016592,159.58092902440353
3016593,4916.038763763554
3016594,121.87027950887298
3016595,62.06730925275865
3016596,3.700110662269026
3016597,0.13800835795105568
3016598,2.6619937728091423
3016599,1450.1360775632038
3016600,0.029675559996044952
3016601,273.2333709455096
3016602,17.177568562748416
3016603,659.0095970469143
3016604,395.67332588132894
3016605,172.574008512555
3016606,55.95074426896359
3016607,66.33059658819049
3016608,2257.042466092834
3016609,36.77841260640947
3016610,0.6160914525979996
3016611,24.12492538770879
3016612,18.50377038690494
3016613,0.13964486461746323
3016614,165.20600897855158
3016615,10.278697100518277
3016616,9.604609422487187
3016617,7.8552163091620475
3016618,56.72007746395993
3016619,2.9000065180814403
3016620,220.87148021218292
3016621,192.3682859302508
3016622,2.3669271414969826
3016623,7.027719407556408
3016624,158.9194389501974
3016625,54.54766538633705
3016626,1143.0324631378185
3016627,0.49904423009796006
3016628,9.030950046256025
3016629,10.125535885677595
3016630,0.11528692898125614
3016631,11.61061470299022
3016632,4238.242248306802
3016633,0.09135965137249824
3016634,597.5863768890855
3016635,20.38220809814156
3016636,1696.0570905409174
3016637,1108.8603048768175
3016638,475.34636544854754
3016639,99.25829633132822
3016640,201.17768577802792
3016641,6351.631180668412
3016642,107.49180763418995
3016643,1.1651662942474927
3016644,40.8763660154769
3016645,39.1649453862092
3016646,0.637874891071915
3016647,448.9420027770061
3016648,17.218311994618027
3016649,10.880226165360899
3016650,2.985803005967603
3016651,150.32515658481248
3016652,6.928997528778396
3016653,572.2352788448638
3016654,508.08023803498196
3016655,10.637088538774739
3016656,18.834632742084107
3016657,410.43354038671464
3016658,77.77156255058796
3016659,2094.063142229708
3016660,121.56395320402797
3016661,23.935329869612403
3016662,6.527120944138018
3016663,0.03503163901332514
3016664,3.7224377474939754
3016665,3407.2559280649384
3016666,0.03373589346257315
3016667,679.3916862830533
3016668,7.0357578060368215
3016669,1085.2610582698562
3016670,1179.592007267583
3016671,198.73061206488165
3016672,255.8888808855425
3016673,183.82500884226934
3016674,3902.943851000856
3016675,35.471097364650994
3016676,1.2105273242646084
3016677,16.19912457677347
3016678,26.158329231513783
3016679,0.32011914756376225
3016680,262.2918729471361
3016681,0.9804089467478927
3016682,45.672075394826976
3016683,5.714895812966516
3016684,111.64059757636159
3016685,6.745407433156981
3016686,440.46386466534
3016687,200.1013274220386
3016688,16.704068543878833
3016689,10.713280548193174
3016690,532.8540125007697
3016691,110.1809457707672
3016692,3954.856893242134
3016693,2.94358005307311
3016694,33.18598520191692
3016695,9.584403286334013
3016696,0.07821636505536708
3016697,4.698215976132264
3016698,3328.6053207966606
3016699,0.04661344263444683
3016700,585.7966578161613
3016701,10.728030166114738
3016702,1225.554233155296
3016703,848.4603652504992
3016704,256.87023491428636
3016705,168.49799066397347
3016706,274.69639843687526
3016707,4393.539812509553
3016708,48.20856651195179
3016709,2.2429700029070485
3016710,21.814317283790718
3016711,26.774223330712324
3016712,0.4333465249491242
3016713,271.6552093778379
3016714,6.405325764561802
3016715,40.82023631872218
3016716,5.652796641439796
3016717,225.1975504856721
3016718,5.738136595343342
3016719,402.03090583895744
3016720,235.98851240294806
3016721,12.87685960641291
3016722,18.36979945787745
3016723,348.9489131431138
3016724,92.01360519293894
3016725,3490.9851270106133
3016726,1.9720113208904027
3016727,6.00809352922496
3016728,5.408388000729663
3016729,0.05078310956130358
3016730,2.0135450119444056
3016731,1681.9490535668137
3016732,0.026931334560884437
3016733,350.25500630618143
3016734,6.671346579511059
3016735,703.3614200611942
3016736,348.8144999931893
3016737,184.17474509350555
3016738,65.38462512288082
3016739,75.32417227641123
3016740,2429.9647411453416
3016741,13.96655190007013
3016742,0.5017890879269581
3016743,17.734191150214293
3016744,15.910455379367022
3016745,0.13531437413102096
3016746,146.4511254372544
3016747,2.0367450173120054
3016748,7.525683772842228
3016749,4.292258134536108
3016750,49.38240524580812
3016751,1.5158214808635528
3016752,193.33856255166822
3016753,198.9939733364972
3016754,3.8743844761508472
3016755,3.932628840496025
3016756,144.15984432302417
3016757,43.77216119643471
3016758,1366.2177637672914
3016759,0.04079044315441695
3016760,1.5323521347639346
3016761,5.892708861990689
3016762,0.12619920088322323
3016763,2.8397810568632353
3016764,2341.00337090443
3016765,0.13236630726131682
3016766,196.07688778657746
3016767,10.24975315657724
3016768,1037.4481302746033
3016769,207.82502967746092
3016770,205.4027113575963
3016771,63.0572424302906
3016772,44.033315653900445
3016773,3170.6700599781693
3016774,17.860856630420017
3016775,2.3914601729082823
3016776,24.70145273538793
3016777,16.062285760557717
3016778,0.3483404946584586
3016779,196.46824534474837
3016780,2.053185423757141
3016781,6.126534639851025
3016782,5.616580047007557
3016783,24.375574596581103
3016784,5.059313085135035
3016785,72.39484014182946
3016786,164.67700741998965
3016787,4.999654477008114
3016788,11.4886961432282
3016789,65.26254009757473
3016790,84.97863699659831
3016791,559.9233848194011
3016792,0.6277844558421393
3016793,5.527771324126225
3016794,4.7547226743214726
3016795,0.05764980301674222
3016796,5.557558700277415
3016797,2744.032626975757
3016798,0.04241484994881495
3016799,430.7086874381887
3016800,13.423979838318449
3016801,963.1570835039629
3016802,684.2307593116803
3016803,251.60255622057684
3016804,135.59186135303443
3016805,111.04250414110226
3016806,3707.185327295879
3016807,26.37673181948687
3016808,1.3321482973119279
3016809,20.788312473261612
3016810,37.686371402498544
3016811,0.14943633626589292
3016812,248.3422238703169
3016813,17.19655262405143
3016814,16.11398489522644
3016815,14.44533598000861
3016816,72.07102081822072
3016817,6.195406224552384
3016818,372.34837312932785
3016819,237.7290099777451
3016820,6.917623663496195
3016821,11.519541612778898
3016822,403.766372978983
3016823,77.152677965326
3016824,1906.6952051906737
3016825,0.07768817197683284
3016826,21.654852824545202
3016827,3.662882287860497
3016828,0.05397262365008931
3016829,4.515679576822667
3016830,2990.824897236067
3016831,0.05933296189379875
3016832,511.9504345269076
3016833,16.080242704744226
3016834,837.2853691529243
3016835,1002.1727896732461
3016836,141.24668829668886
3016837,212.88666359551533
3016838,175.5323694591589
3016839,3240.577385348646
3016840,31.846430865376398
3016841,1.9551017441983802
3016842,19.047589757880637
3016843,20.77560493108721
3016844,0.4518217638976386
3016845,207.9346240744831
3016846,11.020245786892279
3016847,30.21347630789726
3016848,12.397116018958439
3016849,131.71202368672326
3016850,9.23953616884399
3016851,358.8810029834964
3016852,204.15672869027077
3016853,5.674323970798156
3016854,11.724479155089984
3016855,504.9187961730823
3016856,107.64557989535092
3016857,3957.425085101464
3016858,0.3041676056259779
3016859,30.39895668198718
3016860,3.7005350854313117
3016861,0.17466056765683163
3016862,7.608613853829791
3016863,3266.5058500808987
3016864,0.037890404288049205
3016865,616.3486673418618
3016866,17.902972556325945
3016867,885.4163032653304
3016868,980.2434640944484
3016869,215.19117397578987
3016870,215.2376705828923
3016871,106.64644059314287
3016872,3589.5356812997848
3016873,29.31426162782395
3016874,2.4186915711619754
3016875,22.58109428000512
3016876,37.353603102301214
3016877,0.0763743905632467
3016878,257.77912654731557
3016879,20.180429215893128
3016880,15.706116964763751
3016881,18.58163104291081
3016882,127.85019750900314
3016883,9.50354607533399
3016884,315.81476931809306
3016885,235.6937015450323
3016886,10.838632994347764
3016887,13.239483228335612
3016888,407.53875741497893
3016889,121.2347136217771
3016890,2932.919496321639
3016891,0.7036047238440772
3016892,26.484131779461364
3016893,7.366435528223647
3016894,0.10768614656152246
3016895,3.963516079317546
3016896,2498.2062720338486
3016897,0.026527345262237906
3016898,390.78882449278916
3016899,7.222356225294678
3016900,1475.2378538496062
3016901,566.399337898932
3016902,417.1899859531767
3016903,159.73107105207217
3016904,83.97982663024305
3016905,5091.076613800781
3016906,10.875725360182608
3016907,0.9548584086027909
3016908,22.851791624812016
3016909,26.04723360871881
3016910,0.052048649979674844
3016911,288.16891200676287
3016912,3.969734798760329
3016913,4.56731593280027
3016914,3.4079572970372816
3016915,25.923668781703007
3016916,1.7691171248957671
3016917,503.08156653807345
3016918,324.5096811546672
3016919,5.759616133498522
3016920,4.564896041967677
3016921,318.7226718265458
3016922,76.18200042515294
3016923,1078.5826283598924
3016924,19.642108640953875
3016925,9.37149164306439
3016926,4.173759350663809
3016927,0.06779752850759997
3016928,2.4100802491751026
3016929,2286.772238413692
3016930,0.07799275329556288
3016931,336.5091661143947
3016932,10.871604378833965
3016933,626.6616638991156
3016934,630.92950825005
3016935,172.5105933676537
3016936,144.63297261051176
3016937,127.98019920869987
3016938,2560.5350252164535
3016939,15.390625631616425
3016940,1.1644623845556832
3016941,19.16742888852274
3016942,22.730338730844178
3016943,0.32835722213654256
3016944,166.0093648863471
3016945,11.592958828508536
3016946,16.846642550732277
3016947,5.327981233436965
3016948,132.32999258708406
3016949,4.721646448321923
3016950,524.0326409009267
3016951,137.46224575405012
3016952,3.941333393841373
3016953,6.946704247475232
3016954,450.89170747239143
3016955,69.89792067061099
3016956,2237.189107285676
3016957,0.0318442843591341
3016958,30.69214304600714
3016959,1.5706162751721529
3016960,0.0736038851165173
3016961,1.2174033370407344
3016962,1486.9236920427657
3016963,0.025148224061420626
3016964,95.39068465403517
3016965,5.30309289367577
3016966,1181.985528961484
3016967,250.93548005393671
3016968,353.8865718085908
3016969,38.189736389695184
3016970,36.735599946453334
3016971,2437.8117890726794
3016972,8.075383584733828
3016973,0.33189734866940335
3016974,8.623839994909137
3016975,7.457832839172871
3016976,0.06088171838116555
3016977,143.4647348746592
3016978,1.9991808341484596
3016979,0.08358324521754212
3016980,1.6676642085690587
3016981,13.586547975027134
3016982,0.628511202723131
3016983,158.1741861647722
3016984,163.53813035472734
3016985,0.9929009811901516
3016986,3.8555142422384927
3016987,161.85136311670564
3016988,27.471528444637762
3016989,255.7658588297956
3016990,12.173735368538882
3016991,1.3992601973239147
3016992,5.664448852613772
3016993,0.141011549313359
3016994,3.848841702309997
3016995,4335.838887448568
3016996,0.02846269108125919
3016997,649.7867028151443
3016998,12.481106966114456
3016999,1813.8485955317597
3017000,535.5558420255683
3017001,566.5249394977282
3017002,321.7275908890002
3017003,81.87662246004362
3017004,6484.7519310070675
3017005,33.88942610149262
3017006,0.6571534954228204
3017007,16.61812124137404
3017008,24.585912683288324
3017009,0.15837255438591585
3017010,393.4394224875968
3017011,5.239682774930772
3017012,2.0739289020650222
3017013,7.343292199891972
3017014,60.271382477783206
3017015,1.4517957674257098
3017016,561.6554247483842
3017017,319.5772000400191
3017018,2.599231293384576
3017019,10.336665851665002
3017020,519.3116076723666
3017021,83.15683199167728
3017022,1495.116587011319
3017023,18.32674461528083
3017024,6.289017959191698
3017025,5.063004290261829
3017026,0.04502588565040684
3017027,0.42689025963640437
3017028,1619.008183786085
3017029,0.021771260429215608
3017030,171.71856972795206
3017031,11.08493103558913
3017032,1270.3547246016994
3017033,265.4552476733037
3017034,236.1026821546549
3017035,60.177749013552855
3017036,39.56461229239562
3017037,2667.79307819243
3017038,12.0431972578113
3017039,0.2849595500064954
3017040,10.036389288192726
3017041,14.004508242200195
3017042,0.2807091792087407
3017043,132.31290367915454
3017044,4.49130391328222
3017045,0.06094668373245561
3017046,14.329006775490297
3017047,41.548559000491025
3017048,0.9066147027044895
3017049,118.34749000208664
3017050,150.14114490252524
3017051,1.0720260683966394
3017052,4.40973602681638
3017053,149.10853889763663
3017054,30.261179422530912
3017055,277.37760162607464
3017056,15.945710461586948
3017057,1.9233057201744062
3017058,3.569767300188015
3017059,0.054928233740370036
3017060,3.394064417407204
3017061,1638.8390814832337
3017062,0.031026662289206856
3017063,102.88249582267059
3017064,6.810914923668111
3017065,976.2528001847786
3017066,230.35631971739153
3017067,171.2518993405365
3017068,38.922720524439754
3017069,35.729447842035796
3017070,2717.9412157635606
3017071,19.216916861223844
3017072,0.2318160614437758
3017073,13.02002136874266
3017074,12.949597357738995
3017075,0.09434921248713593
3017076,137.63168724783472
3017077,1.0792918472105617
3017078,0.08787973677519523
3017079,2.274453836558393
3017080,40.65122338707491
3017081,0.7212209520188013
3017082,137.69059072731494
3017083,168.87359668961986
3017084,0.5138345449440656
3017085,4.840804440426076
3017086,101.28314443428054
3017087,21.60085835627739
3017088,194.14180815442364
3017089,166.39950970088282
3017090,1.3827058171440596
3017091,3.3346299313034855
3017092,0.12487734849560081
3017093,2.7774279866178144
3017094,1527.5336971071124
3017095,0.046763804831149135
3017096,149.44890909222534
3017097,6.020361609239954
3017098,1308.623555214501
3017099,304.5538421265912
3017100,323.98469182191104
3017101,39.88107130261566
3017102,48.7096143836711
3017103,2968.2583158739494
3017104,9.702723601842049
3017105,0.5843289613470188
3017106,9.277098420673909
3017107,17.41011766364715
3017108,0.19442004561917672
3017109,163.2147128480117
3017110,0.9482691443544249
3017111,0.08501023745548693
3017112,3.105046723876509
3017113,22.326435861513197
3017114,1.2233070666309596
3017115,227.31346024614538
3017116,246.08857848821435
3017117,1.034732716671416
3017118,3.229091623319653
3017119,72.83461701984578
3017120,81.93846253560037
3017121,310.7534563129194
3017122,9.752869073260822
3017123,3.560778771844239
3017124,2.811608583357355
3017125,0.19410848988862
3017126,2.295607314289884
3017127,1643.8099275750824
3017128,0.021597073039458056
3017129,147.84343127994816
3017130,3.0167754310970114
3017131,991.4464427595917
3017132,266.32714315511424
3017133,288.8839292299493
3017134,71.49986590005541
3017135,57.82674041456123
3017136,2329.724677604395
3017137,7.131261665203944
3017138,0.7872822033910921
3017139,11.224947442107133
3017140,13.25999999757444
3017141,0.11204169147660745
3017142,195.5058077567529
3017143,4.565623543265922
3017144,0.06740338338484034
3017145,1.4489384517223305
3017146,24.72745339079861
3017147,0.8764881748716096
3017148,116.13036855948599
3017149,158.9866665044751
3017150,0.6859568240961947
3017151,3.1288576511701303
3017152,121.55902372825898
3017153,43.03884585019307
3017154,476.85654669582925
3017155,9.015733927840913
3017156,2.5000972287815837
3017157,3.187273784785103
3017158,0.07976702657750552
3017159,1.4777338275647272
3017160,1605.52178365299
3017161,0.027142434665338767
3017162,113.70987577587027
3017163,5.8734873874941504
3017164,722.9476493328875
3017165,191.88139365226732
3017166,155.91345837551145
3017167,104.41362644671796
3017168,34.281692339214274
3017169,1807.826519975849
3017170,4.261560807409511
3017171,0.3235194301117783
3017172,8.316045559037864
3017173,10.074962713161526
3017174,0.2686484970180966
3017175,148.57072279749156
3017176,0.13280957122034423
3017177,0.06474449993134938
3017178,2.007167705782966
3017179,34.87905555861404
3017180,1.036025091866906
3017181,50.37381992098131
3017182,124.65052183811908
3017183,0.8027121727626334
3017184,2.5968874438669873
3017185,56.48649371216666
3017186,27.977592686448585
3017187,467.09231931172906
3017188,0.021993364368444547
3017189,0.9977041272870621
3017190,5.667542041343094
3017191,0.5659170188070937
3017192,3.002367747718611
3017193,2534.780404826844
3017194,0.026311812627035306
3017195,252.958094308704
3017196,8.291793942739563
3017197,976.7079153519428
3017198,462.708067179286
3017199,527.4673975349357
3017200,154.05220588697003
3017201,85.44239162709346
3017202,3328.471003096317
3017203,14.16634402596258
3017204,1.2814278901580576
3017205,13.44081007034286
3017206,17.890762270149718
3017207,0.3141450424274871
3017208,213.28216595776811
3017209,0.8899295649658316
3017210,0.15189965348682885
3017211,8.742142557241122
3017212,51.99382997843703
3017213,1.5056933162448367
3017214,188.47497994924797
3017215,201.26070168332768
3017216,1.829483153820675
3017217,5.738265888809561
3017218,311.07685612423097
3017219,52.04277509539341
3017220,953.6283128021973
3017221,37.61774436866659
3017222,9.007852226115439
3017223,3.6593076416005808
3017224,0.07536978224576218
3017225,3.0802197788186447
3017226,1787.970828398785
3017227,0.02930490492422554
3017228,430.2098091085886
3017229,6.849736751648619
3017230,459.56039912117853
3017231,423.5895996089832
3017232,203.14742991502146
3017233,125.42653520485783
3017234,51.48221038439188
3017235,2225.7627565192847
3017236,10.823756852315462
3017237,0.7467606252440728
3017238,14.83975872737368
3017239,12.708341091307204
3017240,0.1701886470396409
3017241,131.54601574245723
3017242,5.521990129121117
3017243,4.858808149539232
3017244,4.483847794994476
3017245,53.350569691137366
3017246,1.2456940239879402
3017247,90.99057707222136
3017248,128.52398294022015
3017249,2.7360304250400977
3017250,4.488785395805436
3017251,209.66594113277995
3017252,50.1242693353939
3017253,1084.376305776397
3017254,21.8418071838305
3017255,8.614920972342114
3017256,4.50720869339823
3017257,0.4347276645881086
3017258,3.341181425359144
3017259,2588.994207645148
3017260,0.02763216596473473
3017261,140.94827054995716
3017262,6.288070641641645
3017263,886.1306127771892
3017264,296.3672472809652
3017265,263.51381256423065
3017266,42.52858112610332
3017267,44.506594579966034
3017268,3303.470693991014
3017269,42.56610123748165
3017270,0.9186054128491314
3017271,14.556834481624527
3017272,12.330475084152958
3017273,0.11596869279009589
3017274,172.88314826444622
3017275,3.6489532686480963
3017276,0.19339511176351268
3017277,3.1127612625827097
3017278,53.23626122124721
3017279,1.238483328778617
3017280,133.06940802688584
3017281,197.47865564952497
3017282,1.4320215355404793
3017283,3.4811784216736745
3017284,124.89946062091789
3017285,21.246061419790827
3017286,366.1039014363111
3017287,6.0357610207660155
3017288,2.660144808663011
3017289,5.1503231391342315
3017290,0.0975171155968517
3017291,7.4359162872823195
3017292,2847.5965798791203
3017293,0.05148698780470967
3017294,561.8786760076065
3017295,13.48687334252277
3017296,869.7708140240487
3017297,758.8286061619965
3017298,255.59669990982434
3017299,189.69815361665457
3017300,119.0010871036632
3017301,3657.569468842355
3017302,38.17767854936477
3017303,1.7708778600576596
3017304,21.46051511896901
3017305,29.026134920399684
3017306,0.24177859101349095
3017307,242.43856080581986
3017308,21.412381342473818
3017309,16.94262379914269
3017310,6.459621432255315
3017311,116.96501161840209
3017312,6.941961124729453
3017313,1255.6933754845672
3017314,233.3880646196334
3017315,7.085057541653175
3017316,10.042305386362237
3017317,598.5952035617967
3017318,92.08484500629268
3017319,2101.269325767683
3017320,0.09720810016864702
3017321,41.18874945306951
3017322,5.078699692360663
3017323,0.10556852755269978
3017324,3.1669324271512442
3017325,3172.041864795951
3017326,0.028931880981671158
3017327,343.1701597368675
3017328,10.322453307319003
3017329,1605.9098291951616
3017330,471.5385769572372
3017331,945.6067015638934
3017332,83.28063132720945
3017333,89.37967275507796
3017334,5046.247602008163
3017335,13.470689408997202
3017336,0.3617512828373284
3017337,20.178469359947847
3017338,12.739967319587112
3017339,0.09503228182127105
3017340,263.55768497012605
3017341,1.9804419048775797
3017342,4.28338689214737
3017343,2.9672268804161144
3017344,61.61866219296195
3017345,0.8647614149210143
3017346,256.737455571458
3017347,250.98879836390802
3017348,3.1237734663337022
3017349,3.7887173467874713
3017350,526.3114149178937
3017351,70.00474455514782
3017352,792.7259356904694
3017353,20.44396787285098
3017354,8.32092151454043
3017355,8.6934118928566
3017356,0.181336393058056
3017357,2.4497014162420645
3017358,2604.0136678982494
3017359,0.027309814030640492
3017360,332.52619567761263
3017361,5.258063915486318
3017362,1573.0885899738635
3017363,424.82257112263113
3017364,288.86015167448386
3017365,146.29105374181734
3017366,80.85610163834691
3017367,3390.3413647652737
3017368,11.84986023095064
3017369,0.28445284166380436
3017370,29.312565822110557
3017371,21.63127154683558
3017372,0.14221547883800084
3017373,234.3407229546927
3017374,2.745219211862468
3017375,2.8690804810926807
3017376,8.027162333521638
3017377,103.44041236433748
3017378,1.3688265094723742
3017379,109.22837022145848
3017380,232.2233346100026
3017381,1.0216380999970673
3017382,2.8737995787689368
3017383,165.26438272857843
3017384,141.88438893926465
3017385,977.9492992887249
3017386,0.5255539743429756
3017387,3.817277435146166
3017388,3.4060558728306556
3017389,0.1629854767287548
3017390,1.0176618143660376
3017391,1620.4394383604438
3017392,0.024180798604474505
3017393,213.19018767277387
3017394,7.311105747626324
3017395,866.4329649128082
3017396,299.8816156998102
3017397,151.36201773414354
3017398,91.96478267884184
3017399,58.425367864207914
3017400,2490.4676195721545
3017401,10.284073443811241
3017402,0.5230029751438099
3017403,16.003123590355735
3017404,11.114303169287727
3017405,0.060025565832405946
3017406,169.85302358728796
3017407,0.5195577743138974
3017408,0.19452426655253124
3017409,2.5630717377628134
3017410,64.63818832823361
3017411,1.7132383807798224
3017412,136.60462379011085
3017413,168.09529944907584
3017414,1.0517565017044523
3017415,4.769031346225415
3017416,169.39195153349084
3017417,37.20906561752945
3017418,806.0508218297393
3017419,13.366619634840442
3017420,0.6588895189526673
3017421,2.146041484171468
3017422,0.0666434069070344
3017423,2.5043701716533473
3017424,1400.019665791578
3017425,0.05519389567504613
3017426,242.35509095084802
3017427,12.27604064386578
3017428,532.8497228623944
3017429,463.37507257416837
3017430,136.840884155758
3017431,61.84364842129623
3017432,77.15615693524231
3017433,2182.3396126018492
3017434,22.7159676103268
3017435,0.4255640582657553
3017436,12.401638931800827
3017437,24.218546614766744
3017438,0.14496852471525423
3017439,127.35891183692459
3017440,7.525117045185077
3017441,3.4922344050320886
3017442,4.321014108187572
3017443,63.55964565233776
3017444,4.225366497540213
3017445,534.3620582940972
3017446,133.57996707896783
3017447,4.259783738209792
3017448,5.939061374916803
3017449,433.4908210290612
3017450,39.47682473027281
3017451,1121.6617978185282
3017452,0.021222357661211583
3017453,11.68652778487565
3017454,2.7192573244005978
3017455,0.13360390107426806
3017456,3.5806237389367133
3017457,3202.5228152480236
3017458,0.048087666957927225
3017459,700.0016074936615
3017460,20.536241956456877
3017461,1084.715352763521
3017462,1186.4815920366352
3017463,290.3707896486978
3017464,249.45642345590022
3017465,194.25823391503866
3017466,3599.4383398523105
3017467,29.587710509605078
3017468,0.5331235986474183
3017469,15.902091287214322
3017470,35.865057688346226
3017471,0.09692968387587778
3017472,221.4027532124534
3017473,11.595281400643017
3017474,31.115184523391374
3017475,5.954369339678107
3017476,136.02684004086467
3017477,8.950936427658956
3017478,632.9567969601487
3017479,235.261343641979
3017480,11.806379695451701
3017481,5.847974957200064
3017482,732.636571532223
3017483,123.01098514708988
3017484,2839.115301566265
3017485,0.09203305467239024
3017486,35.20639216302193
3017487,3.2118576388344726
3017488,0.12574744347408673
3017489,2.882057801302643
3017490,1896.3985531465296
3017491,0.020371241990134625
3017492,339.8767036478249
3017493,4.767730492403924
3017494,401.5700152463461
3017495,477.20629229584836
3017496,177.0844989336916
3017497,118.91033044132556
3017498,78.38891181785363
3017499,1786.7105999931607
3017500,16.474380389746482
3017501,0.6112885200833804
3017502,11.940921152177307
3017503,14.380860499691753
3017504,0.06825473842699907
3017505,98.34827617356878
3017506,0.05994516919293058
3017507,16.229088822375324
3017508,1.8288473559703124
3017509,190.93575041770816
3017510,4.09822625809557
3017511,336.14140080022935
3017512,96.68216254555959
3017513,2.4926589002411097
3017514,5.438924856239133
3017515,251.8409589319769
3017516,37.67818544797454
3017517,1349.8466376040078
3017518,0.4624016244879249
3017519,4.26410572436262
3017520,3.3674920131695014
3017521,0.059808655911994454
3017522,0.3413822524173674
3017523,749.065648002652
3017524,0.04760833607594459
3017525,215.47274657580363
3017526,6.541133562557546
3017527,394.93957477935703
3017528,215.32966103110653
3017529,112.54483941566417
3017530,41.444516550617166
3017531,29.196762580721142
3017532,1569.5037586688677
3017533,19.996987910734283
3017534,0.6569671513920676
3017535,13.48022290728117
3017536,13.236990534102741
3017537,0.23301086100031984
3017538,78.04693882473492
3017539,0.4767653753250155
3017540,9.93000714829632
3017541,1.511629426942191
3017542,25.49500962676145
3017543,0.6813367426102268
3017544,394.11877193981013
3017545,119.9479705687304
3017546,2.4617920767696866
3017547,1.9930117362505448
3017548,216.10561575191875
3017549,19.208356584046605
3017550,460.3069129931413
3017551,0.48897259617677535
3017552,2.1708262431225904
3017553,4.263926953786283
3017554,0.06295051136283698
3017555,2.9045644945524756
3017556,2415.6160416328994
3017557,0.05492148775626965
3017558,489.07408024863327
3017559,13.828053024279129
3017560,619.658776535506
3017561,661.8824561709202
3017562,284.98202970675675
3017563,202.83992794019326
3017564,131.2794708512758
3017565,2941.3975102877976
3017566,22.569869380062727
3017567,1.0579478042826016
3017568,16.445081125385236
3017569,21.659208563184734
3017570,0.3682893261582729
3017571,171.21744650449904
3017572,3.559863798898576
3017573,25.36232443350506
3017574,5.082689129773259
3017575,179.12228571646727
3017576,1.850973823646767
3017577,381.56142975377577
3017578,173.46824117852873
3017579,6.058738157591757
3017580,7.564758599439259
3017581,436.1677960083176
3017582,69.40909351212187
3017583,1989.5251411152635
3017584,0.9514296242920636
3017585,22.947291822319627
3017586,4.739209471723067
3017587,0.06249270217119081
3017588,2.0541571855976595
3017589,2785.0960544726504
3017590,0.034543100594659766
3017591,420.5652784673394
3017592,13.040820635539543
3017593,1076.4229354448082
3017594,581.4334636486342
3017595,437.35847409409257
3017596,131.10580813398073
3017597,81.61764944605096
3017598,3731.567817175721
3017599,11.695724449493545
3017600,1.2091059625611817
3017601,20.613397829475538
3017602,20.267665049951688
3017603,0.3716419811654391
3017604,181.26240666373806
3017605,0.05280648506599747
3017606,3.994263349177482
3017607,3.7426053190992965
3017608,63.53405701339395
3017609,1.0718407002019605
3017610,172.3850077272445
3017611,205.28109772586677
3017612,3.534253591337577
3017613,3.127575328118264
3017614,208.60010228915104
3017615,71.59147503212728
3017616,924.3924313226601
3017617,1.558628933588524
3017618,2.38570874075638
3017619,3.867095692080277
3017620,0.3284012198317398
3017621,2.8394630451869065
3017622,2412.9832295563738
3017623,0.038436491777305924
3017624,520.1422651309825
3017625,9.269817780662333
3017626,939.1039504780014
3017627,499.3357670056368
3017628,271.9810303244244
3017629,143.7668941878811
3017630,83.20177684229536
3017631,2852.3197633090285
3017632,13.879622869598476
3017633,0.6495305097131806
3017634,15.729658577476457
3017635,16.894743726777634
3017636,0.08681763099442796
3017637,194.48321505185214
3017638,0.07587528507578455
3017639,4.658620006265249
3017640,2.715869889581504
3017641,93.95652744500245
3017642,0.8520012965299557
3017643,105.41849108496396
3017644,186.16180747786075
3017645,4.0813381210896065
3017646,3.1180006825676467
3017647,233.16841498065926
3017648,54.88233214223636
3017649,691.5225764839348
3017650,1.0495288330404173
3017651,4.562593312848988
3017652,9.154106787342887
3017653,0.47923137064595633
3017654,10.988763706845745
3017655,6476.334627730981
3017656,0.04949092978505012
3017657,1106.8235900081052
3017658,37.69120474442707
3017659,1800.935164991668
3017660,1815.4234003292997
3017661,395.67677466623365
3017662,478.4507831897168
3017663,346.44925891300124
3017664,6515.98236517083
3017665,70.78821421789546
3017666,1.8306995088482312
3017667,28.286088305187803
3017668,54.08205055949122
3017669,0.16808385200575224
3017670,455.48933900534763
3017671,32.85086999081197
3017672,50.48105409339492
3017673,23.040359343517295
3017674,277.0389709687031
3017675,22.95623406412011
3017676,1193.1381909096074
3017677,449.9772819429653
3017678,17.264944154870737
3017679,15.161884543540296
3017680,1470.703532184124
3017681,195.74484835786322
3017682,5958.4634978410595
3017683,0.9304054680554266
3017684,110.57581842131097
3017685,3.4652712672790136
3017686,0.3255529052340628
3017687,0.44502603298361043
3017688,1256.1055728677222
3017689,0.02963166714888774
3017690,132.8500924565206
3017691,3.982419716067138
3017692,639.0965523720125
3017693,208.9093313975659
3017694,141.01159454821433
3017695,140.07115475571217
3017696,41.82113524592846
3017697,1760.4708391443714
3017698,3.8183041942906133
3017699,0.2346167998234646
3017700,14.517060131736772
3017701,9.922908504505068
3017702,0.2239700723828837
3017703,112.32627614560514
3017704,0.4369278660898207
3017705,0.20113569776901657
3017706,3.7662646665191937
3017707,21.223496229312296
3017708,0.684062396297493
3017709,66.43014971049362
3017710,86.23999891875522
3017711,2.6764336791798375
3017712,3.4877782684488223
3017713,114.5659574047456
3017714,15.292395109097425
3017715,410.3349560965315
3017716,0.2294507178171431
3017717,3.14475966924514
3017718,6.086714213181075
3017719,0.21412023570568542
3017720,1.916789376777539
3017721,2540.8900975525235
3017722,0.021245216221792047
3017723,507.6349251681231
3017724,9.019005495983887
3017725,1136.8406643000055
3017726,505.12460137019826
3017727,271.221834926272
3017728,280.6006024007173
3017729,58.81800658287024
3017730,4004.1290077018116
3017731,10.921898761911722
3017732,0.24749589611491696
3017733,22.688038889520218
3017734,16.67944569454137
3017735,0.053672488669309515
3017736,229.78664011699766
3017737,0.6424114085192486
3017738,2.665929132501331
3017739,7.70407647350342
3017740,19.31238943045774
3017741,0.7299074770727847
3017742,323.0757339523612
3017743,220.15177224196702
3017744,2.0928406225057805
3017745,5.886375027749567
3017746,147.27822106962634
3017747,54.57141960105828
3017748,956.8799033904395
3017749,0.9273743773299808
3017750,3.4803985064033496
3017751,2.021043967289096
3017752,0.03191861202171989
3017753,0.5566592016549728
3017754,891.4620571347505
3017755,0.02064701494646416
3017756,101.79513291193618
3017757,3.9739157812591874
3017758,598.7022577245813
3017759,123.93475365632884
3017760,111.1682677523759
3017761,137.8676616250657
3017762,18.074449893998278
3017763,1752.608000147633
3017764,1.8398647045644512
3017765,0.2261897837701539
3017766,12.953383396772608
3017767,3.983819814021497
3017768,0.06909646954336086
3017769,68.76330073086262
3017770,0.03419650349773047
3017771,0.06120028741112615
3017772,0.9127233055059605
3017773,54.878975834660395
3017774,0.547992999026343
3017775,81.67695586454502
3017776,84.26666300310393
3017777,0.5222955157634492
3017778,0.9994535882044787
3017779,66.81862902159696
3017780,11.144685133828272
3017781,173.6258109041005
3017782,0.02015251002384332
3017783,0.9869717160548332
3017784,5.635184810968886
3017785,0.06841171207744862
3017786,1.8713866590908452
3017787,1549.2578372366274
3017788,0.033036631052314615
3017789,169.36586363843497
3017790,10.557883739264073
3017791,796.1499754901588
3017792,261.9498116726554
3017793,235.95534316080852
3017794,84.5555401630214
3017795,77.4006044658862
3017796,2675.422682389451
3017797,3.51786330668757
3017798,0.9883571921298828
3017799,15.745176441653253
3017800,12.583631223174713
3017801,0.18439080215351727
3017802,147.32416094599597
3017803,0.1837022320890327
3017804,0.32345896346613384
3017805,8.296112322863486
3017806,31.78092521304952
3017807,1.00258639521428
3017808,201.03593429653907
3017809,165.36977465986965
3017810,1.490801353962397
3017811,3.882251283901866
3017812,280.26059483397626
3017813,26.12085615230579
3017814,954.4915707040927
3017815,0.14231104992027954
3017816,0.8560521812685165
3017817,2.423814003098951
3017818,0.30224244269974687
3017819,1.1026800739048137
3017820,2146.0556133990453
3017821,0.03031527424565599
3017822,587.3818265746992
3017823,6.529098319543341
3017824,952.5009404147336
3017825,476.4271529977829
3017826,249.14227668954896
3017827,94.22775864598829
3017828,63.892849959325034
3017829,3270.827776575918
3017830,3.9640743449492373
3017831,2.569231510650557
3017832,27.484576786775392
3017833,31.752478950162917
3017834,0.14862724981250075
3017835,190.33047112763325
3017836,1.2270909393205662
3017837,5.609277702484878
3017838,1.4999779852785826
3017839,36.50688484412845
3017840,1.5607922776222662
3017841,165.7152579029167
3017842,220.74197166312007
3017843,2.387820219426745
3017844,4.245098710368799
3017845,175.3595415743731
3017846,31.94671797220597
3017847,543.3979574161053
3017848,1.3472537296916056
3017849,1.2135310363583776
3017850,2.974571772563966
3017851,0.040923473154197
3017852,0.22982133389439693
3017853,1244.0005097259782
3017854,0.024115674544523787
3017855,95.93073187610999
3017856,4.26081236854121
3017857,345.63545909165776
3017858,139.8013265283015
3017859,88.34151184793663
3017860,85.03577494212375
3017861,37.496687775024654
3017862,1700.1121814502344
3017863,7.210620036536836
3017864,0.3487970690026621
3017865,7.526174251257245
3017866,8.513874480859043
3017867,0.14315392396705298
3017868,81.20162335024872
3017869,0.04459034265591702
3017870,0.17926351113363728
3017871,0.642582407966527
3017872,28.206662793169016
3017873,0.5498026391358787
3017874,147.04946980735144
3017875,82.1733682363419
3017876,0.7039823438769509
3017877,1.6696129220400124
3017878,75.39968372269603
3017879,16.689745354197644
3017880,277.66026628439204
3017881,0.09645994742763044
3017882,0.4464735593364377
3017883,3.712222983999963
3017884,0.04522767096383794
3017885,0.5410904378035908
3017886,3557.7210281588923
3017887,0.06038125957280906
3017888,500.92926746592497
3017889,9.547040337822061
3017890,864.1590851944054
3017891,462.33834827914205
3017892,222.80814372212046
3017893,112.96141068411666
3017894,109.96075250216961
3017895,3669.96723412583
3017896,14.004356038064985
3017897,0.3479627753519797
3017898,16.373341470688697
3017899,12.132287509510718
3017900,0.25122610158386544
3017901,210.70530950616669
3017902,0.3568715231435306
3017903,22.19538484726619
3017904,1.6724194820645468
3017905,48.36707216086938
3017906,1.0748464854970257
3017907,220.34891837828104
3017908,207.73613802417952
3017909,1.7963429250420113
3017910,3.6636788255814987
3017911,144.53751415008213
3017912,43.165752500001915
3017913,1104.0285966363513
3017914,0.5826104363835102
3017915,1.2111286349342765
3017916,3.42164557150707
3017917,0.04557697372173718
3017918,6.055311391144268
3017919,2996.097812883482
3017920,0.029206349090023617
3017921,494.7902968714692
3017922,8.699173590062717
3017923,825.5818531290973
3017924,807.4123806009391
3017925,182.41839694084524
3017926,144.84538326795303
3017927,129.70069578874305
3017928,3412.333580198805
3017929,58.518070506234444
3017930,1.3741142377303341
3017931,13.915620319498363
3017932,26.98673291380898
3017933,0.4272878068089222
3017934,228.29802174575013
3017935,18.886738787208635
3017936,24.53186351093376
3017937,2.4109955758728834
3017938,140.30678569941193
3017939,4.731222129859573
3017940,346.0064619490217
3017941,229.64373228079057
3017942,11.136271150810664
3017943,11.09650156719825
3017944,297.89771661601196
3017945,72.24492999533722
3017946,2308.528880658927
3017947,0.024689351302108222
3017948,16.475619710859753
3017949,5.179480982584516
3017950,0.08283152682424554
3017951,6.764390571319954
3017952,2370.9870993875998
3017953,0.03523764844831945
3017954,360.90088206609596
3017955,10.822331808685256
3017956,884.3431760503026
3017957,767.4118532519174
3017958,149.503312153242
3017959,99.87887288138208
3017960,113.34126954427961
3017961,3634.29444943437
3017962,23.331182865743212
3017963,0.9224868179494417
3017964,29.75460540146657
3017965,49.98172611993902
3017966,0.08266001407215089
3017967,299.6787007944373
3017968,11.490510898547882
3017969,16.628157376725
3017970,5.282285515347239
3017971,121.94425914551582
3017972,7.249179849211121
3017973,231.63057649334883
3017974,307.0471736847997
3017975,5.983897267754504
3017976,8.05462299940781
3017977,205.20205957266188
3017978,95.8483814080146
3017979,1849.5289022334368
3017980,0.23619093764924684
3017981,19.39162374509536
3017982,8.636241371685177
3017983,0.13899161974077098
3017984,2.257061478598281
3017985,3110.5949812447197
3017986,0.03405621180318265
3017987,572.0862884477185
3017988,5.585028318401265
3017989,1925.4114816242127
3017990,529.8305140178082
3017991,188.1772581878767
3017992,284.4180242288484
3017993,74.68354840069718
3017994,5253.659204698499
3017995,24.857838201592905
3017996,1.5054705487727764
3017997,19.919103431903043
3017998,16.55669613527076
3017999,0.08577266788465945
3018000,259.7083425448599
3018001,2.4970203067526873
3018002,15.544404528053086
3018003,7.175879859998357
3018004,70.39775223738222
3018005,1.2986912793652108
3018006,141.32977397177467
3018007,274.0972306275537
3018008,6.3858540252968385
3018009,8.842742484771623
3018010,293.136980327246
3018011,54.5888823102912
3018012,1426.0758805006135
3018013,7.445701251975212
3018014,10.336601496055167
3018015,3.7514953584124804
3018016,0.6287203914513172
3018017,4.228456822124848
3018018,2573.92855751501
3018019,0.04490221515083194
3018020,346.38725113291196
3018021,6.599971946035016
3018022,871.731706069542
3018023,622.9098041326628
3018024,218.06441220618456
3018025,155.0963472696743
3018026,98.16355443313793
3018027,3338.9690992117567
3018028,26.822762727871613
3018029,1.1029651301046755
3018030,16.00775377179744
3018031,16.4957157124891
3018032,0.2288550642495749
3018033,187.21979577885614
3018034,15.565975179765363
3018035,22.857400798300755
3018036,2.463655401115055
3018037,147.62392670573266
3018038,5.345121478430801
3018039,636.1801857563973
3018040,223.38529996672432
3018041,4.713745433029817
3018042,7.3171010709635205
3018043,445.2401397843922
3018044,49.141197547847085
3018045,1905.301909607767
3018046,0.13301311692470474
3018047,30.38958989866954
3018048,3.549763740441956
3018049,0.1311450590175527
3018050,2.409549970948477
3018051,5714.023762128919
3018052,0.03795640675375435
3018053,345.1670674939918
3018054,6.227929563320817
3018055,2021.6643202998557
3018056,497.22242644259927
3018057,306.0360336563299
3018058,165.56553081003594
3018059,63.55467250267864
3018060,5172.710530708822
3018061,11.431554717686023
3018062,1.553021441235628
3018063,19.379401216841792
3018064,19.381962722944753
3018065,0.3309458379033231
3018066,317.6172245452594
3018067,0.38807006578062847
3018068,0.4617449520167823
3018069,6.930184552563868
3018070,60.067932610068674
3018071,2.0821980907463558
3018072,137.35424669657905
3018073,296.57097920780274
3018074,3.628141165876807
3018075,8.750137503403895
3018076,258.814673791261
3018077,54.60873219744845
3018078,967.1482059665627
3018079,0.06908644466244745
3018080,3.6218007155399645
3018081,6.506459965428148
3018082,0.03617339519115785
3018083,3.38406900196156
3018084,2032.5620710067858
3018085,0.025613126174145608
3018086,408.270234065312
3018087,9.69099753549811
3018088,841.3499700529038
3018089,572.6825887280268
3018090,232.25272827433193
3018091,130.42607946841719
3018092,139.552149310914
3018093,3090.9918811354296
3018094,50.74962857136881
3018095,0.7720670983385822
3018096,14.572778904848809
3018097,24.137103229564065
3018098,0.08262796374140209
3018099,202.29061281877236
3018100,12.087334890101067
3018101,20.650509027655758
3018102,5.262076135183323
3018103,147.34295988599717
3018104,8.31835343362349
3018105,313.71105136776225
3018106,296.9043281774878
3018107,11.138132634015303
3018108,7.687379316794718
3018109,233.0347010451008
3018110,72.294701776352
3018111,1778.0913283636942
3018112,0.16396816590255175
3018113,7.0819780602466285
3018114,2.537134782168678
3018115,0.04551679184323004
3018116,2.3260807829361054
3018117,2751.343450147445
3018118,0.03230536583556928
3018119,433.06838702760024
3018120,11.560970421299174
3018121,629.0585675106006
3018122,727.0044874684035
3018123,201.5585857487323
3018124,149.7190745699259
3018125,130.8532139450302
3018126,2898.5920675181856
3018127,27.025367246187063
3018128,0.5746460353763637
3018129,15.535800042170765
3018130,12.741314765874996
3018131,0.06512812647859088
3018132,179.00053656142748
3018133,6.017917159628411
3018134,36.39362617665687
3018135,7.042891768083274
3018136,71.9442176404875
3018137,5.686393742353484
3018138,287.60258160471744
3018139,173.16157554570236
3018140,7.290575236951023
3018141,4.7871116421957804
3018142,264.27662396780954
3018143,54.67835826158052
3018144,2053.9453220201717
3018145,0.16696678037177287
3018146,18.771400578881604
3018147,5.663166929895747
3018148,0.10256181055983503
3018149,1.639446620021257
3018150,4604.522779232701
3018151,0.027649622152067056
3018152,511.9233385107235
3018153,17.87542261912992
3018154,1235.2289577813244
3018155,502.61140683552753
3018156,280.93223740479624
3018157,167.73122237252306
3018158,88.52602953596703
3018159,4620.796877983867
3018160,11.500006576352861
3018161,0.9188279225030941
3018162,16.921313144748883
3018163,20.919326556131985
3018164,0.09970781461381484
3018165,263.2869972710024
3018166,0.39596901395228357
3018167,7.3200812315841475
3018168,2.011354888303506
3018169,83.3742176427836
3018170,2.9041045229715716
3018171,211.86121998714992
3018172,308.6205355493802
3018173,4.413804553882382
3018174,3.2449321064468215
3018175,343.7387657691986
3018176,130.05865207142318
3018177,1261.029090351787
3018178,1.2287916082775254
3018179,1.7305124565101568
3018180,10.768405427338802
3018181,0.03882172962150468
3018182,14.278160142873201
3018183,8741.67014709782
3018184,0.0228112197992903
3018185,1458.8446293591057
3018186,26.564545651239335
3018187,2267.1498948559615
3018188,2110.7257167678354
3018189,572.4081158430884
3018190,599.5534342510056
3018191,483.4901297954608
3018192,8021.257296674037
3018193,98.59231150662035
3018194,3.2477026732385577
3018195,64.81419744343566
3018196,108.32294037270006
3018197,0.4161575763943669
3018198,572.8584359386994
3018199,34.63724419565204
3018200,25.929068795969883
3018201,23.33318716109708
3018202,406.2052491329434
3018203,20.14494204005256
3018204,1373.1017109357244
3018205,515.567175099452
3018206,35.25401418840641
3018207,31.214128714610947
3018208,1675.2111963372622
3018209,260.82570437225274
3018210,7440.449752364388
3018211,110.23312761570455
3018212,122.04553700093568
3018213,13.180070890757552
3018214,0.03401883099534091
3018215,12.98326007046824
3018216,8480.457514076743
3018217,0.031831640392404784
3018218,1186.816494468007
3018219,29.502383722516218
3018220,2468.598297725266
3018221,2018.8695378597272
3018222,804.9828214783757
3018223,374.1454345690034
3018224,395.2695263542935
3018225,9444.718199449188
3018226,107.88702983306385
3018227,1.1965807693696828
3018228,53.76166946841689
3018229,66.80854954889769
3018230,0.65195220903852
3018231,576.6069690983354
3018232,29.024320886112612
3018233,40.59243977689569
3018234,27.62232802124401
3018235,281.3023089273542
3018236,14.228141673125211
3018237,1873.1215635305873
3018238,655.4548723034554
3018239,15.814686127620877
3018240,31.722480324746055
3018241,1659.6152906550783
3018242,244.77878608796482
3018243,5279.509294834739
3018244,343.1558074983993
3018245,97.77452940821475
3018246,8.702804293079192
3018247,0.03986451486649004
3018248,13.421343173482574
3018249,5349.72028957244
3018250,0.06165498739464213
3018251,756.4348403452614
3018252,16.46606769504259
3018253,2113.480146260279
3018254,1315.7809216376359
3018255,870.9946034816335
3018256,146.58867731181212
3018257,267.43729328946677
3018258,8363.900520062993
3018259,50.72737391037705
3018260,1.2920332618829846
3018261,24.135474837044082
3018262,26.13186313688781
3018263,0.3548100383579841
3018264,557.3023617579406
3018265,23.782639012523312
3018266,23.592398217327215
3018267,6.475985933798303
3018268,170.88202160820333
3018269,7.683908924070699
3018270,1816.355016339916
3018271,619.3358102296404
3018272,18.78997001281505
3018273,41.3699346256964
3018274,1017.2029267443747
3018275,138.21755343777602
3018276,2403.085733856068
3018277,132.97475616781384
3018278,55.70150708137855
3018279,12.535189481850658
3018280,0.026230109790917614
3018281,15.216977410458956
3018282,7637.244355889259
3018283,0.02999005528365317
3018284,1159.6235515734102
3018285,20.79267337763058
3018286,2077.4509138317617
3018287,1735.503708075163
3018288,743.9031416855287
3018289,341.6697037622535
3018290,252.23185752974194
3018291,9160.868541246062
3018292,62.14844663191336
3018293,1.2279280291341321
3018294,42.67668898820798
3018295,77.64521563012221
3018296,0.2430970938173892
3018297,543.597588356652
3018298,28.29637245890175
3018299,25.944651105011737
3018300,19.20152779637991
3018301,292.5744539857164
3018302,8.302610100801529
3018303,1729.5582413922912
3018304,607.83902865116
3018305,18.11972044369101
3018306,24.118514243912045
3018307,1433.7969005253635
3018308,187.3398546427239
3018309,4638.882697199718
3018310,290.940249284955
3018311,82.05014528956852
3018312,11.244308247016935
3018313,0.041741280658748124
3018314,16.046660839315436
3018315,4639.566888083047
3018316,0.018481823109203654
3018317,698.3896196872147
3018318,14.73018633361161
3018319,1872.511038173937
3018320,1088.1293674656451
3018321,656.6992108343368
3018322,134.7716925604069
3018323,173.1010242531177
3018324,7087.350226723262
3018325,52.00588794274929
3018326,0.510058684727984
3018327,31.57302130216685
3018328,39.69798818910806
3018329,0.27116618529888076
3018330,506.0576664416959
3018331,30.732000212440816
3018332,14.435307690935629
3018333,10.330868514342278
3018334,152.06185102802317
3018335,4.953009204273033
3018336,1280.1484393671358
3018337,670.5447787562057
3018338,13.839726248880579
3018339,25.883189209743897
3018340,1150.411148745071
3018341,78.5770583773362
3018342,1745.2677815355119
3018343,137.922315041384
3018344,36.077364603278234
3018345,10.483516127439772
3018346,0.038514588173278685
3018347,9.498005747358627
3018348,6398.84392779319
3018349,0.03979910073415635
3018350,1124.5235243989189
3018351,24.50670468759326
3018352,1703.788130973781
3018353,1959.040910601776
3018354,514.1840891635452
3018355,452.82614993764207
3018356,385.7316018868117
3018357,7016.325865696443
3018358,76.34784564008534
3018359,1.5988543161663094
3018360,48.4397541244664
3018361,65.48062785036912
3018362,0.40686655539237415
3018363,461.93287073108377
3018364,27.379542976119048
3018365,36.87050714791057
3018366,15.417755101489814
3018367,305.45018620445285
3018368,12.807327803849024
3018369,1360.585419530684
3018370,472.56341873130475
3018371,13.535735867612413
3018372,26.543752619353285
3018373,1307.5068946718172
3018374,215.79730840660432
3018375,6227.418042641614
3018376,221.82398110847427
3018377,106.56124963154275
3018378,3.8982022105626313
3018379,0.13789745811735457
3018380,3.8939806493115015
3018381,1750.5413229599524
3018382,0.029469645694576826
3018383,318.2764961158743
3018384,26.066040666544705
3018385,864.7783862408802
3018386,438.69742572759253
3018387,221.39341205401456
3018388,97.21827785440927
3018389,118.29715575492911
3018390,2662.3047977543665
3018391,55.22799888044995
3018392,0.7326038233313539
3018393,23.49085923595907
3018394,18.295457344817848
3018395,0.09062356730883386
3018396,183.7963726642751
3018397,10.464596532108535
3018398,11.14687600597837
3018399,6.527445013334024
3018400,79.32567350893649
3018401,5.241869776049946
3018402,285.95270427795253
3018403,196.39334656028933
3018404,2.985603572495726
3018405,6.135065004168162
3018406,280.09580815817975
3018407,55.36826921631483
3018408,1471.8345510777135
3018409,0.3703858684173476
3018410,12.723127171376973
3018411,10.625307451428178
3018412,0.045230782788593424
3018413,9.619486388669277
3018414,4225.637848458087
3018415,0.04053293014156458
3018416,603.7142835605559
3018417,30.725951391672293
3018418,1581.6858761146846
3018419,931.8368955838982
3018420,505.00702966613517
3018421,128.29006925977365
3018422,172.5944762058162
3018423,6270.430445348283
3018424,101.21639995118662
3018425,0.8811558507983663
3018426,57.26868407437425
3018427,31.902246963198994
3018428,0.3464832963097081
3018429,387.14552322141174
3018430,19.823718592697265
3018431,11.358490024995042
3018432,2.473087463228995
3018433,170.12885018007
3018434,6.021418591264423
3018435,778.2776870469846
3018436,488.008064512381
3018437,11.039103464196721
3018438,16.712794719478076
3018439,529.1238580087181
3018440,82.15751449347891
3018441,1952.7372139250779
3018442,246.4082605966877
3018443,33.49553710238196
3018444,8.207319829166721
3018445,0.04465078256181117
3018446,4.206506100411107
3018447,4400.306725346989
3018448,0.03992240157376716
3018449,824.2965392557935
3018450,9.199262810732288
3018451,1362.736891665455
3018452,1471.0053617641238
3018453,312.04190743037964
3018454,378.9538332854864
3018455,346.92650632648525
3018456,4793.269607144793
3018457,35.11190133335261
3018458,1.6363378977807084
3018459,28.638113274666228
3018460,31.663895275088098
3018461,0.3895863544572482
3018462,282.00915583206404
3018463,1.086401768784833
3018464,49.49426825717207
3018465,4.864566637162417
3018466,206.33631632989102
3018467,8.1023470888675
3018468,1152.4938187579073
3018469,247.57088111177592
3018470,20.10871528606743
3018471,8.727005851323215
3018472,2577.528351244321
3018473,123.6641441719915
3018474,4688.2710594490245
3018475,3.1942722664412657
3018476,61.75694961397732
3018477,9.181328518379058
3018478,0.08301164454719678
3018479,5.247196483444688
3018480,4344.18193145706
3018481,0.048580017372500006
3018482,888.9972652676681
3018483,10.674661408589571
3018484,1611.0533883195235
3018485,1182.1047783364147
3018486,414.61627904109514
3018487,225.21779861851394
3018488,439.8588427281161
3018489,5894.92711043805
3018490,57.102512869937115
3018491,2.1521038752987676
3018492,44.678290134131515
3018493,37.726247529162464
3018494,0.43631534454724935
3018495,356.76514906812974
3018496,5.714963376779439
3018497,54.259471456813614
3018498,6.257029937299436
3018499,279.02518182804425
3018500,6.354522372340539
3018501,844.6447270386456
3018502,310.866266321646
3018503,14.120505971094863
3018504,20.266536733384434
3018505,637.5156225286486
3018506,154.75599707596842
3018507,4460.526536846063
3018508,1.9647245050790363
3018509,9.995492435222086
3018510,6.298681433659204
3018511,0.0584928349017398
3018512,1.6174203017244722
3018513,2352.4215589088944
3018514,0.03355314736488461
3018515,421.92049392252056
3018516,7.370864762913738
3018517,981.9391675480009
3018518,431.6410374947417
3018519,230.77207480313922
3018520,101.30081490415071
3018521,138.99979151388467
3018522,2870.1415922028664
3018523,13.363772606563328
3018524,0.7164806705395637
3018525,20.106746597727902
3018526,20.737327085820983
3018527,0.14314816575951103
3018528,190.35542061974735
3018529,1.3447399489729113
3018530,10.813445512989432
3018531,4.364436581151599
3018532,98.69081261948651
3018533,1.1577649349125763
3018534,442.93356317376066
3018535,160.43559103204723
3018536,4.7344407775577215
3018537,4.402547491338501
3018538,227.03166492848248
3018539,60.68267822055405
3018540,1828.4735968965026
3018541,0.03921649961250547
3018542,4.1027947401345894
3018543,6.30940616262295
3018544,0.13210316936190505
3018545,3.454915922571337
3018546,3128.228557298597
3018547,0.14237116133632588
3018548,216.64370557931682
3018549,11.598974742675095
3018550,1235.0072640940175
3018551,249.63337999310187
3018552,261.97810081708167
3018553,70.28119847330062
3018554,49.20827479359489
3018555,3177.6434697612585
3018556,19.668972560715464
3018557,2.393553527637791
3018558,29.433381605459275
3018559,16.50622304451926
3018560,0.34816682665508264
3018561,220.99498715490876
3018562,2.1343170159433753
3018563,6.794928460343889
3018564,6.259254100919375
3018565,38.85561807566252
3018566,5.448020344506057
3018567,57.559995537480034
3018568,197.17174650111315
3018569,4.956784668927137
3018570,9.886285746588964
3018571,80.02961966168891
3018572,86.08216113837
3018573,600.0611539853721
3018574,0.5725768637070008
3018575,5.273659975611394
3018576,5.87471572987757
3018577,0.06567475420626104
3018578,6.124805986141451
3018579,3262.7654544295888
3018580,0.046627026980458494
3018581,480.54809717993976
3018582,13.879095430435601
3018583,1338.4214588690008
3018584,819.0618195123606
3018585,359.6508569330713
3018586,182.49415724484663
3018587,153.44797731767622
3018588,4229.4683176805775
3018589,31.766516140890722
3018590,1.2014472818528028
3018591,27.898273739724623
3018592,53.353870209750035
3018593,0.1522415557193076
3018594,296.4175392693479
3018595,20.044776248260575
3018596,16.021276508132765
3018597,9.392742280022118
3018598,142.56375429893765
3018599,6.730976368173749
3018600,629.7389011669198
3018601,251.82445876825363
3018602,8.737206542505564
3018603,11.63185119034268
3018604,666.862161598683
3018605,96.52512680374403
3018606,2207.696663493819
3018607,0.0788263741719143
3018608,50.02529082340541
3018609,4.609520423283186
3018610,0.06900681396359748
3018611,4.532184172899398
3018612,3803.003823695859
3018613,0.11075022924955706
3018614,620.7668690663506
3018615,22.336324867261975
3018616,944.9424103068172
3018617,1189.12716180108
3018618,218.7665459988828
3018619,275.5494251522485
3018620,259.13734214312603
3018621,3600.0650251687416
3018622,36.50383676353964
3018623,1.7946787471241592
3018624,22.170053602605254
3018625,25.720758490164812
3018626,0.42618420982273725
3018627,200.4448196215589
3018628,11.608080607452283
3018629,39.36796414600772
3018630,11.413850120460634
3018631,213.7376474643567
3018632,8.144379370356983
3018633,792.3688918456353
3018634,209.73987084488718
3018635,6.026784926207853
3018636,17.15926945705476
3018637,793.6935781938844
3018638,119.9775547003086
3018639,4179.538127157181
3018640,0.30754934822810903
3018641,59.49115897382447
3018642,3.6503929756709876
3018643,0.2512731873620802
3018644,9.573095058983238
3018645,4373.403209167621
3018646,0.039379472582466574
3018647,742.7843917496974
3018648,23.757356025621494
3018649,1103.5394914823123
3018650,1278.0391286875736
3018651,302.03722545042655
3018652,315.01698704074863
3018653,159.98565244208976
3018654,4466.419012068339
3018655,37.94120709011058
3018656,2.733655886543324
3018657,28.271685560721725
3018658,37.192188184782474
3018659,0.07929321040297732
3018660,287.85819815795514
3018661,27.145737544980648
3018662,26.395005066332452
3018663,18.016571646227646
3018664,193.4765609230583
3018665,10.616444614871469
3018666,751.1298269237509
3018667,287.8042526088931
3018668,11.074497831490124
3018669,15.062971039143944
3018670,828.6523098083808
3018671,140.99241274433604
3018672,3594.4859129402935
3018673,0.7469675488676435
3018674,61.83418442484286
3018675,8.067448112501799
3018676,0.10570995440496761
3018677,4.283189226729254
3018678,2820.4822578016483
3018679,0.026332214997418484
3018680,396.0388465563308
3018681,10.039856536611948
3018682,1397.9461146515614
3018683,569.0726417363666
3018684,578.8713121788053
3018685,123.85220432561981
3018686,87.8263570131222
3018687,5089.901381426549
3018688,10.968909538868493
3018689,0.8276874813226693
3018690,23.704807059554874
3018691,27.878793250940188
3018692,0.05566374214790376
3018693,311.93567152812375
3018694,4.7268177467625545
3018695,3.3264737368842576
3018696,5.490127071538937
3018697,49.783844027000896
3018698,1.5724378910796453
3018699,261.0550597025094
3018700,345.3487076340748
3018701,5.96651948439568
3018702,5.018853845252857
3018703,478.91103827998205
3018704,74.54217794490557
3018705,1123.7742170998165
3018706,26.548849762585768
3018707,8.95109714284235
3018708,5.164868128084512
3018709,0.06140387946259485
3018710,5.504501005896682
3018711,2134.4099332927904
3018712,0.07024099616907671
3018713,288.52552547061185
3018714,9.791140594789251
3018715,521.3763186169247
3018716,595.4445946570794
3018717,129.69481858605258
3018718,142.69319524400558
3018719,134.40441464433644
3018720,2235.6148708829232
3018721,16.134798481044065
3018722,1.2448572815199637
3018723,14.477599755123425
3018724,28.027310875437237
3018725,0.3602603984052934
3018726,177.56718686021918
3018727,14.176471037231654
3018728,15.420084727095901
3018729,4.660231236390661
3018730,126.79098276448548
3018731,6.169965717205933
3018732,266.4612248264535
3018733,148.04536959088384
3018734,5.206877341451462
3018735,7.825420420320474
3018736,246.23699057437125
3018737,59.64746732931363
3018738,2168.1236401514275
3018739,0.03455534554644852
3018740,23.927447466950824
3018741,2.5106804459548555
3018742,0.11175721585913433
3018743,1.9346457849371783
3018744,1643.7605909248698
3018745,0.03948822556469374
3018746,122.51551064589043
3018747,7.71256210272743
3018748,1080.6128410822137
3018749,298.9043910200393
3018750,268.89580227395425
3018751,54.74363559199516
3018752,61.62042565997845
3018753,3201.8584844734623
3018754,12.313947070777896
3018755,0.4263699374890576
3018756,15.553884319602616
3018757,12.77780503081442
3018758,0.1330443637938064
3018759,221.71306125663222
3018760,3.0695517918726893
3018761,0.1415224259244611
3018762,3.3841036783831737
3018763,24.187265805565378
3018764,0.947374737095203
3018765,182.0301416344763
3018766,230.80116840033074
3018767,1.0353486384702617
3018768,6.429286582635687
3018769,145.2599355126337
3018770,34.070594139623275
3018771,250.33785984788187
3018772,44.42378673699012
3018773,3.3181845861853
3018774,9.145347538365035
3018775,0.1418714870274287
3018776,4.898142848404788
3018777,4047.1597299790856
3018778,0.04201721331308903
3018779,524.626388153888
3018780,16.98270151298909
3018781,1846.6330642060439
3018782,563.7645249988778
3018783,414.6886162640794
3018784,199.28435718805912
3018785,112.03485794513215
3018786,6715.245686569135
3018787,39.39080031046819
3018788,1.1200041185622633
3018789,30.2082080459215
3018790,27.652310492600765
3018791,0.21896947741779266
3018792,423.6236619421158
3018793,9.531292430802852
3018794,2.675936308007471
3018795,8.263397446589673
3018796,68.0092634699424
3018797,2.108493776465868
3018798,580.9333542773522
3018799,391.80528142587775
3018800,3.7492393120916683
3018801,14.842787476367105
3018802,410.5140173657685
3018803,83.69623043098397
3018804,1188.1039768364938
3018805,21.695634432164805
3018806,16.784057016544956
3018807,5.8503524929199315
3018808,0.05915007551812078
3018809,0.6836949553386829
3018810,1783.3930546284519
3018811,0.0330052276184912
3018812,196.31802036367586
3018813,11.866297861648235
3018814,1332.220509902516
3018815,400.51397426380686
3018816,201.26762116070506
3018817,62.608605149489364
3018818,63.46026248339334
3018819,3059.5779506647696
3018820,13.765343619031931
3018821,0.5194109876423282
3018822,18.312024058967964
3018823,19.90717793949958
3018824,0.33061651261383956
3018825,183.8232253439584
3018826,10.062868629513407
3018827,0.08879551235972229
3018828,12.527261130785085
3018829,61.167503381934054
3018830,1.5247263406006692
3018831,155.9957516500409
3018832,207.26431321585957
3018833,1.5316058458753234
3018834,6.945384896512081
3018835,140.43564844120831
3018836,38.42880510945268
3018837,361.0778573251363
3018838,17.34241212307898
3018839,5.097588098662004
3018840,5.128443214513956
3018841,0.06563074214064027
3018842,5.137471684902522
3018843,1935.080678625714
3018844,0.04312467661650285
3018845,139.19637812474403
3018846,9.627979432709502
3018847,1093.6757665370176
3018848,328.60061100353363
3018849,195.19824727831184
3018850,48.08866956117335
3018851,49.15425627671228
3018852,3358.0801916090622
3018853,20.060423237688973
3018854,0.30098057356748076
3018855,20.117989146321776
3018856,12.715240165206378
3018857,0.13084274985721467
3018858,192.94972210429924
3018859,1.853831642200178
3018860,0.10055712733105081
3018861,2.7616328718548218
3018862,57.89575271038366
3018863,0.7369750882900277
3018864,197.50646057360217
3018865,240.2168231975585
3018866,0.6705393252779515
3018867,5.613172683495278
3018868,119.60850614190161
3018869,26.843633747823418
3018870,200.62420265146682
3018871,43.89683482267183
3018872,5.584997792835978
3018873,4.054400441164747
3018874,0.15223144116426324
3018875,3.6980566440977976
3018876,1732.6678565538018
3018877,0.05310070313912929
3018878,184.97210702005916
3018879,8.102298398428378
3018880,1754.1363987350173
3018881,429.7191794824106
3018882,260.7692333139164
3018883,35.922078843782266
3018884,70.82214649046799
3018885,3731.6140274452737
3018886,8.566177472758174
3018887,0.7098116326772599
3018888,14.912577166867447
3018889,30.80835397486078
3018890,0.26186389118305353
3018891,276.2301847246788
3018892,1.0553793568670047
3018893,0.09607270165681345
3018894,4.231577721398736
3018895,27.217698157348497
3018896,1.7959042590528584
3018897,363.78105788140505
3018898,359.1608033646122
3018899,1.5482305505597478
3018900,5.663458328188709
3018901,134.45814081306543
3018902,98.59346800276259
3018903,432.41937677408424
3018904,12.178428979760259
3018905,7.012297406048859
3018906,3.8048869391186892
3018907,0.34971462281449656
3018908,2.5758984584414595
3018909,1794.5415738344964
3018910,0.02895851924004693
3018911,172.35382077266598
3018912,4.093756313963611
3018913,1023.5391071072687
3018914,298.019623816762
3018915,228.73951867127965
3018916,83.1280536559973
3018917,89.44628721799089
3018918,2482.837887470099
3018919,8.138616761020197
3018920,0.993922532212045
3018921,14.444866037280436
3018922,14.62959550353991
3018923,0.1878700815134615
3018924,226.91102744606962
3018925,4.932187390083499
3018926,0.07668425116360908
3018927,2.905591694669458
3018928,36.77527143605728
3018929,1.748158501039001
3018930,123.38705275531792
3018931,193.9887226791837
3018932,0.8437261073309843
3018933,4.939190211928667
3018934,90.16741573416851
3018935,50.00042625776423
3018936,551.2549314296813
3018937,6.847515245162475
3018938,3.860776013642413
3018939,6.228484382016754
3018940,0.2441287260847468
3018941,1.955539405286813
3018942,1388.3293679272392
3018943,0.048635725139977055
3018944,166.17752485205523
3018945,6.412981596742659
3018946,1021.5686226352097
3018947,266.437570374185
3018948,174.80170095251327
3018949,106.43313920357394
3018950,65.16070458693383
3018951,2428.1464112367876
3018952,6.002312799324442
3018953,0.4595466323438415
3018954,16.075053850349665
3018955,15.864796201574219
3018956,0.41815563432490355
3018957,171.20810635808613
3018958,0.15769660529701668
3018959,0.09207585194169243
3018960,3.7319315729442737
3018961,58.2437397802706
3018962,1.918931734821153
3018963,58.55231247247302
3018964,161.86508042329788
3018965,1.7898608836332897
3018966,4.915018480103557
3018967,65.30154935207479
3018968,41.90255882448966
3018969,474.10561167142555
3018970,0.08044252225745661
3018971,1.217437975527292
3018972,9.654636403660406
3018973,0.6480223242538987
3018974,3.4749831216247595
3018975,3144.8193660375237
3018976,0.0416270312100156
3018977,292.46450013334857
3018978,11.473173813859761
3018979,1373.5499716013735
3018980,610.5806329014395
3018981,468.42020493761004
3018982,155.44496463549046
3018983,182.42631859917816
3018984,4326.236542771054
3018985,22.33125070394707
3018986,1.9456121210366213
3018987,21.710569795398772
3018988,33.43241946783469
3018989,0.4711812563648767
3018990,265.8194406447954
3018991,1.1193132191362654
3018992,0.40626471724034063
3018993,13.491686543487502
3018994,66.04592301644173
3018995,2.658573242663404
3018996,211.30216105800062
3018997,266.9948976331589
3018998,2.552685836087697
3018999,10.052571441319333
3019000,372.54601204020275
3019001,71.327085918725
3019002,1321.4592410680004
3019003,41.99213362552283
3019004,18.53765150160732
3019005,5.786257783283611
3019006,0.1303325171228055
3019007,5.399839567501993
3019008,2704.7255466316356
3019009,0.04469347528502777
3019010,551.812428113996
3019011,7.245547002054826
3019012,749.5222280857741
3019013,618.7411418217092
3019014,251.3631397703328
3019015,202.35533228528772
3019016,99.81215897767572
3019017,3132.0995919847546
3019018,20.461434309755056
3019019,0.9086106534786699
3019020,28.035885882108623
3019021,21.980612700411147
3019022,0.25058402250544354
3019023,215.30826705217385
3019024,13.72302555503882
3019025,6.312128604332371
3019026,5.202109189195651
3019027,95.67200519443314
3019028,2.4630360265885702
3019029,121.21257934050892
3019030,198.06254474959093
3019031,4.636366896532589
3019032,9.177371595225011
3019033,218.53579924940288
3019034,55.934279594533635
3019035,1736.8548526558081
3019036,17.01027975344452
3019037,23.218629093401983
3019038,7.506236927734454
3019039,0.44889356039037687
3019040,6.220158441847508
3019041,3588.9528210179146
3019042,0.04492740808484509
3019043,268.4501436104999
3019044,8.810763271639654
3019045,1608.3398757922405
3019046,462.3582548235189
3019047,344.19981354689287
3019048,68.29121418162794
3019049,69.79460395200208
3019050,4888.914024424242
3019051,21.773951726481407
3019052,1.3118007020459228
3019053,18.02002677157831
3019054,21.041613935548728
3019055,0.24723912876475312
3019056,272.61241684199035
3019057,11.754589626964126
3019058,0.36881735857263453
3019059,4.84251496285775
3019060,68.96698203251957
3019061,1.5864667098889895
3019062,203.49018158008113
3019063,268.7340560711584
3019064,2.1695645085074773
3019065,5.706255505865691
3019066,264.43477096654584
3019067,29.825885317932872
3019068,543.2662876071277
3019069,12.25939903147915
3019070,6.801425841554803
3019071,9.768944714526647
3019072,0.12093999752935042
3019073,10.645413891096915
3019074,3220.7353864743936
3019075,0.0657432438599916
3019076,659.4088002565144
3019077,15.124610015866768
3019078,877.3853469728331
3019079,837.2613276507254
3019080,289.3898033372251
3019081,175.20527698613097
3019082,140.00166894216528
3019083,4008.736898541323
3019084,45.0370679149939
3019085,2.2378487674553056
3019086,28.801477779502804
3019087,29.780776867371436
3019088,0.334695283474031
3019089,282.5402330237109
3019090,30.21040370116016
3019091,20.955129333074623
3019092,7.660111715911346
3019093,145.97257815358742
3019094,8.954175488284196
3019095,437.16473501618276
3019096,283.51974487256433
3019097,9.256361333721358
3019098,11.495919674404185
3019099,477.7280579456254
3019100,114.88808963880774
3019101,2281.13256279294
3019102,0.1528603133042401
3019103,48.558525877134215
3019104,10.335704830590071
3019105,0.16285244831765075
3019106,6.964650021367216
3019107,4517.014210882908
3019108,0.0562927275194724
3019109,538.2856457218079
3019110,13.12519742612606
3019111,2352.957350813532
3019112,837.3173594249577
3019113,694.5921439915337
3019114,103.43641334579345
3019115,155.9008633194627
3019116,6794.63142276733
3019117,18.775348059562383
3019118,0.45107990591518043
3019119,25.87429013775094
3019120,22.24124562317048
3019121,0.2256928777412703
3019122,399.0613579507083
3019123,3.2216493817592124
3019124,5.980975402879846
3019125,8.571675090866744
3019126,104.84968510715245
3019127,1.3813136337099234
3019128,386.9233084905911
3019129,472.3794282235009
3019130,5.92906021851771
3019131,7.801303722430067
3019132,357.086355208771
3019133,95.79568438039146
3019134,1248.0247259498303
3019135,16.35496612024786
3019136,24.565244525314107
3019137,14.800037120276112
3019138,0.21115375491686383
3019139,3.8540915216400755
3019140,3354.9300935206984
3019141,0.041357583846262
3019142,449.16547447172064
3019143,7.562451217931919
3019144,1930.5239200773535
3019145,634.3462157749121
3019146,351.4460430111379
3019147,256.9760049940465
3019148,147.307445676786
3019149,4494.2300724232255
3019150,15.964889257918191
3019151,0.42725306883013414
3019152,43.99917475225154
3019153,37.510443923490584
3019154,0.2782527073535237
3019155,396.60142662008553
3019156,5.075665123503806
3019157,4.817358245059278
3019158,9.671158419176177
3019159,161.13279775933006
3019160,1.7655218008038966
3019161,124.60121998323945
3019162,352.954452296229
3019163,1.6802528477556264
3019164,4.296394139138119
3019165,204.61232903320672
3019166,152.81070192289354
3019167,1475.6593904000417
3019168,0.6978273931299329
3019169,9.004236490809033
3019170,4.867606777254056
3019171,0.1629799116164839
3019172,1.4185497763161434
3019173,1728.5601328895536
3019174,0.044145007041565695
3019175,149.0443157586081
3019176,10.814497629938971
3019177,850.7351246031457
3019178,325.07986130916794
3019179,137.3310614799439
3019180,47.79669027449512
3019181,97.23179244967895
3019182,2528.922014198876
3019183,12.309231813651255
3019184,0.6792606846960781
3019185,27.290613785609416
3019186,16.94446960023328
3019187,0.12470737810203639
3019188,173.38027272936222
3019189,0.6117958043608095
3019190,0.31403097090149695
3019191,2.921924338421579
3019192,132.15240389160311
3019193,2.4382432189729477
3019194,91.71879000900813
3019195,172.3553489393237
3019196,1.9198065548984478
3019197,5.956492165678323
3019198,91.92500171359313
3019199,29.06202344099247
3019200,400.5593983719597
3019201,63.06870274403805
3019202,1.5475577232942581
3019203,2.7358357060187397
3019204,0.07625641596991868
3019205,1.3894898259066493
3019206,1440.843555306701
3019207,0.05909801106317319
3019208,264.591614146897
3019209,14.685276441676535
3019210,529.4374752745989
3019211,460.4309926507305
3019212,151.02737103032672
3019213,53.4215230658505
3019214,79.78659772539721
3019215,2146.1907143054195
3019216,26.327255031710088
3019217,0.557995345345665
3019218,14.26759768246045
3019219,23.227671362323974
3019220,0.1535724487962417
3019221,138.80038628775742
3019222,13.864820257695477
3019223,5.742575975264287
3019224,3.7504049136384987
3019225,85.20541971981189
3019226,6.011238245724226
3019227,305.83571247424663
3019228,171.96580499549646
3019229,4.514112569523602
3019230,5.578749042694075
3019231,199.16407592675915
3019232,35.83587222289835
3019233,1065.3583110053034
3019234,0.029048345075986453
3019235,6.724127529322944
3019236,3.635785522983604
3019237,0.17060080814393896
3019238,6.506008920666458
3019239,3933.674678368361
3019240,0.06786379969800704
3019241,833.5039293783152
3019242,21.26351248657147
3019243,1281.277737419894
3019244,1535.0042176157601
3019245,323.52812159436655
3019246,252.7399570432781
3019247,217.214473709993
3019248,4109.795350416367
3019249,50.84061853933054
3019250,0.5345841024705844
3019251,24.45060747109524
3019252,40.773742840101484
3019253,0.20495424813160198
3019254,312.22671847183034
3019255,12.519248865121039
3019256,51.5267586792029
3019257,12.924582913419481
3019258,193.55445481651412
3019259,13.806183523026691
3019260,436.76871652868
3019261,345.4369664453063
3019262,20.034817240962376
3019263,8.256787828174799
3019264,548.8916608924983
3019265,140.64913146242148
3019266,3094.330340946669
3019267,0.16236046676483756
3019268,24.327145705493866
3019269,4.677596331475004
3019270,0.14053360702263062
3019271,2.541478799070898
3019272,2226.7259306929664
3019273,0.0366991153471015
3019274,384.52578493492945
3019275,7.804567458819988
3019276,479.490489492293
3019277,591.1366449704065
3019278,177.95505450561365
3019279,133.8502093820403
3019280,135.53967061297203
3019281,2051.6863751404094
3019282,25.74147235433395
3019283,0.7843772155472842
3019284,11.723927342765972
3019285,24.1804680034358
3019286,0.13059680474775218
3019287,108.9415541965927
3019288,0.19784866944494528
3019289,21.94553795251453
3019290,3.9067212344114224
3019291,402.03636320187354
3019292,6.985118818656462
3019293,194.89608152581468
3019294,134.07109997085985
3019295,4.585661222057352
3019296,8.012571518349485
3019297,192.42694937713796
3019298,40.60467021099534
3019299,1453.996217699173
3019300,1.0658317028932305
3019301,4.761442183301017
3019302,7.468846829478984
3019303,0.09204821320410839
3019304,0.258876256262774
3019305,1234.9789478521539
3019306,0.07159647883652168
3019307,243.0944860570945
3019308,11.5648828579886
3019309,446.3658471499592
3019310,276.97607027220596
3019311,112.29461024290767
3019312,44.76445891871819
3019313,48.216726380796885
3019314,1916.756998802715
3019315,26.97597980548785
3019316,0.6957635657997192
3019317,17.318300894369166
3019318,13.23351418366967
3019319,0.2738980897325721
3019320,121.36426597879023
3019321,0.9180121627600948
3019322,11.288646979507375
3019323,3.131208515603104
3019324,44.48123374364487
3019325,0.8154302516825572
3019326,266.75570550193174
3019327,158.4489675556706
3019328,3.5854804066196264
3019329,3.2725592865230375
3019330,178.1755248807106
3019331,29.756652485508084
3019332,526.459430246143
3019333,0.707643310012517
3019334,3.6001992514004137
3019335,9.007487160583176
3019336,0.09950031187047029
3019337,3.19757166872616
3019338,3651.1617227420566
3019339,0.09250273142022253
3019340,607.7203515013372
3019341,26.294364985685334
3019342,935.2090703314145
3019343,1021.1765523561087
3019344,301.1190006646075
3019345,252.5625466398787
3019346,198.91474152555656
3019347,4310.942363870743
3019348,35.030863264272135
3019349,1.3666573414985106
3019350,24.41532466372346
3019351,32.40088270844912
3019352,0.597405767169668
3019353,242.89050791839645
3019354,9.000122505630246
3019355,39.91486848519283
3019356,8.94549603306797
3019357,293.35895019901085
3019358,2.8693613052796696
3019359,309.1392877684789
3019360,271.1174849162824
3019361,10.792694161965397
3019362,8.437229707960407
3019363,381.84893546112096
3019364,82.39240879165563
3019365,2581.096527063319
3019366,1.377280756811897
3019367,15.369306989157593
3019368,7.370446227624328
3019369,0.11371466735538116
3019370,3.2701420584245597
3019371,3666.2016348941615
3019372,0.05782479269234854
3019373,647.3598406018663
3019374,21.525428345520695
3019375,1363.2885420175944
3019376,862.5911343051164
3019377,342.1254608281108
3019378,204.90937971028043
3019379,132.5248145679087
3019380,4914.536470259034
3019381,17.403704348660106
3019382,1.485774321177125
3019383,39.15522237577967
3019384,28.09621226812964
3019385,0.6448519676893855
3019386,286.18326077615603
3019387,0.07333339056162408
3019388,5.298256886512167
3019389,5.838455175015687
3019390,125.91543026206136
3019391,1.9110297765147481
3019392,184.72760574851614
3019393,289.4701471576108
3019394,5.923970356336094
3019395,6.764972707300782
3019396,235.55873529929084
3019397,81.36763296684903
3019398,1395.1918617752387
3019399,2.4625800902198076
3019400,8.655890284223608
3019401,8.435414142684284
3019402,0.3878587897203991
3019403,2.7964652388605544
3019404,3064.133177790154
3019405,0.0581447500529738
3019406,679.6069049699599
3019407,15.32717654640427
3019408,1235.8177171348286
3019409,755.0969062959238
3019410,297.3390357517098
3019411,200.07747819888445
3019412,185.36358494937323
3019413,3966.503242251585
3019414,16.55868295665929
3019415,1.2402248602403678
3019416,20.767006314454886
3019417,21.680050041089586
3019418,0.19000074297447261
3019419,271.15300072357707
3019420,0.19115415321825313
3019421,9.553381395281244
3019422,5.694600394670069
3019423,178.29767690555755
3019424,1.1840478882742438
3019425,136.48464344907592
3019426,300.13726684927036
3019427,6.174687536766405
3019428,4.770974076355623
3019429,207.3445262102682
3019430,69.07842983790596
3019431,1181.287268812061
3019432,1.135408975800082
3019433,9.803989224730156
3019434,12.91693482898933
3019435,0.654825118446739
3019436,17.28374928326603
3019437,8567.970619811644
3019438,0.05114973726012923
3019439,1222.2721880814452
3019440,45.026452831270944
3019441,2064.482425107087
3019442,2109.2947261577647
3019443,370.6845939232068
3019444,474.77879621241993
3019445,439.74531775129697
3019446,6855.688811765263
3019447,86.91225880892111
3019448,2.245155102354614
3019449,40.51339557382008
3019450,51.97989830550101
3019451,0.2214710551879582
3019452,547.2514789900309
3019453,43.64703698585845
3019454,57.69084295528636
3019455,21.91488539442816
3019456,317.3480870851393
3019457,27.767508408423822
3019458,712.1975165401745
3019459,600.4260401047
3019460,23.741906510431715
3019461,26.657232137391894
3019462,1132.1892190709775
3019463,234.00763390069906
3019464,6283.835158032714
3019465,0.786142104017378
3019466,79.82292806246137
3019467,5.119749307095619
3019468,0.3629601233514166
3019469,0.8241176448367495
3019470,1543.4446908449622
3019471,0.027277866127456987
3019472,168.64464367824053
3019473,6.011897356054886
3019474,669.6951681491446
3019475,261.9260279876265
3019476,129.01624913876628
3019477,138.9559208778429
3019478,74.86648580443324
3019479,2079.6766471762785
3019480,5.718601860406195
3019481,0.26345265431681786
3019482,16.197458012057552
3019483,14.72418599916917
3019484,0.25403700390448924
3019485,129.6089345688215
3019486,0.5828160412544153
3019487,0.23191621122271583
3019488,4.906790170466568
3019489,46.83757699369673
3019490,0.8341171790295516
3019491,65.37437746512364
3019492,109.96435970776147
3019493,3.114127749713529
3019494,5.881379943157484
3019495,129.1355141708155
3019496,21.601735639320474
3019497,489.7427644687624
3019498,0.24460876356118938
3019499,4.6577641203284506
3019500,9.527290470371707
3019501,0.23975276350767039
3019502,2.7764093219674697
3019503,3312.369947890981
3019504,0.03298574972287253
3019505,582.8513097659047
3019506,12.600693549196421
3019507,1704.8710444915855
3019508,716.8476765866743
3019509,260.37310648646894
3019510,261.2496621665837
3019511,134.45994114890527
3019512,4930.807361098945
3019513,12.262307271717393
3019514,0.284874736755207
3019515,24.928004581700698
3019516,23.30566179914985
3019517,0.09392634625020649
3019518,322.6777567442041
3019519,1.0195555855476428
3019520,3.179499966902413
3019521,8.260232834382688
3019522,30.008325960876142
3019523,1.288228058929879
3019524,390.272364896319
3019525,333.4226273394638
3019526,3.769598786483252
3019527,8.334303788080502
3019528,163.27989507160004
3019529,74.86747768046237
3019530,1191.7405297761393
3019531,1.1723463981955584
3019532,6.863428272963857
3019533,2.229689387023795
3019534,0.04650554901854523
3019535,1.0672250347780754
3019536,1608.524367654984
3019537,0.03187507712170136
3019538,124.69360457299145
3019539,4.964923873138006
3019540,1274.8539239326672
3019541,163.9589992045941
3019542,90.59390686178212
3019543,106.65752342834963
3019544,33.74993417583476
3019545,2359.746092562217
3019546,2.1524855036987556
3019547,0.27108032482547406
3019548,15.44210109702397
3019549,5.899355301081078
3019550,0.15513139322986114
3019551,113.37385191447302
3019552,0.05042264378619448
3019553,0.07501345780667916
3019554,0.9106033216449944
3019555,40.9829457977263
3019556,0.7047841080089542
3019557,70.1100302425276
3019558,101.96158826083698
3019559,0.5572119386603741
3019560,1.2919000805464227
3019561,58.58228622146153
3019562,13.80549608220837
3019563,233.49557120904308
3019564,0.012480168024146825
3019565,2.895157338804588
3019566,7.261749374261736
3019567,0.06796611717836387
3019568,1.552991645769617
3019569,1832.5379944500062
3019570,0.041645831380781054
3019571,252.1890239614328
3019572,11.5760294729935
3019573,1104.8086717200026
3019574,438.45372507190274
3019575,196.8416852024932
3019576,148.78311093290705
3019577,156.18991870077863
3019578,3306.404805988595
3019579,4.798164629178245
3019580,1.0266335012042895
3019581,24.030237830875087
3019582,19.77585413628583
3019583,0.3211718788738712
3019584,233.9748436216338
3019585,0.3780807006264949
3019586,0.3252155887986446
3019587,11.925319529862552
3019588,45.15970857445141
3019589,1.7933150369902657
3019590,270.37704311462835
3019591,242.126788353564
3019592,2.066307964305884
3019593,6.392963230692466
3019594,138.92149328551338
3019595,30.397282043925415
3019596,1251.916221014504
3019597,0.16493524646207114
3019598,2.2712001751491346
3019599,3.3055667770185497
3019600,0.2850178149085559
3019601,3.5648459515242013
3019602,2769.3821525856442
3019603,0.03628487724316614
3019604,680.7127941292935
3019605,7.01227903946266
3019606,946.1857995595819
3019607,631.5325310004137
3019608,240.44414179929566
3019609,97.24188485801773
3019610,88.66595420164431
3019611,4100.374634712127
3019612,7.630286436902123
3019613,2.8011942729116166
3019614,35.70190755537003
3019615,43.42159587385109
3019616,0.21190263301404894
3019617,229.0593606732657
3019618,2.452877362704389
3019619,7.960668890237561
3019620,3.0595247085693424
3019621,70.94270729984532
3019622,2.1939278943768326
3019623,188.25681049641855
3019624,292.5593422862412
3019625,3.9845359741765662
3019626,6.758465033383336
3019627,156.03371110883973
3019628,29.634592641921444
3019629,599.7672378991457
3019630,2.090475735836175
3019631,5.296402001557791
3019632,4.633989201538771
3019633,0.05739323406414516
3019634,0.4656099406989908
3019635,1836.0963416228765
3019636,0.04463020493164312
3019637,94.37227161675733
3019638,6.390731940662496
3019639,552.787616812662
3019640,225.5905508317207
3019641,103.18038203254312
3019642,152.92300297951607
3019643,80.44955520115556
3019644,2306.090758425793
3019645,10.491263919622387
3019646,0.4242719728978943
3019647,14.077131137282024
3019648,11.038748843806797
3019649,0.229108065510101
3019650,127.11054400572591
3019651,0.08221166656342402
3019652,0.22665242879641304
3019653,1.0697320427499333
3019654,68.64202766291477
3019655,0.7358597228617942
3019656,194.40803894741634
3019657,119.27965798769814
3019658,1.3912058132066938
3019659,2.5670626157441654
3019660,59.70124082237032
3019661,20.043895739594667
3019662,355.3475133619781
3019663,0.11817136740132593
3019664,0.5065296527744724
3019665,4.572699420057592
3019666,0.06002423571582906
3019667,2.1591771205565466
3019668,3826.011752255593
3019669,0.05803254579930025
3019670,459.03090747134206
3019671,12.051615382632935
3019672,1044.1521331916415
3019673,556.2515290259095
3019674,221.39992552998098
3019675,151.781631675293
3019676,158.66435277132908
3019677,4389.031971658392
3019678,13.6666580704281
3019679,0.3914446969346914
3019680,22.783941840407966
3019681,15.83331314433126
3019682,0.31376588430141295
3019683,248.72117959178217
3019684,0.5390390451454953
3019685,29.887262422387145
3019686,3.084992719487969
3019687,78.32878608614267
3019688,0.9949033298907888
3019689,204.36711098712811
3019690,280.88810722058304
3019691,2.55022218450294
3019692,6.707480311386252
3019693,134.033275400154
3019694,54.53483079942533
3019695,1199.0857111633738
3019696,0.5645802844712727
3019697,5.064567370665106
3019698,5.086153269405728
3019699,0.05987587009509167
3019700,10.356405416571615
3019701,3004.597208789782
3019702,0.038968352121622106
3019703,515.4083892183072
3019704,11.341325570420791
3019705,932.357157013648
3019706,822.5686759028197
3019707,170.11555548902214
3019708,146.74179551313182
3019709,110.9011437097582
3019710,3726.037876046971
3019711,57.40726961329758
3019712,1.604273899962466
3019713,17.944217332383193
3019714,28.990063934386768
3019715,0.5960492388867549
3019716,272.28884590354204
3019717,22.449240779028077
3019718,21.652295385024857
3019719,3.468761517001751
3019720,144.72775895455015
3019721,11.004985929437463
3019722,220.37030492203
3019723,291.8790250699885
3019724,15.377331347133126
3019725,16.48259821222464
3019726,273.4384598531856
3019727,57.826777296672134
3019728,2406.276136097762
3019729,0.037301966938278155
3019730,11.764393009737816
3019731,7.694180759092587
3019732,0.10066514797563789
3019733,9.958332153745287
3019734,3537.74780709659
3019735,0.04187213871147845
3019736,517.6929568724014
3019737,12.87025729864077
3019738,1324.7793379211716
3019739,840.5855415774947
3019740,178.78861438109314
3019741,115.76248909725778
3019742,123.79914653937004
3019743,4549.566583074147
3019744,35.9339073932957
3019745,1.3114425634933817
3019746,40.962907496304496
3019747,59.44622676686712
3019748,0.13806600409554254
3019749,435.1254655143482
3019750,29.218738655369215
3019751,24.6464138254448
3019752,8.390002234233428
3019753,127.64569390116361
3019754,12.32075355866591
3019755,169.14184326000264
3019756,510.55893913680245
3019757,7.501358678497274
3019758,13.848116095476481
3019759,154.7302961905756
3019760,92.31498748253125
3019761,2153.709837268466
3019762,0.333593610289453
3019763,20.98756361562944
3019764,12.712946015727143
3019765,0.16407229677501445
3019766,3.2472269354251306
3019767,3769.0073869195635
3019768,0.043563360496052486
3019769,714.5223305579286
3019770,6.464018232734189
3019771,2150.536785021778
3019772,636.552860607618
3019773,239.69491808531686
3019774,341.40301112798375
3019775,120.53799422545558
3019776,5636.993774905186
3019777,37.561496467648894
3019778,2.1371150072481844
3019779,34.02294235267138
3019780,23.94419958682034
3019781,0.16471184241799466
3019782,356.66871454981685
3019783,5.316598099481301
3019784,15.394122008737583
3019785,13.101114017663287
3019786,73.01235402495064
3019787,1.8242105156208543
3019788,188.27427432226798
3019789,364.3531335770447
3019790,6.8429731659706565
3019791,12.445199697106467
3019792,263.0078410895528
3019793,62.83652546203029
3019794,1655.8298136603535
3019795,7.350231354292596
3019796,18.43832101597793
3019797,5.5598824456309925
3019798,0.8494808370193652
3019799,4.4895591779743285
3019800,2816.3576870331704
3019801,0.04496462301155943
3019802,419.25328228241847
3019803,11.224232325416967
3019804,903.3720124255508
3019805,779.5303730347914
3019806,253.97318177187685
3019807,159.23771830324307
3019808,121.72063814358481
3019809,3491.445691652525
3019810,34.1779302062533
3019811,1.7794815613139439
3019812,21.32494940766797
3019813,18.947955042628443
3019814,0.28582063555866766
3019815,279.5442390629157
3019816,24.967880086665765
3019817,24.25105196957219
3019818,4.512230228125551
3019819,151.3818759094513
3019820,6.667640115689064
3019821,347.2881605550127
3019822,277.41740693604595
3019823,8.169016426803314
3019824,10.530161423323154
3019825,411.64667855886216
3019826,56.083820887674506
3019827,2301.9819363682923
3019828,0.11102723071771324
3019829,26.733822260458055
3019830,6.46158942146689
3019831,0.15395334175045805
3019832,5.340588406606818
3019833,5578.575983245981
3019834,0.04137223219448445
3019835,468.1165311576249
3019836,9.171890122837944
3019837,2789.5639106894187
3019838,678.1632300674406
3019839,293.6592618975282
3019840,175.59699889720358
3019841,127.96396240802099
3019842,6968.787038030245
3019843,15.80575026412432
3019844,2.144972941408032
3019845,30.957294629119595
3019846,26.093664761440323
3019847,0.37968765596462584
3019848,509.8932721164296
3019849,0.6725011892124847
3019850,0.6020504649753791
3019851,10.863583920411044
3019852,82.9323148592638
3019853,2.5415068857842025
3019854,174.3370274308558
3019855,445.5588566574837
3019856,5.664579233827405
3019857,11.119419867597646
3019858,201.42681469406716
3019859,84.00726879222749
3019860,1199.2717870504928
3019861,0.06770830618410528
3019862,6.987171436382715
3019863,9.400897245765199
3019864,0.0481518068111773
3019865,5.8802111010899
3019866,3134.909085440231
3019867,0.03358677459382012
3019868,526.2057632263518
3019869,12.2667796319936
3019870,1047.1450695913288
3019871,744.965167403904
3019872,253.0114558362228
3019873,152.89041618574205
3019874,184.73725078048687
3019875,4156.267798887447
3019876,56.96734683868159
3019877,1.0101001763970774
3019878,30.256127156414127
3019879,34.68687712022498
3019880,0.14723702006326378
3019881,272.8857572880264
3019882,19.88326621859074
3019883,23.312065952891572
3019884,8.487661226007177
3019885,216.42557697236293
3019886,12.48571941341355
3019887,227.97233070762883
3019888,464.38389134551494
3019889,12.976936899338419
3019890,8.740163849474449
3019891,195.27394224977616
3019892,73.2702780446522
3019893,2018.7389162447512
3019894,0.17186866535663253
3019895,7.255737786301163
3019896,5.309115557990946
3019897,0.04798373248846344
3019898,3.6631824983419494
3019899,3842.2439400281487
3019900,0.03228819196610227
3019901,521.9576199562775
3019902,14.598762346623225
3019903,779.0907047979067
3019904,847.5719960011402
3019905,202.55918914044167
3019906,157.24728371379547
3019907,124.96352320376096
3019908,3435.6456686372276
3019909,35.074218697625774
3019910,0.6983961681583684
3019911,17.23095021306829
3019912,22.992621342669462
3019913,0.10496013799034346
3019914,242.93380626182125
3019915,18.783096165111704
3019916,42.62055654620183
3019917,4.4499372046850745
3019918,122.76011976067821
3019919,7.004058797613023
3019920,263.4931593525937
3019921,247.89581320409576
3019922,10.18127408057804
3019923,8.222100966395825
3019924,251.13282858685767
3019925,59.841311468093856
3019926,2318.2430147351156
3019927,0.18472703765380888
3019928,15.695632671612879
3019929,10.037127606219265
3019930,0.1001038192184642
3019931,4.1393419455329195
3019932,4874.593016460878
3019933,0.044419636218862406
3019934,548.2671733689104
3019935,17.09304903241148
3019936,1292.3302198754277
3019937,619.139371364874
3019938,293.5481105546677
3019939,188.76724509342915
3019940,122.97374602915994
3019941,4892.615476614839
3019942,12.40964710919998
3019943,1.1046485021972527
3019944,22.151015192951895
3019945,27.80380559058142
3019946,0.15633008771848989
3019947,280.69450478606507
3019948,0.5435417095046735
3019949,10.628587544102722
3019950,3.652245722746495
3019951,117.03689729546463
3019952,3.550876011113018
3019953,194.40159986153174
3019954,326.6174471624263
3019955,4.814572908339226
3019956,4.840460854044658
3019957,214.75782260865648
3019958,109.78521318633958
3019959,1111.091783390586
3019960,1.3739458921996748
3019961,4.158323674073628
3019962,16.134491214378404
3019963,0.06267148219891244
3019964,24.309652263727237
3019965,12050.76131126421
3019966,0.04824430647824004
3019967,1810.5169973235857
3019968,30.80680248400848
3019969,2875.115410471731
3019970,2929.921908854756
3019971,673.5512714877132
3019972,713.6275325170855
3019973,560.1277318958071
3019974,12072.343626044045
3019975,123.48720706285607
3019976,5.211434213104317
3019977,112.27709157736552
3019978,145.91423517025703
3019979,0.5863603865083069
3019980,877.4398288513701
3019981,48.782538136323666
3019982,41.6313497175479
3019983,29.777084286674906
3019984,514.831895633071
3019985,31.68528776177412
3019986,1009.1673450888186
3019987,836.6340039809164
3019988,47.04848603033801
3019989,45.25399447849009
3019990,1328.7742557892743
3019991,288.59927756685283
3019992,10300.676285055632
3019993,300.5027053186916
3019994,118.9398276211187
3019995,15.666895117551464
3019996,0.06426248127776424
3019997,18.669236631487117
3019998,11294.227067946118
3019999,0.06254940552026464
3020000,1385.2122230416517
3020001,31.047282250496206
3020002,3035.7016326228986
3020003,2491.0126975718163
3020004,864.5379602213062
3020005,425.3279334637085
3020006,442.4247685143853
3020007,12015.94338190342
3020008,170.19668735308076
3020009,1.986992086006529
3020010,79.58824780747545
3020011,98.63910323687335
3020012,0.9115715447169523
3020013,860.5177147441077
3020014,45.58605792228009
3020015,48.899881890495905
3020016,40.37272671031661
3020017,336.2980794282588
3020018,19.932606957787737
3020019,1334.8125552597762
3020020,949.9020349186753
3020021,33.10360840277665
3020022,38.712354780905926
3020023,1517.4421050180158
3020024,259.46451542124817
3020025,6498.861509842396
3020026,467.93575954718574
3020027,105.21391092733029
3020028,18.779907400873437
3020029,0.05607223507198732
3020030,25.45667292387359
3020031,7882.3242431928575
3020032,0.09058822529372304
3020033,1105.1652909865309
3020034,20.124871309048643
3020035,3127.371948864631
3020036,1882.7503518932458
3020037,994.2321066535895
3020038,211.806236271577
3020039,319.35785528229815
3020040,11886.967356512796
3020041,64.00521635823407
3020042,2.036595152646691
3020043,51.147219119955466
3020044,36.15002249754693
3020045,0.45890648914401383
3020046,913.1701253934154
3020047,53.363966110921595
3020048,34.7284607158474
3020049,15.700002632256918
3020050,253.29537502288915
3020051,9.80129384074181
3020052,1047.472617779119
3020053,1051.5830973950574
3020054,32.19605743106394
3020055,61.19753559674148
3020056,990.0241562966896
3020057,157.95840116985778
3020058,3244.4450866995844
3020059,483.1277700769519
3020060,76.25790562122884
3020061,18.91652396669751
3020062,0.051569402298845754
3020063,24.40088175529387
3020064,11469.958140700071
3020065,0.052678270985786466
3020066,1276.5690941879973
3020067,33.863618579909705
3020068,2861.5008350323105
3020069,2369.8223393059284
3020070,830.3391995640886
3020071,397.0558936920173
3020072,345.48570484685257
3020073,11489.827073309669
3020074,68.04606219145765
3020075,2.171845589287292
3020076,65.54352134721672
3020077,98.44152753547111
3020078,0.5619664311933469
3020079,821.4231245231788
3020080,39.19125571757857
3020081,33.31135954186013
3020082,14.38878478832985
3020083,324.22650567069434
3020084,14.265197890218694
3020085,935.5406694345572
3020086,991.6430260446953
3020087,32.40118452578358
3020088,41.890782852652585
3020089,1343.9341692203927
3020090,258.44072786344327
3020091,5552.952700450116
3020092,407.9195933321236
3020093,76.27459769246781
3020094,14.444443577507595
3020095,0.05348601640383939
3020096,27.613788548094647
3020097,6417.904884378829
3020098,0.03355010950327352
3020099,962.2474464310121
3020100,19.50262140254956
3020101,2696.3429137915773
3020102,1599.8256281787217
3020103,761.8213379083015
3020104,161.3238573297753
3020105,262.07794771271324
3020106,9959.273280741067
3020107,61.96089301058425
3020108,0.578569897208363
3020109,36.59208884755253
3020110,47.866878588361686
3020111,0.3674335312990609
3020112,801.3006832877755
3020113,50.52212975946666
3020114,14.591510562430923
3020115,9.325304660752433
3020116,207.3207614223765
3020117,8.704115800841679
3020118,937.9441997530453
3020119,1024.3894881687474
3020120,20.960466886500402
3020121,35.56979405411221
3020122,1029.0437101182229
3020123,100.19062168939706
3020124,2436.6606673207734
3020125,217.6634902686023
3020126,28.83247213764981
3020127,10.922898128272598
3020128,0.05823193421769182
3020129,17.366306167770105
3020130,7464.228895982004
3020131,0.04883047451585963
3020132,1018.2081406975111
3020133,26.06183881179973
3020134,1910.3048884664904
3020135,2098.5527757871696
3020136,492.4089217635496
3020137,461.844871543577
3020138,344.98485740997586
3020139,7893.695156852176
3020140,73.76661605031899
3020141,2.130647267338103
3020142,50.496511718822916
3020143,94.8392425632218
3020144,0.5011910969499165
3020145,562.2835793263014
3020146,32.453352218891666
3020147,33.07028902578945
3020148,17.880016116649717
3020149,367.9742740509291
3020150,19.54860587233446
3020151,759.113650910023
3020152,581.4997515269263
3020153,24.01644624119882
3020154,34.2870897162171
3020155,1019.2218207100634
3020156,215.7750829069041
3020157,6594.711132220717
3020158,331.80744514904063
3020159,74.90646318764001
3020160,6.5929215031482
3020161,0.18381110469404954
3020162,7.311502946223548
3020163,2163.8096221075134
3020164,0.03540513498694066
3020165,352.1749045735039
3020166,32.308911774912005
3020167,998.6740944533269
3020168,519.780916791233
3020169,246.3699266264569
3020170,87.33077006077578
3020171,131.4597847907423
3020172,3211.3183111336184
3020173,64.46289790590644
3020174,0.7862816565868451
3020175,31.44940649971226
3020176,20.41787754065399
3020177,0.09941937289012928
3020178,241.24169689558974
3020179,13.75806225469595
3020180,11.691447799167962
3020181,11.15957368035844
3020182,114.69742810305041
3020183,7.89716432403057
3020184,263.07476949554035
3020185,285.93362126942293
3020186,3.6652881972670994
3020187,9.198395658071952
3020188,255.04939353817463
3020189,63.32251368948781
3020190,1486.346422191763
3020191,0.5853691128972436
3020192,8.610632706576666
3020193,11.819928879326493
3020194,0.051208142342001606
3020195,18.442517601598617
3020196,6198.70384420218
3020197,0.04079920567310848
3020198,720.0284724787693
3020199,39.69622187393358
3020200,2275.251876193793
3020201,1354.2989662714613
3020202,574.0245189211759
3020203,148.76275026132663
3020204,189.62209736734505
3020205,7865.938400587079
3020206,129.5253332470986
3020207,0.8454569428796925
3020208,60.09189141624125
3020209,38.01576142217047
3020210,0.4119333607105676
3020211,594.4052892235743
3020212,29.432321578866606
3020213,13.441632295363778
3020214,4.389877893517397
3020215,209.70331800700956
3020216,11.273510804241202
3020217,601.0096180871703
3020218,738.3498274873209
3020219,19.468782979037726
3020220,37.65609105219641
3020221,444.19994067461437
3020222,99.2664214065058
3020223,2374.4416282397706
3020224,247.95749488409382
3020225,30.016134049825155
3020226,10.582303358151147
3020227,0.07699936950761119
3020228,7.006240291510719
3020229,5412.542309924064
3020230,0.05557213441789582
3020231,976.5847429767564
3020232,13.868294118660991
3020233,1615.7349186488009
3020234,1693.0337453680381
3020235,296.61368624585043
3020236,347.58829811173945
3020237,400.63899022587395
3020238,5622.955273123489
3020239,57.77260751882995
3020240,2.223680897562695
3020241,42.65258084313633
3020242,47.474088975897246
3020243,0.6188732262382175
3020244,397.3126986027361
3020245,2.7973819504800765
3020246,57.00376237038508
3020247,6.417001081438707
3020248,263.7880951009904
3020249,10.965552748718672
3020250,670.5183654968558
3020251,369.4733450381277
3020252,25.058434346337872
3020253,17.16787440648673
3020254,731.6893863333381
3020255,134.46128445911344
3020256,5179.59706051844
3020257,4.607023953725363
3020258,59.76328876477263
3020259,16.322444854759155
3020260,0.09070650639774186
3020261,11.712535090665643
3020262,5375.031012673614
3020263,0.04799600642344595
3020264,986.1774339874025
3020265,11.575549553910255
3020266,1914.006924948524
3020267,1371.33024633873
3020268,455.82470457466815
3020269,237.23326785974828
3020270,462.9242271098641
3020271,6569.550549979932
3020272,57.69389170594674
3020273,2.4618586388277928
3020274,50.45861789374575
3020275,40.33017773032858
3020276,0.5916896358426488
3020277,463.9697925160557
3020278,10.578286108079947
3020279,60.989072033336164
3020280,9.24137735906626
3020281,338.0369791961497
3020282,10.160486374702547
3020283,540.7091645803879
3020284,469.36136849916323
3020285,15.635646237502094
3020286,28.212265875426116
3020287,545.8981428957944
3020288,135.10314083640338
3020289,4701.286670958324
3020290,2.412411202444436
3020291,11.926000419235129
3020292,11.339591095081655
3020293,0.06610435978724027
3020294,3.255120347977244
3020295,2781.414138253153
3020296,0.0355614670928007
3020297,509.7948290492735
3020298,10.928278479211885
3020299,1067.327410525274
3020300,536.5596711904159
3020301,276.21961459765214
3020302,100.14134818377231
3020303,230.99685795845454
3020304,3789.7368751460663
3020305,23.932022833485107
3020306,1.2538570758951388
3020307,32.31713599799507
3020308,26.43860808406857
3020309,0.21407189721318048
3020310,259.89347791189095
3020311,3.3733360191024717
3020312,16.469995603850954
3020313,6.961653232671594
3020314,196.95687228036383
3020315,2.1180201238654806
3020316,310.9021849952249
3020317,292.3143106671097
3020318,6.043462790595945
3020319,6.76498659066972
3020320,215.44377521958285
3020321,83.9501764186814
3020322,2139.0938672916973
3020323,0.03777420565234687
3020324,1.9325571462219988
3020325,10.50665295524789
3020326,0.21469290496218804
3020327,4.830649636186908
3020328,3042.6037704266737
3020329,0.12420545014485965
3020330,224.8712599192682
3020331,15.948789990355229
3020332,1564.5313793563637
3020333,282.86584999310304
3020334,248.09088854203782
3020335,72.217557393151
3020336,78.77637395356155
3020337,3945.687001146196
3020338,24.644291366055388
3020339,3.353799098345515
3020340,39.598822528944055
3020341,20.93557767874312
3020342,0.4301943929291575
3020343,269.7952934650051
3020344,3.4402119947556513
3020345,17.292278368580718
3020346,9.444831862394683
3020347,44.018176665066775
3020348,9.864266808440462
3020349,67.9133337666035
3020350,226.09051672656256
3020351,7.071385493573858
3020352,18.93735368970298
3020353,81.33879004610262
3020354,82.90962945113955
3020355,704.9254826525962
3020356,0.8634828704366451
3020357,11.66081384979185
3020358,7.103687079250172
3020359,0.07443107361134163
3020360,6.836935960298753
3020361,4055.7552474315435
3020362,0.05436149423746782
3020363,604.5361417323584
3020364,15.559199642162813
3020365,1303.4510387541263
3020366,951.4027546218019
3020367,331.9935314560822
3020368,196.61692630219574
3020369,217.80297809080963
3020370,4933.933127816038
3020371,40.85854582970924
3020372,1.341473748589717
3020373,29.581184170377238
3020374,45.268867555862286
3020375,0.21509386152646623
3020376,371.7519897004241
3020377,27.32667333272586
3020378,23.932378723875075
3020379,16.996240943779814
3020380,180.76622730077054
3020381,10.40412161894281
3020382,503.29425338721603
3020383,350.59206622312223
3020384,10.318521965089474
3020385,13.331080363175715
3020386,558.1899770948876
3020387,115.15256059507321
3020388,2527.3999762566314
3020389,0.05822840409773054
3020390,39.175484795647215
3020391,5.344741202113309
3020392,0.07678859690038417
3020393,5.342337211374527
3020394,3779.686963030408
3020395,0.12033678172585423
3020396,557.8909337388557
3020397,21.162694819251726
3020398,756.834340751331
3020399,1117.9359644592105
3020400,189.83052128437146
3020401,226.75062642375264
3020402,265.6971625055808
3020403,3273.8968169772
3020404,40.581550612449085
3020405,2.502145020964507
3020406,22.77781133560865
3020407,25.94000111704685
3020408,0.5869114976520138
3020409,218.15077301930205
3020410,16.297178176388755
3020411,51.634968018490596
3020412,9.900791541433337
3020413,251.6576339806948
3020414,10.101404454620319
3020415,387.4472673862134
3020416,213.46274588971795
3020417,7.241147844410498
3020418,19.852486366343843
3020419,532.2684527411743
3020420,126.00994831089085
3020421,3983.076776609179
3020422,0.35008220460418016
3020423,39.39481414068528
3020424,6.332120670150909
3020425,0.256757923487997
3020426,15.50881066667533
3020427,5331.384639016054
3020428,0.05033642918133356
3020429,757.8662299913468
3020430,20.2476075474614
3020431,1318.7761992556455
3020432,1556.8364745563763
3020433,324.9416713385665
3020434,371.5142785483852
3020435,196.9162058356572
3020436,5306.164606718745
3020437,40.08644867506152
3020438,3.63919749771997
3020439,39.858615068559075
3020440,52.04561508984064
3020441,0.14054286675114694
3020442,402.6853186784742
3020443,35.386741950357376
3020444,35.653224086046286
3020445,20.83003738587094
3020446,194.86151538027872
3020447,14.607651580434771
3020448,483.34493479201944
3020449,369.8925183905236
3020450,22.15043810576238
3020451,22.802994340026082
3020452,660.4759210263505
3020453,160.18831420184875
3020454,4558.429508833088
3020455,0.9017928375237338
3020456,45.28137798164859
3020457,14.271283376327615
3020458,0.3059676298122514
3020459,6.344260996713687
3020460,3804.903244930591
3020461,0.034572288696368504
3020462,503.52188224806685
3020463,15.420935996568959
3020464,1774.6086092619453
3020465,843.3765695363231
3020466,529.0993766055449
3020467,164.66648061363853
3020468,147.2068309935172
3020469,6862.203306228252
3020470,13.474478337157699
3020471,1.4102106568109172
3020472,42.54645193039404
3020473,43.73534837399188
3020474,0.11639554395325673
3020475,433.1270570705598
3020476,10.132619052192101
3020477,5.858832754790631
3020478,7.32501424617276
3020479,101.265557256498
3020480,2.0212846681085797
3020481,350.5407192683191
3020482,472.34914835688056
3020483,8.439283437710086
3020484,7.77688561255075
3020485,441.4019622495953
3020486,124.63769942510345
3020487,1599.162339575595
3020488,33.147161451833476
3020489,21.555736362640005
3020490,5.230792392605682
3020491,0.04007186603985132
3020492,5.176781806326707
3020493,1259.14007611158
3020494,0.053596260942203724
3020495,177.71539925653943
3020496,5.489096136601005
3020497,290.19588926470846
3020498,342.23522776920385
3020499,81.17380979643211
3020500,73.21484357516054
3020501,51.255751440643714
3020502,1299.6207518964084
3020503,13.359106582216473
3020504,1.2764029880791352
3020505,6.522698998692099
3020506,12.29607397507007
3020507,0.2566194178206873
3020508,110.36273860625306
3020509,8.525846365142666
3020510,13.928566208038282
3020511,6.01163611392598
3020512,47.24980816469919
3020513,5.093826907339579
3020514,160.44696297823336
3020515,95.25637047026993
3020516,4.976567466865028
3020517,6.653441056786356
3020518,147.58076728956473
3020519,53.877289701107806
3020520,1224.681292850209
3020521,0.05031566309197273
3020522,14.027561067741052
3020523,2.8691018937911723
3020524,0.11312923804088366
3020525,2.418047186969453
3020526,1587.3308950224
3020527,0.04391338121551805
3020528,145.20402243145173
3020529,4.83872453477901
3020530,947.3872692528603
3020531,299.6585387602954
3020532,307.09073996499376
3020533,58.4337090829717
3020534,44.11376644846028
3020535,2944.182582054047
3020536,9.212256992943434
3020537,0.6690447081645317
3020538,15.213416859259269
3020539,11.330422189804196
3020540,0.16989927403574823
3020541,210.87213506999075
3020542,4.445076337984953
3020543,0.16491401646667245
3020544,4.098997015258435
3020545,14.663889544360547
3020546,0.9826964142387863
3020547,204.77884273952333
3020548,244.11672499557812
3020549,0.8702955220768094
3020550,5.377292973609775
3020551,185.56559511814243
3020552,30.36189009876109
3020553,283.3361583402444
3020554,40.418660877113155
3020555,1.886457493345195
3020556,8.568015303534272
3020557,0.1469791880205767
3020558,4.899203825262501
3020559,4327.1985593247355
3020560,0.050348775060696696
3020561,745.6234694145389
3020562,10.0018146077946
3020563,2004.1095472925756
3020564,727.9470870282402
3020565,503.012609744468
3020566,186.78932571223797
3020567,99.54694841403897
3020568,7055.88544757636
3020569,29.900287673265073
3020570,0.9715529870507831
3020571,25.550982707112
3020572,25.711006542119975
3020573,0.2909093368596285
3020574,473.53189103257216
3020575,9.486835553940788
3020576,2.4525805933526685
3020577,7.35516755696323
3020578,28.995190952433827
3020579,2.6668287737822176
3020580,648.6256900176232
3020581,460.7266061526497
3020582,4.615825686529412
3020583,12.367010950432023
3020584,466.8706215314416
3020585,72.39350923915029
3020586,1418.5943945328304
3020587,21.25496141923408
3020588,11.470647127778978
3020589,5.921266269538441
3020590,0.05217956260458077
3020591,0.702921715561541
3020592,1985.99784230957
3020593,0.028528316230153596
3020594,224.7952923929526
3020595,9.329774502340873
3020596,1323.5103475701253
3020597,406.3398025081576
3020598,219.55376410996445
3020599,67.71112269339888
3020600,36.44349814847872
3020601,3065.5871728401335
3020602,11.795783805687106
3020603,0.48750650310690374
3020604,12.713510847057453
3020605,21.467930199363554
3020606,0.322357368021533
3020607,175.94206860820725
3020608,8.388423077245811
3020609,0.07934664899170656
3020610,10.13906525390042
3020611,32.86184164282179
3020612,1.2094468899537856
3020613,144.9223664817046
3020614,212.62209420325752
3020615,1.8943817726112417
3020616,5.398395274044216
3020617,161.65951622928753
3020618,34.294103924325
3020619,333.9819591030261
3020620,7.45569031759957
3020621,2.8759895732227627
3020622,4.750917054924539
3020623,0.0563382360865965
3020624,3.148175686286045
3020625,1606.004168250912
3020626,0.033785604317312985
3020627,148.74167284311983
3020628,8.381552800229205
3020629,1029.3229588343424
3020630,239.21374865291995
3020631,175.4719854508433
3020632,54.47971510270692
3020633,31.868160090337497
3020634,2475.4906957668095
3020635,16.79443012319357
3020636,0.2837942447987506
3020637,13.423341702104695
3020638,9.7172686090074
3020639,0.1311313339405334
3020640,139.76805068934095
3020641,1.7160626800147543
3020642,0.0890905518938254
3020643,3.2262572033975276
3020644,18.209774174999914
3020645,0.6452238788083793
3020646,133.28252445636855
3020647,172.11550065016604
3020648,0.58298113443841
3020649,6.131850764311116
3020650,100.2560215921594
3020651,27.652468762425265
3020652,187.95216162617714
3020653,43.65445153250754
3020654,1.7629031906300363
3020655,4.095794350864381
3020656,0.14144738885188912
3020657,3.4834413253247067
3020658,1696.447662519467
3020659,0.058900975663486135
3020660,172.89897304616414
3020661,5.968107616464943
3020662,1439.4816730402233
3020663,301.44058804738165
3020664,206.683027591077
3020665,46.52078991818945
3020666,40.76583341016952
3020667,2512.933700927614
3020668,5.977395205608493
3020669,0.5881152812764832
3020670,10.832018128545723
3020671,18.704057024752405
3020672,0.1996823428004868
3020673,169.9579440043909
3020674,0.8964558258466537
3020675,0.07736289139240488
3020676,3.5806851158794437
3020677,11.077085661063403
3020678,2.0382977732343566
3020679,211.38789801411508
3020680,194.4310197306305
3020681,1.2761490296032574
3020682,5.103044453176474
3020683,82.26322029686555
3020684,56.44175528542518
3020685,344.87473923027693
3020686,8.061614717963932
3020687,3.9911062932558274
3020688,4.763047790235615
3020689,0.2608724398454398
3020690,3.9389982716773178
3020691,1523.5666632771724
3020692,0.03525403013373453
3020693,170.2708547667699
3020694,3.4044333629953543
3020695,826.8460025996387
3020696,243.33462389972863
3020697,222.0672804701407
3020698,74.01933837544208
3020699,51.56000985420423
3020700,2437.4223684657454
3020701,7.33883676209202
3020702,0.8864504891369188
3020703,12.965319526998694
3020704,14.572685670655126
3020705,0.20887398919127564
3020706,189.97573972319623
3020707,7.712858603468533
3020708,0.0948002880180623
3020709,3.0088700362074787
3020710,18.038978605233748
3020711,1.714753869339364
3020712,90.8797222190247
3020713,174.44643139803748
3020714,0.8124113373927797
3020715,4.401901339113802
3020716,96.39556080944318
3020717,38.70020246607313
3020718,425.6118977539122
3020719,15.587763326473148
3020720,2.784266180158297
3020721,4.905926297844089
3020722,0.21977271127569192
3020723,3.6512767066727556
3020724,1846.0412599474666
3020725,0.05272970183134229
3020726,224.72141585682846
3020727,5.127511898242403
3020728,1258.297418054913
3020729,372.6853377868613
3020730,229.66822547883982
3020731,188.72499583220707
3020732,38.5570601904127
3020733,2939.7279578541516
3020734,5.70888416538547
3020735,0.6477974831896023
3020736,11.71718549306655
3020737,18.227247073329956
3020738,0.4779720024676324
3020739,225.47057198662515
3020740,0.16599282008616884
3020741,0.1019788643440481
3020742,3.660738127441805
3020743,30.198066022413542
3020744,2.223639978891992
3020745,68.95913546374499
3020746,199.51409123893723
3020747,1.600759298487381
3020748,5.06543191462961
3020749,67.55605653396391
3020750,52.47563297656839
3020751,570.1150978694851
3020752,0.12348035599978929
3020753,1.4519819879705878
3020754,10.060319468718792
3020755,0.5875235201417545
3020756,3.1266729859076214
3020757,3748.8802252689547
3020758,0.051351215475375835
3020759,478.14326187641626
3020760,7.804999380495939
3020761,1536.165933951389
3020762,840.1047500218772
3020763,512.3977184615284
3020764,239.4251608006615
3020765,123.26757318087783
3020766,5025.60784827109
3020767,21.941867571854885
3020768,1.949975938628738
3020769,25.0490527143378
3020770,30.59773653266314
3020771,0.39497524850639526
3020772,375.6270988104769
3020773,1.457583100785597
3020774,0.41789492161221753
3020775,14.921948504982954
3020776,48.77321532944292
3020777,2.340746628335795
3020778,292.7236362651553
3020779,375.6968626204071
3020780,3.058113668242112
3020781,9.601403411854749
3020782,434.95198285241827
3020783,68.44432445683647
3020784,1732.4132853101655
3020785,346.9227210610415
3020786,19.349677639951764
3020787,5.23375293012821
3020788,0.15914614498245755
3020789,5.500764108200336
3020790,2881.869717327827
3020791,0.03945656777018141
3020792,734.6369799515062
3020793,6.766264205658585
3020794,851.1852408151244
3020795,732.0774112759798
3020796,244.17228130804645
3020797,227.57129903896924
3020798,77.30527277245577
3020799,3547.929361371318
3020800,25.72958413403658
3020801,0.8016524533505162
3020802,20.547722212902713
3020803,20.529569316920202
3020804,0.2763307055524858
3020805,276.2811938617043
3020806,15.86510043752901
3020807,5.238304719936799
3020808,10.22675509556123
3020809,39.96001235906972
3020810,2.3045292161261526
3020811,133.61224069583824
3020812,233.98311258302405
3020813,5.27682838998256
3020814,10.033990805487278
3020815,267.8141098985987
3020816,68.26218998255152
3020817,1931.2386842582584
3020818,32.98774054841285
3020819,17.210811992289344
3020820,9.38284836583286
3020821,0.3650008267462218
3020822,4.041865405134814
3020823,2449.47261376553
3020824,0.04922277834696129
3020825,217.70829311858347
3020826,6.066507109241632
3020827,914.1100322358632
3020828,318.7508647851929
3020829,279.1740178134656
3020830,69.16616496556361
3020831,50.14248796506435
3020832,3354.6447522533535
3020833,21.06211186720237
3020834,1.3475605262872887
3020835,15.131200094025768
3020836,24.768378316165823
3020837,0.2725103244712228
3020838,190.4899694217799
3020839,9.057769959841828
3020840,0.4106253498388851
3020841,5.134236347527203
3020842,21.901934913109912
3020843,1.6876766304601736
3020844,145.26496150742753
3020845,225.17340548508616
3020846,2.2797904897359027
3020847,5.396276654543625
3020848,95.55326958760025
3020849,35.05121304918589
3020850,468.8328566211959
3020851,16.976088326780832
3020852,6.732715414786794
3020853,10.308675936642565
3020854,0.13191865230139366
3020855,11.745816104929432
3020856,3665.8023518724654
3020857,0.07273435013173538
3020858,705.3784019558783
3020859,9.82187231331422
3020860,992.1468767287932
3020861,934.0466753231138
3020862,253.61016416575114
3020863,225.60717001791693
3020864,124.59928658731847
3020865,4501.596415260768
3020866,52.24679255398138
3020867,2.2248937253698475
3020868,25.326606072604037
3020869,31.167338005107712
3020870,0.37887465249193
3020871,342.2002224439515
3020872,38.417909714039794
3020873,25.853605082552754
3020874,5.039075774755602
3020875,76.2443067139318
3020876,9.351125535440532
3020877,410.86788902633
3020878,367.16818341348585
3020879,9.853803001118276
3020880,11.354037707902275
3020881,521.9262197818133
3020882,112.30839002671993
3020883,2674.3362561582944
3020884,0.2224381826944571
3020885,52.196325745409624
3020886,9.351055077676886
3020887,0.18471349429493686
3020888,7.263474770090575
3020889,5468.5920038575805
3020890,0.06662113319136033
3020891,851.2266846980092
3020892,9.263345546981602
3020893,2843.8634385877294
3020894,1099.6742396327193
3020895,936.3210118536084
3020896,146.45496374107967
3020897,116.25499737955536
3020898,8036.504247177032
3020899,22.53565059665615
3020900,0.6570136569053282
3020901,30.895481863779438
3020902,30.202362652589805
3020903,0.2718653422760536
3020904,513.2779392110639
3020905,4.141765852070195
3020906,7.628806761924643
3020907,8.680371311735833
3020908,53.013836653576654
3020909,1.2043818854904662
3020910,483.95714540891197
3020911,660.05422545834
3020912,5.010957769737587
3020913,6.83565396038512
3020914,499.58677171660014
3020915,119.79414205632
3020916,1636.4847384477653
3020917,24.403449053352276
3020918,19.45872068911475
3020919,15.244913757341262
3020920,0.2617067153605383
3020921,4.397052104592154
3020922,4260.782288078391
3020923,0.0527269749621285
3020924,706.6507140307559
3020925,5.403969732580013
3020926,2726.8683569970117
3020927,914.0525064499794
3020928,471.783386651309
3020929,319.72967778715406
3020930,79.36455320111733
3020931,5875.058247364394
3020932,26.58028116751742
3020933,0.5167387511431909
3020934,38.79231029435
3020935,44.791960340072265
3020936,0.32567265378951604
3020937,490.24201511028326
3020938,7.401568623870906
3020939,4.280557942569975
3020940,14.807569219432699
3020941,56.30814293722204
3020942,1.6526191911554795
3020943,180.95684050654114
3020944,470.92537293935067
3020945,2.924499105878509
3020946,5.692461029439267
3020947,243.67077393938848
3020948,175.10431975188732
3020949,1753.2862392882628
3020950,0.8849674752893674
3020951,7.154054462073367
3020952,5.315156867212264
3020953,0.16421329264942763
3020954,2.6516367056499703
3020955,1793.9916321464011
3020956,0.045017719251386444
3020957,153.1161085886917
3020958,10.192981645546453
3020959,775.8264840974981
3020960,296.8117077404009
3020961,154.2765790488388
3020962,48.82224498393335
3020963,48.64335829565253
3020964,2437.4309017761066
3020965,12.038734171651146
3020966,0.9501252113309785
3020967,17.716349942869865
3020968,18.526232239551597
3020969,0.1385020214850779
3020970,206.7584029347007
3020971,0.583583078040778
3020972,0.32332021164626157
3020973,2.8067240040629513
3020974,36.149446514075166
3020975,2.966161081391768
3020976,135.54432856880103
3020977,191.2597484902728
3020978,1.5899219133404567
3020979,6.434259426199677
3020980,144.77129142203376
3020981,27.71924251152901
3020982,479.19187677439226
3020983,176.12434633543143
3020984,1.459119141543725
3020985,2.665265034544312
3020986,0.0719544436552033
3020987,3.0125373121487575
3020988,1972.9182537327129
3020989,0.055448749469354526
3020990,255.38989173968469
3020991,10.35555171266623
3020992,556.7329310822123
3020993,527.2911556781402
3020994,137.86601841825845
3020995,53.06567238667799
3020996,68.09681178783102
3020997,2259.458537538745
3020998,20.714643187186148
3020999,0.5526727596693843
3021000,13.333258329806586
3021001,16.28163443191102
3021002,0.21894256303827114
3021003,161.76217393529467
3021004,12.161651740308884
3021005,3.746523643660558
3021006,4.655815467583976
3021007,39.70572816192267
3021008,5.504109545703166
3021009,850.8079046399298
3021010,198.94526568760267
3021011,4.7422959378287715
3021012,5.939288328141233
3021013,276.9755787707261
3021014,37.20593802902391
3021015,1124.2029278756343
3021016,0.03621242602153744
3021017,6.668134427063139
3021018,3.5299881883004995
3021019,0.16481082727536234
3021020,6.273798828395114
3021021,3532.1450889450643
3021022,0.05755091111297601
3021023,758.4990324813958
3021024,11.878710817070242
3021025,1018.0652577890361
3021026,1327.7354946955393
3021027,282.23835253055535
3021028,243.57565071608659
3021029,144.50829976097396
3021030,3659.3717779201165
3021031,44.64500810523015
3021032,0.5794248409376587
3021033,21.111608213864795
3021034,32.310069363215334
3021035,0.24670150077471034
3021036,284.2692560251385
3021037,13.092568505249792
3021038,33.13753488218088
3021039,9.951227849452398
3021040,56.35928368086756
3021041,13.308810442308264
3021042,361.8632252649576
3021043,334.33093890523975
3021044,20.231387998042415
3021045,8.932058649503276
3021046,526.7173244018252
3021047,117.76745002849637
3021048,3032.107848272187
3021049,0.1745730011692655
3021050,19.205723691040156
3021051,4.788780037449291
3021052,0.15418641449676698
3021053,5.211180705376732
3021054,2114.220855046505
3021055,0.04383928999489467
3021056,394.42346753233926
3021057,6.305221265294538
3021058,411.9719794193751
3021059,534.9804372217668
3021060,149.33742502135235
3021061,120.0763104713024
3021062,82.00108047674561
3021063,1978.8057518410926
3021064,24.452513627474005
3021065,1.0306456778565256
3021066,13.21108511275032
3021067,19.918523947295416
3021068,0.16384927643316172
3021069,113.70158052505158
3021070,0.28199983612242024
3021071,20.05416946359966
3021072,4.020870475543131
3021073,100.77868198794792
3021074,5.561666270230656
3021075,177.879767008248
3021076,132.60640496128482
3021077,4.904507034365545
3021078,8.881724929445252
3021079,177.2094465241507
3021080,40.73491191622057
3021081,1344.75683571783
3021082,0.928783307678255
3021083,5.89939957663514
3021084,7.195590010615955
3021085,0.09693473348554245
3021086,0.512816707669761
3021087,1603.247963596331
3021088,0.06853998990534263
3021089,312.70628927226153
3021090,8.52568287406977
3021091,514.1521155263691
3021092,382.2805639193107
3021093,145.87725197788257
3021094,58.03426876644234
3021095,50.009834707447
3021096,2355.4232578921146
3021097,24.104280795485785
3021098,0.8602105642276026
3021099,18.606655899143526
3021100,14.534333581622029
3021101,0.39979224415957926
3021102,135.88192798339958
3021103,1.093219482133104
3021104,11.641959032474336
3021105,2.3296742391455747
3021106,28.806740478814287
3021107,0.9261023331688444
3021108,330.21982658566725
3021109,183.80504300728512
3021110,2.851433958046064
3021111,4.406587839463794
3021112,213.52393173141593
3021113,35.171613191294746
3021114,592.1637931547751
3021115,0.7130283135445923
3021116,5.097358501421425
3021117,10.136349756169716
3021118,0.06981100529021064
3021119,5.301525922433873
3021120,5078.167310545616
3021121,0.08095395398490689
3021122,960.7531826891923
3021123,14.950132428849216
3021124,1159.926996872255
3021125,1493.0729827621808
3021126,409.5650589517585
3021127,315.23639266240866
3021128,142.80551113287584
3021129,5888.122820856815
3021130,40.903354003485575
3021131,2.047793956197367
3021132,21.966640678429744
3021133,36.528133380449695
3021134,0.6308886404413196
3021135,330.1248545500816
3021136,10.566010056088468
3021137,47.54939703122984
3021138,8.92977693993485
3021139,157.3018995967998
3021140,2.6463711494265607
3021141,334.5217935012323
3021142,383.059676622438
3021143,12.856426651864838
3021144,12.198203724751156
3021145,503.35324651465163
3021146,110.63844499317463
3021147,3301.5731508327435
3021148,1.5274803161791226
3021149,19.97478979304622
3021150,9.365574802229398
3021151,0.11892616743382087
3021152,5.46940094242263
3021153,5371.509114943361
3021154,0.06233679072736221
3021155,1097.769049981192
3021156,13.360751177001875
3021157,1797.7539592472936
3021158,1413.0847619377782
3021159,563.3263434110453
3021160,368.7268769542767
3021161,90.02473811869041
3021162,6774.167262521435
3021163,21.99999668323646
3021164,1.7729006079739724
3021165,38.345572799404835
3021166,29.810729813718247
3021167,0.6544643776173709
3021168,409.79806237651746
3021169,0.11472343528095327
3021170,4.769101116412439
3021171,6.945235927945988
3021172,53.666193909044644
3021173,1.8633104578208055
3021174,257.4170543755848
3021175,460.7297984308443
3021176,5.510677223698954
3021177,6.243832174606007
3021178,338.3624654079801
3021179,106.22910434413258
3021180,2076.9863759792015
3021181,2.971369651240856
3021182,7.700645194723595
3021183,7.213983057882578
3021184,0.4216136242185546
3021185,3.1193612659542422
3021186,4167.823406140877
3021187,0.05587352921991068
3021188,1211.3939358161315
3021189,10.464703722102175
3021190,1505.4254366688856
3021191,1160.590762871655
3021192,421.2996446842785
3021193,286.4675521294464
3021194,108.49832566661604
3021195,5343.41568489412
3021196,30.81615352785715
3021197,0.8850116472695636
3021198,21.693203884592258
3021199,28.11793340017978
3021200,0.19324107693552728
3021201,386.9969145997045
3021202,0.23440855578902797
3021203,8.900127438108093
3021204,4.973903707995294
3021205,87.76450770949216
3021206,1.3561063505929738
3021207,156.3332745734284
3021208,417.97593961349753
3021209,4.850948468805303
3021210,5.1419180727494975
3021211,275.1308257148216
3021212,85.89096901153309
3021213,1460.681614685258
3021214,1.402262762081582
3021215,7.684855575403555
3021216,11.925462643342863
3021217,1.2668908393626297
3021218,18.515129776526845
3021219,9108.72030477966
3021220,0.051791386104013695
3021221,1365.9165033192714
3021222,24.824121184954496
3021223,2356.5055346359027
3021224,2310.31894128802
3021225,414.4695707666209
3021226,536.0858031933827
3021227,381.8832126994947
3021228,7945.639706938893
3021229,80.01005600472965
3021230,2.554430742705903
3021231,44.96284723445692
3021232,67.68245067258314
3021233,0.26806292835358514
3021234,635.4083636087987
3021235,49.087458639419474
3021236,48.19937957284511
3021237,29.87539938597199
3021238,202.90747586129703
3021239,28.590392379297498
3021240,759.2231969602137
3021241,719.9312991763122
3021242,25.45609356690376
3021243,32.272071653477475
3021244,1274.3123219698157
3021245,261.12897411891123
3021246,6571.140658412211
3021247,1.180809904727771
3021248,98.57435609879644
3021249,3.674887268274632
3021250,0.3695130520375585
3021251,0.9153840594904303
3021252,1954.0696743357025
3021253,0.02401939624037918
3021254,249.03330156081256
3021255,6.201079087202495
3021256,627.2211650916126
3021257,336.2462007370761
3021258,133.73943463187732
3021259,157.90404906659663
3021260,49.46873387948851
3021261,2313.3588003218624
3021262,8.942062313033158
3021263,0.2809520223784513
3021264,17.591821292059148
3021265,14.986860286075924
3021266,0.28285653647569553
3021267,146.24276675899856
3021268,0.5250449186406139
3021269,0.21143508074194955
3021270,5.549768989807248
3021271,35.76935869621167
3021272,1.115902991669826
3021273,64.75137407660644
3021274,118.16399569854715
3021275,2.368046418049233
3021276,6.034958584178807
3021277,129.96611165598208
3021278,27.02247965332897
3021279,613.8456304959457
3021280,0.31794503757652315
3021281,4.539871979946228
3021282,9.074930100138324
3021283,0.24413293791876373
3021284,1.9502806605986045
3021285,4077.0834053528097
3021286,0.041860427145226115
3021287,794.7027454266787
3021288,7.292465790149592
3021289,1665.4858789393388
3021290,924.6892367401542
3021291,313.40471155995635
3021292,376.72901515430317
3021293,60.469550050534984
3021294,5566.285262977958
3021295,17.702972674838225
3021296,0.315220993505808
3021297,30.366705015331625
3021298,24.57085234638832
3021299,0.10666815670382092
3021300,421.78304510607404
3021301,1.1412904217549869
3021302,3.8437646263566148
3021303,9.532709579963289
3021304,19.98611022312803
3021305,1.2720013770594414
3021306,432.6836438973403
3021307,461.3328773824786
3021308,3.8109830660377724
3021309,9.210597014998992
3021310,152.37788068238467
3021311,92.98610790441168
3021312,1324.6981319014972
3021313,1.6329569680220317
3021314,4.988990237166452
3021315,2.5885171514558847
3021316,0.05204880370692737
3021317,0.8959940909563602
3021318,1305.991151323894
3021319,0.03452812633365047
3021320,206.98896891567875
3021321,4.007112944165318
3021322,583.3107117841846
3021323,246.9431722966229
3021324,125.68723539818453
3021325,140.5420907255088
3021326,23.763260782262655
3021327,2328.510754359579
3021328,3.1382955665276677
3021329,0.3118073804255377
3021330,16.098759439597064
3021331,5.9209120388592025
3021332,0.18194994137277112
3021333,117.91048750453459
3021334,0.07847922950507208
3021335,0.0777820464432153
3021336,0.917708893670337
3021337,27.132330312387577
3021338,0.8066105645754218
3021339,89.33064962053425
3021340,118.09902780392719
3021341,0.6025196136643796
3021342,1.8820425866408463
3021343,70.50014429916499
3021344,16.429307050326912
3021345,219.37338910843846
3021346,0.04099577922597476
3021347,1.2629425898724405
3021348,8.474788845260317
3021349,0.06736367254452236
3021350,1.7024062568509974
3021351,2505.5798106535176
3021352,0.039172959466275095
3021353,325.8416273238613
3021354,8.255111452371107
3021355,1257.9305089456989
3021356,498.11337842691637
3021357,193.6180844852735
3021358,150.75142378997458
3021359,57.965127147716544
3021360,3697.647687215581
3021361,5.911208455815943
3021362,1.0191271453702644
3021363,23.175195032707713
3021364,24.914208638086976
3021365,0.33670617881393605
3021366,281.7370681944808
3021367,0.4242646056319499
3021368,0.27624573885452997
3021369,13.065717669296905
3021370,28.108537020017465
3021371,1.6616920956021453
3021372,318.57077738127293
3021373,301.8706949354439
3021374,2.6145367305755567
3021375,5.2816244318907835
3021376,239.84565592968556
3021377,28.014769257634057
3021378,1307.5214255218325
3021379,0.19843481347188296
3021380,1.0327036413622663
3021381,4.043465999327953
3021382,0.19457012427705622
3021383,1.6035714846849067
3021384,2749.095076091502
3021385,0.040508751077426776
3021386,801.5183253068495
3021387,6.011479384632198
3021388,922.0597832582848
3021389,621.6872643526635
3021390,235.85767248972638
3021391,130.47942844375794
3021392,72.90155829233063
3021393,4018.8721201779135
3021394,12.496462270581398
3021395,2.5724881336973224
3021396,32.5357855181174
3021397,39.08779198482996
3021398,0.24504618170443673
3021399,210.34258573036792
3021400,2.517409391523616
3021401,4.9392082969171724
3021402,2.978791296277701
3021403,33.872509547428024
3021404,1.8390909641261963
3021405,184.24383980196274
3021406,254.56717897136807
3021407,2.854934894000837
3021408,7.364833106292527
3021409,150.53598671404038
3021410,25.720335606402934
3021411,588.2287520095457
3021412,2.805306656019106
3021413,3.2140057241849607
3021414,5.010459910842405
3021415,0.04959763701008089
3021416,0.5192844967582989
3021417,1798.8927436340316
3021418,0.03907166421301317
3021419,155.92355275502322
3021420,4.619587018033811
3021421,559.3123676152686
3021422,229.57357495971814
3021423,105.89231619257237
3021424,162.71919809204593
3021425,42.378365585648
3021426,2513.992601961957
3021427,18.029098867384945
3021428,0.3710245526254745
3021429,11.496920062099395
3021430,11.355993087377474
3021431,0.2210283787491986
3021432,122.28923102917362
3021433,0.10261045685959114
3021434,0.19557916252863655
3021435,0.9728245184073109
3021436,32.81217601610982
3021437,0.77829112644429
3021438,222.1939645158855
3021439,110.51484974632668
3021440,1.1298856241929087
3021441,2.530451566169178
3021442,71.87608874819138
3021443,24.073429973158248
3021444,376.18669221933885
3021445,0.2487983702545153
3021446,0.708080651545083
3021447,4.844438319895482
3021448,0.048952021869919496
3021449,0.46959023284936596
3021450,4171.729824688466
3021451,0.05429772415934521
3021452,627.121001707641
3021453,6.893476430714689
3021454,1039.284753915775
3021455,693.3742429985124
3021456,244.13124939581664
3021457,124.80223129340436
3021458,86.27157205374924
3021459,4592.606146070955
3021460,11.955944167127107
3021461,0.3630774338279106
3021462,14.85703980679496
3021463,17.042159653196705
3021464,0.28744838883298784
3021465,267.9454614389594
3021466,0.5043992145490986
3021467,26.273011773974595
3021468,2.7266488243767864
3021469,47.05751061434145
3021470,0.8061592266103605
3021471,201.31183859767748
3021472,292.08515825353055
3021473,3.1679082339644538
3021474,5.774249130701735
3021475,129.8114687105145
3021476,47.224037870049806
3021477,1173.2390578545226
3021478,0.6604557777245248
3021479,1.4101724303358159
3021480,5.032734708070242
3021481,0.0632516553470645
3021482,11.039170832403805
3021483,2385.772697366885
3021484,0.03901257219282443
3021485,414.868781858572
3021486,7.448134989022015
3021487,748.2150731909428
3021488,646.1263416423577
3021489,142.34693820295908
3021490,115.3835381261188
3021491,105.10395304205875
3021492,2861.6995304413776
3021493,51.06001482785467
3021494,1.328900825936199
3021495,17.970460538773317
3021496,24.75424476277722
3021497,0.5777396106770232
3021498,215.83233355327573
3021499,24.63196765853641
3021500,19.687256212118843
3021501,3.577044426582434
3021502,75.62743888657926
3021503,7.367278420235358
3021504,179.43551696123518
3021505,287.37364605373443
3021506,14.528649071727472
3021507,14.940424960272967
3021508,209.32062983199978
3021509,59.87813387423983
3021510,1781.1262944499222
3021511,0.05268023682354844
3021512,10.049667417231603
3021513,10.414019294310283
3021514,0.11231432147379156
3021515,9.090397089909379
3021516,2861.8087693018315
3021517,0.04706484784357611
3021518,511.74998901352694
3021519,9.972284936256342
3021520,1419.9477080210813
3021521,763.3470437195342
3021522,145.24076421236794
3021523,117.70548046326775
3021524,104.36710935384849
3021525,4517.961462304865
3021526,28.553464264474748
3021527,1.9669543316518443
3021528,39.10195439655698
3021529,67.70964147004196
3021530,0.16256178618210743
3021531,396.9779876377678
3021532,28.01573467923633
3021533,17.838697032612707
3021534,8.265741799306017
3021535,93.15962707148141
3021536,11.995651897080513
3021537,171.77595984104866
3021538,474.75371288739643
3021539,7.5036472981700655
3021540,13.404584630044457
3021541,159.2080452850772
3021542,84.03147841140223
3021543,2055.3714601083298
3021544,0.45747990424861906
3021545,21.509422152907195
3021546,9.322141954354938
3021547,0.11861083753325045
3021548,4.185984796904673
3021549,4098.322337755957
3021550,0.037032446146289144
3021551,798.292615838302
3021552,6.683115845605252
3021553,2048.820616944853
3021554,686.3736455682481
3021555,190.1980873674499
3021556,354.39877955562406
3021557,67.64076479368022
3021558,5828.822144420437
3021559,37.81123614965404
3021560,2.9886300549161784
3021561,20.51517777552103
3021562,17.91284547051943
3021563,0.24093341762045445
3021564,364.4267806194771
3021565,4.69924571955226
3021566,13.840514290451232
3021567,10.101924714770874
3021568,41.61977210382991
3021569,1.3561081266130561
3021570,157.03193553830164
3021571,429.4239126849578
3021572,8.720457873468208
3021573,10.271994035891591
3021574,250.17045784576572
3021575,56.22462344766734
3021576,1659.8422125435302
3021577,19.215256246715963
3021578,15.371982927791876
3021579,5.964357129857225
3021580,0.9342924635644798
3021581,5.9650082902329435
3021582,3489.8920535270954
3021583,0.04820811262159067
3021584,452.50330902323907
3021585,8.054122805930689
3021586,969.0194440721303
3021587,907.0688620410181
3021588,245.07810228588596
3021589,200.51790285096382
3021590,113.76850500071976
3021591,3963.4080702795463
3021592,33.245114349391315
3021593,1.6416837197228844
3021594,21.336704822847057
3021595,20.443281325163277
3021596,0.265177956688894
3021597,279.97195122843686
3021598,21.471824065177444
3021599,20.477080197857422
3021600,5.322125365401574
3021601,84.3975254524521
3021602,6.598771556864616
3021603,365.10901475394763
3021604,340.57975720716473
3021605,7.718054075479191
3021606,12.019799029339072
3021607,458.4603123334588
3021608,52.15718501898695
3021609,2753.02738616802
3021610,0.12297949047162347
3021611,32.42048796219229
3021612,6.46322218073038
3021613,0.1640439447881017
3021614,3.5962157153962235
3021615,5191.307814320426
3021616,0.0428594532353327
3021617,548.9466160225563
3021618,5.825072426467638
3021619,2330.004504452144
3021620,702.1607246312846
3021621,308.86010611599966
3021622,155.04032881558356
3021623,57.77038727911177
3021624,6290.66716528242
3021625,16.87038930986956
3021626,2.8975348962085246
3021627,35.152866963511066
3021628,28.80007144458897
3021629,0.41063605405533526
3021630,431.52593464702346
3021631,0.8147783791737435
3021632,0.6191810076135591
3021633,9.973407915177548
3021634,38.130993999128265
3021635,2.9481122379966758
3021636,158.4988867765946
3021637,404.91507482577373
3021638,6.076631104346889
3021639,11.793164496365446
3021640,173.61176438864732
3021641,62.11777638807771
3021642,1069.136722186992
3021643,0.13654569548424847
3021644,7.140937054144198
3021645,10.846691775129143
3021646,0.04711474659208127
3021647,9.021672869122444
3021648,3742.451449026291
3021649,0.029250807608147404
3021650,669.687291386034
3021651,10.270572082460324
3021652,1364.7522103976326
3021653,967.6714462672137
3021654,311.2620145851329
3021655,191.097219403208
3021656,139.58167075070727
3021657,4902.4203836983215
3021658,61.44986325175887
3021659,1.3534521890876674
3021660,27.48139629842934
3021661,33.658633887439436
3021662,0.15364251964078607
3021663,383.19524190285887
3021664,32.7986966214014
3021665,24.390631433738214
3021666,8.191968397474618
3021667,75.7257567462197
3021668,15.57527553127552
3021669,250.02650000936052
3021670,514.923063307391
3021671,16.139692514667736
3021672,10.643536115083922
3021673,249.86007415628433
3021674,80.33303624534425
3021675,2631.6222701711868
3021676,0.3868829352688382
3021677,8.047516168212509
3021678,5.334724292872494
3021679,0.04511054277734496
3021680,5.387308655415844
3021681,3305.8575440836958
3021682,0.03018105338584165
3021683,510.0764963302034
3021684,10.535916524111753
3021685,817.7901656529174
3021686,833.6274954554277
3021687,202.15832014161327
3021688,158.92502340420972
3021689,127.16371932185378
3021690,3488.2490266717814
3021691,37.29595528828063
3021692,0.994843029978346
3021693,19.1456294295048
3021694,20.37295175702132
3021695,0.11591944704210161
3021696,259.338477226349
3021697,18.79411795657212
3021698,35.8928134501672
3021699,3.6932431772862966
3021700,58.3935504112755
3021701,9.977234309732474
3021702,245.91429208596702
3021703,314.07261522581734
3021704,11.211098237484864
3021705,9.21329495132397
3021706,245.59226915303685
3021707,54.88812976965596
3021708,2328.342230711207
3021709,0.1898547345215497
3021710,20.343836018760747
3021711,9.442196082475071
3021712,0.1082290990622714
3021713,5.004324243280653
3021714,6162.332768461167
3021715,0.048475564238669146
3021716,801.652390078533
3021717,18.57775318683497
3021718,1528.8579733131378
3021719,875.5170601652638
3021720,373.57984174997307
3021721,242.18775196907183
3021722,74.46309831748069
3021723,6625.019960350319
3021724,20.755855395359774
3021725,1.1933450930129765
3021726,24.08450872165335
3021727,26.813082365257415
3021728,0.188503054509486
3021729,362.8912501714601
3021730,0.6079993385060842
3021731,12.25621475281384
3021732,3.732927277714553
3021733,106.45577848085239
3021734,3.0294928108239785
3021735,239.2592085136444
3021736,425.60044195181615
3021737,5.695136222596978
3021738,5.56462967720178
3021739,286.3599293837656
3021740,135.2596495070507
3021741,1438.4957245815785
3021742,1.6964952561677458
3021743,4.547762854008796
3021744,20.542604867874545
3021745,0.061472635928156535
3021746,24.36862752580415
3021747,12837.319675865976
3021748,0.04153382316434078
3021749,1952.5317526318718
3021750,20.465329104552183
3021751,3130.2978159652903
3021752,3108.1585514440812
3021753,758.3583333555857
3021754,867.8406290600047
3021755,527.6583786272854
3021756,12847.967844548348
3021757,103.32160100163914
3021758,5.488199172921519
3021759,114.13842183117288
3021760,132.35669041493244
3021761,0.6434287230631381
3021762,1031.9304010547496
3021763,58.25849441127346
3021764,23.39120619288729
3021765,35.12822690705147
3021766,330.6896657210353
3021767,29.92962091891542
3021768,1004.5134148999732
3021769,960.8682773255289
3021770,56.90648502251145
3021771,53.74982892755674
3021772,1538.756598474121
3021773,310.6452566603564
3021774,11676.93005277983
3021775,357.2650390698151
3021776,117.47119324568101
3021777,21.19799770031468
3021778,0.07818915845884829
3021779,23.465791815487023
3021780,12575.801316490975
3021781,0.07080241855823825
3021782,1613.6310621864109
3021783,23.538927869273547
3021784,3539.052393496221
3021785,2894.228607565855
3021786,980.7567123358831
3021787,503.26325312438155
3021788,409.7983124238118
3021789,12761.698655095224
3021790,126.33333443662761
3021791,2.089870931161826
3021792,56.978338853178286
3021793,90.62178010781889
3021794,1.0298769657270133
3021795,1047.667902382323
3021796,59.1181598398268
3021797,49.219998673435
3021798,16.181457688266306
3021799,202.4475368730453
3021800,21.97409845261685
3021801,1381.5638811761473
3021802,1196.5817411089836
3021803,28.99150435226737
3021804,41.9599210578026
3021805,1756.6114534024343
3021806,299.8797123846027
3021807,7701.2973534043
3021808,599.4623747186323
3021809,120.35706823091036
3021810,17.886140914360137
3021811,0.05498101485020369
3021812,32.572949166911634
3021813,9143.351947685094
3021814,0.13619573945549757
3021815,1220.911260312538
3021816,13.586774963507018
3021817,3601.354905034934
3021818,2189.5260510953717
3021819,1168.6202328464146
3021820,252.4186519528173
3021821,340.77056237739293
3021822,12645.051584782723
3021823,63.61207388143005
3021824,2.831970362158901
3021825,45.830001497678325
3021826,43.14799066304798
3021827,0.48914172669319445
3021828,1016.0269315786882
3021829,70.1494265517861
3021830,30.032536716890505
3021831,16.40230823922531
3021832,131.5050594374079
3021833,9.206200626468942
3021834,1140.2828576919742
3021835,1187.1151309391958
3021836,38.52077168209226
3021837,63.408506099856645
3021838,1117.9765874454379
3021839,147.25387121414175
3021840,4032.122532020394
3021841,535.6371822863473
3021842,80.77253225551442
3021843,20.603785159799212
3021844,0.059866988491852575
3021845,29.197067748009125
3021846,12170.64782738033
3021847,0.05500138909214567
3021848,1520.0051489410534
3021849,17.79453379463468
3021850,2998.064848545592
3021851,2690.2921756469063
3021852,880.6656247864744
3021853,487.5627435283609
3021854,328.4591230249523
3021855,12225.756711735849
3021856,67.5233863981289
3021857,2.6089122566526854
3021858,68.4770753412476
3021859,113.65435144172612
3021860,0.9562857414560452
3021861,899.2160951098465
3021862,56.475052745476475
3021863,29.65044012943411
3021864,26.388950482087363
3021865,177.88193931996463
3021866,12.448958756380154
3021867,1079.350385547241
3021868,1143.7087522158017
3021869,34.85942574783692
3021870,48.03551432804015
3021871,1552.9520140278987
3021872,244.97737679569065
3021873,6776.914327236549
3021874,728.8020609692379
3021875,86.89565143041854
3021876,16.960453225760123
3021877,0.061956157740791135
3021878,33.87142471605845
3021879,8241.647713982686
3021880,0.04016588064500522
3021881,1140.9777484385509
3021882,16.027337929257033
3021883,3261.751385640784
3021884,1922.9131437171359
3021885,965.7190102195138
3021886,218.36964369873243
3021887,248.11302956179605
3021888,11490.881125798349
3021889,68.4539044586214
3021890,0.7239887976574586
3021891,43.24727605520886
3021892,42.041774543137436
3021893,0.48376309294183134
3021894,965.5993017423656
3021895,52.645947115003516
3021896,19.15476917502391
3021897,31.22008542362826
3021898,128.3060551767948
3021899,8.435981825620415
3021900,1112.1526419819406
3021901,1280.361016622145
3021902,21.921908315379174
3021903,42.13081367354817
3021904,1254.2174035710364
3021905,123.65523773512004
3021906,3038.644267979885
3021907,294.4075603351565
3021908,32.397546267203225
3021909,14.72253203786979
3021910,0.05396280828456282
3021911,18.972669395857693
3021912,8047.301757540856
3021913,0.047207127182124366
3021914,1291.029677951805
3021915,23.521436997315277
3021916,2204.5006954420005
3021917,2436.6710882224634
3021918,572.7514250102463
3021919,526.6975241329303
3021920,368.1529312133036
3021921,9182.57558317929
3021922,76.04361115333855
3021923,2.64916392494538
3021924,76.1980731075297
3021925,60.11311964354677
3021926,0.5190249368710955
3021927,670.8703574622301
3021928,33.837837816269555
3021929,28.550428595484963
3021930,18.506051411090027
3021931,229.08052370636355
3021932,21.426928167173394
3021933,816.0295086393498
3021934,766.2746250887283
3021935,24.168587094064016
3021936,40.07368008381551
3021937,1127.0608879599401
3021938,227.77129473635782
3021939,7705.705148299028
3021940,320.4547061702349
3021941,75.41088526852168
3021942,6.744223168360458
3021943,0.26145465785220257
3021944,8.057004491677503
3021945,2384.352537347675
3021946,0.03705471131936077
3021947,386.75534275217456
3021948,19.418016859969097
3021949,973.2404617229768
3021950,604.1055048278259
3021951,244.77436599891917
3021952,101.95795571903994
3021953,87.06437250049723
3021954,3348.5595792859385
3021955,58.049445367133615
3021956,1.247936224621512
3021957,29.981049659465842
3021958,26.763653065170388
3021959,0.12094288208323908
3021960,268.8055676935097
3021961,21.264083920279568
3021962,11.323876093425728
3021963,13.167493109086891
3021964,65.10467324116802
3021965,7.581905194855449
3021966,241.53861146463302
3021967,346.6797733923948
3021968,4.426077712448683
3021969,10.568114162288548
3021970,258.1397536790763
3021971,58.56977220536206
3021972,1666.0749486493557
3021973,0.5905932770199147
3021974,12.000082548650392
3021975,10.295264249066344
3021976,0.05508255946508497
3021977,15.589173960295543
3021978,5991.447984961225
3021979,0.0442079861672448
3021980,683.1481809746308
3021981,36.32388084115607
3021982,2253.858708588801
3021983,1396.7304485188693
3021984,578.7944717527912
3021985,162.4960491382229
3021986,160.7146606420178
3021987,8134.88292925726
3021988,97.22020610895252
3021989,1.2758196827542703
3021990,49.84950124532777
3021991,46.616523869696096
3021992,0.4455663831395523
3021993,534.5040255498405
3021994,30.28502989145648
3021995,11.818057974571312
3021996,4.076173897610415
3021997,105.1950984576799
3021998,8.967254010899543
3021999,535.7922306716644
3022000,695.740794168667
3022001,15.324902193560384
3022002,29.215996522491835
3022003,492.502839171397
3022004,82.5173228409006
3022005,2460.50917317442
3022006,363.49554209332706
3022007,20.25310606683341
3022008,9.759182756791848
3022009,0.08007445747091321
3022010,10.696444631724248
3022011,6152.109759737366
3022012,0.05640885256820749
3022013,1138.9568231218232
3022014,9.34589333456152
3022015,1738.86272536476
3022016,1941.1071321052382
3022017,331.4454943493474
3022018,430.0650984732629
3022019,243.5663976601995
3022020,7212.253349472885
3022021,51.545340371447224
3022022,2.252761740158462
3022023,33.97518779627512
3022024,53.12913154046409
3022025,0.601907294316245
3022026,421.586317484372
3022027,5.674139464728157
3022028,52.624142812064
3022029,5.456228109451606
3022030,145.63860001190335
3022031,10.84158007640415
3022032,685.8017534701546
3022033,454.0140444995329
3022034,25.460529880223362
3022035,14.617784053825666
3022036,886.7514837423753
3022037,119.31165551601663
3022038,6109.674493745744
3022039,6.2976443296629885
3022040,62.83586949038765
3022041,17.26405483505641
3022042,0.09864294944334809
3022043,10.960124704474136
3022044,4953.743092735916
3022045,0.04956615979221494
3022046,1019.721048461912
3022047,11.893411148376579
3022048,1791.7107206568774
3022049,1357.676445594703
3022050,443.7221567969558
3022051,272.6545081127592
3022052,272.3754987308881
3022053,6692.515385982428
3022054,71.83772694075928
3022055,2.92472691707955
3022056,48.52349324163068
3022057,56.488921227502594
3022058,0.5616848830213177
3022059,495.2787247193305
3022060,11.880941016702366
3022061,45.82355366901698
3022062,8.379531122108038
3022063,169.37752258814515
3022064,9.64893184599418
3022065,501.29245036517807
3022066,512.6872732833916
3022067,13.951692903850185
3022068,25.75928614163871
3022069,550.2777213719393
3022070,143.5438682987116
3022071,4298.934916980143
3022072,3.632147441668224
3022073,10.047006253110062
3022074,10.274894023530077
3022075,0.06769939796282316
3022076,3.063694986900636
3022077,3570.519265524869
3022078,0.03645165482567604
3022079,636.5124543044692
3022080,10.102052190177849
3022081,1288.721144602373
3022082,697.4678342316836
3022083,281.1070495402385
3022084,131.59440298188406
3022085,120.98545368562824
3022086,4388.156407212766
3022087,26.04956777170309
3022088,1.4626441341448846
3022089,29.666763706820575
3022090,26.48206481009253
3022091,0.2339501960515054
3022092,311.72894871432675
3022093,4.145243453422621
3022094,15.620071102653629
3022095,5.812988904485013
3022096,102.6199445848392
3022097,2.5957650592688255
3022098,305.16114707136273
3022099,361.35507817335326
3022100,6.298236132762231
3022101,5.862538782875995
3022102,264.6618526242658
3022103,82.691178335188
3022104,2569.208029471032
3022105,0.28283152806798745
3022106,2.3562765665882495
3022107,11.234701008870893
3022108,0.2161862948666871
3022109,4.888995864396452
3022110,5479.3702886041465
3022111,0.12711004557952532
3022112,524.2542818671349
3022113,11.73310661992792
3022114,1888.791048913009
3022115,421.2617095312869
3022116,349.58355789999996
3022117,110.75116163566625
3022118,54.3498038696782
3022119,5280.83814891186
3022120,36.27576743768886
3022121,3.6480222904555215
3022122,29.774540671882963
3022123,23.229916401099022
3022124,0.48336458517082614
3022125,411.16963783408374
3022126,3.9589698625687615
3022127,15.44894111882486
3022128,9.422067362285313
3022129,29.071675039914645
3022130,10.036402258174466
3022131,74.62684103113168
3022132,343.7327911106132
3022133,7.724958529767704
3022134,21.705363278126587
3022135,87.72868311368879
3022136,131.61752833541664
3022137,858.1708909212463
3022138,1.1063198562222911
3022139,7.618168603239732
3022140,7.58324854530056
3022141,0.08047924744125477
3022142,8.721546582090518
3022143,4594.824796157002
3022144,0.06771956475256401
3022145,563.1132336232038
3022146,11.158882928268154
3022147,1462.6818469111759
3022148,1152.1982457502058
3022149,409.2816784386782
3022150,236.89712794457597
3022151,195.45622401754804
3022152,5652.959346584203
3022153,37.54285209883675
3022154,1.7645357007275635
3022155,34.192604564890374
3022156,54.48812226152339
3022157,0.2509984485995745
3022158,438.83880149577044
3022159,34.32126977201871
3022160,23.114224650724452
3022161,16.476618448057774
3022162,102.05242713465815
3022163,9.689011375584501
3022164,502.01771730571926
3022165,467.87462205880274
3022166,10.362635181972227
3022167,17.433958055894504
3022168,607.0308718939672
3022169,109.40482950444897
3022170,3159.7981207746934
3022171,0.08472364471628482
3022172,47.286762264576765
3022173,5.626853571719608
3022174,0.06755644613711094
3022175,6.364403197626252
3022176,3786.8800111788523
3022177,0.11045246003624852
3022178,564.1839380120621
3022179,13.93658806899159
3022180,916.9858273983992
3022181,1120.5081740711169
3022182,181.00300957943625
3022183,262.8602476789573
3022184,213.15630675917208
3022185,3471.006847238982
3022186,36.264847624686524
3022187,3.8275798383656943
3022188,24.647188959544216
3022189,27.354992971839906
3022190,0.6167752302881998
3022191,233.149396373811
3022192,16.141524125595524
3022193,34.22318687029237
3022194,14.3166589533372
3022195,179.4111597308027
3022196,8.125233853201465
3022197,406.6065636396905
3022198,266.14130369462663
3022199,10.08102793785315
3022200,15.55957281788953
3022201,530.3332295195479
3022202,132.69967223044935
3022203,4111.941111859343
3022204,0.37603687871664826
3022205,40.77809670037476
3022206,6.050276564966546
3022207,0.5025686524994873
3022208,13.476465716867605
3022209,5470.615135569338
3022210,0.04641819929965951
3022211,846.5144706194062
3022212,16.807217268947348
3022213,1331.4379070184027
3022214,1554.1630577866727
3022215,344.29032872548174
3022216,397.07273338277275
3022217,165.92738061433624
3022218,5294.996579964475
3022219,35.39985322705815
3022220,3.556490174223847
3022221,37.90043098159895
3022222,45.02615706735433
3022223,0.15322892927821646
3022224,407.26134928031445
3022225,33.7734419948098
3022226,30.818399384700513
3022227,19.43781464379914
3022228,121.98416466142459
3022229,16.490672440353784
3022230,430.12894756905524
3022231,427.3000972380213
3022232,22.840155074388903
3022233,20.984268136650673
3022234,667.1440014756132
3022235,167.67946319675082
3022236,4903.428150398494
3022237,2.2377777331890134
3022238,39.030147474639705
3022239,14.657436755059926
3022240,0.4461700010243147
3022241,6.36964361185154
3022242,4185.903378891235
3022243,0.04380433856378141
3022244,614.3958848836758
3022245,11.699749677639458
3022246,1894.5333600490203
3022247,897.2250465063646
3022248,615.4535676123179
3022249,253.99296214003635
3022250,124.02050972296279
3022251,6799.874937087627
3022252,11.233756705485895
3022253,1.3071895906893074
3022254,33.42544291705606
3022255,49.66642133555084
3022256,0.13087510922725698
3022257,449.3912863952645
3022258,9.574570252169877
3022259,4.724052032035167
3022260,7.6973016681094935
3022261,49.924332994977476
3022262,1.988219136809854
3022263,411.2255548187353
3022264,510.394521487715
3022265,8.670039625460312
3022266,9.596757664084887
3022267,518.3280970632753
3022268,120.9424042336583
3022269,1616.8413355709347
3022270,55.07462580005522
3022271,15.824423687879573
3022272,4.712256405300241
3022273,0.061046353042717605
3022274,4.933005796815401
3022275,2078.4716402938316
3022276,0.06105818272028847
3022277,302.1131511280633
3022278,7.941611412123196
3022279,629.114878604925
3022280,627.8886975235117
3022281,144.57078010333205
3022282,130.6264818291682
3022283,126.7940763258901
3022284,2591.7070746715835
3022285,15.048679366370575
3022286,1.0460951337965003
3022287,14.922375479310046
3022288,23.764937559555836
3022289,0.19366098116316227
3022290,175.594124109944
3022291,11.914654291036815
3022292,11.738775346845312
3022293,5.734389751684221
3022294,55.32944939854363
3022295,6.540909574983446
3022296,235.45805345360355
3022297,170.44981801554238
3022298,3.5381113284893084
3022299,6.673100697131773
3022300,328.79511397588635
3022301,60.48848812861256
3022302,2300.9380604483126
3022303,0.05161553792996031
3022304,24.8837242390599
3022305,2.1987710201451782
3022306,0.0669016286267539
3022307,1.7176013559541272
3022308,1273.0641093837132
3022309,0.018589069820012127
3022310,114.89960010561242
3022311,3.0555512175639885
3022312,1045.9455483145728
3022313,288.85246944192573
3022314,233.23512049435112
3022315,79.80346804625117
3022316,33.50756244758244
3022317,2838.4996882460637
3022318,6.290855082496192
3022319,0.48147095857194566
3022320,9.031151837945147
3022321,8.449350106773514
3022322,0.07561480575090587
3022323,179.1906812818254
3022324,2.025052600577493
3022325,0.06000829454761505
3022326,2.252313621631042
3022327,8.56145924196652
3022328,0.6564585854523994
3022329,196.28276386882294
3022330,208.23689183837627
3022331,0.575215758204061
3022332,4.1259944060179965
3022333,120.6033611088728
3022334,32.16010222348097
3022335,244.04480263705608
3022336,39.42363028379516
3022337,1.3541946391997437
3022338,5.433683734579234
3022339,0.13187029212596765
3022340,3.935135877255072
3022341,3588.318846202866
3022342,0.028232179247467546
3022343,576.2555177525596
3022344,7.720011498066521
3022345,1768.788703907957
3022346,611.831593139454
3022347,485.5029019812107
3022348,337.0256480853386
3022349,62.52628531223715
3022350,6423.652502318302
3022351,23.01021720676395
3022352,0.8418624334953467
3022353,9.587424987029618
3022354,23.11371272617766
3022355,0.2213994593842642
3022356,489.39827366447247
3022357,5.385207165166207
3022358,1.2920384248323842
3022359,6.085590982753555
3022360,21.89571009018657
3022361,1.5039596488683367
3022362,659.8650455122872
3022363,415.6479174616136
3022364,2.4001961426571565
3022365,11.491005207822845
3022366,282.0626750711158
3022367,56.93067796444069
3022368,1270.05818949772
3022369,28.525489907388287
3022370,7.8945278790908215
3022371,4.612091489468565
3022372,0.04703667368835797
3022373,0.6446756414648093
3022374,1597.5199410822884
3022375,0.02261841694681832
3022376,204.96181602729246
3022377,6.931737477832328
3022378,1185.310024132681
3022379,354.2468967213284
3022380,199.04496281245923
3022381,72.32915156544854
3022382,31.93643010093914
3022383,3073.587679622106
3022384,6.706298712897989
3022385,0.3933775684619554
3022386,10.235300413065437
3022387,14.085989899460216
3022388,0.2112771869908631
3022389,179.95532193555897
3022390,4.46150333886561
3022391,0.04777003206616078
3022392,9.28621651803734
3022393,15.806260625983281
3022394,1.1531886122739528
3022395,149.35262044988235
3022396,192.7313539213847
3022397,1.3544569535905464
3022398,4.723675247642769
3022399,145.84889883593945
3022400,27.049651227993987
3022401,284.19086530461317
3022402,9.261049188847378
3022403,2.0878815777603106
3022404,3.9299681626495175
3022405,0.0482480809102117
3022406,4.181566363029038
3022407,1956.5468997467215
3022408,0.02493290218382069
3022409,140.59113716317606
3022410,5.506159460861819
3022411,1087.9494394300064
3022412,275.4028972591846
3022413,153.05678516096444
3022414,90.79557854574846
3022415,26.758754996250644
3022416,3089.1671446033624
3022417,12.685132945115756
3022418,0.18431640734312704
3022419,9.775707452611941
3022420,11.305880104261075
3022421,0.10147461065413879
3022422,149.16040830079424
3022423,1.1795533094449573
3022424,0.06011017129128609
3022425,2.776963870326613
3022426,18.469369178466753
3022427,1.068002262932907
3022428,167.54620922345748
3022429,242.19562167638713
3022430,0.5089580012785776
3022431,4.843149272382894
3022432,80.67431266351292
3022433,22.229918641707847
3022434,197.8561470727713
3022435,40.8553226279688
3022436,1.41499015157121
3022437,2.4782217293202455
3022438,0.12370890072506488
3022439,1.7814751717803858
3022440,1313.4860199222207
3022441,0.046328155974395775
3022442,171.45906138481055
3022443,4.788854183276063
3022444,1382.6159767649235
3022445,361.9047720071695
3022446,232.486570365308
3022447,55.02536380725115
3022448,33.48948131463013
3022449,2777.6584749504113
3022450,4.060369738285649
3022451,0.4675132924054947
3022452,9.568812526873655
3022453,27.267553317063413
3022454,0.1562663996454879
3022455,224.37660500725877
3022456,0.6540593913701304
3022457,0.06344997760395422
3022458,2.868570655635476
3022459,6.317969063048131
3022460,1.2569581066494366
3022461,235.25868562697826
3022462,267.6148738897916
3022463,0.8725295525786205
3022464,4.224455637735725
3022465,70.70280917520509
3022466,91.07555320967936
3022467,367.0839025516624
3022468,13.261298051388476
3022469,3.8476316289183634
3022470,4.005066901962154
3022471,0.20568977181860545
3022472,1.7138273346441506
3022473,1811.8358963110363
3022474,0.019220361138998398
3022475,152.20787331924674
3022476,2.354340314769748
3022477,1169.150581792219
3022478,339.5791168035437
3022479,251.15196375613306
3022480,122.41444565333083
3022481,61.798757671696606
3022482,2934.8020206096644
3022483,4.876950730882202
3022484,0.5624801882716616
3022485,8.104869847293834
3022486,12.355237778279164
3022487,0.1438776591421836
3022488,239.56215811771972
3022489,4.815333335441387
3022490,0.045316204031278305
3022491,2.129557258665274
3022492,12.561710943432551
3022493,1.156435238423621
3022494,139.14105861479936
3022495,267.89257518440337
3022496,0.46355217851813163
3022497,4.531311290093753
3022498,109.04567273214545
3022499,42.96302495446402
3022500,566.3607781841368
3022501,39.933394938708965
3022502,2.1382330252163744
3022503,3.5049155413227977
3022504,0.21751825023827565
3022505,1.158713625759267
3022506,1345.709284158662
3022507,0.02933132002222576
3022508,159.81106054322046
3022509,3.7414053935872635
3022510,753.0758866763404
3022511,233.23485301544383
3022512,151.1759258793101
3022513,345.1613251909841
3022514,22.029381603270302
3022515,2174.630282842394
3022516,4.167970783719755
3022517,0.3948088422850452
3022518,8.333569822569203
3022519,14.228703671358396
3022520,0.35688136662571746
3022521,155.69842584626423
3022522,0.11951948713969131
3022523,0.04121483814456622
3022524,2.725625971502505
3022525,14.92751766770599
3022526,1.5940979554750987
3022527,63.08607586915336
3022528,152.58368600007233
3022529,0.8920893202626367
3022530,3.930162795876858
3022531,68.41976622691708
3022532,42.27334915454331
3022533,505.15746078041013
3022534,0.04483184190215949
3022535,1.1168314535541601
3022536,6.9380022689950485
3022537,0.48664103754448373
3022538,2.8845248787758626
3022539,2615.127705073049
3022540,0.03238648171359199
3022541,301.58760417266825
3022542,5.453677271378501
3022543,1255.846568291032
3022544,629.130028398098
3022545,466.83375412586383
3022546,269.8267839390902
3022547,80.40078803437898
3022548,4262.943132023955
3022549,11.14109735393118
3022550,1.276229594276754
3022551,16.791411050143918
3022552,20.505235713661023
3022553,0.2107263028636277
3022554,269.4194210719165
3022555,0.6850934490724646
3022556,0.16259332637958382
3022557,10.037936833228292
3022558,21.49847343874984
3022559,1.9458452701072826
3022560,220.750506200831
3022561,273.97860735603444
3022562,1.960729782757302
3022563,7.438303171422309
3022564,375.99249088429383
3022565,51.78610167152431
3022566,1201.9581176553136
3022567,226.73105588852707
3022568,7.677748314221722
3022569,3.726723688378523
3022570,0.11380718592217592
3022571,3.084193447710946
3022572,1933.8275027654022
3022573,0.03287466398294924
3022574,495.77321775074256
3022575,5.4167040403573825
3022576,623.4132129250177
3022577,505.03585120686796
3022578,180.96840854716072
3022579,206.16188195347092
3022580,53.17720798595688
3022581,2848.8684036274744
3022582,13.407776950305024
3022583,0.6851934946922348
3022584,11.798630669325807
3022585,14.796803269232313
3022586,0.0908040584300529
3022587,170.08186798645562
3022588,8.089665723437346
3022589,3.66370283731716
3022590,6.72444703069835
3022591,30.677727354586587
3022592,1.2627182776660337
3022593,97.65762347534549
3022594,177.33046068634997
3022595,2.6047933944601036
3022596,5.687503526312431
3022597,166.2989928609432
3022598,49.69489642335512
3022599,1465.9120017511127
3022600,20.137739298789327
3022601,10.964308383369378
3022602,5.636542760644461
3022603,0.2934382645883624
3022604,2.615521475838344
3022605,2443.2966562084116
3022606,0.028468752809305872
3022607,174.77786204495027
3022608,4.181263446502517
3022609,964.185315414531
3022610,310.30347877698006
3022611,268.98119383030564
3022612,81.13092812134411
3022613,43.91053337778358
3022614,3403.5085657697146
3022615,17.21979133238837
3022616,0.8545132437903307
3022617,10.132416720182324
3022618,20.05275370709718
3022619,0.14593921092829687
3022620,184.87983469980497
3022621,5.94296742701957
3022622,0.1507298670366946
3022623,3.4687043283025982
3022624,16.360771174920863
3022625,1.0530501379469221
3022626,162.55235312171882
3022627,188.48677614087057
3022628,1.2652177482183524
3022629,3.5882960692759287
3022630,97.06874407801021
3022631,23.255522116683085
3022632,486.8507107135762
3022633,4.962523749835652
3022634,3.2957381783735116
3022635,5.114816248449127
3022636,0.09772644166790309
3022637,7.443043673197675
3022638,2629.903518574755
3022639,0.06619962631481599
3022640,572.997299664708
3022641,8.36556083016119
3022642,774.4293148012619
3022643,719.7112844439094
3022644,214.97664106584747
3022645,160.81450963831333
3022646,68.53183832171948
3022647,3331.6477569771496
3022648,34.00154733216806
3022649,1.631917232407298
3022650,17.235124565240742
3022651,21.674202971157484
3022652,0.22092023127723293
3022653,218.9543340335203
3022654,17.771111703622378
3022655,13.699158470289962
3022656,4.097368409553732
3022657,40.021608086227786
3022658,8.578046436911121
3022659,347.05317319553143
3022660,258.02820671057617
3022661,6.538533440055836
3022662,8.486713737519311
3022663,396.61611487558474
3022664,101.12101245881371
3022665,2083.0082194725815
3022666,0.13429207310710792
3022667,31.269674441764472
3022668,4.389235868773114
3022669,0.11703474376489323
3022670,2.9920518838276715
3022671,3302.5030020395834
3022672,0.03655730135123609
3022673,438.0978314584975
3022674,5.131044546263719
3022675,1700.8857796922887
3022676,727.4403362021203
3022677,517.4335089466399
3022678,175.98141222889052
3022679,60.159538520216095
3022680,5651.435040079739
3022681,10.945491997374845
3022682,0.4402228613171536
3022683,16.69500950386587
3022684,16.102650046947335
3022685,0.11859742142108293
3022686,335.9297762355584
3022687,1.2933474663257138
3022688,4.2213546442271
3022689,5.557754744440608
3022690,28.44751434146516
3022691,0.7128369945826706
3022692,271.3926972334601
3022693,381.8757637208457
3022694,2.6906400327567086
3022695,3.5529706967672405
3022696,296.94869193030024
3022697,67.78127593355275
3022698,971.532196559403
3022699,22.012049254936016
3022700,12.834488498118626
3022701,6.930060796376535
3022702,0.13114561896113444
3022703,2.748368771402698
3022704,3385.0083801538985
3022705,0.032042287396832396
3022706,418.4742144381041
3022707,4.109384995792974
3022708,1659.9090440445545
3022709,489.7464202345123
3022710,295.8070367299849
3022711,285.6322182650682
3022712,62.68259701526472
3022713,3965.4229985244533
3022714,13.721102909233576
3022715,0.42663443731111994
3022716,24.668920480141306
3022717,24.7358550351343
3022718,0.20441496532892006
3022719,349.180542154856
3022720,3.3617944949307463
3022721,2.2735276968440443
3022722,6.935014394960597
3022723,51.75879553471208
3022724,0.9124173001509942
3022725,109.41376381928853
3022726,308.00545049622383
3022727,1.5109138793381403
3022728,3.3544043086261164
3022729,146.22470084071182
3022730,125.9047518255862
3022731,1144.6377816382903
3022732,0.3389061344247397
3022733,4.024119100009294
3022734,3.3719599975062806
3022735,0.2785367574350658
3022736,2.149415861585492
3022737,2017.4233238186034
3022738,0.029070954807107644
3022739,154.01020766893532
3022740,6.820274880726527
3022741,803.0712912545667
3022742,303.3228972617161
3022743,146.37115239427342
3022744,71.19212380639226
3022745,46.361985900347584
3022746,2668.5517468845956
3022747,5.43240655637773
3022748,0.5787954248006831
3022749,12.06757271229495
3022750,12.937815763146155
3022751,0.07488146051029619
3022752,176.11555400556665
3022753,0.36885960063623746
3022754,0.1316220321344592
3022755,1.7453245432372977
3022756,25.41931303110144
3022757,1.7797247091955124
3022758,68.45874955584674
3022759,173.3393272709906
3022760,1.1350687349468522
3022761,5.715647757576953
3022762,85.87778291658
3022763,23.877334723072334
3022764,477.9584781116971
3022765,40.20568240914302
3022766,1.194732066506893
3022767,2.2970670048404855
3022768,0.04778686935068148
3022769,1.1123317727318431
3022770,1411.3426861152038
3022771,0.045007165124623986
3022772,270.7980443492784
3022773,6.155648151148602
3022774,488.6050950619419
3022775,439.91089244785036
3022776,136.92531510739576
3022777,46.68162907667942
3022778,48.969506829009674
3022779,2053.1224205850735
3022780,20.525850993685992
3022781,0.44662392012992924
3022782,11.716923931355026
3022783,20.84139584787442
3022784,0.1317267445846273
3022785,122.37126118502184
3022786,9.455810196288851
3022787,2.7763519277546997
3022788,4.270109783185449
3022789,26.087299484137375
3022790,4.4423383950664785
3022791,367.5020404526946
3022792,151.64456496540495
3022793,3.1188443540905064
3022794,4.852781135817847
3022795,264.05078219872354
3022796,30.926730497819484
3022797,1090.4925675747602
3022798,0.018308342791190528
3022799,5.247583914896048
3022800,2.0197169367027756
3022801,0.08327316222286145
3022802,4.952652664408002
3022803,3039.8908959237824
3022804,0.037906609425970544
3022805,699.2779154538428
3022806,14.210566713928639
3022807,949.0601504405847
3022808,1132.176388510857
3022809,257.79599980664545
3022810,216.5473592261006
3022811,136.1556411676274
3022812,3371.4843130598983
3022813,27.38040758880203
3022814,0.4239044004153474
3022815,13.629051145458353
3022816,25.463134876571942
3022817,0.08781653182382723
3022818,206.77532473179815
3022819,10.308204993037824
3022820,26.083054187203295
3022821,6.386928695054132
3022822,43.115908410135965
3022823,8.156402145394873
3022824,343.23374069181745
3022825,265.07742367502874
3022826,12.82668817143622
3022827,6.3642710007250285
3022828,495.986664025172
3022829,100.9738832330205
3022830,2892.2627114101297
3022831,0.1124563046448244
3022832,15.584572134855765
3022833,2.7094321782974737
3022834,0.0819850545757069
3022835,2.496026276632444
3022836,1735.0044581915004
3022837,0.01947188766970641
3022838,360.33552640560754
3022839,4.189902345181219
3022840,357.5705171383377
3022841,491.81028295530996
3022842,130.25143506660837
3022843,106.40344737724058
3022844,57.39076600255609
3022845,1711.7413660620648
3022846,13.562261598148591
3022847,0.7165513706566723
3022848,8.3490625716794
3022849,17.145176194359877
3022850,0.08750164702976379
3022851,94.72907979589223
3022852,0.07239846169761727
3022853,8.687695127221556
3022854,2.6027900021124277
3022855,72.66778793894169
3022856,4.039751660687267
3022857,181.66996147398373
3022858,107.68957537739408
3022859,3.334968501125317
3022860,5.193925476631471
3022861,141.3230165095259
3022862,28.0930566126762
3022863,1306.589178144548
3022864,0.4960693461297683
3022865,2.608625103846907
3022866,4.209178473411383
3022867,0.08626981280730145
3022868,0.38404442942044936
3022869,955.3612059779045
3022870,0.06672560123166343
3022871,215.0776704854452
3022872,5.004394631815503
3022873,379.60277036382627
3022874,244.4058116615484
3022875,87.44547973400995
3022876,38.19373837528263
3022877,22.915399478354896
3022878,1550.4191096229285
3022879,14.509710622741904
3022880,0.6643935093204292
3022881,11.429605818584989
3022882,7.220544150103207
3022883,0.34880480501522315
3022884,86.67932484373671
3022885,0.5223927676915603
3022886,8.126360352786559
3022887,1.6157992585926302
3022888,13.275315752324595
3022889,0.7066525788879735
3022890,238.07433340880584
3022891,139.93781131823522
3022892,1.6614591063160293
3022893,3.017762996367768
3022894,115.18219316172345
3022895,20.06358903464996
3022896,417.13338737328115
3022897,0.6272812422787628
3022898,2.54048184796717
3022899,4.682415915909992
3022900,0.04579508703938642
3022901,3.758921596513135
3022902,2929.1831140183986
3022903,0.0305841101186324
3022904,647.660284038359
3022905,10.5893727207561
3022906,879.0533558051873
3022907,1028.0303195253343
3022908,266.2733963598093
3022909,229.0800684326398
3022910,95.55631223188702
3022911,3775.1501055005397
3022912,23.1414894488196
3022913,1.061253809669156
3022914,11.745262512312772
3022915,22.009178407084594
3022916,0.48713374240728313
3022917,226.1290949462268
3022918,3.787473640854979
3022919,22.079659066256696
3022920,5.228572161246728
3022921,52.24973397663827
3022922,1.6634931045822747
3022923,287.1086769503635
3022924,275.4555285295452
3022925,7.394458403950209
3022926,7.1211872820258115
3022927,385.8103997763543
3022928,76.96381193625477
3022929,2564.9864559707894
3022930,0.5978972353302994
3022931,12.776952628708274
3022932,5.785416636698354
3022933,0.07639653741044555
3022934,1.7083035736698375
3022935,3155.9290723785907
3022936,0.04115222147281319
3022937,606.3368470369809
3022938,9.230846649612523
3022939,1168.266085742511
3022940,703.4469112145787
3022941,313.45987579920416
3022942,349.4109195137668
3022943,52.243147104152605
3022944,4269.9504166172155
3022945,12.959894945734973
3022946,0.9099999477167409
3022947,16.12740703064721
3022948,16.97407094248877
3022949,0.5104539085686992
3022950,242.21812565126731
3022951,0.050482524320510966
3022952,2.9528457383427793
3022953,3.9881372136515276
3022954,24.12024075447043
3022955,1.0213871241576136
3022956,170.32809832068227
3022957,267.1170864822251
3022958,3.9060867041169507
3022959,3.284384293362968
3022960,177.92588527390473
3022961,74.80702124488285
3022962,1279.2755092720383
3022963,1.373684477076392
3022964,3.682971037264209
3022965,4.22232020275413
3022966,0.3010892300342319
3022967,2.3983006669182587
3022968,2682.7115229191977
3022969,0.03842523865948468
3022970,645.1492779365237
3022971,6.707881157112284
3022972,932.3011324404097
3022973,673.4858364967552
3022974,240.97485752188584
3022975,434.65867816174625
3022976,49.57588086795367
3022977,3488.2019717302474
3022978,12.075386893795077
3022979,0.6954675027432684
3022980,17.380819568808313
3022981,16.875329163865654
3022982,0.08971137410065655
3022983,208.79895101385972
3022984,0.06720180888104234
3022985,3.8952977624110563
3022986,3.2308731473930563
3022987,44.220740552769506
3022988,0.7880173275735385
3022989,134.55491185705387
3022990,241.93600101994707
3022991,3.879990645544937
3022992,3.5668119510820784
3022993,197.30997634736352
3022994,59.96988792857324
3022995,981.3751718873125
3022996,0.6127681551657065
3022997,4.354160136447919
3022998,7.40817616801475
3022999,1.0151113445555815
3023000,12.800053074935223
3023001,6147.723478554107
3023002,0.04688585246924786
3023003,1062.9999098790531
3023004,18.83722941770202
3023005,1747.3929321693604
3023006,1723.8333868774334
3023007,308.06943952795353
3023008,433.7359368101179
3023009,282.86414845435564
3023010,6372.18443516904
3023011,69.22106555368379
3023012,2.5110127914494185
3023013,30.503308864996526
3023014,50.538533197602476
3023015,0.12575925304617902
3023016,458.18029510946815
3023017,29.40045465816629
3023018,35.609985758355464
3023019,17.60953997571678
3023020,120.66670566801648
3023021,20.435949415109953
3023022,591.4840221766392
3023023,474.67667498848056
3023024,15.779518401871865
3023025,19.030493551184474
3023026,991.1807579554973
3023027,176.64813942581756
3023028,5913.725472429322
3023029,0.6435938793607613
3023030,73.96697255512873
3023031,2.380827928629797
3023032,0.2584190436855049
3023033,0.6547350889672348
3023034,1591.6531584703419
3023035,0.022109736643060495
3023036,151.40107163607843
3023037,3.9017084681528287
3023038,495.9156210209715
3023039,249.29316496960138
3023040,110.83434301019713
3023041,203.42636299395394
3023042,31.126998771730346
3023043,2232.340555808441
3023044,6.221331593850504
3023045,0.16382695368099903
3023046,9.904956015376259
3023047,8.190360231726938
3023048,0.15748072467232438
3023049,130.91313230337656
3023050,0.2159404468773145
3023051,0.18128789653508365
3023052,3.084443036551596
3023053,19.943175302443734
3023054,0.8136390884050143
3023055,57.18157416186808
3023056,107.12891557737152
3023057,2.0130664191459373
3023058,3.3219463272991954
3023059,78.50058791134448
3023060,18.381938590803035
3023061,471.8279626561206
3023062,0.27433729088330044
3023063,3.727000285582187
3023064,5.763823360320368
3023065,0.19594284585290367
3023066,0.9933108281258346
3023067,2850.230606457365
3023068,0.022839008816237613
3023069,539.504503323503
3023070,5.321684178241487
3023071,1104.588213028133
3023072,585.6742862507381
3023073,205.5466857373911
3023074,432.7599151645494
3023075,48.5165156342115
3023076,4191.361222269628
3023077,9.71197214509978
3023078,0.25242456534044977
3023079,13.285398881670018
3023080,15.816685956502553
3023081,0.052186311373359995
3023082,250.55028886718628
3023083,0.337258699989931
3023084,2.9149616820604582
3023085,5.526067467102958
3023086,9.208375071414636
3023087,0.9092688160369256
3023088,310.6746011320509
3023089,278.11674240731884
3023090,2.769382425171867
3023091,4.987219236871582
3023092,123.31661135884178
3023093,55.28389043386527
3023094,952.8256010341674
3023095,1.2514269855277196
3023096,4.564950961147727
3023097,2.0763021329166667
3023098,0.03816135237654497
3023099,2.0017746064837536
3023100,1115.8891000711058
3023101,0.022027895527828856
3023102,155.16804575158272
3023103,2.6218299395824927
3023104,469.83063176884184
3023105,163.63773822370112
3023106,94.05020033379441
3023107,443.28173606873213
3023108,14.259634833021423
3023109,1928.0747114251358
3023110,1.894409032771975
3023111,0.16689430118874155
3023112,9.423609610987008
3023113,4.036361459546359
3023114,0.08705513079191429
3023115,92.41318178579661
3023116,0.03939411464714895
3023117,0.042488705022155564
3023118,0.7026606059737192
3023119,4.956767724290208
3023120,0.4753558376056437
3023121,75.30636581010245
3023122,98.47941138016546
3023123,0.4874070732811482
3023124,1.1018953345220703
3023125,62.15293226012022
3023126,11.10667742076274
3023127,182.14940536616677
3023128,0.04860482025067512
3023129,1.2976828162911722
3023130,5.674087188432003
3023131,0.06900999626806381
3023132,1.0473881924893842
3023133,1936.5349069456472
3023134,0.03506896838271166
3023135,223.00015224061607
3023136,4.46259960031958
3023137,1016.1424437252161
3023138,350.13116591648145
3023139,175.1698101028383
3023140,379.4224230074175
3023141,46.89305439297081
3023142,2896.9636580162605
3023143,3.30869129801723
3023144,0.8982910118577486
3023145,17.18164594459543
3023146,14.425696068124024
3023147,0.26622184812909383
3023148,211.94570958959645
3023149,0.23708459329535908
3023150,0.22340371650458773
3023151,8.354603806694932
3023152,15.187382443181823
3023153,1.1583577925279227
3023154,179.35307684016237
3023155,230.9051373203087
3023156,1.6640575720803705
3023157,3.39780274609836
3023158,178.93200329613023
3023159,28.084373029241984
3023160,1076.6127008043272
3023161,0.2340714403932443
3023162,0.8619717663706716
3023163,2.6627864616785084
3023164,0.2026076189799599
3023165,0.8114009742401086
3023166,2391.0392940824177
3023167,0.024921447192589482
3023168,658.9996396694573
3023169,4.906165008578782
3023170,919.1569189598121
3023171,561.6339441916459
3023172,222.72570162519753
3023173,131.12383214417378
3023174,55.59903615089331
3023175,3619.832504814675
3023176,7.111737657986891
3023177,1.4638711931711388
3023178,17.740431442453954
3023179,25.987501778924674
3023180,0.14626083898992834
3023181,180.37234281787892
3023182,0.7343020219529336
3023183,3.9660690510358565
3023184,1.9878120433850008
3023185,16.711273010865135
3023186,1.1178239062978677
3023187,177.45720434525828
3023188,285.50693174221374
3023189,2.5515245657571772
3023190,5.2815624823824585
3023191,129.6664883352904
3023192,27.374292627548837
3023193,565.3287087061541
3023194,1.3744410484646339
3023195,1.8713785086614383
3023196,2.9371111230313294
3023197,0.03559242339535061
3023198,1.5370687493350523
3023199,1585.679562393307
3023200,0.023281169544953066
3023201,107.60911085570514
3023202,3.342053556993314
3023203,516.3067931728401
3023204,164.9060746542702
3023205,102.56106467164922
3023206,240.82878230314117
3023207,29.98327264867484
3023208,2393.2214579957194
3023209,6.787213316753611
3023210,0.2877702406526188
3023211,10.858819458503348
3023212,5.395549940809885
3023213,0.14382524775905164
3023214,109.63830591359003
3023215,0.050001515096292914
3023216,0.12462782528997864
3023217,0.7241482950885165
3023218,12.478649502188047
3023219,0.6182831321072837
3023220,190.83567829403913
3023221,115.2545569268774
3023222,0.7507794565548733
3023223,2.155092139508402
3023224,51.68027026901909
3023225,15.137096110246237
3023226,316.7835617926886
3023227,0.15262590939872972
3023228,0.6542120806976855
3023229,3.1434991334108577
3023230,0.03465124217455839
3023231,0.5252696971446175
3023232,3238.893991360306
3023233,0.05063902879680544
3023234,487.3192472461323
3023235,6.638051894562201
3023236,798.9242022548781
3023237,507.34617233959744
3023238,181.2280341543377
3023239,167.58173095673797
3023240,50.78343268004072
3023241,3686.946901565804
3023242,9.487070944979113
3023243,0.4522983379312338
3023244,18.312725260700027
3023245,14.124125953948951
3023246,0.1980270005631059
3023247,201.50009646683523
3023248,0.3666604057364442
3023249,8.920189365008026
3023250,1.829225763519335
3023251,28.6297587038323
3023252,0.7965750824201582
3023253,210.86109198887544
3023254,210.2935472113491
3023255,2.5014755133245887
3023256,4.112554358619018
3023257,114.42471993057647
3023258,41.73991694229356
3023259,960.1362438930154
3023260,0.49323398092421444
3023261,1.2147895708878482
3023262,3.513696295693954
3023263,0.03468580936546484
3023264,8.797393283697794
3023265,2826.9120408191307
3023266,0.02268300061589124
3023267,499.4653725914879
3023268,5.6682891098142
3023269,836.0068633017361
3023270,797.1675060231873
3023271,151.20008786808387
3023272,117.85283429243168
3023273,95.24229120408643
3023274,3486.360222298267
3023275,42.604382380611895
3023276,0.8208532086526027
3023277,17.611183319929573
3023278,31.41572695379351
3023279,0.2800797312999229
3023280,237.97447123636746
3023281,20.124775322917433
3023282,17.273900656323246
3023283,4.788599556194093
3023284,67.89336309983688
3023285,6.689472981747328
3023286,185.6251458602528
3023287,280.2671299118733
3023288,11.72073463057496
3023289,12.56618020295926
3023290,218.8017513846773
3023291,62.9507761115975
3023292,2184.7622030992434
3023293,0.03384611493599636
3023294,6.372299199145811
3023295,5.855364114093858
3023296,0.08699747594919333
3023297,6.129515914706044
3023298,2295.962958881667
3023299,0.03385729407474504
3023300,497.18773807940056
3023301,7.186078714307744
3023302,868.2739131457856
3023303,589.3095387190606
3023304,141.03825045067202
3023305,79.09487308189273
3023306,71.90362295911854
3023307,3660.530034204864
3023308,21.862794766768797
3023309,0.9799825799280473
3023310,29.433952750145586
3023311,49.1786872582593
3023312,0.08871792614566751
3023313,286.0979620814688
3023314,12.169472401782171
3023315,10.933983477186604
3023316,5.346151601388071
3023317,48.52418499379314
3023318,6.914433336731773
3023319,234.6867730551822
3023320,379.0154500062589
3023321,5.994169025138577
3023322,6.939013314020278
3023323,96.06701504377901
3023324,75.73621770793824
3023325,1819.826112784007
3023326,0.4109344995561507
3023327,15.754993301799425
3023328,7.5568996780464595
3023329,0.08977793837107659
3023330,3.6292741059593583
3023331,3228.7214003205936
3023332,0.03325932337268134
3023333,595.7673727183108
3023334,4.2046371438049
3023335,1845.891342890001
3023336,559.577893802425
3023337,197.8779880274183
3023338,1261.4137710073414
3023339,64.53085424222917
3023340,5187.957860978462
3023341,31.542111988528575
3023342,1.5371321658519386
3023343,16.938278588208345
3023344,21.525214119136592
3023345,0.15741922516640183
3023346,348.2720256293479
3023347,2.773429984215862
3023348,9.968523497788832
3023349,11.494645749764862
3023350,18.35343249538508
3023351,1.0393912259879194
3023352,163.55988093500343
3023353,314.44675700377763
3023354,5.9971285120299225
3023355,7.314427112229101
3023356,208.80275974851094
3023357,48.93816118258408
3023358,1494.159981532451
3023359,34.87626629931289
3023360,12.905405918746563
3023361,4.040319939800083
3023362,0.6681890365722865
3023363,4.978665430557019
3023364,2237.6652970330333
3023365,0.05329358159321261
3023366,365.51341157857587
3023367,6.055372332045232
3023368,644.7504587155272
3023369,639.6967145865008
3023370,176.36966681136937
3023371,133.22838154010577
3023372,76.68165273567884
3023373,2821.7314803031704
3023374,23.36875932741193
3023375,0.8957900608883654
3023376,15.148419430213657
3023377,15.357568843162824
3023378,0.18379159292959263
3023379,176.67223369061182
3023380,13.68471875634436
3023381,12.82545940894763
3023382,4.029133763213279
3023383,40.979078765903296
3023384,5.568393025367081
3023385,307.4098557057423
3023386,220.5400545316882
3023387,4.870243404060118
3023388,7.354577200416426
3023389,321.5893994552681
3023390,39.77645300574904
3023391,1925.382887011228
3023392,0.19964862570796849
3023393,22.253254019304496
3023394,3.52539046485537
3023395,0.11046432516239256
3023396,3.9563508854192273
3023397,4160.157658275986
3023398,0.03783988898925712
3023399,464.679179165209
3023400,4.993029654171645
3023401,1537.12684429822
3023402,634.8926087727967
3023403,265.68352857327915
3023404,251.28862690064716
3023405,45.41124622931291
3023406,5907.602855510184
3023407,10.381420401757467
3023408,1.567884790630719
3023409,20.638631403148175
3023410,21.1215725603731
3023411,0.3127463907006557
3023412,417.1656405589021
3023413,0.4267630992540679
3023414,0.35684466308307733
3023415,7.593035856107331
3023416,20.938218576479986
3023417,1.915256152564732
3023418,126.42336262381014
3023419,362.6819724371454
3023420,3.7237127418322187
3023421,8.190191855318586
3023422,177.7441420928958
3023423,57.9118064545289
3023424,1256.8597299101152
3023425,0.09737009018419693
3023426,4.669365796247304
3023427,6.561693523750848
3023428,0.033017399132534396
3023429,4.6044708780690975
3023430,2490.683614613759
3023431,0.025069476599892886
3023432,476.2952541144738
3023433,6.471747952719612
3023434,896.50557735722
3023435,632.424752151673
3023436,187.87285741865912
3023437,127.49663054973014
3023438,94.91738927168844
3023439,3265.2016362599866
3023440,40.29159987215517
3023441,0.9137667615986165
3023442,16.683281178927402
3023443,24.167530878357432
3023444,0.08052746395662097
3023445,215.7172031077184
3023446,10.850865671233084
3023447,12.749136155045054
3023448,4.491471907160897
3023449,54.44044056531415
3023450,9.769513286798855
3023451,182.4958712643934
3023452,301.7084176517302
3023453,9.706946506151922
3023454,8.132247999517105
3023455,189.66397150259354
3023456,53.25885271996607
3023457,2092.348306499492
3023458,0.23726068025698047
3023459,5.114192025438626
3023460,3.2681855604525003
3023461,0.049247449650420334
3023462,2.9291781023503236
3023463,2681.6811407460646
3023464,0.0303627388832161
3023465,517.1923022705286
3023466,6.754157140639068
3023467,709.6525833738077
3023468,783.7333263605697
3023469,169.9685140130046
3023470,129.58696283144826
3023471,108.20107330923348
3023472,3153.14732969086
3023473,25.33823248589398
3023474,0.8175424089817109
3023475,10.696185411382649
3023476,15.349992003121052
3023477,0.07527727130248693
3023478,189.79314403365635
3023479,8.305749355224208
3023480,24.889516580691307
3023481,4.543420426134968
3023482,43.054216747035106
3023483,6.8507183452530445
3023484,214.70325249173493
3023485,206.55575487031342
3023486,5.848835439496832
3023487,6.630705724382569
3023488,199.23165430440451
3023489,57.17379705416292
3023490,2109.1331048277216
3023491,0.1505307202918365
3023492,12.50073506410999
3023493,5.374458616555625
3023494,0.08105541131908646
3023495,2.132926377878762
3023496,5022.087687174018
3023497,0.03740715498958527
3023498,613.8523865574176
3023499,11.794570843417443
3023500,1267.5434327279913
3023501,727.1521512583984
3023502,271.39222411877125
3023503,384.2099520242062
3023504,59.99739471177638
3023505,4960.403582007509
3023506,11.258252544314661
3023507,0.9909637058649491
3023508,13.386155462852898
3023509,18.096950506576533
3023510,0.12668738561364143
3023511,284.0422763791896
3023512,0.4298762402161768
3023513,4.096203610078297
3023514,2.997403620798856
3023515,47.790610376569816
3023516,2.4502804871205637
3023517,236.07307789913267
3023518,318.527395377841
3023519,4.014069891155547
3023520,4.899336872788691
3023521,208.01646273581198
3023522,158.15103291495547
3023523,1149.56420401996
3023524,1.120239050617233
3023525,3.0775045798280916
3023526,12.716607651118204
3023527,0.047292057553634956
3023528,13.795883230066593
3023529,8666.72194438852
3023530,0.02607251709219679
3023531,1408.3391834618096
3023532,18.53990586158417
3023533,2117.489027528371
3023534,2021.9431027098735
3023535,498.67910143592985
3023536,534.1417280406907
3023537,356.1772492331647
3023538,8773.602927828124
3023539,76.24405458033823
3023540,3.179511440199388
3023541,55.65156001316994
3023542,100.68334420483781
3023543,0.3619650775713783
3023544,546.0588432388947
3023545,32.40566012786964
3023546,22.146600519124846
3023547,28.452351456651094
3023548,173.11165045599267
3023549,21.656185492781542
3023550,666.280513467401
3023551,560.8913975768621
3023552,27.038014132455025
3023553,30.076923697157554
3023554,954.2166168187553
3023555,279.33330423809116
3023556,7486.948953527954
3023557,277.8893954299706
3023558,85.34067456229663
3023559,12.214886891077397
3023560,0.03996749666975162
3023561,11.198337728781315
3023562,8357.247774466647
3023563,0.03654660104990685
3023564,1110.3316365596245
3023565,18.53358407117484
3023566,2380.7743449013155
3023567,1976.651675777713
3023568,628.7204417570796
3023569,352.8056875376891
3023570,248.78603051804944
3023571,9435.887846515048
3023572,101.07671911038808
3023573,1.0590634019018854
3023574,37.19338531562699
3023575,60.89950051790254
3023576,0.699937634483237
3023577,642.0511228376597
3023578,22.447373572072514
3023579,25.84135316784553
3023580,21.358764329016257
3023581,127.34440052926155
3023582,13.678701532035088
3023583,910.9510062928985
3023584,741.8973162376069
3023585,15.81204018978942
3023586,29.38601519525959
3023587,1140.8931047230008
3023588,205.08682467932468
3023589,5285.94311623762
3023590,424.04085954790764
3023591,81.5296562754364
3023592,9.55985391194427
3023593,0.03905085257949135
3023594,14.47503186535836
3023595,5183.862669042495
3023596,0.10526640214910477
3023597,775.7169948595123
3023598,10.662687930278151
3023599,2134.098526983613
3023600,1352.3203366080384
3023601,699.3427057984629
3023602,139.29022079244817
3023603,236.57346535921482
3023604,8655.270224666709
3023605,48.356187237729685
3023606,1.7758218735243125
3023607,24.768347523563683
3023608,29.359959580686798
3023609,0.35081191482999347
3023610,563.5909171170792
3023611,33.09547492266672
3023612,16.48798805653097
3023613,14.292504647725814
3023614,86.53323444566489
3023615,7.134891471004289
3023616,975.9754969875639
3023617,706.1352633948095
3023618,17.43432997831722
3023619,34.34179876420605
3023620,672.4324021932779
3023621,136.90721627613613
3023622,2485.6842562919123
3023623,278.5705502405092
3023624,43.42833007315139
3023625,11.666466031416224
3023626,0.03552473830288103
3023627,15.094919746822313
3023628,7572.544298056652
3023629,0.036093552023825776
3023630,1132.0716185905474
3023631,13.060535721582413
3023632,1993.550635266317
3023633,1795.9042856946676
3023634,603.727330111224
3023635,309.3493764859247
3023636,196.30813688156664
3023637,8911.848488895603
3023638,46.76391149829651
3023639,1.614325695590912
3023640,39.02215675156325
3023641,60.65307030775351
3023642,0.537130242961226
3023643,553.4703389624667
3023644,25.215087569411864
3023645,18.474988656572393
3023646,17.109605856773403
3023647,97.96671976953522
3023648,9.390065361093715
3023649,696.2181965326055
3023650,700.0902169764925
3023651,16.191311876131223
3023652,21.525274336425472
3023653,1138.7582889747794
3023654,203.45187021418604
3023655,4582.013668057779
3023656,348.4635525673475
3023657,63.388469534456746
3023658,10.665975615391803
3023659,0.04015292760679325
3023660,17.198035345876256
3023661,4523.604093339827
3023662,0.020717218969670666
3023663,801.1627887960794
3023664,11.14768874696917
3023665,2093.0070571568526
3023666,1245.985543298927
3023667,623.7856330009191
3023668,116.91885430828219
3023669,155.0847341475474
3023670,8386.25239071875
3023671,32.33110410513079
3023672,0.5475148297324183
3023673,23.5577340263115
3023674,36.94208801618228
3023675,0.37178095409837336
3023676,558.5200520431422
3023677,32.309321250568345
3023678,10.808503801749943
3023679,25.0068703894835
3023680,94.34189132342753
3023681,5.832330660450189
3023682,795.2731411370002
3023683,791.0502335298681
3023684,13.35838998525074
3023685,23.183935408738275
3023686,732.3377203616176
3023687,88.71618740509177
3023688,1990.3693298454773
3023689,140.585346422028
3023690,21.726683278522046
3023691,9.195816404306829
3023692,0.033243964868498066
3023693,10.434385354533532
3023694,6285.304554429251
3023695,0.04031030952215874
3023696,1141.1712882964353
3023697,19.99113293551352
3023698,1835.8342445964433
3023699,1985.5300464353968
3023700,453.67744350554324
3023701,443.2868549354819
3023702,268.1561902026415
3023703,7623.35881928179
3023704,71.37104701462562
3023705,1.2015274705378236
3023706,35.970962982148826
3023707,54.539572465087886
3023708,0.41984756870881446
3023709,494.0598785266683
3023710,18.35708403188635
3023711,18.265527199468462
3023712,11.921179733773556
3023713,137.08439056811375
3023714,15.431436807051826
3023715,726.8558325626981
3023716,595.7949580921942
3023717,12.901109410247654
3023718,27.666340924147747
3023719,962.0108277834893
3023720,197.2434981854616
3023721,6784.6124275628235
3023722,275.9004602246657
3023723,76.81106648921276
3023724,4.5869205222192955
3023725,0.2563330096576107
3023726,8.130816562015916
3023727,1923.6706756406375
3023728,0.03513265394184889
3023729,355.238877146435
3023730,18.04945736776889
3023731,857.664499478432
3023732,513.1373330340134
3023733,221.29183903760378
3023734,80.02116174683314
3023735,72.5546337102677
3023736,2871.9437651397984
3023737,41.50638093896781
3023738,0.7514394963248534
3023739,21.2855548240462
3023740,19.89869616392397
3023741,0.08495482332338612
3023742,239.95796099924962
3023743,11.744704285405902
3023744,7.556401129058427
3023745,8.447941027058306
3023746,36.51539853570248
3023747,5.222382713743343
3023748,257.5642925789459
3023749,241.92083931693327
3023750,3.320342175257106
3023751,7.271735676401541
3023752,191.92756971400587
3023753,59.761167549269956
3023754,1404.1114518248799
3023755,0.46401375308583603
3023756,9.94971202093339
3023757,7.624837592948432
3023758,0.04194989662716575
3023759,11.109466988196212
3023760,3994.506738304649
3023761,0.0456088679790431
3023762,612.9372777791494
3023763,19.541170088519458
3023764,1668.3933651070065
3023765,1012.8721472141607
3023766,460.07338335844526
3023767,105.30632582412431
3023768,117.11114062387114
3023769,6419.1264727468915
3023770,70.34845103892113
3023771,0.7010023582874385
3023772,33.444690050954925
3023773,24.351878302809475
3023774,0.3441626815346129
3023775,379.45017295496126
3023776,21.494282810398715
3023777,8.94274572614166
3023778,2.7843638707480434
3023779,93.5035875621199
3023780,7.785571232245833
3023781,507.5021523618431
3023782,536.0038693121118
3023783,11.560871808547542
3023784,19.21150679166547
3023785,413.040121507917
3023786,81.4449551971393
3023787,1952.34647668881
3023788,210.17483107487203
3023789,13.137882903747482
3023790,6.78506853250904
3023791,0.039470334353159116
3023792,5.1488347466091025
3023793,4016.861765639239
3023794,0.040808735257545206
3023795,831.2539826335145
3023796,6.530430449312899
3023797,1304.7149245544272
3023798,1401.5513879794503
3023799,232.26142928348634
3023800,315.91060370488776
3023801,195.83309654657842
3023802,5004.138521489115
3023803,35.25355764901738
3023804,1.4053301073101951
3023805,24.326849205251897
3023806,27.437078380969872
3023807,0.4086743585597784
3023808,271.29863828887846
3023809,2.226303397738062
3023810,32.93627336769641
3023811,3.830875395014799
3023812,81.49567249909907
3023813,7.6866965906111755
3023814,535.3469198112274
3023815,296.51461578120995
3023816,17.370272958931363
3023817,10.680861862700262
3023818,669.1418574922571
3023819,108.07287279336786
3023820,4733.745446173278
3023821,3.1275848175115937
3023822,43.147099618975524
3023823,9.468735262213533
3023824,0.07268875028231415
3023825,9.387269829158189
3023826,3792.200116897444
3023827,0.03991701273942332
3023828,813.4508835718825
3023829,6.804294200131005
3023830,1372.9217753090009
3023831,1072.9141035681205
3023832,304.0852937316341
3023833,208.61340484229623
3023834,203.9316226344528
3023835,5071.995877290056
3023836,47.916175765143315
3023837,1.9257500096391116
3023838,36.9986425858411
3023839,37.220323673069515
3023840,0.3652195065028588
3023841,299.6459291673638
3023842,6.933383679224555
3023843,29.253104829512715
3023844,6.366835665352471
3023845,146.4769319916514
3023846,5.3396599412460635
3023847,419.07149784087187
3023848,318.56960146923245
3023849,11.136661452018663
3023850,16.564483574958125
3023851,457.1805816720113
3023852,132.37028426196832
3023853,3787.4478897288236
3023854,2.4202140134274845
3023855,8.425951979162212
3023856,6.874925368954438
3023857,0.06896395259108618
3023858,2.2324424083270795
3023859,2477.159766874575
3023860,0.03869641434822065
3023861,466.096382730232
3023862,7.020920838007722
3023863,935.0861701894578
3023864,491.4108862415878
3023865,207.91571664070364
3023866,89.73086899883486
3023867,81.46965208048357
3023868,3101.1953644575556
3023869,15.478951023306987
3023870,0.7771496625555254
3023871,21.76125711714267
3023872,24.623777343512987
3023873,0.16210740309134594
3023874,183.64278639061877
3023875,1.808664562039957
3023876,7.43569904122916
3023877,5.039166872320587
3023878,37.95583770849128
3023879,2.028474557107493
3023880,224.91557435820988
3023881,217.03793883725854
3023882,3.073758016499681
3023883,3.6738216213852732
3023884,168.43206838826944
3023885,54.317117588487534
3023886,1810.5975007391596
3023887,0.1929311224563704
3023888,1.6818332689939703
3023889,6.102898373658545
3023890,0.14141261803832245
3023891,2.976633983567703
3023892,3659.891012710455
3023893,0.15086718784957817
3023894,294.7755201128039
3023895,9.895231974562025
3023896,1420.3083821402238
3023897,279.28373801401625
3023898,234.95950284005477
3023899,89.21266161242633
3023900,41.40854666443779
3023901,3974.502857771697
3023902,17.393814933145116
3023903,2.7975594939309723
3023904,20.616568980389932
3023905,18.054533733616065
3023906,0.42876326878777504
3023907,263.6508125384152
3023908,2.283407300372942
3023909,5.957575460347501
3023910,6.221240715198486
3023911,22.250096603841065
3023912,6.991952807839709
3023913,57.48144997997639
3023914,232.9250142172653
3023915,5.342439709964051
3023916,14.942093246147847
3023917,79.01685076434228
3023918,91.2178899664693
3023919,630.7074739746879
3023920,0.7578645177277352
3023921,5.776368016908924
3023922,6.038649784775986
3023923,0.06746281509243313
3023924,6.099737074033679
3023925,3216.430886388428
3023926,0.0510104135678978
3023927,540.2828370079754
3023928,12.38456664106005
3023929,1087.2480114096052
3023930,865.6841415495323
3023931,266.77682163879183
3023932,164.65121439209068
3023933,120.92182689519846
3023934,4548.394795849047
3023935,33.98876340364359
3023936,1.5417763603775287
3023937,25.385370990461578
3023938,44.42187781851984
3023939,0.17914458236478858
3023940,273.99180348381765
3023941,19.139333496192314
3023942,14.300204405084036
3023943,15.945650083521308
3023944,46.96238886551177
3023945,6.159910142248794
3023946,409.15895682469244
3023947,322.72070656917856
3023948,7.391622713678256
3023949,11.00255299578648
3023950,509.7267404367654
3023951,69.86832535226736
3023952,2302.761032043324
3023953,0.10873926237855797
3023954,36.26515239697186
3023955,4.291127930741542
3023956,0.06277986626956401
3023957,3.511547248384374
3023958,3525.0228524080576
3023959,0.1062039342465949
3023960,600.6441503313085
3023961,14.806897266004224
3023962,1066.674030165495
3023963,1136.0374407391155
3023964,197.87635302785304
3023965,266.9326486718629
3023966,187.7525030890644
3023967,3695.6364158962306
3023968,29.469352472276164
3023969,3.1750373223852377
3023970,24.354190360496496
3023971,23.8541317733956
3023972,0.5419430974516655
3023973,248.176916854343
3023974,10.381370233659087
3023975,29.365285642829477
3023976,9.783979483010429
3023977,92.418581037401
3023978,5.992231530618101
3023979,411.06814879785765
3023980,303.16765925798535
3023981,8.947482472204324
3023982,13.45457705258875
3023983,580.186941089169
3023984,127.12408866071131
3023985,4561.069525081671
3023986,0.3106793353304822
3023987,38.604517284412175
3023988,4.361424841870997
3023989,0.3563220320292277
3023990,10.447231119366396
3023991,3904.0501244965008
3023992,0.03656384913131488
3023993,708.8543470991762
3023994,13.420647836927666
3023995,1102.3505333460814
3023996,1177.6814169988374
3023997,240.90599896535394
3023998,270.0066070314629
3023999,140.02963324465532
3024000,4314.178127232653
3024001,33.43776006112736
3024002,2.2777510504910548
3024003,23.025905142196887
3024004,43.86413728666169
3024005,0.08682720340400546
3024006,291.44323810140946
3024007,19.555188747312798
3024008,17.79307614273432
3024009,19.9397906241431
3024010,83.19961323259314
3024011,13.571739995426833
3024012,388.2574075912653
3024013,273.80522206790414
3024014,13.738028123162415
3024015,15.363359610339593
3024016,520.8889466539054
3024017,133.8576318151075
3024018,3678.253825918431
3024019,1.6336688672102855
3024020,39.935176314156664
3024021,7.972353068346607
3024022,0.22543990706004272
3024023,5.582463682665476
3024024,3353.928610189393
3024025,0.03389184357242413
3024026,508.39186282741287
3024027,7.746115413662547
3024028,1956.8982944919053
3024029,765.5279976172001
3024030,520.8603307574947
3024031,294.9404543719617
3024032,82.33564976775838
3024033,6417.0591127988155
3024034,8.330446494418887
3024035,1.0526012482235443
3024036,32.171245914528654
3024037,27.461191008656346
3024038,0.06191677117332122
3024039,397.70061958462486
3024040,7.326020620787972
3024041,4.129416057340469
3024042,7.19335836022484
3024043,25.80681403002064
3024044,1.083847386779571
3024045,314.37842692410476
3024046,445.4802514313734
3024047,6.017357543148764
3024048,5.300627208925092
3024049,424.75636438966865
3024050,76.73348610518593
3024051,1377.2357565202353
3024052,52.00584252458583
3024053,12.15727057849622
3024054,4.165107689291006
3024055,0.032594582597104065
3024056,4.494135264835441
3024057,2347.145857929507
3024058,0.03593170738766467
3024059,317.43155403095227
3024060,8.771758395151064
3024061,688.6781412614216
3024062,538.7727597742921
3024063,117.7902130632133
3024064,124.23198172095246
3024065,124.05917241020617
3024066,2734.1027053048247
3024067,17.396326906688657
3024068,1.135200381543014
3024069,14.531425513001492
3024070,22.327951296631884
3024071,0.1256025021264326
3024072,184.4973374644539
3024073,11.098738421730388
3024074,14.49604650509122
3024075,6.991473309053324
3024076,80.0839259224154
3024077,6.256877875152583
3024078,250.46044298718988
3024079,166.82063816591804
3024080,3.832618889676513
3024081,7.325337422846414
3024082,261.9680201865469
3024083,67.74483849753429
3024084,2121.943259679673
3024085,0.03951020916561125
3024086,29.024553145574835
3024087,2.504789319216343
3024088,0.07880307980875045
3024089,1.1747973020515987
3024090,1597.5830321695025
3024091,0.017342706484501286
3024092,120.103552726765
3024093,3.9192071361240393
3024094,794.147551465041
3024095,296.6470446413514
3024096,240.78300347208108
3024097,53.737399560874266
3024098,33.22873185571977
3024099,2868.247273637394
3024100,6.166314371767344
3024101,0.4077774631789595
3024102,7.329506876996944
3024103,8.78363930213471
3024104,0.07706967752482789
3024105,175.81829363381175
3024106,1.9203084481193038
3024107,0.01665556478826749
3024108,2.0424939982202437
3024109,12.964682843705852
3024110,0.722243114355491
3024111,189.9057686996884
3024112,183.7237271124901
3024113,0.6781735201804002
3024114,4.34859521380405
3024115,145.78892034374348
3024116,28.410045720375784
3024117,377.62450123655697
3024118,35.968369671810734
3024119,1.2390982062489873
3024120,6.946923904531628
3024121,0.09305650298314304
3024122,3.9548384624393558
3024123,3992.10896522272
3024124,0.015517064988460677
3024125,558.2831941242612
3024126,8.33239946347878
3024127,1863.6550158285704
3024128,594.2165827616475
3024129,498.0285003664154
3024130,306.77674990726655
3024131,69.7177679744895
3024132,6778.60951019405
3024133,21.2927903561629
3024134,0.6191796787556546
3024135,18.132130003397073
3024136,15.592045929342248
3024137,0.20298176243203786
3024138,441.56067489596205
3024139,4.553708718276146
3024140,1.4605887820061558
3024141,7.310658526120344
3024142,23.967975330239433
3024143,1.5200939433022727
3024144,648.7868265449014
3024145,421.45866047569064
3024146,2.44003523512698
3024147,8.955307429391272
3024148,474.3454517560533
3024149,89.22492972238263
3024150,2139.2311598331507
3024151,24.183013710920797
3024152,8.950841719185684
3024153,4.880946595000052
3024154,0.03556947540531215
3024155,0.5070075756671893
3024156,1480.106542324891
3024157,0.014542228917949564
3024158,169.02043921526496
3024159,6.67279915175403
3024160,873.6499044958113
3024161,345.73089539880044
3024162,194.85748394102245
3024163,45.30318681368888
3024164,40.79919685487689
3024165,2667.525686648907
3024166,6.773707158062608
3024167,0.3634379291630476
3024168,11.043242916793751
3024169,14.097581798691511
3024170,0.14412036420294216
3024171,164.50369979875506
3024172,4.731250867881308
3024173,0.03956206428492064
3024174,8.08621476266303
3024175,22.594863765454434
3024176,1.0426928764756755
3024177,151.74265963734575
3024178,193.31614065866341
3024179,1.4483799348203963
3024180,3.833545387588127
3024181,144.0844910031101
3024182,29.314084197860584
3024183,436.859043718521
3024184,16.046511761832697
3024185,2.8543170790118833
3024186,4.012050728920651
3024187,0.03716368514618185
3024188,2.6206780101435836
3024189,1364.7190058924866
3024190,0.016250065903537638
3024191,119.10049042697545
3024192,5.24759310066332
3024193,771.9196946395182
3024194,233.77181514749148
3024195,151.22865956100523
3024196,37.13191645023752
3024197,28.61057046921605
3024198,2629.9845105300933
3024199,12.313089563523672
3024200,0.15708982129888538
3024201,10.778385842344948
3024202,6.770461780535911
3024203,0.07896758779049613
3024204,145.77188719990005
3024205,1.1736261863804125
3024206,0.049216965461611695
3024207,2.0948800371566327
3024208,19.5493180452302
3024209,1.0795895654849201
3024210,177.41686599691633
3024211,182.31286213348096
3024212,0.5020283304432509
3024213,4.930152780037276
3024214,104.3339834624694
3024215,20.388138513016123
3024216,223.89439087526904
3024217,42.382773472928804
3024218,1.2271913571207067
3024219,2.859764524033857
3024220,0.11516558285444943
3024221,2.9239513261921113
3024222,1362.3095136322465
3024223,0.03226136291052901
3024224,165.237681413544
3024225,5.391525360942369
3024226,1301.3714434469853
3024227,302.8914059193088
3024228,229.2591762854194
3024229,34.09985340294092
3024230,43.03969772110922
3024231,2800.1332546484364
3024232,4.1313420648784405
3024233,0.4714291039397379
3024234,9.546705842978113
3024235,15.429924763597029
3024236,0.1832911397255253
3024237,169.39174963150063
3024238,0.6299762177652609
3024239,0.0585362417901011
3024240,2.713275385954529
3024241,10.642901331901491
3024242,0.9931358680109352
3024243,218.87930486239935
3024244,228.7433474115586
3024245,0.6572876120169489
3024246,3.628258243551147
3024247,76.50333304605854
3024248,84.32865055262138
3024249,441.28088298879175
3024250,0.8912120672949873
3024251,3.45501389795466
3024252,3.2329941405518943
3024253,0.26237402081194433
3024254,1.2649406879637
3024255,1753.4875678180276
3024256,0.013824602185232975
3024257,149.84493251767378
3024258,2.7114733394862176
3024259,972.2654015705325
3024260,322.3460416328758
3024261,221.05355378068893
3024262,88.26575397249945
3024263,59.25823690926898
3024264,2669.8569481141394
3024265,4.175450574559737
3024266,0.9064425862419111
3024267,10.61801503807887
3024268,15.831503281696392
3024269,0.15560102975645507
3024270,224.0222202990386
3024271,4.452889375660437
3024272,0.027877377715236136
3024273,1.852408096587956
3024274,13.993204494867488
3024275,1.4263497617089607
3024276,129.50026971723062
3024277,209.90278032055386
3024278,0.45512888870032076
3024279,3.495783600336612
3024280,119.50245225462203
3024281,42.505376195798306
3024282,902.830821904304
3024283,39.19945651408165
3024284,3.1934239958264365
3024285,3.201845295101919
3024286,0.18692602670483321
3024287,1.0358936860515453
3024288,1350.499259103116
3024289,0.013017892629610048
3024290,161.3445954560422
3024291,3.6653742115345995
3024292,751.5754756200633
3024293,220.19957496015658
3024294,160.6488163187526
3024295,124.5902015867116
3024296,25.9444424207804
3024297,2096.84469733922
3024298,4.819949395636737
3024299,0.3524215810967444
3024300,8.945245748111127
3024301,11.215914913731
3024302,0.28198306746149154
3024303,145.72482454391803
3024304,0.07663515826367054
3024305,0.032179317125960366
3024306,2.2261589648019204
3024307,18.546894305411296
3024308,1.3350123339987658
3024309,46.63869902897579
3024310,131.03588951066345
3024311,0.8605185157394011
3024312,2.9400421702666306
3024313,63.050072261753535
3024314,34.51838165485079
3024315,841.8028635567425
3024316,0.005243630818421222
3024317,1.205917769247613
3024318,5.321660970679671
3024319,0.331119418553102
3024320,2.4448124929969226
3024321,2733.8260337257398
3024322,0.02177547597703131
3024323,289.6245460471863
3024324,6.061865856515178
3024325,1118.861001184981
3024326,568.0860357947819
3024327,441.11972165030323
3024328,158.2504175455459
3024329,96.2013976659038
3024330,3920.209742615363
3024331,11.312373163917819
3024332,1.0567476698652705
3024333,17.269032969022703
3024334,19.236509428413314
3024335,0.13328840947531068
3024336,259.31669559167574
3024337,0.508167565206947
3024338,0.15916405264904232
3024339,10.655936151458226
3024340,18.32152772132577
3024341,2.055163318558689
3024342,250.49730363793805
3024343,248.2654198345494
3024344,1.7928817460588165
3024345,6.412262665936333
3024346,352.38071647575237
3024347,48.090196067261296
3024348,2090.58358851275
3024349,227.05102595886177
3024350,10.183590622852059
3024351,3.7172087310598547
3024352,0.09888783285063164
3024353,3.5524876867330497
3024354,2234.886786531924
3024355,0.01935984300278106
3024356,503.8028387483693
3024357,5.525135122114825
3024358,596.106572451581
3024359,520.4507513966735
3024360,178.62942456808807
3024361,142.24462438339123
3024362,51.32576475420909
3024363,3057.9936058514904
3024364,16.138312389651574
3024365,0.5953695137036549
3024366,10.641839530373893
3024367,17.25294589199182
3024368,0.048647375479787626
3024369,160.74824813306424
3024370,7.151753852126501
3024371,5.24792870033044
3024372,8.458033145270555
3024373,33.899651372088925
3024374,1.2832258637035934
3024375,110.47298925462607
3024376,152.05835587513937
3024377,2.4422966823624073
3024378,5.809943254301095
3024379,185.10993013941481
3024380,50.16868844190067
3024381,2871.7156675508722
3024382,21.36839614389632
3024383,12.556249282915438
3024384,3.933661132757898
3024385,0.18286962412266528
3024386,3.29827539695316
3024387,2502.6505660526927
3024388,0.016801841560178166
3024389,174.38727208843818
3024390,4.455935900704283
3024391,878.617545697241
3024392,272.6635423280196
3024393,306.42530742371935
3024394,46.77195623246081
3024395,39.936813518999884
3024396,3239.174448292296
3024397,10.655536735971213
3024398,0.769374409534148
3024399,11.29319517918206
3024400,14.564618714600211
3024401,0.11834609751608807
3024402,180.66277661423635
3024403,4.249441029510703
3024404,0.12221798698091499
3024405,2.6628092896902436
3024406,28.43424816307563
3024407,0.9559761721781879
3024408,142.4912129016625
3024409,173.42139750114876
3024410,1.11858133285051
3024411,2.527082518704772
3024412,115.233368077714
3024413,27.274690805227767
3024414,558.535684492157
3024415,18.27958734659554
3024416,3.1317383811080397
3024417,4.103892609803392
3024418,0.09937670304421499
3024419,5.221902068321204
3024420,2578.0077750431396
3024421,0.0526429483109244
3024422,558.0599616283014
3024423,10.993159885003148
3024424,788.7580021815265
3024425,660.1287933006324
3024426,179.8749434626139
3024427,143.3896074211282
3024428,81.71040190214975
3024429,3415.173249251653
3024430,24.214742185354186
3024431,1.3304292894708636
3024432,15.141205404488453
3024433,22.539513945680085
3024434,0.18764438164629538
3024435,208.55243414065697
3024436,17.29525985090146
3024437,11.117181918634646
3024438,3.9661925880095366
3024439,48.79759866670358
3024440,7.43005932045989
3024441,393.96982841663373
3024442,240.43809366839002
3024443,7.377708186031555
3024444,8.73216879967802
3024445,396.1741936650664
3024446,91.88868842096475
3024447,1901.8742595266235
3024448,0.09777765313894629
3024449,32.374820121115064
3024450,4.467309059300078
3024451,0.12685412563521548
3024452,3.466939858573184
3024453,3512.195596699862
3024454,0.02849874141814861
3024455,449.5026777819328
3024456,4.4640922449266345
3024457,1378.780570520405
3024458,655.6510276447553
3024459,658.730684066582
3024460,91.95034830948032
3024461,76.87115527203724
3024462,5832.608528499886
3024463,11.42046214819175
3024464,0.40613220948294426
3024465,16.88874880339642
3024466,15.939506156416975
3024467,0.13514064309005241
3024468,310.15687551224374
3024469,1.244600718801906
3024470,7.270344129798385
3024471,4.8300145818380384
3024472,35.045915423837876
3024473,0.8107376185949666
3024474,290.893282120864
3024475,351.6242308248186
3024476,2.6638681679103655
3024477,2.9404832220346795
3024478,268.3980635813007
3024479,64.95127958670315
3024480,1259.2004994457416
3024481,23.259010534346807
3024482,12.478063561699335
3024483,7.192369534973281
3024484,0.16868961485691397
3024485,2.903930485926474
3024486,3189.611535261486
3024487,0.028941092995680755
3024488,432.61082223259757
3024489,4.0387579239023434
3024490,1402.246759310881
3024491,578.418574572967
3024492,361.5369470716127
3024493,245.53267292808516
3024494,74.9243880341374
3024495,4191.512797551299
3024496,16.13526039053117
3024497,0.4186236591563909
3024498,24.150344788792232
3024499,25.106538961008155
3024500,0.2796573304869497
3024501,317.801399247554
3024502,2.333858976501432
3024503,4.441977483364408
3024504,8.300544933345147
3024505,45.191550542146146
3024506,0.9615784844991899
3024507,131.0802929575711
3024508,300.88380186000967
3024509,1.5202433310343353
3024510,3.4618664938045587
3024511,194.6707053268495
3024512,141.55004488933974
3024513,2113.8064077477256
3024514,0.20076582386500796
3024515,4.601511001344571
3024516,3.483171959263644
3024517,0.13717789254802235
3024518,2.031059093073269
3024519,1830.2728696048114
3024520,0.025322493193042844
3024521,126.86083669756114
3024522,5.670186733755662
3024523,610.6094432238219
3024524,276.4887365572989
3024525,143.69301960431181
3024526,47.199170140350034
3024527,46.16560274185523
3024528,2338.161301757448
3024529,6.899609241150644
3024530,1.007605779364895
3024531,17.233878174151016
3024532,14.194406659712717
3024533,0.08521753123886774
3024534,169.62428422538258
3024535,0.29060731258447925
3024536,0.10406845153101557
3024537,1.8175637051547138
3024538,25.07816760389401
3024539,1.9900433190376687
3024540,88.41284709150696
3024541,148.09777439957662
3024542,1.0653184262540216
3024543,5.469851663882954
3024544,143.41388690976567
3024545,25.5019388423966
3024546,583.9767178011673
3024547,45.772453470810625
3024548,1.7558206650736248
3024549,2.047708756450855
3024550,0.058138881259170286
3024551,3.0888899454691767
3024552,1442.9287718020876
3024553,0.04728096241055236
3024554,243.78576423459256
3024555,7.7127851073647955
3024556,485.6550600567789
3024557,466.2085921107713
3024558,103.26701238500797
3024559,46.9485846993698
3024560,54.919410853990776
3024561,2150.4997875754707
3024562,19.97165233043212
3024563,0.6139837060957187
3024564,8.866271977013646
3024565,15.660782012846312
3024566,0.2918631121983085
3024567,114.72562368395099
3024568,10.911368137996536
3024569,2.299226962171611
3024570,9.004628837142562
3024571,34.64128360499233
3024572,3.796451269753704
3024573,454.99688764113375
3024574,148.54760073579592
3024575,2.8345843894455296
3024576,5.367265648422358
3024577,322.9355258543225
3024578,31.857782731933696
3024579,1020.167637805275
3024580,0.018871315473264594
3024581,8.490935971726948
3024582,2.1817872092559907
3024583,0.06883588171342472
3024584,3.1133834941837453
3024585,2788.7443357645325
3024586,0.03548180452205968
3024587,586.487643047496
3024588,12.772424566380185
3024589,936.4521866757732
3024590,1055.975468987388
3024591,230.3572987893558
3024592,192.17290878811508
3024593,137.021705376076
3024594,3314.793341272558
3024595,26.547533882087095
3024596,0.374180722957725
3024597,14.423586533599149
3024598,26.744380986488707
3024599,0.08329106756517342
3024600,200.9385797148936
3024601,11.752043139237099
3024602,26.499148478984388
3024603,5.395569400277621
3024604,64.53728753202373
3024605,7.148335164239019
3024606,334.5665482015686
3024607,255.46581623401892
3024608,11.845877002528418
3024609,5.812888312015259
3024610,464.63222521857557
3024611,101.89273611368378
3024612,2582.1257428574518
3024613,0.09271061035116201
3024614,16.650421313583053
3024615,2.8603317687707355
3024616,0.05002705092469997
3024617,2.349457952762797
3024618,1392.199648902405
3024619,0.012907257895184654
3024620,292.21091320275053
3024621,4.20506155960401
3024622,345.7277021152796
3024623,465.0640040628886
3024624,135.32843706945732
3024625,94.29632937439112
3024626,66.84140547945788
3024627,1564.3210354621956
3024628,14.985098930855221
3024629,0.6683642864283358
3024630,9.767174593572562
3024631,12.4609353925886
3024632,0.1128423246564556
3024633,71.60162350051922
3024634,0.05818358899664594
3024635,9.731676132386786
3024636,2.5517394918984375
3024637,180.55803772215086
3024638,3.635290616279883
3024639,140.18807929014287
3024640,107.98061535853452
3024641,3.201553131460767
3024642,4.864834477442283
3024643,140.9224363236423
3024644,26.7107704218933
3024645,1006.525924327508
3024646,0.4432759940922595
3024647,4.695416046503341
3024648,4.0409719534519875
3024649,0.06770376843264411
3024650,0.3523841377873952
3024651,876.639709759176
3024652,0.04743257427511916
3024653,248.1492308194652
3024654,4.4453622833922966
3024655,335.43122223731734
3024656,187.32977583832502
3024657,82.43544758850149
3024658,34.405844739288995
3024659,31.636019986322243
3024660,1468.5350089362169
3024661,12.401609432056024
3024662,0.6193183353991283
3024663,11.519881391362006
3024664,8.559617511753476
3024665,0.33069560102788975
3024666,67.72654726377894
3024667,0.4762063922842961
3024668,5.220952816290694
3024669,1.9726294216407343
3024670,12.234261887273526
3024671,0.691608155538633
3024672,219.14422245757078
3024673,119.57646150215274
3024674,1.9681366741121262
3024675,2.634627353611001
3024676,139.79979296055131
3024677,28.00613208966263
3024678,443.227700574133
3024679,0.4251886281929528
3024680,2.5274795259394596
3024681,5.451518965965018
3024682,0.03727807344476924
3024683,2.8350104527851165
3024684,2529.7114141484776
3024685,0.023568800237335093
3024686,541.7602155700783
3024687,10.933688085006704
3024688,692.1650499893527
3024689,798.3436277045882
3024690,236.40627553420256
3024691,180.70934700221162
3024692,80.90714520132282
3024693,3356.7241892062398
3024694,21.988321074856138
3024695,0.9329669748450397
3024696,13.693832639669166
3024697,19.9318093764295
3024698,0.3107392508234836
3024699,187.53404588920722
3024700,4.135270312771121
3024701,25.177078491507494
3024702,6.749685302125329
3024703,71.12704463255295
3024704,1.912973056411093
3024705,250.35140418975092
3024706,231.1880123650222
3024707,7.491569656197529
3024708,6.454125367194754
3024709,300.1253955748699
3024710,58.2238852424112
3024711,2115.3276605070173
3024712,0.6414051794320688
3024713,9.29085210865204
3024714,6.128228886169218
3024715,0.06797183688644477
3024716,2.8299483058013752
3024717,3277.4855814847256
3024718,0.030345920778115047
3024719,566.1745911900939
3024720,10.337104272357845
3024721,1252.1929979379365
3024722,779.3569355230438
3024723,327.85966566897457
3024724,237.28346892851857
3024725,71.56473585275805
3024726,4547.678740478688
3024727,15.040143259277201
3024728,0.8434488785849055
3024729,19.212819980260875
3024730,16.05518661442069
3024731,0.8840491770245733
3024732,244.62379940338397
3024733,0.061331685403219025
3024734,4.324824648595405
3024735,4.099713305917769
3024736,26.326164651867188
3024737,1.0146981822124501
3024738,215.35681323551543
3024739,316.71916219390073
3024740,3.6399109518279613
3024741,3.9669988184813016
3024742,230.55656603015663
3024743,90.82983657629056
3024744,2617.1648710796007
3024745,1.3149486644207926
3024746,4.013517446452195
3024747,4.697680378238969
3024748,0.24435227041515198
3024749,2.4947012763105243
3024750,3133.3152808141276
3024751,0.026984517511215764
3024752,654.3853078750814
3024753,8.421862403816395
3024754,858.6598987177696
3024755,644.2281558323991
3024756,277.9356627443567
3024757,214.16708091489681
3024758,53.137538126723776
3024759,3713.0743651987987
3024760,14.238453451902856
3024761,0.7268020630460166
3024762,18.48418693396625
3024763,18.786241927788506
3024764,0.11952022311672388
3024765,240.17966657134076
3024766,0.07992126620732859
3024767,8.409812077061147
3024768,3.2392294057170643
3024769,31.046855241587046
3024770,1.0356671184536494
3024771,132.7569359068472
3024772,291.9374988978826
3024773,4.031202157964858
3024774,3.6387515269763275
3024775,222.60909654138663
3024776,61.75461493506032
3024777,2055.583069903548
3024778,0.9194297018184888
3024779,4.920399871442758
3024780,8.284649835788711
3024781,0.846027098043681
3024782,12.005112675938868
3024783,6010.89614762416
3024784,0.03318184687508957
3024785,1021.567914588443
3024786,19.07305491906596
3024787,1771.3346582731333
3024788,1688.5606504923862
3024789,297.7767986728828
3024790,373.3258193850229
3024791,261.9570975918092
3024792,6036.277814167857
3024793,56.71734705644018
3024794,2.1027263787868744
3024795,29.39525050072537
3024796,46.66192228523177
3024797,0.11963511568519183
3024798,420.2563598679857
3024799,25.38582587241992
3024800,37.044216690416576
3024801,18.207761558263257
3024802,128.95202241982767
3024803,19.357440722690825
3024804,555.5665339803589
3024805,451.95743040258066
3024806,16.085466865884673
3024807,16.99668773388933
3024808,922.7368841153449
3024809,179.27509381946746
3024810,5461.339471794851
3024811,0.5530694294104412
3024812,69.37780774466339
3024813,2.1832981287485227
3024814,0.11260338124528231
3024815,0.5899663057279131
3024816,1546.488711472286
3024817,0.013607164674689946
3024818,166.34126097964213
3024819,4.114088637608217
3024820,687.6707800693733
3024821,241.62084219867683
3024822,94.97419513188655
3024823,102.40210199357759
3024824,43.767499001381054
3024825,2278.992107606482
3024826,5.334794432974783
3024827,0.1423178199910106
3024828,12.479475454455018
3024829,8.75714702391707
3024830,0.09624188306809521
3024831,134.12267895317328
3024832,0.37681312404516487
3024833,0.11739003343624685
3024834,2.922656296784157
3024835,16.303545237335612
3024836,0.6326784533245896
3024837,72.58959816067957
3024838,88.81555261403861
3024839,1.5628717728261723
3024840,3.570402329555553
3024841,99.73661832374793
3024842,19.397790053094482
3024843,1122.6047884256232
3024844,0.26581794710348183
3024845,2.29066000515682
3024846,5.146996480164691
3024847,0.17024669227125147
3024848,0.7761306795989755
3024849,2974.0785638529005
3024850,0.02346021481660108
3024851,546.9893168840833
3024852,6.10556257595484
3024853,1175.0014290626852
3024854,590.028316451968
3024855,214.59280936953547
3024856,328.55470307348435
3024857,77.60565817434909
3024858,4577.883080403984
3024859,8.333400566772344
3024860,0.22175511917445717
3024861,12.663867566552018
3024862,15.982877412619143
3024863,0.05071546788588132
3024864,258.61384565772534
3024865,0.3211367033460778
3024866,4.11817991914574
3024867,9.08754013624115
3024868,14.84491737016814
3024869,1.1170418293588094
3024870,313.162126477523
3024871,241.02096945146278
3024872,2.4071555583862696
3024873,6.075705867577487
3024874,152.52551329833295
3024875,51.680851129536656
3024876,2256.4971929852345
3024877,0.9506417189478671
3024878,3.45551236009198
3024879,1.9392733467292347
3024880,0.04171699541788315
3024881,0.5542096499594823
3024882,1486.67211358833
3024883,0.019358500477389337
3024884,114.92935864820711
3024885,3.833502919912134
3024886,487.9382736564668
3024887,139.18088341317437
3024888,69.38561314961176
3024889,153.32322316144734
3024890,16.54390438483705
3024891,2156.3291699105343
3024892,2.01022554055824
3024893,0.2995004140544806
3024894,7.841911704581673
3024895,2.7683230782672883
3024896,0.17854468039680393
3024897,91.99769041471016
3024898,0.02699046690780413
3024899,0.030223262274566703
3024900,0.7293323176960763
3024901,12.920582469337024
3024902,0.43894112040913646
3024903,85.55148246193369
3024904,78.15255417925748
3024905,0.6434068477135706
3024906,1.0810155700474595
3024907,54.53408286301348
3024908,9.923069632606381
3024909,339.4702225524997
3024910,0.026246674976501638
3024911,1.0868105450943335
3024912,5.12787957546447
3024913,0.03615634886447383
3024914,1.019840059787048
3024915,2394.766065858726
3024916,0.01999282931387274
3024917,242.62402925528733
3024918,5.19945216363039
3024919,1002.3368829090716
3024920,328.0184890208643
3024921,177.69796216172557
3024922,127.99846290604333
3024923,47.38071619494191
3024924,3367.211350078731
3024925,3.3473666860167546
3024926,0.921342222516578
3024927,19.673900121235764
3024928,11.771693438612706
3024929,0.3878658884378721
3024930,204.13383537626186
3024931,0.2156444965723039
3024932,0.19179469845610195
3024933,7.752133461202075
3024934,15.416080798470748
3024935,1.0481275749231114
3024936,151.37402020863024
3024937,233.16800003575764
3024938,1.8695448311093783
3024939,3.496778637227256
3024940,251.60056389409024
3024941,29.97171030705852
3024942,2176.289294759174
3024943,0.1845532760172418
3024944,1.0169200455127148
3024945,2.5658498392877926
3024946,0.17917024635362033
3024947,1.0056630412045806
3024948,2047.4793465205014
3024949,0.035253392717041934
3024950,582.348302567432
3024951,4.497580605828834
3024952,792.8375843110107
3024953,469.6752428308655
3024954,214.24561971176118
3024955,116.46797355870748
3024956,56.491651663740605
3024957,3448.318281729106
3024958,5.89721159696777
3024959,2.221377775504928
3024960,18.101981627905243
3024961,25.184137553710574
3024962,0.13678548975329302
3024963,186.77518733698653
3024964,0.45972725846416385
3024965,5.158405771787369
3024966,2.315242169691787
3024967,11.26148956933936
3024968,1.1881705138876009
3024969,155.1513104847406
3024970,245.30969397394114
3024971,2.227172208745495
3024972,3.5952901114901894
3024973,135.59665371432877
3024974,19.478002836605768
3024975,999.9626794358046
3024976,1.8058309418187803
3024977,1.303459477113483
3024978,3.1498589393626095
3024979,0.04565269223313821
3024980,0.21465430647569314
3024981,1269.7629625450895
3024982,0.032083367010949534
3024983,145.37411577284456
3024984,3.514385675201546
3024985,394.9787781394964
3024986,162.3958556529259
3024987,95.63712136103612
3024988,97.32245825533144
3024989,34.111452997654084
3024990,2197.1405392328
3024991,6.072428177038523
3024992,0.2551544394269477
3024993,6.941029651062253
3024994,4.776756420776154
3024995,0.17980677727930583
3024996,91.93436587042493
3024997,0.09116267029671685
3024998,0.12687017969208297
3024999,0.8411327735000345
3025000,10.77683100947441
3025001,0.5663077163937795
3025002,212.2556994356704
3025003,93.64007819843474
3025004,0.7737206499465836
3025005,4.078855483762885
3025006,52.28658465768136
3025007,12.615436942870758
3025008,600.0846980287583
3025009,0.18042482911257685
3025010,0.7411052425488561
3025011,3.0389272092626722
3025012,0.034792635467910865
3025013,0.7089336858893892
3025014,3660.676419244591
3025015,0.04432766931341285
3025016,529.6539715399505
3025017,7.06862512025215
3025018,979.14427950246
3025019,628.8450486386058
3025020,207.38248453815103
3025021,152.7879177040201
3025022,80.03794507291022
3025023,4059.1265405329614
3025024,9.613174361792588
3025025,0.39913219858767124
3025026,17.33523407233573
3025027,10.97885603037126
3025028,0.11017562655699437
3025029,220.47694615181592
3025030,0.36010356448017666
3025031,23.12171747650556
3025032,2.2660511098835405
3025033,32.66184954044117
3025034,1.025912349784422
3025035,253.59288698505446
3025036,239.15911757662673
3025037,2.676548125891573
3025038,3.6407170236401587
3025039,142.84150275629264
3025040,45.75625578431342
3025041,2584.5897460974625
3025042,0.2610047628156468
3025043,1.1418766415652355
3025044,3.703475984395546
3025045,0.04361735934974342
3025046,5.8838859254506
3025047,2817.9418473151145
3025048,0.025081152015025428
3025049,502.1792867947505
3025050,6.6676929381266525
3025051,827.8175337892538
3025052,757.1300454220992
3025053,147.5634110367593
3025054,110.9394850633989
3025055,107.21219057673503
3025056,3599.2010425078415
3025057,39.89184119624485
3025058,0.8641237123518676
3025059,16.63136388129626
3025060,30.364684409895553
3025061,0.16490936293010663
3025062,208.00523784409143
3025063,19.203406096062096
3025064,16.02263388470103
3025065,2.821663262319074
3025066,79.15937070818762
3025067,7.576458348023856
3025068,228.37932219482047
3025069,267.17582136658757
3025070,9.6893364232937
3025071,10.213544739054045
3025072,237.2015101104426
3025073,60.68817918350702
3025074,1963.0502448036395
3025075,0.045578510744838326
3025076,6.41243330392631
3025077,5.1623286634386965
3025078,0.08369916024048726
3025079,4.258536059939907
3025080,2240.6024670011325
3025081,0.027690019332486954
3025082,410.9697960740847
3025083,6.6842936507770645
3025084,790.9136176002648
3025085,710.658138528954
3025086,135.90192835809455
3025087,75.61147318956529
3025088,85.42526995517908
3025089,3505.3092868712356
3025090,25.73939011429134
3025091,0.9744651125532011
3025092,26.91642104676125
3025093,44.8474641825742
3025094,0.08181451887055965
3025095,250.0032429604478
3025096,12.39444346861346
3025097,14.171582199450224
3025098,6.124424925564039
3025099,60.26827204073825
3025100,7.147238305515732
3025101,140.2080227377661
3025102,293.0394615411597
3025103,5.197287785360286
3025104,7.843093681995303
3025105,113.40572913783407
3025106,58.61723342924067
3025107,1773.5243209562636
3025108,0.3055757500287027
3025109,9.88868500405217
3025110,6.346771186421369
3025111,0.08075359974526171
3025112,3.230709297525954
3025113,3569.4361772956163
3025114,0.017257207034625462
3025115,582.0170104533518
3025116,4.347048664684264
3025117,1696.0179566295055
3025118,622.6011576320025
3025119,194.27034002396886
3025120,331.2106413114361
3025121,69.72385045036403
3025122,5351.6949911005695
3025123,26.72806530876912
3025124,1.3052197067251186
3025125,21.025306580985475
3025126,16.10386791121719
3025127,0.179023013471178
3025128,394.40907068718207
3025129,3.5011951159095696
3025130,14.689245011017624
3025131,8.330061272700181
3025132,26.803686448711915
3025133,1.0571335341362813
3025134,167.46797021015476
3025135,283.12336354345604
3025136,6.503798050205717
3025137,8.253335196946825
3025138,214.0757976846233
3025139,52.04265132536682
3025140,2459.222241163603
3025141,5.626608941612454
3025142,11.19682339228838
3025143,3.592950977581583
3025144,0.6179558694640004
3025145,5.3459761695609185
3025146,2207.944848881156
3025147,0.03643239633190417
3025148,336.0136484322962
3025149,5.654284024567069
3025150,764.4604202427822
3025151,562.3808663034918
3025152,170.0942205869203
3025153,129.9287807287726
3025154,70.96585752857715
3025155,3080.065948497877
3025156,21.165021411310647
3025157,0.6727372070438911
3025158,17.792002404132646
3025159,13.950248786089663
3025160,0.13577296641864378
3025161,195.77732489070786
3025162,12.472961264019442
3025163,15.332565648533587
3025164,3.1972598424775303
3025165,40.31679051510609
3025166,5.883521121367624
3025167,347.5031943082552
3025168,226.32784887942609
3025169,3.828184915152592
3025170,6.593987207205465
3025171,323.4501823224086
3025172,51.33211321263896
3025173,1942.107394972329
3025174,0.11085792894275068
3025175,21.25913938209616
3025176,3.3744245115412808
3025177,0.06705504731247158
3025178,4.125106187054731
3025179,4050.901667878754
3025180,0.031548165216166366
3025181,493.2443304451381
3025182,4.203632673322024
3025183,1633.2690270309668
3025184,615.1720249153946
3025185,276.08400987905213
3025186,208.02666844488522
3025187,59.847801828504956
3025188,5535.398771856602
3025189,11.315773516216023
3025190,1.649258643894325
3025191,22.118151443958098
3025192,22.860449768436126
3025193,0.2668955432506798
3025194,448.83313702219016
3025195,0.3521323528368405
3025196,0.2709654281564655
3025197,7.1436127211635885
3025198,34.13288086174109
3025199,2.110044358406121
3025200,142.27298403217264
3025201,340.81345550184545
3025202,4.126052374039142
3025203,10.067081608416535
3025204,179.63269818815968
3025205,58.31631773090574
3025206,2124.635335580311
3025207,0.06605360588334291
3025208,2.294720803172404
3025209,6.509274272252674
3025210,0.03049175368787459
3025211,4.167094182228221
3025212,1931.6254821692382
3025213,0.018414453204154566
3025214,408.40628331911523
3025215,8.449352025503472
3025216,868.0578986864344
3025217,549.9207999720027
3025218,193.3232876499907
3025219,99.6704876458612
3025220,106.79343241570278
3025221,3505.4005200646016
3025222,24.38035789131424
3025223,0.9723172377755422
3025224,15.739175042892551
3025225,43.23701177854603
3025226,0.08544994566641012
3025227,214.47795640488488
3025228,12.988433586094185
3025229,12.243161898009772
3025230,4.690588271374276
3025231,55.70048084498926
3025232,9.011234565459596
3025233,159.62259181852625
3025234,345.5452787791758
3025235,8.580015059559466
3025236,6.3921396579895795
3025237,181.8875949132137
3025238,50.56504435276805
3025239,1779.9711323978802
3025240,0.233540036446797
3025241,4.8885230804846325
3025242,3.202936378793436
3025243,0.04771353596472829
3025244,4.22153635818669
3025245,2610.4576687371487
3025246,0.030844408681275953
3025247,478.8424778676786
3025248,5.468695528205968
3025249,724.2807068405309
3025250,702.7039302333433
3025251,152.71999958745965
3025252,113.1242994943135
3025253,112.05872173295225
3025254,3068.7046484454795
3025255,21.50419521152351
3025256,0.6181254283090861
3025257,11.121080560720143
3025258,16.02635195037535
3025259,0.07384614514353299
3025260,180.1005867085604
3025261,9.596514512789678
3025262,25.15195479632071
3025263,1.686862933493047
3025264,41.56549483091652
3025265,6.026236487769246
3025266,208.0510160471825
3025267,236.09083636946497
3025268,7.53895884625681
3025269,5.36865288251885
3025270,195.96682387461064
3025271,49.92241122065084
3025272,1983.2296195759077
3025273,0.12008858924951989
3025274,11.580698039844055
3025275,5.592686901122514
3025276,0.062266338000999136
3025277,4.260650568736718
3025278,4583.602772113036
3025279,0.01822703785302499
3025280,577.5017284661977
3025281,12.79778826782115
3025282,1228.3844178669578
3025283,695.1105154066076
3025284,271.71467162177464
3025285,248.32009492187402
3025286,60.58105828810082
3025287,4713.911972958711
3025288,9.826356394437955
3025289,0.8529719404696066
3025290,17.032588188689985
3025291,20.611298473555983
3025292,0.09082999947437007
3025293,256.17343183509047
3025294,0.31910694178456284
3025295,13.234012458518343
3025296,1.9691431747595636
3025297,45.98919591897118
3025298,2.059596384942297
3025299,201.06357737412674
3025300,292.4348332458524
3025301,3.6881239883606787
3025302,3.9330250992675
3025303,259.71960625292644
3025304,137.96966166460942
3025305,2127.827873292234
3025306,0.7337525702382932
3025307,2.447762410480795
3025308,11.540511070895153
3025309,0.04407818129288593
3025310,11.262351664251778
3025311,8019.774039691827
3025312,0.015473564730231384
3025313,1339.8987617652124
3025314,16.980086428244597
3025315,2031.4436986473872
3025316,1858.9511577582266
3025317,445.53679427286244
3025318,466.8897896986357
3025319,327.9549385475741
3025320,8647.623435640624
3025321,86.96088644379283
3025322,2.610594261232758
3025323,72.01003315375992
3025324,86.11490349357578
3025325,0.29831530060818745
3025326,520.8053874849975
3025327,32.88394478273533
3025328,19.17588265984649
3025329,29.58005764866623
3025330,232.4906106388687
3025331,18.640566102695658
3025332,704.9801811931642
3025333,495.64822477350424
3025334,29.266640928031258
3025335,25.816438114039713
3025336,888.5698976809665
3025337,254.61242728546088
3025338,6815.542246315842
3025339,172.40891700940733
3025340,83.16497489959941
3025341,11.213008512339616
3025342,0.02644026971334118
3025343,12.076555698793426
3025344,7187.215155702208
3025345,0.018695380022939842
3025346,1046.3807564460055
3025347,19.558026784061465
3025348,2136.6368247381133
3025349,1791.246665327755
3025350,542.6239137713228
3025351,296.40118548429353
3025352,228.0634707368722
3025353,8935.354885379977
3025354,92.62912485414465
3025355,1.0184672772977694
3025356,44.42043805609377
3025357,68.74690641070707
3025358,0.6449373752923476
3025359,492.9228663647748
3025360,28.862012268228
3025361,20.79417160140172
3025362,11.529402443652877
3025363,120.7948723280014
3025364,13.029278114347008
3025365,843.8019186174961
3025366,582.0144730297351
3025367,17.498260999356233
3025368,21.608009513108463
3025369,1084.253494316757
3025370,183.53857848496202
3025371,4665.502418734876
3025372,427.0974271711664
3025373,68.35168747575666
3025374,8.322804440391948
3025375,0.036701598507441695
3025376,14.998558695220858
3025377,4609.9774881857375
3025378,0.09927577255195423
3025379,783.1473266368134
3025380,10.06346470847608
3025381,1823.0767364866351
3025382,1199.534367419702
3025383,631.8131860902532
3025384,130.69505685677865
3025385,186.73228390687711
3025386,7942.964538748944
3025387,44.28919906496104
3025388,1.8319083048254483
3025389,30.390121860670526
3025390,26.242158248092345
3025391,0.3849051966961867
3025392,511.6555234771988
3025393,34.198258789968506
3025394,15.327744431265442
3025395,10.940497446895098
3025396,88.39636557824143
3025397,7.282725104501915
3025398,849.1772916312768
3025399,661.1835052104941
3025400,18.433087297730797
3025401,36.98029645136911
3025402,583.1851450467124
3025403,120.56938130180413
3025404,2253.9948368176865
3025405,259.2514187922294
3025406,41.710375282291956
3025407,12.63230825575895
3025408,0.013740155621870549
3025409,15.79789555918195
3025410,6863.971069138108
3025411,0.009494448170835525
3025412,1017.4736225239219
3025413,16.493595602229238
3025414,2043.0547962661915
3025415,1702.2259292984259
3025416,509.0272577334666
3025417,279.3226937961905
3025418,206.7470763357591
3025419,8694.155074169874
3025420,47.58558507468887
3025421,1.4166474420446868
3025422,34.758613394727476
3025423,62.767898009283726
3025424,0.9627933222960976
3025425,492.65091158794536
3025426,29.81427483967392
3025427,14.667309979293776
3025428,11.703538537838135
3025429,149.48705418874306
3025430,9.51210665721934
3025431,755.0698838920925
3025432,611.35377477637
3025433,16.3571247486995
3025434,24.203343685450335
3025435,975.920138754919
3025436,178.46193470317783
3025437,4345.826579277282
3025438,431.97393204263767
3025439,58.37527924482537
3025440,10.206084452884193
3025441,0.029848081767066503
3025442,19.622973304606457
3025443,4065.218385619106
3025444,0.011344771363610773
3025445,660.2377473043219
3025446,11.432895100905004
3025447,1834.7063112138399
3025448,1076.0656382750344
3025449,505.57044025721103
3025450,102.60473865764523
3025451,155.22522360431566
3025452,7153.147317337783
3025453,37.33331755430984
3025454,0.43716234413198796
3025455,21.613936395586393
3025456,46.30925617056343
3025457,0.35218800152469276
3025458,468.1836854162537
3025459,26.569214569951423
3025460,5.80426772238995
3025461,11.020666723719696
3025462,88.37195610411797
3025463,5.407483033329562
3025464,800.9312405035762
3025465,653.7520824847377
3025466,13.291840362735375
3025467,23.10019990139947
3025468,779.7685564703858
3025469,76.19203176836747
3025470,1670.8926841878042
3025471,196.6692505359549
3025472,19.92983416380357
3025473,9.33447289601548
3025474,0.029645762805878106
3025475,10.410640624236557
3025476,5592.305528815083
3025477,0.032736193035919764
3025478,1057.253794243
3025479,28.46536793947809
3025480,1609.516430967015
3025481,1801.5180164085723
3025482,379.79098019444405
3025483,410.92640981903753
3025484,268.93069750077717
3025485,6763.598467635909
3025486,68.51744524521169
3025487,0.7883675358183242
3025488,36.132142499140485
3025489,48.820657414213095
3025490,0.4179922597615319
3025491,453.06456317547713
3025492,20.632148477700657
3025493,15.567548350600685
3025494,11.844810781922172
3025495,147.75402492869068
3025496,14.682693834398139
3025497,585.996022252681
3025498,477.5102815660322
3025499,13.063527735170933
3025500,19.684144325123242
3025501,844.9915926789663
3025502,166.70981791103344
3025503,6086.866237716115
3025504,285.38706620746973
3025505,69.89293432020699
3025506,5.636580539590508
3025507,0.3458094680332658
3025508,7.779450087607641
3025509,1681.9765418639054
3025510,0.033577465329668245
3025511,357.7682592408011
3025512,20.02829788235485
3025513,628.4041170485725
3025514,475.9161220215575
3025515,197.88158422493404
3025516,76.6261967755593
3025517,75.91679949174969
3025518,2642.139417533448
3025519,33.062386192837394
3025520,0.7873878325311707
3025521,24.116695088648285
3025522,17.23069976151527
3025523,0.08477181380484719
3025524,175.13163477905874
3025525,12.658252329909304
3025526,6.873299882042785
3025527,8.462487322140227
3025528,36.114463653641344
3025529,4.715618280139747
3025530,206.8407223065054
3025531,258.9985412999499
3025532,2.62795071613716
3025533,6.345505649562641
3025534,203.26414082070582
3025535,51.411325019787625
3025536,1381.0905341352352
3025537,0.5077220690685089
3025538,10.260731158626546
3025539,9.105454571463682
3025540,0.0336811544749085
3025541,11.2112334561168
3025542,3996.0960561585243
3025543,0.03731376739731927
3025544,532.0394886350996
3025545,24.434626347137243
3025546,1366.7770006419305
3025547,959.7404183002966
3025548,394.4248276346832
3025549,98.36390774090918
3025550,112.64800401294943
3025551,5831.498882616455
3025552,75.81096546397303
3025553,0.7326973243967403
3025554,40.43750546712907
3025555,24.875696015005243
3025556,0.35012006010270946
3025557,314.5424848438937
3025558,21.95907450005572
3025559,7.316945680787741
3025560,3.4965826348339517
3025561,113.80605956596477
3025562,7.497197938089083
3025563,529.4727408755112
3025564,468.23809284521826
3025565,10.790491359974672
3025566,17.56459188309956
3025567,300.8980021095475
3025568,77.87477958414267
3025569,1826.0214113480265
3025570,312.1548532949131
3025571,16.81743858971213
3025572,6.190955435520092
3025573,0.030314806316254037
3025574,6.262896175048597
3025575,3668.73037581256
3025576,0.02557513536747817
3025577,721.6311568101601
3025578,7.308446447825043
3025579,1147.298966919479
3025580,1187.8950803050404
3025581,211.63744727215604
3025582,287.1687208023395
3025583,212.68873278163744
3025584,4475.893575532593
3025585,31.429588573721553
3025586,1.4881594462944863
3025587,20.71226370929297
3025588,38.50396109095247
3025589,0.4091518476057371
3025590,264.5603901515618
3025591,2.114684899648953
3025592,35.481845208376924
3025593,3.5047115082621882
3025594,84.55040552455588
3025595,6.236278771311438
3025596,487.62107109485555
3025597,261.206898759503
3025598,14.425229054883356
3025599,9.095619878807915
3025600,579.48168179461
3025601,100.93147135983672
3025602,4190.989349056577
3025603,2.8041999518255643
3025604,42.51551520173659
3025605,8.28380336961494
3025606,0.06686815369622598
3025607,9.629048719553566
3025608,3758.354440225274
3025609,0.03264154355906381
3025610,662.3912400786018
3025611,7.014755962514488
3025612,1182.7694021095624
3025613,948.7860715894674
3025614,288.33316348791664
3025615,177.99641020139384
3025616,251.33489279959218
3025617,4799.655864685951
3025618,38.12207865962242
3025619,1.838485442592041
3025620,34.1767966331483
3025621,39.50985148898723
3025622,0.36717265753072403
3025623,275.82363688967826
3025624,5.429279899984115
3025625,31.596169673454554
3025626,5.921977293664575
3025627,159.50556561832983
3025628,6.344438601399302
3025629,372.3080031683187
3025630,297.3919888578997
3025631,10.760795906986566
3025632,16.8956845469319
3025633,375.99858912118214
3025634,109.86389027863754
3025635,3394.5636082604847
3025636,2.281528770120654
3025637,7.340192396527229
3025638,6.3284878754847345
3025639,0.06187902883509727
3025640,1.032865926366306
3025641,2219.054558038737
3025642,0.03041526060007354
3025643,434.58824253279795
3025644,5.629031303194136
3025645,814.0389657722917
3025646,435.85293664844687
3025647,196.38640515766838
3025648,86.41194385747093
3025649,94.52279008064559
3025650,3009.7405366176336
3025651,14.345341050195156
3025652,0.8898616767479901
3025653,15.794590725527843
3025654,20.74375550831283
3025655,0.11366980156296387
3025656,163.05507387640884
3025657,2.2080210022335693
3025658,8.227367448351043
3025659,5.5537610386904905
3025660,42.326744264428456
3025661,1.5453022329457617
3025662,236.94696206565845
3025663,197.2469152656845
3025664,2.709506694717261
3025665,4.2928284830127375
3025666,179.0752959305858
3025667,55.9213663784347
3025668,1626.405597971668
3025669,0.18265229160319027
3025670,3.354574071967646
3025671,6.112537579591921
3025672,0.16270641995937982
3025673,5.6302922562041395
3025674,4485.984861299852
3025675,0.13971209246191268
3025676,260.98082232017754
3025677,10.894689206029478
3025678,1093.6562717179395
3025679,250.74943115328998
3025680,241.07556964568715
3025681,67.27174505142244
3025682,50.10446260295462
3025683,3888.7651588223034
3025684,19.92005038881439
3025685,1.9922899881730514
3025686,24.68311126987181
3025687,17.280147570697995
3025688,0.4451132369298819
3025689,252.22561922054877
3025690,1.9976641224022185
3025691,4.673351860558782
3025692,6.703009219313746
3025693,33.675245374954855
3025694,7.198907729459925
3025695,53.72881488227391
3025696,189.11920830573106
3025697,5.8973533241829195
3025698,11.42642971440218
3025699,72.87397789283537
3025700,92.82070164078604
3025701,980.937993892107
3025702,0.6865612966980591
3025703,6.491478488651762
3025704,5.685865321855137
3025705,0.05081491823289709
3025706,5.769395827243502
3025707,3044.274223940562
3025708,0.0367252528109678
3025709,483.2542636359681
3025710,13.130483142983547
3025711,1018.913760035045
3025712,784.0403122045614
3025713,281.1631450129801
3025714,147.53388123219187
3025715,135.24890676263314
3025716,4199.409676959896
3025717,30.843712255037985
3025718,1.304359880224273
3025719,15.926582370195934
3025720,61.413681624662985
3025721,0.1605083299914797
3025722,250.24635131919655
3025723,18.838849519548585
3025724,11.420753565984814
3025725,13.332205868628037
3025726,56.41332052432459
3025727,5.7022033985174865
3025728,417.55625927111726
3025729,352.6254403360488
3025730,8.367228912311308
3025731,9.953697521524308
3025732,468.1436449949018
3025733,83.82129191516461
3025734,2000.8676671559215
3025735,0.07143830175311447
3025736,31.23993106637673
3025737,3.941254524121179
3025738,0.06064353786791901
3025739,4.201846098653462
3025740,3374.355645050063
3025741,0.1473337239665951
3025742,568.2354437895597
3025743,15.09621042343176
3025744,945.9315909510556
3025745,1098.4734577516904
3025746,180.24555151911647
3025747,230.401877931562
3025748,173.07750554402347
3025749,3662.073508897193
3025750,30.470904872436616
3025751,2.5674991396369506
3025752,21.55022402494292
3025753,25.86721935345053
3025754,0.4772474395938645
3025755,234.13545442385316
3025756,9.893527937095016
3025757,34.1602269330326
3025758,12.571370186489114
3025759,93.082607471248
3025760,7.921609362952378
3025761,423.37981734626476
3025762,269.2067730568752
3025763,7.870124760153932
3025764,10.890742167944428
3025765,603.2278454752835
3025766,97.43222181288472
3025767,4092.7479097831706
3025768,0.21272331620544263
3025769,40.72153219311976
3025770,3.8837447922657873
3025771,0.4098179532999452
3025772,6.3595770813609285
3025773,3342.7424774120154
3025774,0.0353142867212625
3025775,669.5799489524143
3025776,15.329750564733542
3025777,1005.2957864472587
3025778,1047.3936782834721
3025779,241.79189508977052
3025780,248.46016793097436
3025781,126.1039382694473
3025782,3662.7528133676074
3025783,28.456924154569897
3025784,1.9230133061953527
3025785,22.385718439384224
3025786,32.426802989357014
3025787,0.0671649406713144
3025788,280.2000357871202
3025789,20.577757241367912
3025790,21.24238922847043
3025791,15.339148296205673
3025792,86.41152761378946
3025793,13.35024933731618
3025794,372.64783517710987
3025795,242.67377667838252
3025796,13.162335663819551
3025797,13.98279925525501
3025798,441.6878407013512
3025799,115.09345952808505
3025800,3394.345673365826
3025801,1.451525065746589
3025802,27.71489190074823
3025803,8.30214462695185
3025804,0.19122894877523483
3025805,7.241872869648969
3025806,3346.9841262823224
3025807,0.014833323832371358
3025808,470.2102230123007
3025809,9.438894772075297
3025810,1511.8441227538444
3025811,706.8613137641955
3025812,477.5195380358272
3025813,194.20330511019304
3025814,89.50293087082426
3025815,6021.389949717365
3025816,8.106604458222662
3025817,0.8015695448797197
3025818,30.532851214442093
3025819,28.137872637482616
3025820,0.08868069002955557
3025821,412.1157351575656
3025822,7.906636376723658
3025823,4.010102257466611
3025824,7.278936616986162
3025825,36.25178464866961
3025826,1.1788317194052036
3025827,291.9202389635662
3025828,449.5406604222255
3025829,4.919665665893615
3025830,4.783502627987806
3025831,415.3791008064583
3025832,69.64120002335464
3025833,2043.9783512296744
3025834,117.24440323375585
3025835,12.108293010410335
3025836,4.100067154103509
3025837,0.03991743109220003
3025838,2.2935388448088143
3025839,2261.4897797633153
3025840,0.041965626696930575
3025841,356.579455985443
3025842,8.813059766937116
3025843,640.0439222249648
3025844,719.4695882720287
3025845,118.65604521195709
3025846,122.16049663564036
3025847,143.2767196837595
3025848,2644.1063288987525
3025849,16.457457142409368
3025850,1.3386828683811738
3025851,21.473524102782495
3025852,19.068738619652862
3025853,0.123416188109852
3025854,167.17156284307936
3025855,14.203314353570562
3025856,20.103228743706005
3025857,4.980336805756344
3025858,86.96247312924888
3025859,5.513702893622519
3025860,270.1803973561203
3025861,174.49461173409338
3025862,3.808541722092908
3025863,7.587465430143302
3025864,269.7927138568791
3025865,55.26759354752241
3025866,3503.417269628503
3025867,0.04158847176185776
3025868,24.547723490616328
3025869,5.248185417688866
3025870,0.07305803117786287
3025871,2.2145366451028923
3025872,1409.7505143603378
3025873,0.017227717032355313
3025874,108.0421443258412
3025875,5.737383183281921
3025876,775.1595767065626
3025877,403.9401774287377
3025878,261.73662167235926
3025879,61.6718828371139
3025880,45.652792229075175
3025881,2877.904221934612
3025882,7.653758601377309
3025883,0.40118165475078593
3025884,18.15054203644226
3025885,14.994698251604088
3025886,0.06566487683569049
3025887,179.2917635912435
3025888,5.956077737134108
3025889,0.01653926222703287
3025890,3.8713038282594874
3025891,24.516800813947658
3025892,2.493055638781718
3025893,205.83122564425628
3025894,178.2154688051055
3025895,1.9403531578441957
3025896,6.709522479012316
3025897,140.37080541738908
3025898,36.641670007628164
3025899,252.37458078747525
3025900,4.0460764487763505
3025901,2.781422728484214
3025902,5.0022380886911915
3025903,0.07259003883841082
3025904,3.6247399886133955
3025905,3856.1143811121074
3025906,0.020506365284171237
3025907,491.58859352475736
3025908,9.047725009751712
3025909,1651.6418282292332
3025910,654.4144519620032
3025911,454.83272895456327
3025912,152.5758726483703
3025913,70.59645294722624
3025914,6576.605072895777
3025915,18.703446853218075
3025916,0.5249893590214263
3025917,18.16852940564145
3025918,17.300190632393587
3025919,0.18964668794768957
3025920,478.5291902035981
3025921,5.804225919474563
3025922,1.2452496519762584
3025923,7.588404710421932
3025924,26.325101774230212
3025925,1.3423144437760133
3025926,634.7860545335361
3025927,427.64613804550766
3025928,2.791311974980982
3025929,8.350273002630482
3025930,427.68241359707895
3025931,91.03358561000488
3025932,1103.8196604165257
3025933,29.220799079687545
3025934,9.501650268360562
3025935,4.1446033308438075
3025936,0.036606011594598524
3025937,0.5426259581187878
3025938,1345.4144337484677
3025939,0.014719511645483806
3025940,172.49109761382857
3025941,5.628090344152969
3025942,810.422445600879
3025943,392.5518644482989
3025944,165.39243227808907
3025945,56.5691541133168
3025946,38.07473830924148
3025947,2633.012662855893
3025948,6.5726294881186575
3025949,0.30345641977474525
3025950,9.99129050867497
3025951,14.360424529971313
3025952,0.11522722095219319
3025953,155.74419499903084
3025954,5.397141627425645
3025955,0.054034105233483606
3025956,6.85171158397033
3025957,24.992758857267653
3025958,1.0106381716418649
3025959,120.024343519729
3025960,181.22280417069996
3025961,1.1639769071369939
3025962,3.1353941003568995
3025963,129.80614599778423
3025964,25.747225285232908
3025965,262.6944772987975
3025966,6.187294532104652
3025967,2.0482259665049605
3025968,3.8035962854860226
3025969,0.03928138209409021
3025970,2.375390056074341
3025971,1327.6767927197777
3025972,0.013452059666263894
3025973,91.13294619224169
3025974,4.58934135383778
3025975,683.3835932342583
3025976,274.69186204178243
3025977,136.14765389941087
3025978,40.550198591919326
3025979,30.977561470032803
3025980,2793.9575484474235
3025981,13.894027592305722
3025982,0.20614588170482737
3025983,8.35474829264431
3025984,7.178630339596102
3025985,0.07196596821688168
3025986,128.91170589624883
3025987,0.8956958547875012
3025988,0.046806909899794163
3025989,1.8375659672788975
3025990,30.992665701325187
3025991,1.2631901689908427
3025992,79.94561337886873
3025993,206.7053079785407
3025994,0.4620725383670994
3025995,4.348930876788976
3025996,62.77891905071114
3025997,21.012266245479893
3025998,156.6535531814159
3025999,4.031931164069378
3026000,1.2772438675808775
3026001,2.7684823771563103
3026002,0.09736756539213455
3026003,2.3770165909064227
3026004,1574.4976449040432
3026005,0.03460718064877654
3026006,147.55893583583912
3026007,4.953499980121608
3026008,915.3138378627835
3026009,425.2872062020911
3026010,244.7056698845155
3026011,27.82249162388843
3026012,37.99892205089919
3026013,2896.2641672172813
3026014,3.3861223234077285
3026015,0.3468623293766936
3026016,11.987912705152091
3026017,15.137895194055401
3026018,0.1602973228070853
3026019,182.94944247691336
3026020,0.7882801642852828
3026021,0.06606697793179464
3026022,3.021416382029793
3026023,12.069403205962818
3026024,1.1427626000598865
3026025,151.49491807206147
3026026,260.2442498198963
3026027,0.7273547475047469
3026028,3.424227561263344
3026029,66.09065329586876
3026030,80.78181902830362
3026031,298.8583390745051
3026032,13.07455155745399
3026033,3.981171384719541
3026034,2.948202657443926
3026035,0.2949239594540037
3026036,1.1004006448250483
3026037,1629.8979971965277
3026038,0.01592803714103272
3026039,135.97572937494886
3026040,2.7500542278796933
3026041,824.0543641087711
3026042,362.52343663685974
3026043,195.04563401824475
3026044,95.94079198934548
3026045,53.383607086939676
3026046,2479.885647441586
3026047,5.168265246213618
3026048,0.7404239591585022
3026049,10.202037243036493
3026050,15.552043123181141
3026051,0.15718152821875017
3026052,201.20414414733335
3026053,4.650472311781997
3026054,0.028158839422468288
3026055,1.807571122353023
3026056,17.647732741095247
3026057,1.4748407372567862
3026058,116.44053426517632
3026059,195.22409920978134
3026060,0.5077453927108874
3026061,3.5835271381037783
3026062,91.08421672889793
3026063,41.31085596297694
3026064,483.3283624831715
3026065,29.30179630567936
3026066,2.799766290540889
3026067,4.90938218766062
3026068,0.1885091046091897
3026069,1.4229561754035853
3026070,1307.9508200663238
3026071,0.013876040798347531
3026072,149.44047128744998
3026073,5.708011188549243
3026074,716.4369567073776
3026075,250.09166802686957
3026076,144.5439250434028
3026077,118.78262361352478
3026078,35.7422724063364
3026079,2350.030757974647
3026080,7.785671997555819
3026081,0.36129035653153346
3026082,15.905229358827153
3026083,21.437312812396595
3026084,0.3391827171147332
3026085,153.49436902899188
3026086,0.06105150383936686
3026087,0.04301969538013448
3026088,2.4235325972773225
3026089,36.571800188614084
3026090,2.3869706598267073
3026091,53.563373707188916
3026092,145.36340633209596
3026093,0.8754837817149113
3026094,6.091019604870135
3026095,71.85136280050439
3026096,36.00853264334094
3026097,430.4827589300072
3026098,0.00020507446856632763
3026099,2.4331072680626105
3026100,5.531997233110639
3026101,0.20659338271249025
3026102,1.3445347868702617
3026103,2154.606817272246
3026104,0.02195853826096948
3026105,258.11005551225475
3026106,5.408585716355701
3026107,937.2261001739439
3026108,972.6167502582352
3026109,411.65203187403415
3026110,137.74293518915414
3026111,76.62802428755731
3026112,3445.8082457018218
3026113,9.87540836038175
3026114,0.8090028696336858
3026115,18.18108623786879
3026116,17.391226266979224
3026117,0.0912140180925714
3026118,211.48518238590339
3026119,0.39863670130483525
3026120,0.15999100997837
3026121,7.271486008051712
3026122,23.269699276042015
3026123,2.24507637899458
3026124,210.3911801812285
3026125,205.28078184827564
3026126,2.0795191326602667
3026127,6.2328516449544455
3026128,270.51648076327
3026129,48.549262566818385
3026130,1009.0074739307515
3026131,211.66874160866618
3026132,8.782209889168799
3026133,3.4303763157003337
3026134,0.08461623743042676
3026135,3.2004632605065333
3026136,1770.8556636888236
3026137,0.011409866735545785
3026138,443.2979408980053
3026139,5.6361998130933495
3026140,497.61027629663295
3026141,589.1941836743713
3026142,192.27461663231688
3026143,143.45404084228647
3026144,43.492983996095916
3026145,2471.0727668024733
3026146,12.337548772753273
3026147,0.7113362006750773
3026148,12.190746033097724
3026149,16.756767028060032
3026150,0.04263570353795569
3026151,154.04152432252317
3026152,8.564659037815469
3026153,3.157775358452918
3026154,6.206978413688688
3026155,44.999397181276194
3026156,1.2101273398688135
3026157,92.76812442033588
3026158,148.25853729043172
3026159,2.471943038854673
3026160,4.243011271918611
3026161,145.52966017943916
3026162,47.41596420011918
3026163,1085.434654293475
3026164,22.05957206005161
3026165,9.5926084716617
3026166,4.376149165449272
3026167,0.21213696346467437
3026168,3.237813871486108
3026169,2314.095288300623
3026170,0.018023058290231063
3026171,134.96735276554426
3026172,3.676943519766505
3026173,696.2845946974141
3026174,318.92393999477076
3026175,211.13793630166344
3026176,41.45319977954732
3026177,38.504016178547005
3026178,2905.3085798020447
3026179,11.786180678770261
3026180,0.8037832562073257
3026181,9.100514010994438
3026182,15.374330494275782
3026183,0.11417769296419898
3026184,147.43593355692627
3026185,4.085235513564942
3026186,0.13982958198674825
3026187,2.763641027674485
3026188,21.891685465463496
3026189,1.1988423660451404
3026190,124.76178064247033
3026191,158.1409146015207
3026192,0.9767057125907865
3026193,2.6666831109239286
3026194,99.44867189625532
3026195,19.625398084973327
3026196,329.95736467663477
3026197,27.087566113684296
3026198,2.880807295250972
3026199,5.3860287035375425
3026200,0.09693712056096408
3026201,5.992382088731327
3026202,2547.5667972437195
3026203,0.057880022887817455
3026204,552.8926754254258
3026205,9.285284748980162
3026206,744.940320489895
3026207,669.914533596522
3026208,199.75934708964144
3026209,141.74036754966804
3026210,96.05919616266257
3026211,3388.3969202851013
3026212,23.09132022019964
3026213,1.1851567761351378
3026214,18.46637417485774
3026215,37.927313980454215
3026216,0.1881975236106824
3026217,205.08764707347672
3026218,18.075438902343784
3026219,22.01211953514038
3026220,4.260322495643228
3026221,60.14509103976091
3026222,8.677655998632869
3026223,386.7933537747311
3026224,238.5987711736328
3026225,7.613465188500289
3026226,8.46798071499877
3026227,400.9635267245526
3026228,108.30948187347843
3026229,2869.7425012929816
3026230,0.09658514145222469
3026231,35.09165656817221
3026232,4.372525710422834
3026233,0.11496367386641312
3026234,4.079142656575435
3026235,2938.969119294351
3026236,0.02382426900428665
3026237,396.06287670386655
3026238,4.947190159011685
3026239,1186.3232430363553
3026240,752.4139389915713
3026241,482.33620262183024
3026242,64.33626743560856
3026243,60.53822235149135
3026244,4711.701098989337
3026245,9.619697929483696
3026246,0.41556130375102357
3026247,14.40127098256264
3026248,11.521913258518325
3026249,0.11228863122500043
3026250,273.7653215892658
3026251,1.3466696144856987
3026252,2.559521809354463
3026253,4.861860987501675
3026254,43.42574166588263
3026255,0.8716123295269889
3026256,278.1352819545775
3026257,316.3361184691206
3026258,3.513562508102143
3026259,3.180384601294638
3026260,212.78184769678853
3026261,61.71537113316454
3026262,746.9675337512729
3026263,20.813682770746524
3026264,11.457253762564278
3026265,7.075923331664618
3026266,0.11307239836901864
3026267,2.719140796881144
3026268,2671.946588172158
3026269,0.02221920383295063
3026270,351.3255407046535
3026271,3.825085354524943
3026272,1194.2839717712147
3026273,649.9715837852777
3026274,245.06051437619436
3026275,216.0768160658816
3026276,75.10837560724384
3026277,3537.751280380674
3026278,15.1213517694366
3026279,0.4069721191581648
3026280,23.523122645854393
3026281,22.972549166971113
3026282,0.2605085596015247
3026283,255.34022027243267
3026284,2.3393049723259995
3026285,2.4993337247975562
3026286,5.686972900994601
3026287,79.62567721339279
3026288,0.9066192200274708
3026289,122.87200412235536
3026290,231.70978984061006
3026291,1.6103644773500965
3026292,3.3321065104699334
3026293,155.28352254165185
3026294,126.80153801690153
3026295,1068.8614891545853
3026296,0.1562636151978693
3026297,3.6675570449085644
3026298,3.186826643326279
3026299,0.11866619299928635
3026300,0.8390332126029661
3026301,1659.776226721524
3026302,0.0239076946313217
3026303,127.16885708359854
3026304,5.722867183916026
3026305,871.6691330117345
3026306,318.2958706930104
3026307,139.84506647132267
3026308,41.281113291196874
3026309,48.3891594499705
3026310,2524.973400682041
3026311,7.0923415699380445
3026312,0.8815322050708865
3026313,16.851510491824406
3026314,14.958372155621777
3026315,0.07545203586002397
3026316,163.91125512010794
3026317,0.2630416625489839
3026318,0.11244553103293137
3026319,1.6763075212913268
3026320,35.02979242430452
3026321,1.7520023526751292
3026322,111.66895705190453
3026323,174.7699379878394
3026324,1.086908041428177
3026325,6.592295763682088
3026326,129.83895453524016
3026327,23.09455805244854
3026328,386.9482521212706
3026329,172.91153614149087
3026330,1.3587891803732226
3026331,2.101650322018739
3026332,0.05842604784168738
3026333,1.77468830226251
3026334,1347.193902941103
3026335,0.17080901222288136
3026336,282.8273648602998
3026337,6.558988759121247
3026338,487.6990779731329
3026339,441.27541907355703
3026340,128.63972456758876
3026341,42.7102679414503
3026342,53.74501270877401
3026343,2314.014331508971
3026344,23.020159684322866
3026345,0.5305118546279509
3026346,10.406087375899439
3026347,17.065770617954854
3026348,0.2628093328549316
3026349,107.23089102149157
3026350,10.72012870930358
3026351,2.912881272633292
3026352,4.289718681386095
3026353,32.60995015251047
3026354,3.317239894061685
3026355,780.412519444272
3026356,158.27636398688296
3026357,3.4983309879740663
3026358,5.442234709301052
3026359,296.182302014071
3026360,31.588764107523392
3026361,1427.0721767765083
3026362,0.010546439279744423
3026363,7.254182436965392
3026364,2.1581516537347625
3026365,0.05547229342847595
3026366,3.432543941069767
3026367,2915.528203036305
3026368,0.04130974119187129
3026369,655.7977721307828
3026370,10.478346935050808
3026371,972.5357748976944
3026372,1137.715741389
3026373,241.62053597070195
3026374,205.56019675713026
3026375,144.443456728705
3026376,3559.8716648671325
3026377,19.97037565319719
3026378,0.3392918617779581
3026379,14.343041385903899
3026380,28.040981391522706
3026381,0.09237201848098686
3026382,213.43099409555515
3026383,9.414038173989743
3026384,47.27749040364139
3026385,6.412470108484305
3026386,60.96516042356163
3026387,8.647913109394995
3026388,398.6252155853381
3026389,253.84049731606524
3026390,11.090768984361993
3026391,4.960611168045226
3026392,480.64114120135
3026393,106.38578949852968
3026394,4367.84826823397
3026395,0.08821340915299586
3026396,16.02310404813089
3026397,2.559901710962852
3026398,0.049945710895374015
3026399,3.782897182934051
3026400,1662.6940639359243
3026401,0.013116929355030425
3026402,366.7965211716076
3026403,4.721659518028213
3026404,391.8459963073418
3026405,509.0697978363234
3026406,148.4817551034848
3026407,100.62955690214775
3026408,68.94166435953424
3026409,1916.961354788248
3026410,15.20638649853819
3026411,0.5982041465924381
3026412,11.311192571953216
3026413,15.432281646336293
3026414,0.10025829735978206
3026415,83.90327875284095
3026416,0.053066647149636166
3026417,31.08257684191895
3026418,2.569432021367953
3026419,126.33455248999874
3026420,3.3158594476462726
3026421,218.95854399410698
3026422,117.3952006274381
3026423,3.7138212809705338
3026424,3.9555247963159568
3026425,171.3671166882915
3026426,36.61631737020291
3026427,2333.4394372685424
3026428,0.37034819945101005
3026429,3.8836563882140727
3026430,3.5869045085575024
3026431,0.06227703614034193
3026432,0.3441724273657081
3026433,711.9342508147015
3026434,0.05122416718812052
3026435,208.22386362692885
3026436,4.239391358144457
3026437,211.4165547478565
3026438,211.61870139724124
3026439,70.59605236573906
3026440,27.820606121078107
3026441,27.431574604980476
3026442,1381.1096776630818
3026443,7.434371512199311
3026444,0.5542317641220282
3026445,9.051590089715589
3026446,7.873349613051306
3026447,0.33261968943191517
3026448,58.22194247382789
3026449,0.4534362679759676
3026450,9.602083038747484
3026451,1.73695565597966
3026452,20.143562799808898
3026453,0.6703786064838935
3026454,210.51038256825728
3026455,93.77854154219305
3026456,1.8452757634003047
3026457,2.602080597909721
3026458,122.33043714955463
3026459,23.212464280468296
3026460,901.3857531533183
3026461,0.3840591854552443
3026462,2.8031609276918257
3026463,5.291334288084555
3026464,0.2289726797890374
3026465,3.1910119852383994
3026466,2481.386447352191
3026467,0.022096830006994136
3026468,548.888129041907
3026469,7.643142709408597
3026470,760.1452718502917
3026471,802.0653971007905
3026472,246.57578618795102
3026473,208.14833296234394
3026474,104.2795888764116
3026475,3245.6220985123937
3026476,24.746192329915868
3026477,0.8699148052679825
3026478,13.538121033040616
3026479,17.528695013253557
3026480,0.26188454421408197
3026481,169.79297712298796
3026482,4.153889073529917
3026483,31.018553937973973
3026484,6.101224333209199
3026485,92.63905970990655
3026486,1.6231941997209378
3026487,245.11221281931205
3026488,211.8390056299951
3026489,7.8274565225692285
3026490,6.471134272831929
3026491,338.59189406531056
3026492,68.95423569776993
3026493,3523.3967809544315
3026494,0.5304058420636244
3026495,11.9753848415141
3026496,5.014216951919562
3026497,0.06383218774418838
3026498,2.2282663444243016
3026499,2379.485555068314
3026500,0.030396789300433637
3026501,481.1896509600725
3026502,10.984623813970755
3026503,736.6654315156608
3026504,673.9625964199731
3026505,261.348208185402
3026506,165.51224243953158
3026507,52.109185285892416
3026508,3749.3775822862044
3026509,11.762760962540458
3026510,0.7878308821900741
3026511,19.33723670125629
3026512,14.783213819094497
3026513,0.7103164174511903
3026514,180.64083130473847
3026515,0.04798267235820129
3026516,3.3162627045767934
3026517,3.9359941389852917
3026518,30.77369595754096
3026519,0.97398405339017
3026520,183.5422484605479
3026521,289.42705673839004
3026522,4.0598448396121
3026523,3.286849129704427
3026524,170.97117968869344
3026525,64.58723782406314
3026526,989.6962536720391
3026527,1.4512190421044227
3026528,2.5138165702028616
3026529,3.6322591311845054
3026530,0.2317535579605277
3026531,2.1994025352677036
3026532,2578.2976467873764
3026533,0.031194404343554097
3026534,493.0393377851833
3026535,8.56608647103539
3026536,713.2015594393113
3026537,702.4892064874466
3026538,215.54603895564154
3026539,141.14466676658296
3026540,54.40527479583426
3026541,2903.4066003254266
3026542,11.267774886069983
3026543,0.7947782686498635
3026544,12.046208032622276
3026545,15.893407567720839
3026546,0.0997671041559144
3026547,176.18687790314945
3026548,0.08097721416343881
3026549,6.881104103591028
3026550,3.9810710746202735
3026551,51.81589484002784
3026552,0.8611999899159584
3026553,119.53956414007493
3026554,169.7483054880783
3026555,2.953835823962412
3026556,3.6089445160838043
3026557,158.5846522696492
3026558,55.49477240717979
3026559,840.8847340751786
3026560,0.7738952718864163
3026561,4.289512542984028
3026562,6.798263072343314
3026563,0.8085357540395574
3026564,11.878528594316776
3026565,5907.699336509811
3026566,0.03799322480321617
3026567,1074.89812932653
3026568,21.844613858097777
3026569,1668.4715142716163
3026570,1784.0754353449445
3026571,277.9737328004706
3026572,385.2936736003004
3026573,251.86021473730682
3026574,6210.75291836761
3026575,76.25485216320979
3026576,2.167281190633223
3026577,31.656876489309003
3026578,43.044875870885825
3026579,0.1146410354694993
3026580,407.6146434347849
3026581,28.059383799031202
3026582,59.80190561945034
3026583,23.44991096448349
3026584,148.66462457387183
3026585,17.77200061825543
3026586,562.559988650919
3026587,465.3832155880367
3026588,14.838131855323343
3026589,16.820094372796714
3026590,913.1540218944567
3026591,191.42934403485123
3026592,8219.645463086996
3026593,0.7081703057782156
3026594,70.84215006827199
3026595,2.4465282079911
3026596,0.07757493508099153
3026597,0.5002732943401392
3026598,1587.7106979161013
3026599,0.021334454898973877
3026600,144.09370238417034
3026601,5.361838604133534
3026602,479.45924021229905
3026603,314.1690857790749
3026604,107.2580173371331
3026605,106.6444754107022
3026606,40.183437192132395
3026607,2023.6509147263191
3026608,5.397623931442636
3026609,0.15292736480464356
3026610,10.407875206538414
3026611,8.303395691046658
3026612,0.07575141997395626
3026613,120.90465593420512
3026614,0.3537571268438353
3026615,0.1301031029049835
3026616,2.594968162853564
3026617,16.80291864422744
3026618,0.6760934037465695
3026619,60.25815727806808
3026620,81.70770092641393
3026621,1.4788642359454065
3026622,3.1297288938718775
3026623,97.70573689630072
3026624,16.707114594872664
3026625,437.80195740450426
3026626,0.2548930126551297
3026627,2.9675551773560254
3026628,6.297969303599391
3026629,0.08264456634573338
3026630,0.4672893957327871
3026631,2484.342455314252
3026632,0.02725316220858919
3026633,438.381432413885
3026634,5.705930803714485
3026635,1029.843049565437
3026636,652.798456528765
3026637,187.70222101370527
3026638,211.0168790869535
3026639,66.6856858534523
3026640,4034.361047052179
3026641,8.32521596581787
3026642,0.2289511492313796
3026643,12.45332865450715
3026644,15.96684238891481
3026645,0.051975555342401523
3026646,195.47729932396118
3026647,0.5008152895091388
3026648,4.489186500208653
3026649,4.50857871173676
3026650,12.475688584203926
3026651,0.966853737891464
3026652,279.7841342598607
3026653,199.63182993691592
3026654,2.6633379142961315
3026655,4.6673895979957685
3026656,107.96548402732896
3026657,53.41322257928966
3026658,863.3483645800543
3026659,0.9104289194799323
3026660,4.576534750322335
3026661,1.5566398642044081
3026662,0.037431497920115936
3026663,0.4565891184458702
3026664,943.1912988750155
3026665,0.02045601984718526
3026666,126.01462487317237
3026667,2.862281402881595
3026668,541.9260427108496
3026669,181.47194010739824
3026670,80.03042980141825
3026671,130.15650261084244
3026672,17.697835245734943
3026673,1791.2510010013295
3026674,1.818643007820865
3026675,0.27860156581597434
3026676,9.735625834710657
3026677,3.259818598540191
3026678,0.20911753989486442
3026679,78.36793778757603
3026680,0.021421011321430327
3026681,0.04494032167077403
3026682,0.6565079706768808
3026683,11.765673596051075
3026684,0.43384074360025476
3026685,58.25006565173761
3026686,89.1999754447682
3026687,0.520247842741101
3026688,1.0518862746019217
3026689,46.235604607220736
3026690,9.343601953396536
3026691,146.76119820101712
3026692,0.024938323811637738
3026693,1.0953712979033154
3026694,4.513224424286737
3026695,0.036236072670077835
3026696,1.5285883059555325
3026697,2040.7487646466388
3026698,0.025825415886756103
3026699,179.58428283173126
3026700,5.108599505255393
3026701,792.3487098401936
3026702,520.9893790722487
3026703,170.41586504818284
3026704,109.69788221149201
3026705,54.22099911949839
3026706,2624.6648878006145
3026707,3.462218223323664
3026708,0.8116532596570769
3026709,17.82061272684497
3026710,10.806437813577066
3026711,0.3546635874428469
3026712,185.80866195740475
3026713,0.22406253086505779
3026714,0.19448966815479446
3026715,8.041001576434285
3026716,39.875734507432526
3026717,1.0536516052064537
3026718,255.6520388068404
3026719,170.51074567532478
3026720,1.990445471975836
3026721,3.7746460484670465
3026722,216.75052395485486
3026723,22.97642516019484
3026724,974.0041949784637
3026725,0.1734068487473897
3026726,0.8280354435441187
3026727,2.321642097357579
3026728,0.1733089577557869
3026729,0.7946830354957661
3026730,1952.2182517220833
3026731,0.03737707980739411
3026732,555.5697533340173
3026733,4.461910135494261
3026734,743.5323280983418
3026735,672.2237202889044
3026736,197.85096382573062
3026737,81.29890517113441
3026738,61.879450687105596
3026739,2968.9417868119913
3026740,4.417959780092994
3026741,1.7007960942501774
3026742,19.026823606422507
3026743,22.47912284126407
3026744,0.07743550806608251
3026745,164.4334512715378
3026746,0.6160624498380923
3026747,3.082674036724166
3026748,2.4987292591850494
3026749,15.17871089063746
3026750,1.2987065565217768
3026751,165.32589219231974
3026752,223.88831297057993
3026753,2.217899109908206
3026754,4.031802964070847
3026755,146.17857714649884
3026756,15.874990166475271
3026757,559.4240300712044
3026758,1.4249963906704612
3026759,1.6734433150578467
3026760,3.1904042550375564
3026761,0.038098249503752145
3026762,0.26391954978000515
3026763,1150.119330712586
3026764,0.02798870926238976
3026765,94.65882913204366
3026766,2.9782548893075624
3026767,430.35032026345203
3026768,197.12624455115113
3026769,72.98112812723228
3026770,129.98293629955523
3026771,38.01518155876656
3026772,1711.0757843818315
3026773,6.111041001244516
3026774,0.36193528592065705
3026775,5.585976931970118
3026776,4.497398230674606
3026777,0.11096034279800387
3026778,64.42411088342426
3026779,0.07760860154508009
3026780,0.10872557967312985
3026781,0.7703317826955792
3026782,20.20737376134393
3026783,0.4655792860568726
3026784,145.77342828113748
3026785,95.27538832525607
3026786,0.7705696596440892
3026787,2.2425554240333048
3026788,34.684540909369936
3026789,13.495375231242411
3026790,294.7395064152388
3026791,0.16303817384862232
3026792,0.7243304311436678
3026793,4.592638133800126
3026794,0.03727398498878375
3026795,2.007733506097913
3026796,4167.35787551348
3026797,0.047957369603394806
3026798,480.9149284073177
3026799,17.01539151440235
3026800,929.3902571178744
3026801,591.382269493532
3026802,203.89230260307465
3026803,107.59337143299484
3026804,84.76975160425118
3026805,4050.064370433471
3026806,12.975828161140118
3026807,0.42004826652838895
3026808,33.53795606828325
3026809,19.07228512918183
3026810,0.07753910719563209
3026811,222.46768699190665
3026812,0.357290859556095
3026813,31.228335103503753
3026814,7.651114671112325
3026815,60.108045074633075
3026816,5.508727619796758
3026817,230.8395185448019
3026818,236.66751626426606
3026819,5.639526805348753
3026820,17.855847830468456
3026821,123.6271055414525
3026822,52.49760059851667
3026823,1162.079898068682
3026824,0.3059086424361499
3026825,0.9653796550927457
3026826,3.4894564866646727
3026827,0.04310069283121914
3026828,9.19803205161461
3026829,2993.461118824321
3026830,0.027888491528699804
3026831,495.46343225459435
3026832,6.06856608961514
3026833,845.5904458782743
3026834,762.518829776767
3026835,144.87208898208831
3026836,109.2220891381034
3026837,108.38434666751982
3026838,3596.096665831732
3026839,38.48626865341679
3026840,1.0380487687246192
3026841,16.312361570082906
3026842,26.70729852034355
3026843,0.0849257036873939
3026844,232.32274190258818
3026845,19.357771349997634
3026846,32.35955332718786
3026847,2.7047842338419477
3026848,102.80382623982403
3026849,6.454498730211428
3026850,221.8514817562853
3026851,252.4338390875486
3026852,12.35524400102434
3026853,12.20804177797791
3026854,234.18828632048533
3026855,69.32336164815992
3026856,3262.8572200264234
3026857,0.048274921405419474
3026858,7.2590170692904605
3026859,5.880254991532064
3026860,0.07956614362438123
3026861,4.8169047917801056
3026862,2694.0539432861233
3026863,0.026603011614326207
3026864,471.496388291011
3026865,6.539524619693652
3026866,829.0767116092761
3026867,675.2677057606638
3026868,127.1599531270584
3026869,77.92140698905364
3026870,125.20579689024606
3026871,3786.2364675225817
3026872,27.751635076446306
3026873,0.8711875900253524
3026874,32.32677167165352
3026875,39.77387751657564
3026876,0.07489992000326248
3026877,266.29130103757586
3026878,13.007549436854866
3026879,24.92049566556441
3026880,6.143717589296244
3026881,72.78821007323808
3026882,7.414099631236473
3026883,142.58857892481942
3026884,356.85492252735037
3026885,5.147807289351798
3026886,7.444796921878431
3026887,129.0401787143311
3026888,61.66954802695044
3026889,2762.463889364891
3026890,0.3022537409496138
3026891,14.164455564508788
3026892,6.5266931728902655
3026893,0.12766146281314256
3026894,3.2534448858614304
3026895,2819.3048660463423
3026896,0.019122918284036568
3026897,575.1598409199041
3026898,4.9187363085159665
3026899,1379.4556168822292
3026900,621.9243881578925
3026901,172.63689484740348
3026902,210.80826113712214
3026903,65.58106302166516
3026904,4584.169375925528
3026905,23.99931622917489
3026906,1.4819046289231184
3026907,17.152141227560353
3026908,15.962831943459602
3026909,0.16800924858312982
3026910,288.9748248132696
3026911,2.294822659423897
3026912,11.19490086679366
3026913,8.596420236662144
3026914,34.3732235653433
3026915,1.466453961165107
3026916,150.50092640967264
3026917,273.00181320588086
3026918,5.524918970114667
3026919,7.299424209635208
3026920,186.05634144260546
3026921,48.82054222906893
3026922,1353.0252118457536
3026923,9.756388405099095
3026924,10.808775236372183
3026925,3.600643148662543
3026926,0.5006133303212348
3026927,4.420664327552199
3026928,2173.0817971068664
3026929,0.039454806268892126
3026930,324.98040753753594
3026931,5.7803350427547455
3026932,649.2741469236785
3026933,557.1736230334939
3026934,179.6029172150885
3026935,107.65570427649885
3026936,81.51971295172606
3026937,2757.3122962524576
3026938,19.45076027066395
3026939,0.7266440645440939
3026940,14.739355573450794
3026941,13.93956724356331
3026942,0.12533432643303388
3026943,170.7880355356831
3026944,14.069648234162077
3026945,26.500221444817964
3026946,2.9540660721481586
3026947,61.22721305402613
3026948,6.042645263054201
3026949,283.2822522739115
3026950,220.2212028813488
3026951,4.534465137976354
3026952,7.25716704122074
3026953,306.8486544928139
3026954,48.772710182926886
3026955,2716.5676652505176
3026956,0.08478364157882495
3026957,20.21648972580025
3026958,3.540706408537019
3026959,0.04248932403154761
3026960,3.8850958909593905
3026961,4202.293474363476
3026962,0.03256192037131156
3026963,409.73745207323935
3026964,7.77999666749018
3026965,1323.7253031896903
3026966,872.6374035190745
3026967,230.54185190643244
3026968,168.34739679927736
3026969,41.031528629339434
3026970,5074.289037990112
3026971,9.897657445428163
3026972,1.487115453288775
3026973,20.910964360599568
3026974,20.735902258201623
3026975,0.22818065749136898
3026976,339.6488908389511
3026977,0.3439449992258481
3026978,0.2767281914778652
3026979,6.676626158435811
3026980,26.010610840088233
3026981,1.7986797564939405
3026982,129.3326758301618
3026983,333.4160845591346
3026984,3.5959812618508447
3026985,7.894754264612475
3026986,142.56377507169748
3026987,53.856624042273346
3026988,975.272715304658
3026989,0.0727833441946665
3026990,3.3905178418600626
3026991,6.294018150709445
3026992,0.03189841920675448
3026993,5.07945254711054
3026994,2200.3192431525313
3026995,0.022838592502653195
3026996,468.2921389994765
3026997,8.875004229383826
3026998,832.4723013226943
3026999,632.5060497843908
3027000,186.86664602310057
3027001,108.64938782701984
3027002,117.24336066867863
3027003,3617.371033882259
3027004,28.532442030624782
3027005,0.9171720725113721
3027006,15.117586639099986
3027007,24.921822723465283
3027008,0.08518507082066695
3027009,214.4139271033677
3027010,11.857453186893114
3027011,19.748219445424873
3027012,4.642808854484418
3027013,50.99553717274672
3027014,9.55233177826654
3027015,190.9697840244633
3027016,312.87712902974397
3027017,9.531623486594976
3027018,6.5795040443529835
3027019,176.5753937104575
3027020,58.162938548925496
3027021,2585.980823025003
3027022,0.3886990955544716
3027023,5.53815074675209
3027024,3.3788714981436327
3027025,0.05153413278633445
3027026,3.9523167834068618
3027027,2338.8749897584607
3027028,0.03534867764695983
3027029,422.08652363955423
3027030,5.322346988450793
3027031,589.1105842818943
3027032,647.2289318853395
3027033,144.01228015235597
3027034,106.59612743733706
3027035,110.3658160831173
3027036,3065.036831407202
3027037,21.907927860691785
3027038,0.6912818243499028
3027039,12.039866425273493
3027040,13.536346375070476
3027041,0.07432736287059807
3027042,186.0233191684617
3027043,8.688163321246556
3027044,34.06703552730352
3027045,3.380971849810477
3027046,57.437083607191035
3027047,5.943306701662687
3027048,218.39685983552553
3027049,232.2408052492316
3027050,7.168763172603129
3027051,5.686208990004626
3027052,198.09982220175067
3027053,50.21509831359283
3027054,2954.32657757827
3027055,0.18916680271454467
3027056,11.616217364571023
3027057,5.204041550243604
3027058,0.06740586200807436
3027059,4.3151837168768905
3027060,4333.191691913587
3027061,0.025927437377485263
3027062,519.5979010259634
3027063,11.625689437550415
3027064,1119.2351104461636
3027065,681.2860836576789
3027066,253.8153407031255
3027067,185.90007263103018
3027068,51.512342128437766
3027069,4189.605259075696
3027070,9.718799036561084
3027071,1.0118755320214232
3027072,12.730852028672933
3027073,21.383006371149484
3027074,0.10154348731609669
3027075,247.00945582624138
3027076,0.32515765118881396
3027077,9.660833546063172
3027078,1.847820209182029
3027079,53.30448153591162
3027080,4.374749304870564
3027081,196.78905484956792
3027082,288.80753182157196
3027083,3.738541898008509
3027084,3.787501463838771
3027085,246.07700615863183
3027086,107.80097692860701
3027087,1083.2036016894358
3027088,0.44233920048678455
3027089,2.3187107837858285
3027090,11.119597423801054
3027091,0.04469226957185665
3027092,12.796458730177193
3027093,7569.1838133053825
3027094,0.018964065145564757
3027095,1346.8677596446566
3027096,19.121046609659174
3027097,2033.7018591261137
3027098,2096.1940144093037
3027099,430.8422500554112
3027100,490.95819130765994
3027101,370.6607354509181
3027102,8608.000862308623
3027103,98.88512771615663
3027104,2.665537246071896
3027105,75.21865901870963
3027106,122.99156578367698
3027107,0.8965183360469396
3027108,510.48107530240264
3027109,29.245858792821913
3027110,24.485410764329174
3027111,33.35270614019089
3027112,247.6086104392898
3027113,19.13436359680628
3027114,735.8129185289013
3027115,469.4924384459847
3027116,26.68237070448274
3027117,28.55923909415678
3027118,1057.3335901008204
3027119,269.4311679505908
3027120,10254.957772656475
3027121,259.8607539654435
3027122,76.50673992578314
3027123,10.557521590137576
3027124,0.02878275546282659
3027125,11.870438549577024
3027126,7712.661843627326
3027127,0.020689228492780338
3027128,1080.8878189980185
3027129,20.650560362393627
3027130,2090.6452525701584
3027131,1846.3558075400538
3027132,532.9058635814157
3027133,302.8820276364243
3027134,284.52946856871654
3027135,9128.965932716445
3027136,93.53821528704569
3027137,0.9109013291899456
3027138,43.41999749570258
3027139,72.2852759156306
3027140,0.5617018650941981
3027141,518.1793922804267
3027142,24.424786731692713
3027143,36.93480133747681
3027144,15.857937945693736
3027145,192.60331893286065
3027146,11.920940683168075
3027147,853.6778337399403
3027148,698.5147223135574
3027149,16.119609574325004
3027150,24.05169381626609
3027151,991.3872020899817
3027152,215.5299690954805
3027153,7186.153051919848
3027154,458.8783972179035
3027155,73.09720111672894
3027156,8.451078750598693
3027157,0.03396997151146496
3027158,14.589170328384663
3027159,4700.587432163353
3027160,0.08391390366085871
3027161,774.4719496673522
3027162,10.0571798152694
3027163,1685.3266818229254
3027164,1187.5707050368742
3027165,604.0583619913045
3027166,112.36141524174724
3027167,221.31778808158532
3027168,7915.091507102964
3027169,30.494669295748075
3027170,1.572550687487476
3027171,28.434463104424296
3027172,24.526532820476827
3027173,0.38657959276961
3027174,479.73462166845
3027175,30.436049224637294
3027176,30.36740766243691
3027177,10.484860487170716
3027178,97.03239009967362
3027179,6.501794143776028
3027180,907.0461918417084
3027181,571.3129098420093
3027182,17.206428720113394
3027183,38.1666786875821
3027184,630.4748922393866
3027185,127.96305996323647
3027186,3113.812665947179
3027187,261.31678199463585
3027188,42.30755454591948
3027189,8.278085814738542
3027190,0.015009934522163527
3027191,16.600291340348885
3027192,6681.911440130859
3027193,0.01200558789801704
3027194,1006.6024313873295
3027195,14.680035556207933
3027196,1972.4531448002497
3027197,1754.8233934333468
3027198,478.8139489381899
3027199,270.5741469361877
3027200,217.1168837004888
3027201,8738.686025489882
3027202,41.78803753749524
3027203,0.9203742067295566
3027204,43.82608043605057
3027205,59.85817374662243
3027206,0.770985765441631
3027207,489.91085154984535
3027208,24.64131472029103
3027209,24.190580629022413
3027210,16.24503296937717
3027211,162.46629684499905
3027212,9.222107194584838
3027213,696.7795596142629
3027214,557.675247141383
3027215,16.347496027336533
3027216,24.485540923114915
3027217,875.5233338052319
3027218,172.445830413973
3027219,6253.647203200331
3027220,381.1758258559098
3027221,54.20621189806331
3027222,9.374606040343803
3027223,0.023844019390594613
3027224,19.220021166594023
3027225,3729.854077484406
3027226,0.013243293806732764
3027227,646.3261737346583
3027228,11.22421032806903
3027229,1604.3859565467524
3027230,903.3446807755508
3027231,473.15128583677057
3027232,92.83475434534301
3027233,156.89112785545373
3027234,6589.7455722097475
3027235,30.85885515250097
3027236,0.4541811432043732
3027237,22.18554839559681
3027238,51.27907874985924
3027239,0.3356514438900653
3027240,454.9406468780246
3027241,28.674272642293303
3027242,17.535360452479104
3027243,8.952723848300677
3027244,93.37680209789579
3027245,4.872427970865248
3027246,605.0030450348157
3027247,587.1201235643294
3027248,12.83591746921695
3027249,21.420989400774666
3027250,666.2130747129082
3027251,73.49579881572282
3027252,2280.1021220154503
3027253,283.1665676640762
3027254,22.331537610620067
3027255,8.476697848675153
3027256,0.0320426872935159
3027257,10.877244378434595
3027258,5597.217204496099
3027259,0.03341981390397132
3027260,1064.5809926141783
3027261,18.777315596550906
3027262,1711.179469563911
3027263,1853.3121194962073
3027264,372.8846442392143
3027265,382.1189843116116
3027266,281.10741743316277
3027267,7019.971674478446
3027268,63.44732211649615
3027269,0.7691156775495294
3027270,39.226668197470715
3027271,47.07723071915968
3027272,0.4492574631245125
3027273,419.5724869432952
3027274,16.936909952065708
3027275,33.163768831685374
3027276,10.432619142445965
3027277,173.0976489201453
3027278,13.37688308848448
3027279,592.457469696417
3027280,461.6770883468132
3027281,10.20966002567621
3027282,21.127843228296225
3027283,781.4118325579815
3027284,197.93038324193606
3027285,8338.185195297003
3027286,258.9551683520581
3027287,70.39549540809332
3027288,4.390351526588986
3027289,0.3342165691764958
3027290,7.607017899482599
3027291,1745.1253605800457
3027292,0.033982128061703164
3027293,337.8332698387456
3027294,19.00156522644752
3027295,742.0867319325932
3027296,494.25766272521514
3027297,206.1515508280115
3027298,72.8074969661354
3027299,75.71220646541067
3027300,2930.9998815894173
3027301,24.15656876982886
3027302,1.0426499220234928
3027303,24.689794801349468
3027304,17.455558873785368
3027305,0.07633966335896869
3027306,171.94134628406144
3027307,8.816778544441881
3027308,10.36507489287444
3027309,8.028062668810842
3027310,46.6413100897158
3027311,5.404482000391986
3027312,199.03141825225626
3027313,232.86541385538436
3027314,3.030141530595464
3027315,6.8865148609775435
3027316,206.3736710302193
3027317,52.144989140403155
3027318,1938.146349581445
3027319,0.42840858262969683
3027320,11.039088614183218
3027321,8.61247672237332
3027322,0.03846231195546504
3027323,10.937796675852002
3027324,3837.1990422740873
3027325,0.04205540317621689
3027326,573.9795831679526
3027327,22.891879236041927
3027328,1365.7514366742125
3027329,930.9810477043297
3027330,409.2754692012634
3027331,99.0676882332856
3027332,137.20235669407435
3027333,6203.362582315151
3027334,62.028240405706946
3027335,0.906395362912562
3027336,44.8758999065189
3027337,28.58125299554782
3027338,0.9749607251668635
3027339,338.752323115528
3027340,13.577737462173555
3027341,14.876456646302547
3027342,3.078276366917857
3027343,104.91402929240715
3027344,7.469436637524548
3027345,524.8022953943981
3027346,471.2884098462897
3027347,10.51086084695681
3027348,17.518507485406502
3027349,362.35258735132595
3027350,82.70620870938289
3027351,2519.581667256533
3027352,371.88195168766975
3027353,17.138843555040452
3027354,6.0632971973744
3027355,0.03178396240982907
3027356,7.0064816582610066
3027357,4222.316924047564
3027358,0.029006484854754967
3027359,823.8701078967979
3027360,7.8913494157306925
3027361,1304.5836006533455
3027362,1546.4638425248395
3027363,241.6332473324537
3027364,314.73333233197775
3027365,216.64847509432448
3027366,5123.158740001846
3027367,39.20624939547222
3027368,1.5161178508137694
3027369,27.547016804186075
3027370,32.9335604962596
3027371,0.41976693730403836
3027372,271.70436085825156
3027373,2.0552006433055716
3027374,49.420674334322456
3027375,3.644701305705068
3027376,110.16482769654866
3027377,6.631828684559638
3027378,540.7983740641358
3027379,276.7989140987144
3027380,16.07565487426497
3027381,7.5313364276767025
3027382,673.7101558861654
3027383,119.60135674039941
3027384,7292.115887558255
3027385,2.4598848916281213
3027386,41.30199969597833
3027387,9.934673450373925
3027388,0.06919005784885773
3027389,6.320114115355681
3027390,3807.48046472078
3027391,0.032804281841297286
3027392,827.360681929573
3027393,7.086009374080705
3027394,1470.8889975341995
3027395,1110.203062736703
3027396,304.89071328770007
3027397,211.54327903311025
3027398,261.6865785941835
3027399,5473.346439876808
3027400,35.214198174600924
3027401,2.320902036798193
3027402,33.638309475897614
3027403,39.61625873579275
3027404,0.5069187184007946
3027405,272.6744005281708
3027406,5.171369810006327
3027407,50.20738332037255
3027408,5.859916201644297
3027409,204.79338913726906
3027410,6.979571272257205
3027411,424.8442134919055
3027412,333.51032069223226
3027413,9.96082048089575
3027414,23.78590474558748
3027415,429.0772773201161
3027416,139.59454631379916
3027417,5689.64471841681
3027418,2.0982685653348643
3027419,7.531394730647566
3027420,6.416079953144149
3027421,0.05394672033260199
3027422,2.53704056837494
3027423,2540.216524761274
3027424,0.028639555530770026
3027425,458.2829984771538
3027426,6.384476685568876
3027427,842.9301903155563
3027428,464.38283069104966
3027429,212.30985634450002
3027430,90.34004369406709
3027431,100.51403145746086
3027432,3189.913447909943
3027433,12.325392724021091
3027434,1.1467254621495462
3027435,19.90140515242956
3027436,21.113520814986206
3027437,0.08507034785123044
3027438,155.29684298052032
3027439,2.3832325421399307
3027440,10.86602397261916
3027441,4.3083817914334075
3027442,64.08171050826144
3027443,1.743749072474568
3027444,255.9903031086085
3027445,206.71852194628525
3027446,2.892253965691789
3027447,4.104167856041991
3027448,175.8035273255995
3027449,92.75862719837501
3027450,2688.389990846439
3027451,0.1622567733623318
3027452,3.185239633617732
3027453,6.39204956582062
3027454,0.1544750587490336
3027455,2.4130649744941337
3027456,2997.0750169870716
3027457,0.1397414760616708
3027458,225.65306224697662
3027459,10.585063863933915
3027460,950.6158775124745
3027461,280.07819300075454
3027462,191.46524202343613
3027463,57.61878586188955
3027464,45.567243336193386
3027465,3359.467699804033
3027466,17.841432130435273
3027467,2.6216917710334906
3027468,24.898846593942544
3027469,15.778744458009978
3027470,0.438408769394863
3027471,192.19184350938133
3027472,2.0892867134208952
3027473,4.7008454804776045
3027474,6.8648323246630785
3027475,43.31791793773118
3027476,6.943415289961436
3027477,52.96694591268861
3027478,167.52496360620427
3027479,6.252705916651181
3027480,12.132825739679504
3027481,54.936166260044516
3027482,86.15590097289434
3027483,554.8260226322109
3027484,0.6681266390098108
3027485,6.16122020705696
3027486,6.083195059096566
3027487,0.0484601780254743
3027488,4.1207544933452915
3027489,3032.8282561678857
3027490,0.04402657938071235
3027491,523.8264620649763
3027492,13.264930166165247
3027493,1088.6392540082852
3027494,795.8464102523538
3027495,277.7085789494256
3027496,151.6425077501212
3027497,130.7951518829619
3027498,4182.951254691153
3027499,28.43361678460871
3027500,1.2655338043778628
3027501,19.16390948944476
3027502,50.15390434315057
3027503,0.15370016570577139
3027504,223.03362757376425
3027505,16.142765729273155
3027506,25.539315615763567
3027507,15.663690982363327
3027508,65.50986994001704
3027509,5.556638888565642
3027510,399.2226896811335
3027511,333.69411292787726
3027512,7.952135404445285
3027513,11.061669372462102
3027514,417.7248964986049
3027515,83.65541920826143
3027516,3165.710387788172
3027517,0.05467535066810414
3027518,32.90012879267572
3027519,4.1777875350416815
3027520,0.060837152008071944
3027521,3.9503050297984297
3027522,3816.267071346827
3027523,0.12691641102622817
3027524,552.7131240986023
3027525,14.344485781387952
3027526,1001.6431588179057
3027527,1196.5575282442535
3027528,184.63663014305675
3027529,240.5670771233968
3027530,183.65597540073037
3027531,3859.4722825271265
3027532,32.696069674551254
3027533,2.641723991583431
3027534,23.77931114765083
3027535,23.258315208053077
3027536,0.506046724562623
3027537,237.0949624122087
3027538,10.4679644759969
3027539,39.05761076962055
3027540,12.29657585321928
3027541,117.795802614664
3027542,8.690746389178235
3027543,406.5003628910009
3027544,254.44014178836701
3027545,7.514816644091056
3027546,11.357899713171886
3027547,549.2919633452086
3027548,112.84922494781384
3027549,5754.473295362712
3027550,0.1450673864246128
3027551,41.41053502633933
3027552,4.457941731992537
3027553,0.45422876920637045
3027554,9.65158547906759
3027555,3996.0052865023417
3027556,0.040246769401568336
3027557,711.3963808664075
3027558,15.231877171010662
3027559,1125.8074453355212
3027560,1209.9917822217858
3027561,247.30146439647592
3027562,257.38867583382284
3027563,142.69654814442134
3027564,4314.036391835863
3027565,29.280757318713572
3027566,1.2769066575629926
3027567,29.511535774318403
3027568,42.097312866670705
3027569,0.06582967410704019
3027570,278.14855669148545
3027571,20.37353032890899
3027572,36.20151392287906
3027573,10.807067894320273
3027574,116.45795905850915
3027575,13.655021190153771
3027576,384.1940218574898
3027577,274.0171066950178
3027578,13.865395990617404
3027579,13.726665638134527
3027580,482.86748740193036
3027581,134.1242986248641
3027582,5517.221287313997
3027583,1.311981127332949
3027584,35.25103752322845
3027585,8.321689563472184
3027586,0.35906703793739186
3027587,6.797659514546977
3027588,2703.6199815618893
3027589,0.01486623304686797
3027590,407.8205755167297
3027591,8.806074094468126
3027592,1430.6928606765832
3027593,761.3121281691862
3027594,431.57318631295027
3027595,147.39290865539164
3027596,106.76181250576056
3027597,5495.645972426421
3027598,5.837477142727662
3027599,0.8070860488387103
3027600,27.24424458898126
3027601,26.809725235620157
3027602,0.08555891724854113
3027603,360.82499065358616
3027604,5.113017937702553
3027605,3.0645595962539964
3027606,7.521554247402622
3027607,43.06089855859973
3027608,1.2777209073240523
3027609,302.30456059859216
3027610,408.80811956237955
3027611,5.308876446770505
3027612,5.207163714848392
3027613,349.921008839018
3027614,92.72492524870654
3027615,1111.3120797471202
3027616,42.44780665917827
3027617,12.443753917034005
3027618,4.524743169890462
3027619,0.038824404520602575
3027620,5.691943622968635
3027621,2139.55820897641
3027622,0.042142527716297465
3027623,312.50165058770585
3027624,10.545742966654565
3027625,617.9837952673206
3027626,572.1549258664422
3027627,126.34967457410895
3027628,113.64325928285976
3027629,136.0308979887629
3027630,2390.7636949275893
3027631,16.780357102945636
3027632,1.3614204890425332
3027633,19.037363357564068
3027634,27.142788055946767
3027635,0.19057289100541955
3027636,162.4003565297861
3027637,10.773428254708357
3027638,12.862918841502744
3027639,6.2581073776280185
3027640,92.85458255837906
3027641,5.82935225742205
3027642,242.516493569803
3027643,170.49946349783227
3027644,4.466484159312836
3027645,6.937091439184854
3027646,236.83077833878122
3027647,62.64721733940377
3027648,1961.1678530126328
3027649,0.03899924535812626
3027650,28.472695319658946
3027651,2.2501132472050527
3027652,0.10278761588366697
3027653,0.764215800401829
3027654,1657.266409057928
3027655,0.021579995028680802
3027656,101.75099064146588
3027657,3.8982545758715763
3027658,663.0790533845504
3027659,246.6860161668389
3027660,208.20869694133347
3027661,32.87517442980621
3027662,33.30852239351303
3027663,2762.0469771580856
3027664,6.114584211688102
3027665,0.3438033873733153
3027666,12.008229621327338
3027667,8.14630810435838
3027668,0.14965962817310746
3027669,158.22392742176083
3027670,2.8934680777581474
3027671,0.0
3027672,2.526005948644156
3027673,12.80353042434782
3027674,0.5784443273720614
3027675,241.98878680516344
3027676,180.350338012419
3027677,0.5505243798655386
3027678,3.5807619398636374
3027679,135.53838692879387
3027680,35.76975350851496
3027681,225.08747702991835
3027682,9.190121223887079
3027683,0.8120303442239127
3027684,5.674341282850359
3027685,0.07154578299942387
3027686,4.232217335712679
3027687,4097.581269864158
3027688,0.02278604907367194
3027689,696.2306874144697
3027690,9.941259947048046
3027691,1612.2465083371887
3027692,574.7032915681705
3027693,431.49057126892126
3027694,169.65048883750893
3027695,72.16819576888398
3027696,6410.042282873043
3027697,26.342882503399863
3027698,0.5898811986477993
3027699,15.717420965592119
3027700,18.191411616490974
3027701,0.2543009628466753
3027702,446.6456076368585
3027703,3.761877557812543
3027704,1.4501156814850098
3027705,6.6491789975938405
3027706,32.21615668103232
3027707,1.2499483956409043
3027708,737.9374394087329
3027709,412.06610675719264
3027710,1.5655408260282533
3027711,8.11293773775352
3027712,299.6438168801816
3027713,106.3008897071893
3027714,1324.6703606564888
3027715,30.731992218606617
3027716,8.180328508204997
3027717,3.7866566846219034
3027718,0.033512838521514716
3027719,0.8386506959510317
3027720,1502.983325196954
3027721,0.019448572307285222
3027722,180.1859058379656
3027723,6.983308493897575
3027724,696.425669343585
3027725,343.1751787174903
3027726,204.98952117374853
3027727,97.32891946063216
3027728,33.03808784825316
3027729,2736.4774014687414
3027730,7.118612063992876
3027731,0.30029511916341245
3027732,10.604250841624385
3027733,13.828401537882584
3027734,0.14542253550777617
3027735,146.9458720057982
3027736,4.032377619752596
3027737,0.06696717611662305
3027738,7.0188156336308944
3027739,28.967634258461967
3027740,0.6753926886540987
3027741,190.77322449207986
3027742,166.50859166515605
3027743,1.07524040728013
3027744,4.3819435976940255
3027745,153.41409239219348
3027746,32.56852336773522
3027747,327.6368381132381
3027748,2.1361458024365336
3027749,2.0494563064678726
3027750,3.6360514053254955
3027751,0.04883887028462129
3027752,2.0432159269330428
3027753,1398.6842889576453
3027754,0.003099431007560653
3027755,92.25106668384035
3027756,5.932462773380353
3027757,679.9118882288769
3027758,206.62233001809528
3027759,118.36922204649807
3027760,31.233932756359433
3027761,25.893806457100737
3027762,2600.623853254557
3027763,13.94501690557842
3027764,0.1709022572958817
3027765,8.972305205650022
3027766,6.663417838517422
3027767,0.06174165664139705
3027768,138.67785513874708
3027769,0.7288496894908727
3027770,0.03881813020593681
3027771,2.1811080814059345
3027772,25.191658457998464
3027773,1.1407968638866366
3027774,198.19620898743625
3027775,183.90686031993346
3027776,0.535944867836246
3027777,4.789442787206553
3027778,102.57543212021034
3027779,21.415434897202154
3027780,172.3929635695711
3027781,16.428537355723332
3027782,1.13268650103864
3027783,2.9202532653510396
3027784,0.0927847314153527
3027785,2.316966450688134
3027786,1473.2174931644058
3027787,0.04172787848651576
3027788,146.24623839893746
3027789,7.119481954534351
3027790,1089.0169022032728
3027791,345.8617204723349
3027792,208.66912131287393
3027793,42.04948826664108
3027794,42.126929002064955
3027795,2656.4446456151168
3027796,4.2570048542054835
3027797,0.41460159826307835
3027798,13.404039534203104
3027799,18.342067646007962
3027800,0.20858444417854627
3027801,185.32959854401292
3027802,0.8635735448106533
3027803,0.08143026630739211
3027804,3.299955861106488
3027805,11.041998219848029
3027806,1.159260336620599
3027807,323.35562880991574
3027808,224.662676993919
3027809,0.5228189603639046
3027810,4.493442170869878
3027811,92.42074872116433
3027812,97.79899610040722
3027813,327.6885266197471
3027814,7.36628014465907
3027815,3.742286033421593
3027816,3.3682369015025238
3027817,0.31546871618683003
3027818,2.0303409304505093
3027819,1719.4905225789557
3027820,0.015410351973496574
3027821,160.8064861808184
3027822,2.9008725216514164
3027823,958.9373988550155
3027824,322.3382367143547
3027825,245.94176558737985
3027826,95.38302346235054
3027827,60.85771012907205
3027828,2819.2146085808617
3027829,5.509616886798277
3027830,0.8688459129533729
3027831,10.591866041794491
3027832,15.505574670288087
3027833,0.2369618356809796
3027834,189.31505776986901
3027835,4.219264855091072
3027836,0.04548613525437798
3027837,3.247286628942047
3027838,23.773094132020248
3027839,1.2652040533373827
3027840,167.04722309093768
3027841,191.40787304058597
3027842,0.46336126984484216
3027843,3.870148121524794
3027844,112.1306717496663
3027845,41.395762762627484
3027846,524.3003001803185
3027847,23.245376863811845
3027848,3.2368752136978873
3027849,3.6365744727124403
3027850,0.26340456987885363
3027851,1.7330418943703971
3027852,1338.4634718579105
3027853,0.016472206439657786
3027854,122.0677021311813
3027855,6.369859396200904
3027856,659.3013262694944
3027857,216.85604026800405
3027858,151.6876623085505
3027859,116.92984203897822
3027860,29.44280744350322
3027861,1894.9633160303738
3027862,5.14735264786235
3027863,0.3378744219116884
3027864,7.625185952498914
3027865,14.567092406701278
3027866,0.2393446756601318
3027867,145.9141828113805
3027868,0.02864774373695204
3027869,0.04981292813039905
3027870,3.0531870634903835
3027871,20.933242093063676
3027872,1.2618820861890363
3027873,60.31800384022961
3027874,140.32764244242392
3027875,1.0256552826354106
3027876,3.0702259075456313
3027877,61.74582604449823
3027878,32.169016118819
3027879,396.8143942523325
3027880,0.01245613746583132
3027881,1.047711596570968
3027882,5.352013337095741
3027883,0.18501065108626732
3027884,3.0629737699870736
3027885,2582.992997678849
3027886,0.0218087293179585
3027887,265.33144985561336
3027888,4.505234507663672
3027889,863.1807701348005
3027890,503.8917002490225
3027891,385.414944068743
3027892,149.63134484661902
3027893,61.97804191647591
3027894,3616.554170071642
3027895,11.46418085219322
3027896,0.9803905277296592
3027897,14.807640944404804
3027898,18.490762265062628
3027899,0.12037212947481571
3027900,211.3861729718701
3027901,0.35298686567019877
3027902,0.21188800997939602
3027903,13.255854482540887
3027904,31.377002084231037
3027905,2.3288049422489143
3027906,277.1761427869677
3027907,208.68675953469173
3027908,1.9428383845970416
3027909,6.375786675342221
3027910,277.2561049890933
3027911,55.37837746825291
3027912,1007.2996116859916
3027913,90.67372162770694
3027914,8.889085368048733
3027915,3.7654566100563853
3027916,0.14691744201422238
3027917,4.2525651902143595
3027918,1951.6840911649497
3027919,0.02382785255682962
3027920,514.5656176008646
3027921,6.20799148616636
3027922,553.0030073417557
3027923,468.9355524670429
3027924,175.04477192352968
3027925,122.2559284001047
3027926,48.85871883078878
3027927,2560.1020547983153
3027928,13.10652319052559
3027929,0.7359294253609574
3027930,10.158093228615535
3027931,12.54970489062428
3027932,0.0990724462018936
3027933,148.5086823420371
3027934,6.541311983978613
3027935,3.2703633556208205
3027936,6.634621378733832
3027937,47.93752037850553
3027938,1.4731770707820395
3027939,147.6834410055497
3027940,144.4994479623069
3027941,3.1145300461500924
3027942,5.1503062836262075
3027943,138.66213881290247
3027944,46.30882378115083
3027945,1091.027630195479
3027946,21.374707157188126
3027947,9.23788375956818
3027948,4.529226094986147
3027949,0.21426252892765346
3027950,2.1342810904180087
3027951,2410.9929775136598
3027952,0.03237062130372768
3027953,138.50833816728334
3027954,5.566785113456127
3027955,725.6862299451013
3027956,274.8684149357764
3027957,204.87257610406598
3027958,46.21840469653792
3027959,43.76547075938023
3027960,3035.4087686501916
3027961,12.069812011935255
3027962,1.0194559326694583
3027963,11.619832666242493
3027964,10.87206943561391
3027965,0.15012457675349408
3027966,144.13679718096728
3027967,4.600112284672356
3027968,0.2274056922922031
3027969,2.238568186287277
3027970,27.175290753235824
3027971,1.1663482975973065
3027972,157.94254485155696
3027973,161.24363434783209
3027974,0.9406986561384288
3027975,3.318897935577202
3027976,176.24155249349826
3027977,24.005114792013124
3027978,389.78768700435666
3027979,10.134121734454071
3027980,3.5515807132319726
3027981,5.417306614208371
3027982,0.10658843399579462
3027983,7.859504462955188
3027984,2505.1571134268215
3027985,0.041767832213756496
3027986,550.1783405165664
3027987,11.132694974992596
3027988,632.0538066123559
3027989,593.0683050805605
3027990,155.8912580217301
3027991,139.52996046490563
3027992,77.002926815741
3027993,3065.1301421490407
3027994,25.44185582485305
3027995,1.3950641876456504
3027996,15.122875471062308
3027997,26.917741205595206
3027998,0.2687771440219365
3027999,190.38604523087733
3028000,15.603135127022956
3028001,14.469200659453579
3028002,9.646300751086716
3028003,67.00418764740871
3028004,7.881594787674386
3028005,468.45007857312794
3028006,202.67000044953545
3028007,7.782883166974612
3028008,7.275506426150705
3028009,370.59236460900877
3028010,85.54129664796139
3028011,1750.8995135337248
3028012,0.056432775494510964
3028013,27.508274891869164
3028014,4.033406317436074
3028015,0.15083022371093305
3028016,4.278221396999328
3028017,3871.814345861033
3028018,0.0266380270168206
3028019,411.55605103931356
3028020,4.5809380211707165
3028021,1232.5929674785743
3028022,583.8143692968806
3028023,520.6646699148353
3028024,75.93537997359645
3028025,84.05656264314581
3028026,5792.010759602645
3028027,10.17013564029092
3028028,0.43236517459907103
3028029,15.425809446513671
3028030,12.362201870123618
3028031,0.14150920824246027
3028032,283.1366814800518
3028033,1.1016287478421383
3028034,2.773303063727388
3028035,4.703141484637776
3028036,44.82822185397305
3028037,0.6978588717757735
3028038,672.6665570281862
3028039,352.62838707139434
3028040,3.348506370580984
3028041,3.396942009442271
3028042,246.55207318247236
3028043,57.84475234343654
3028044,765.3912673377465
3028045,38.61612713252728
3028046,12.208665829975953
3028047,7.254042475408415
3028048,0.1359146162583989
3028049,2.688666281660173
3028050,2387.324919208876
3028051,0.029175646359326356
3028052,333.6966477175888
3028053,6.032054202578244
3028054,1160.0781383904898
3028055,459.56632987794166
3028056,241.79966239766094
3028057,175.27099608021825
3028058,80.0404221614988
3028059,3266.7624210051204
3028060,13.826819620553335
3028061,0.4950383712684451
3028062,20.572567840359973
3028063,19.511290404548863
3028064,0.30098139056202633
3028065,283.34534575518313
3028066,2.3131030119372196
3028067,2.164266895648622
3028068,7.152824487959892
3028069,69.95898795972525
3028070,1.0415176237740864
3028071,118.8676725493574
3028072,243.2755175315521
3028073,2.3512126802369533
3028074,4.031006189824741
3028075,144.38119913197596
3028076,148.59523053255168
3028077,914.9155261139376
3028078,0.18413905398193742
3028079,3.533660089631435
3028080,3.4485278409851503
3028081,0.14621921632087376
3028082,2.0376775208441495
3028083,1857.839401211242
3028084,0.03347605094220767
3028085,127.122843104249
3028086,6.883823174074868
3028087,750.8278864354329
3028088,284.36427249274817
3028089,135.40955340202012
3028090,36.674687390254
3028091,50.747044987822065
3028092,2829.0798785489355
3028093,7.571766495851557
3028094,0.855866227075941
3028095,14.737538887932917
3028096,16.507662053623708
3028097,0.13213282948251087
3028098,155.33913271742134
3028099,0.33442981545261125
3028100,0.04395707295558493
3028101,2.2382631821667722
3028102,57.153892746473446
3028103,1.7209363873389127
3028104,120.24786824556206
3028105,146.12784378523412
3028106,1.0532890288140226
3028107,5.023566764103675
3028108,112.3722417793629
3028109,27.86797091494877
3028110,393.84089954161186
3028111,48.814420524121935
3028112,1.3647459511870943
3028113,2.1135691234755813
3028114,0.07426421407411488
3028115,2.584760311690437
3028116,1330.2656339507112
3028117,0.13429195773564562
3028118,272.4926118658198
3028119,9.14374199722491
3028120,533.5057921918853
3028121,471.33171830014044
3028122,129.720967223987
3028123,49.13101743843065
3028124,69.7613387999838
3028125,2108.1190086061197
3028126,33.39114704469883
3028127,0.5758336315991424
3028128,11.39600161727693
3028129,14.045016417520447
3028130,0.33253379624392776
3028131,107.8033472980912
3028132,8.06434961287032
3028133,4.016790975515672
3028134,10.703263425704222
3028135,44.407334226013774
3028136,3.114834908377053
3028137,780.4844797474988
3028138,153.65654106040722
3028139,3.856911476002819
3028140,4.899113477728246
3028141,274.1312227754958
3028142,31.69323037723208
3028143,977.8236813614297
3028144,0.025910655073212344
3028145,5.632104910898203
3028146,2.109682523892971
3028147,0.04075788364823029
3028148,4.195076615254058
3028149,2650.7736957749116
3028150,0.03365048621048451
3028151,647.6670455300783
3028152,13.791644217844269
3028153,939.4571812678936
3028154,1024.978746992896
3028155,224.48702394923856
3028156,175.10879597355478
3028157,146.7044635904598
3028158,3061.651937784947
3028159,36.414843457670955
3028160,0.30578256285666683
3028161,14.845900305700154
3028162,24.158783997857313
3028163,0.08694060899062674
3028164,187.81339436646073
3028165,9.235285441479663
3028166,25.007736504134765
3028167,6.948710920709269
3028168,69.82950244086416
3028169,7.852727612451648
3028170,319.60256330995657
3028171,218.39583341670794
3028172,10.834982880616634
3028173,5.7484091491895395
3028174,421.4195381803595
3028175,94.62861871488411
3028176,2510.348826906615
3028177,0.08345649907080249
3028178,14.699321617300981
3028179,2.7525313380468908
3028180,0.05228597361108696
3028181,2.1468887241743513
3028182,1977.7731043722088
3028183,0.01033507582972197
3028184,354.0667956331321
3028185,4.988488361265222
3028186,434.7299107845661
3028187,508.3850092886595
3028188,152.39375121746446
3028189,126.81171780062115
3028190,74.12621396990968
3028191,1859.323986478989
3028192,13.847190160534876
3028193,0.5912177122243352
3028194,12.792644227977794
3028195,15.868451154192654
3028196,0.07848833598469902
3028197,80.47244206096872
3028198,0.041173591070945856
3028199,16.304822087333353
3028200,2.7083322106185923
3028201,179.17953644681538
3028202,3.4313508419761356
3028203,168.10185682745532
3028204,128.25451549809372
3028205,4.63811146838049
3028206,5.212698359984127
3028207,171.04636886101792
3028208,35.78297659306433
3028209,1317.003532717122
3028210,0.36391934611203525
3028211,2.326151503725696
3028212,2.7591619580541007
3028213,0.045108148970516945
3028214,1.7080193121243035
3028215,655.8866364789476
3028216,0.04730819141422954
3028217,167.8399464035955
3028218,4.39556224987553
3028219,252.79346107470906
3028220,158.0698657845013
3028221,51.63189612008428
3028222,26.848716565329738
3028223,26.78720545761228
3028224,1121.690612759388
3028225,6.88264843018855
3028226,0.5053146053055657
3028227,11.399168602566327
3028228,8.514302952837586
3028229,0.37126052514244434
3028230,58.78519274049897
3028231,0.40124401835194945
3028232,8.553828609963816
3028233,1.749597315766945
3028234,23.17496429803081
3028235,0.580146769042782
3028236,195.42148893108947
3028237,97.80606490273854
3028238,1.7873550970492416
3028239,2.87569249357131
3028240,113.44565626876047
3028241,17.943839032771436
3028242,329.79969168662495
3028243,0.3144879666197439
3028244,2.1081231629107844
3028245,4.536780914338147
3028246,0.17018734377993142
3028247,2.381801132869173
3028248,2380.8550098841006
3028249,0.009466639153782746
3028250,498.7791847602917
3028251,12.071641700484587
3028252,593.3326631941404
3028253,747.7260511422801
3028254,224.55993866753442
3028255,181.2470391531325
3028256,106.4319069750307
3028257,2878.5183054641966
3028258,23.404153656163377
3028259,0.934875780969981
3028260,12.731845067395108
3028261,21.801028369663648
3028262,0.2923862384597331
3028263,153.5094755693486
3028264,3.783227903385875
3028265,26.318502163037802
3028266,6.585745281160031
3028267,121.65828345095443
3028268,1.567993534078302
3028269,229.79279550087264
3028270,205.69208813817966
3028271,7.817641631397015
3028272,6.533194827519861
3028273,277.6859534395578
3028274,66.45859218074257
3028275,1933.9928781544186
3028276,0.6376036873107234
3028277,10.251728276394115
3028278,5.389359289428473
3028279,0.11290100043321759
3028280,1.5732762749811455
3028281,3073.9269399233917
3028282,0.03231363858838584
3028283,496.90869837355467
3028284,11.80230567284425
3028285,1044.0594881303405
3028286,556.6369540320343
3028287,292.235138898049
3028288,155.05509611241573
3028289,52.53025592037168
3028290,3959.0795287656065
3028291,10.388299205624662
3028292,0.7732439617744384
3028293,21.150871885045618
3028294,17.29869053728223
3028295,0.8139682089837232
3028296,204.8828468102305
3028297,0.11521773895340004
3028298,3.201809218830269
3028299,3.8172108541267926
3028300,44.27212822116952
3028301,0.8384458242573178
3028302,304.7677220006434
3028303,217.25232121182648
3028304,4.429891514163462
3028305,4.838773396510579
3028306,179.30689536475666
3028307,60.82811438881289
3028308,1095.5494298520555
3028309,1.5402341920618785
3028310,3.0041439638949035
3028311,5.377586020298994
3028312,0.2660592259782453
3028313,2.141191782265411
3028314,2540.5832395235598
3028315,0.029332651140140553
3028316,520.1819894842599
3028317,10.405720550208605
3028318,754.5240050533212
3028319,515.5970727858404
3028320,235.37281267694328
3028321,165.72299786880836
3028322,70.00124249191047
3028323,3235.808541025514
3028324,12.161010810295355
3028325,0.8989940282099741
3028326,19.444757874914075
3028327,17.670265819667396
3028328,0.19476470797252213
3028329,201.47003500592461
3028330,0.1747161906035427
3028331,6.1359598172989
3028332,4.2089883930731595
3028333,92.30529971791528
3028334,0.926566506744791
3028335,154.59028622092256
3028336,189.37910136523266
3028337,4.391678088040486
3028338,2.927962088763328
3028339,165.35902752907657
3028340,50.74379163210688
3028341,859.117418542841
3028342,0.7179371658083418
3028343,5.023251634505433
3028344,6.699863181483214
3028345,0.731545262361071
3028346,12.462102069096199
3028347,6213.011015547566
3028348,0.03989967601387152
3028349,964.6860216772936
3028350,44.29746585044837
3028351,1368.8116219987583
3028352,1643.2283739083534
3028353,288.05173909448877
3028354,347.5383557443015
3028355,265.32643075630006
3028356,5965.222354425254
3028357,60.01287785116932
3028358,1.9386824780745062
3028359,32.27269023968438
3028360,43.20901624704311
3028361,0.13620866325639333
3028362,331.00531288210243
3028363,21.83214704668092
3028364,29.874795120321124
3028365,24.102209189879083
3028366,170.56943589385958
3028367,16.874559426383588
3028368,558.225053980141
3028369,397.6304019104805
3028370,18.89910531996386
3028371,16.978694472446733
3028372,825.7101178442599
3028373,168.23483598752233
3028374,5149.77394282201
3028375,0.5673861415579874
3028376,70.85960617099579
3028377,3.184570219433028
3028378,0.12159401324654469
3028379,0.5062005565867345
3028380,1350.5699729421267
3028381,0.027695357519597875
3028382,163.05192657004574
3028383,5.355064924520196
3028384,564.7068918111108
3028385,221.52436536129375
3028386,104.28969968937727
3028387,94.94379594826124
3028388,44.10589004593034
3028389,2423.9284846664877
3028390,6.123533536144784
3028391,0.22385413705306567
3028392,12.31640925435834
3028393,10.451912127999538
3028394,0.12381319015805536
3028395,203.08440397470002
3028396,0.4465193002715886
3028397,0.16603079613680974
3028398,2.2420218063019877
3028399,19.14448731094081
3028400,0.7314216432088327
3028401,139.57740107533908
3028402,89.39752688604538
3028403,1.5132422440279978
3028404,3.743855948826453
3028405,109.73645147896477
3028406,20.95855262167907
3028407,457.01942822592673
3028408,0.2271150621553558
3028409,2.332322261889013
3028410,6.860061899833035
3028411,0.09228067126410594
3028412,0.6954367988459598
3028413,2422.520988759431
3028414,0.03969991701553072
3028415,520.6315931090664
3028416,7.220503546888802
3028417,902.3286063065439
3028418,501.15614859309125
3028419,197.03505406576687
3028420,197.87661948753004
3028421,67.98600331465425
3028422,3446.1477149013963
3028423,8.56119901029831
3028424,0.17908818788062214
3028425,15.331205994935027
3028426,14.72575415136389
3028427,0.06502474956593153
3028428,242.96835526521306
3028429,0.6229991303062015
3028430,4.074439985059581
3028431,6.333316798884835
3028432,15.275467319539517
3028433,1.1243672912866876
3028434,631.1392316190454
3028435,224.2050782429912
3028436,2.54267111810992
3028437,4.446324950205867
3028438,136.15410125115469
3028439,51.270264406233906
3028440,933.9806062677044
3028441,0.9640821255698302
3028442,3.401009937387717
3028443,1.493006741506828
3028444,0.04551256930382833
3028445,0.5508516588189166
3028446,926.9574125045001
3028447,0.02663988232436219
3028448,155.14409344148632
3028449,3.885962312212814
3028450,592.4368302931715
3028451,114.49115686569029
3028452,84.13772891291457
3028453,179.32357135294498
3028454,15.610450553511344
3028455,2001.9902032763732
3028456,2.0287617246609626
3028457,0.35986198513261064
3028458,8.070109002058059
3028459,3.4772944056100488
3028460,0.19745026208738237
3028461,80.71579876698891
3028462,0.04442652328396447
3028463,0.06540177003094881
3028464,0.7660155887705785
3028465,17.546984111631254
3028466,0.3961461815595251
3028467,116.5544010381521
3028468,81.23939201683638
3028469,0.496371373755469
3028470,1.0790713098993627
3028471,37.208170818664065
3028472,9.803448273333238
3028473,163.99986209495626
3028474,0.03169038654572524
3028475,1.082139120670671
3028476,10.784025169464073
3028477,0.05935802904147136
3028478,2.7997475766556335
3028479,1807.275440830541
3028480,0.02929409969161069
3028481,223.02064974486927
3028482,14.396500893590536
3028483,859.9515450250997
3028484,328.7057236986674
3028485,180.3081189447305
3028486,125.4859042554419
3028487,80.31405536185903
3028488,2917.7193728313023
3028489,5.222929089082245
3028490,0.8711846816362763
3028491,35.830556164378166
3028492,26.042133594251
3028493,0.41317682762260954
3028494,215.411904873245
3028495,0.27573242331402387
3028496,0.21656653935724413
3028497,19.460452837416877
3028498,48.82076155993262
3028499,4.785341339200944
3028500,304.44705558604636
3028501,219.29387181066568
3028502,6.756500851746486
3028503,5.809165147143242
3028504,203.44203558336056
3028505,36.33190539812402
3028506,1149.9967946467227
3028507,0.21961621283490562
3028508,3.3556004410318243
3028509,2.5554775014116853
3028510,0.20442275572245638
3028511,0.9610404934253637
3028512,2475.7341861607856
3028513,0.043789157415796164
3028514,607.7523051609743
3028515,6.101776980892872
3028516,834.6172361318186
3028517,532.4063796802766
3028518,219.9547277860891
3028519,74.48657574206233
3028520,64.63357552764853
3028521,3328.2734534955534
3028522,4.418440007135932
3028523,1.8892101250424305
3028524,14.618955848964445
3028525,26.43058459649448
3028526,0.09448839605109874
3028527,189.5451578925171
3028528,0.6043176930067725
3028529,3.184734905812795
3028530,2.982516905067957
3028531,20.33344839177128
3028532,1.0068333943856167
3028533,220.85773358791585
3028534,252.613169717781
3028535,1.909548245072887
3028536,5.200535676997369
3028537,137.1754754014049
3028538,21.13190453501771
3028539,526.4776542817061
3028540,1.7093747923331275
3028541,1.4165396334609568
3028542,3.3101820035576566
3028543,0.050412432264568686
3028544,1.5115257748122817
3028545,1506.3359354228526
3028546,0.03554906992736077
3028547,101.00126410875804
3028548,3.3165333702498385
3028549,481.78189335554225
3028550,149.95393571666762
3028551,80.85843427034715
3028552,100.18124584895418
3028553,30.98235125140812
3028554,2098.5773153170767
3028555,4.353903248452181
3028556,0.472749784882777
3028557,7.993441902139988
3028558,4.56439555936043
3028559,0.1469181124005614
3028560,112.83886018858028
3028561,0.045662636631299006
3028562,0.09627691152208961
3028563,1.0106822647459084
3028564,22.197023121323543
3028565,0.4996982429187356
3028566,315.68071692846706
3028567,83.79095538407071
3028568,0.8865903819296443
3028569,2.3892531913921724
3028570,72.93942326505856
3028571,12.339010262314133
3028572,348.6460198763625
3028573,0.20022407814739934
3028574,0.4450383413149932
3028575,3.349389366984108
3028576,0.02595344105417643
3028577,0.5024911231085039
3028578,3125.8683147230813
3028579,0.04408878501315619
3028580,431.4600292013961
3028581,9.853898618897851
3028582,799.709976401169
3028583,478.99409319986455
3028584,171.93696556314669
3028585,159.51643559157662
3028586,68.38986128966786
3028587,3203.3114235493704
3028588,8.445691706349841
3028589,0.46796134933801703
3028590,17.368087826461046
3028591,11.382190018837353
3028592,0.14637567697953738
3028593,163.25873107550012
3028594,0.30211002340631515
3028595,29.759027214416662
3028596,3.137691656705161
3028597,41.87484349908698
3028598,1.0751515463638595
3028599,395.46004912779927
3028600,173.52869306028873
3028601,2.8314941882503977
3028602,4.044844185222555
3028603,133.0625333337595
3028604,38.251228691409416
3028605,1062.5039914625304
3028606,0.2555834357547805
3028607,1.0008990680177503
3028608,3.747686781652927
3028609,0.06810527390110488
3028610,7.823107188245454
3028611,2809.1930702166424
3028612,0.031005064430761804
3028613,495.92514177128464
3028614,6.338602597090821
3028615,772.3252070170477
3028616,711.8420953774151
3028617,173.18117636658002
3028618,113.34911244024426
3028619,98.24063638583522
3028620,3477.3232616668215
3028621,40.14722507853066
3028622,1.1954754072830518
3028623,17.895225243385436
3028624,22.951080651259804
3028625,0.08157205895751533
3028626,186.25070878668015
3028627,17.387595541884693
3028628,20.15940957858519
3028629,2.430247392790565
3028630,107.556155803844
3028631,6.772290561165606
3028632,227.25690093667856
3028633,279.7250267556719
3028634,11.361506463024948
3028635,10.40367141556849
3028636,213.57469932272483
3028637,60.31601618884291
3028638,2116.718291885385
3028639,0.08399769805792012
3028640,7.61381614808664
3028641,6.282632362222807
3028642,0.05138707218426596
3028643,5.201825350293728
3028644,2081.1242904097344
3028645,0.034527870033398016
3028646,394.21171936890323
3028647,8.47271371455155
3028648,736.1808992232118
3028649,577.959266914887
3028650,120.57732181787067
3028651,78.19411174517042
3028652,97.9625913469285
3028653,3397.9437034696994
3028654,30.030617810395867
3028655,0.9243416308181843
3028656,27.04582067772319
3028657,47.349732427490196
3028658,0.09058173902578093
3028659,248.34434194738068
3028660,11.96212560711196
3028661,15.97611606355003
3028662,8.42245547786196
3028663,75.99619308049682
3028664,7.747475078949082
3028665,142.13441019606103
3028666,300.51764219072413
3028667,5.734327486939941
3028668,9.058263898579295
3028669,117.35817797801808
3028670,73.92624527740357
3028671,1795.493481044437
3028672,0.2713080284760664
3028673,14.238242978694679
3028674,6.18606271320626
3028675,0.1867586059057042
3028676,3.194346726652202
3028677,3293.5445665624247
3028678,0.02621547185018805
3028679,608.9159396985544
3028680,5.200961858493293
3028681,1438.0350914096998
3028682,545.0897230101741
3028683,149.2070169571149
3028684,303.4894864509597
3028685,58.67101040340018
3028686,4942.176121626917
3028687,22.403606061200804
3028688,1.3107048290677719
3028689,19.262521765165772
3028690,20.969402220694807
3028691,0.21981267181498185
3028692,311.5636778489685
3028693,2.9350542035043805
3028694,11.692187109655865
3028695,15.538842534444402
3028696,36.67527107375248
3028697,1.448444044220076
3028698,225.97215374323838
3028699,292.8203133305051
3028700,6.79476716893315
3028701,8.570717306168785
3028702,231.68714995723883
3028703,45.42222859389116
3028704,1184.6388607627557
3028705,7.811616640119865
3028706,10.465071810511011
3028707,3.203874843388939
3028708,0.40482507238910936
3028709,5.528035375114912
3028710,1954.4949155301451
3028711,0.031243449445557653
3028712,315.52178894046256
3028713,6.613128264580778
3028714,555.510707259443
3028715,555.8089630908951
3028716,178.78554573123915
3028717,109.73991996029187
3028718,66.86998810455388
3028719,2599.0308422481453
3028720,18.11926097105328
3028721,0.7213803374213719
3028722,12.2371972158228
3028723,12.578882283646244
3028724,0.15861147797817815
3028725,148.26190157610282
3028726,11.859345515264524
3028727,15.350832830710852
3028728,3.7422183994943388
3028729,77.21365189606507
3028730,5.286610887484981
3028731,258.3175918525739
3028732,185.75399647909734
3028733,4.949242818371772
3028734,6.373826887510639
3028735,259.80431440405897
3028736,43.700062345083566
3028737,1578.7144301309638
3028738,0.08083652527337773
3028739,18.608851566675074
3028740,3.8146010343168495
3028741,0.03932210578530873
3028742,4.3187937539982375
3028743,4246.400483716523
3028744,0.023272447713153233
3028745,399.13501219056263
3028746,7.556130120369378
3028747,1245.6679765405202
3028748,489.48031137502613
3028749,209.5305544685471
3028750,142.60365694644548
3028751,44.88911473960053
3028752,5142.816432019565
3028753,10.685562210353009
3028754,1.037005896309408
3028755,18.90131624368194
3028756,16.692780392625917
3028757,0.27530104456103177
3028758,376.20449584808046
3028759,0.31249374208315045
3028760,0.27245078573124215
3028761,6.051515814435965
3028762,32.240337168186024
3028763,1.611383307163145
3028764,162.60596930571091
3028765,296.3112950092413
3028766,4.100684453390824
3028767,9.374894707459898
3028768,166.97691289074817
3028769,47.672769903552606
3028770,874.0436649031777
3028771,0.11103867122821964
3028772,3.660324361854127
3028773,5.109072692119663
3028774,0.04413624201498387
3028775,5.593502860088654
3028776,1553.5780569951785
3028777,0.03145519327091405
3028778,410.4263576511298
3028779,10.976319076570391
3028780,732.5029371378497
3028781,563.7422651096157
3028782,184.7282544584032
3028783,103.7314820024184
3028784,132.70831789938043
3028785,2771.0456816857554
3028786,23.84610254457305
3028787,0.7641083947749621
3028788,18.262855099228133
3028789,20.37599677325185
3028790,0.10713191560631867
3028791,158.77605627480312
3028792,9.99370064843426
3028793,11.562157541315637
3028794,6.562182349634604
3028795,52.76223102509799
3028796,9.914575245041835
3028797,175.45865731321078
3028798,239.74110612122553
3028799,8.57902454924628
3028800,5.851545085120017
3028801,152.89857143956
3028802,52.70271542037072
3028803,1547.1955029064422
3028804,0.32849945885098025
3028805,3.495293168656125
3028806,3.5492386116489323
3028807,0.06504397375750537
3028808,2.9933049844126383
3028809,2223.0331348691325
3028810,0.03824721710185865
3028811,397.4377003090681
3028812,5.850607236330912
3028813,594.1585636359991
3028814,672.8633356551892
3028815,168.16401443028494
3028816,114.05088184119091
3028817,103.06456169485831
3028818,3021.1309804323523
3028819,20.81565455561251
3028820,0.5636259680548974
3028821,15.181797772786869
3028822,13.380231979416116
3028823,0.10859730930298384
3028824,167.84104748098724
3028825,7.371290276054934
3028826,24.276214320625098
3028827,5.12957452584153
3028828,63.98658491011287
3028829,5.7464110858958515
3028830,242.26547881270054
3028831,200.00098147092262
3028832,7.556146588684864
3028833,6.01995678635005
3028834,209.102095130969
3028835,53.492474056941234
3028836,1921.078135807641
3028837,0.278486251643489
3028838,12.598125150220469
3028839,5.480991120531033
3028840,0.06799209245487566
3028841,2.3630916206790595
3028842,4285.924510642004
3028843,0.01559245429263648
3028844,496.6303759889018
3028845,15.698850003374385
3028846,1124.468284129322
3028847,536.0339941145712
3028848,238.30797541835798
3028849,147.04793241640044
3028850,60.50293014859624
3028851,4090.0490630784343
3028852,11.615741132718364
3028853,0.8227308486001573
3028854,15.644585923421477
3028855,18.360467536102874
3028856,0.1262830046279994
3028857,220.4098047983332
3028858,0.2793610397784525
3028859,10.029409517447128
3028860,1.949435888528061
3028861,73.41510305180604
3028862,4.329733817071805
3028863,278.39037616907206
3028864,307.48060177840284
3028865,3.4207737644481266
3028866,3.6621191324289386
3028867,213.28779370713914
3028868,109.94066915863338
3028869,1122.3883315117473
3028870,0.7865246282875479
3028871,2.2498811379858483
3028872,10.887885065413286
3028873,0.030593363328103772
3028874,13.90521192498845
3028875,7492.807386229446
3028876,0.012945957116224479
3028877,1221.540832448977
3028878,24.78698686977938
3028879,1953.4644671395197
3028880,1860.3616315908616
3028881,408.8572167470354
3028882,413.081247138237
3028883,379.581865316283
3028884,7805.379899009441
3028885,84.05162371994632
3028886,2.9437042940382137
3028887,65.80657397373501
3028888,94.45456093000902
3028889,0.9702078569404989
3028890,485.2753904938748
3028891,26.663354557091708
3028892,21.348379184378082
3028893,32.89061868865868
3028894,320.56207328127067
3028895,16.025915698313
3028896,703.212238277734
3028897,445.5479678076398
3028898,28.338881543267455
3028899,31.07627999731738
3028900,921.4505306300571
3028901,276.8722378949783
3028902,6325.871435141351
3028903,303.3295330452012
3028904,61.92022038961615
3028905,10.031517788043978
3028906,0.0553660076257107
3028907,12.055311970734927
3028908,6710.265028380019
3028909,0.03928202005905046
3028910,1025.2527571912676
3028911,25.63052002672103
3028912,1935.8145991013862
3028913,1732.8656822562746
3028914,566.8819236070622
3028915,272.42896407869887
3028916,272.6142808442438
3028917,8313.981145621896
3028918,78.4820129332125
3028919,1.2148405395305648
3028920,38.07963606426897
3028921,59.016896226305406
3028922,0.6323817260922908
3028923,482.9389501151717
3028924,24.57828460168534
3028925,27.52415387743708
3028926,18.16089563536697
3028927,219.67628943196826
3028928,12.912903716897862
3028929,927.5300345772781
3028930,557.2966594772217
3028931,16.348412826634583
3028932,20.912056748940635
3028933,943.0090525958387
3028934,202.51789116701443
3028935,4643.559470380846
3028936,314.1936975992353
3028937,55.69490783117443
3028938,7.410212672641066
3028939,0.0487510561159438
3028940,17.321486040228834
3028941,4916.376794842428
3028942,0.06867705970333703
3028943,785.2622159137495
3028944,12.832572401003677
3028945,1721.190889245193
3028946,1173.7487241670156
3028947,591.8187265288187
3028948,112.09311935565549
3028949,205.83505834291088
3028950,7407.302364191166
3028951,35.707280775221804
3028952,1.5185178502585575
3028953,22.499557039728558
3028954,28.7528016489214
3028955,0.3869786141164611
3028956,449.28834091488096
3028957,33.76840569098414
3028958,16.181578041365523
3028959,15.320061003291748
3028960,130.21047415482423
3028961,5.97836508967676
3028962,702.4109264879287
3028963,595.5906354340541
3028964,19.5084745987189
3028965,31.709996521482346
3028966,595.7940527032371
3028967,117.4299224657407
3028968,2122.4364082695797
3028969,260.8090833085707
3028970,45.36845263691646
3028971,11.764216875697343
3028972,0.007807466309387105
3028973,17.693814249050416
3028974,6139.938438458008
3028975,0.016041952688118217
3028976,988.834470736072
3028977,17.702530834063694
3028978,1800.429198942726
3028979,1653.5862493072013
3028980,511.6814471728666
3028981,244.28411250314423
3028982,190.45804096050088
3028983,8699.256581895774
3028984,46.137528529384504
3028985,1.3400389251008586
3028986,45.664647658386954
3028987,56.784439456338696
3028988,0.7590341015868338
3028989,457.2037794416899
3028990,29.15262095036372
3028991,21.024609455110323
3028992,10.017325395016506
3028993,199.9326998403418
3028994,9.99213431917194
3028995,770.3845367051788
3028996,580.2573092771177
3028997,14.838391107366844
3028998,26.118243410848407
3028999,879.325304746199
3029000,171.7082950795543
3029001,4035.977106208519
3029002,301.7295005002707
3029003,46.40991372781126
3029004,9.051899717476406
3029005,0.03952841271260739
3029006,20.43192804189038
3029007,3709.4948921335035
3029008,0.02457599131377577
3029009,706.8647042401942
3029010,12.686840410426026
3029011,1539.581301019853
3029012,971.2065121059986
3029013,541.0690779026493
3029014,79.73979738283057
3029015,172.6909295349807
3029016,6659.422306425855
3029017,45.179474604116
3029018,0.5175727875968843
3029019,26.42996392496697
3029020,39.404593149867964
3029021,0.3233137100560308
3029022,397.04742387216504
3029023,27.679602403792497
3029024,11.515022119825264
3029025,6.203812846937284
3029026,126.13139349826233
3029027,5.293932284279791
3029028,671.3054247258947
3029029,547.6408801648888
3029030,13.85349169806296
3029031,21.620591851348188
3029032,617.0157953011588
3029033,81.89745361536657
3029034,1473.1102374741313
3029035,364.61376358819103
3029036,20.41649311211399
3029037,9.173740353446075
3029038,0.03784329524787936
3029039,10.054595682365246
3029040,4970.514281546988
3029041,0.04175443106201424
3029042,905.7901551941641
3029043,25.09983933302401
3029044,1500.1149508794938
3029045,1618.045350881347
3029046,335.52545093506376
3029047,343.04303569049364
3029048,273.732383663555
3029049,5835.047215897607
3029050,54.09613755796694
3029051,1.0462117061650114
3029052,43.385958860262235
3029053,44.70718862001286
3029054,0.5642054813423962
3029055,323.76899944379045
3029056,15.18202295982068
3029057,20.374210087682222
3029058,10.746284322684406
3029059,210.8023380328762
3029060,12.034442992103095
3029061,638.6287949543361
3029062,411.05323982169926
3029063,14.100809181671565
3029064,22.48134658562759
3029065,682.7561459179717
3029066,160.54528992926112
3029067,5047.925643105298
3029068,182.14854393189958
3029069,65.47181791825045
3029070,4.737315457662384
3029071,0.3120723142380882
3029072,5.2468066132742175
3029073,1472.296877320855
3029074,0.029088737978500465
3029075,318.97271215985035
3029076,20.65246712091276
3029077,689.4260836596135
3029078,454.18636416332254
3029079,193.85054370484687
3029080,64.2779758746745
3029081,79.67330035635545
3029082,2465.019501612048
3029083,25.251138507088818
3029084,0.8084035707218827
3029085,21.45691896046987
3029086,18.08387278340277
3029087,0.062111996693245304
3029088,138.2278386998766
3029089,9.116082126886296
3029090,7.0379869192100095
3029091,8.751953010642348
3029092,55.44546486624854
3029093,5.284469261989793
3029094,237.00153014927878
3029095,209.42060140859672
3029096,2.149590597672775
3029097,6.548614968679433
3029098,198.4138938689227
3029099,53.86505335123368
3029100,1270.702070059633
3029101,0.273884856151737
3029102,9.852043509241788
3029103,8.223900067557011
3029104,0.046462671929454885
3029105,9.178014029893463
3029106,3727.471922461362
3029107,0.032853968989391746
3029108,560.1979174942823
3029109,26.409544701696667
3029110,1273.697091304858
3029111,922.7392328562735
3029112,418.63435702777724
3029113,93.75231851870845
3029114,181.0985537674717
3029115,5615.965756809019
3029116,60.51163612894203
3029117,0.8025038857955972
3029118,46.29534408473248
3029119,27.805577616853153
3029120,1.1496238821800342
3029121,262.0399972168869
3029122,16.549868197560304
3029123,9.92147949293771
3029124,3.436481052029108
3029125,127.75460212069146
3029126,7.145164318481015
3029127,486.8731792448529
3029128,462.896789401942
3029129,13.367043821509142
3029130,16.454126007448952
3029131,315.95131945617885
3029132,88.28695452449965
3029133,1758.124056941322
3029134,289.8692917355046
3029135,14.599113956913806
3029136,6.088373434840668
3029137,0.03426319084323958
3029138,5.493901364965547
3029139,3509.359813070586
3029140,0.027910358665910448
3029141,666.5750020229166
3029142,8.916672530148094
3029143,949.9965193707096
3029144,1224.9242436281284
3029145,193.94067406419674
3029146,242.14130656843048
3029147,204.7491217878365
3029148,3867.683588873827
3029149,39.653172084683504
3029150,1.4076232334124446
3029151,22.528851803608752
3029152,30.09410948365067
3029153,0.4108447229500847
3029154,196.20630606896842
3029155,2.23958870087497
3029156,44.33474385173246
3029157,3.3545149876098597
3029158,131.72664587604453
3029159,7.376832324661031
3029160,470.4370459788066
3029161,202.57988270909172
3029162,13.682942835475135
3029163,7.765120502795522
3029164,520.2628605758682
3029165,113.59393866862393
3029166,3817.7534074953255
3029167,2.3899317848579207
3029168,35.060947874473214
3029169,9.474523340786256
3029170,0.05780262525759882
3029171,4.975555510549467
3029172,3476.136276727373
3029173,0.03919739262746103
3029174,744.0313704279018
3029175,8.98973345575597
3029176,1324.254452955889
3029177,997.553778458967
3029178,320.823260272695
3029179,175.73131164193822
3029180,329.1720448545814
3029181,5072.6731565541595
3029182,38.29160319165649
3029183,1.9754581797012492
3029184,32.00942473375862
3029185,33.890232927202234
3029186,0.5393396941742888
3029187,270.7698271372977
3029188,5.769951126315396
3029189,38.98111770698549
3029190,6.27374255959249
3029191,252.16522705779153
3029192,7.0237727976520885
3029193,398.14203225098026
3029194,289.4735236575099
3029195,10.825696197984803
3029196,20.394492655465584
3029197,389.7146556326781
3029198,112.07962561007734
3029199,3631.9913574554566
3029200,2.132362778912256
3029201,7.880429571013738
3029202,5.889093507090426
3029203,0.09793932019402156
3029204,1.2588638384894875
3029205,2129.384394111222
3029206,0.038332798014489605
3029207,450.0346089198979
3029208,8.77210253412709
3029209,727.6375970243578
3029210,399.0078112995938
3029211,205.27515363171116
3029212,78.25270629029656
3029213,95.11052610512664
3029214,2809.7857011161805
3029215,12.2772653029581
3029216,1.1226084497665205
3029217,21.09742569211024
3029218,23.040806575648094
3029219,0.1316521850889048
3029220,127.34013385542458
3029221,2.1585135727125757
3029222,6.772583068932869
3029223,5.902101940680263
3029224,69.52094476203601
3029225,2.3462042814569863
3029226,214.3017292590711
3029227,203.01926492607288
3029228,2.5004887236502804
3029229,4.431882125299787
3029230,135.97079390106666
3029231,49.48269266453416
3029232,1594.8083091420933
3029233,0.29160339178169264
3029234,2.1430958681801138
3029235,8.034045937960826
3029236,0.20772877314167748
3029237,3.324490175912016
3029238,4712.055735569771
3029239,0.1751789710552245
3029240,216.7366949040336
3029241,15.261751145138804
3029242,1042.7481395845039
3029243,237.40781259197524
3029244,206.54699795189205
3029245,73.43881228895393
3029246,53.48281390611591
3029247,3702.9824407710394
3029248,39.42911108359252
3029249,2.574432005421797
3029250,27.45082805056672
3029251,26.582601059101304
3029252,0.7638914373010308
3029253,222.2720804962268
3029254,1.9669964912159565
3029255,4.242310640404922
3029256,10.366624216620693
3029257,49.85300184009829
3029258,7.690806717658731
3029259,87.3010262262874
3029260,197.733050110382
3029261,8.449117501853715
3029262,14.313399774015632
3029263,68.79853243089187
3029264,85.29224720495652
3029265,569.4327803565261
3029266,0.7288817846963263
3029267,9.6734930843878
3029268,4.510540375517041
3029269,0.02984426704789342
3029270,4.682097189033552
3029271,2779.4826579072815
3029272,0.031036662492644845
3029273,445.88035439673604
3029274,11.740214574046599
3029275,878.0484789946099
3029276,704.8119307827722
3029277,230.1757715598177
3029278,126.83462702114986
3029279,111.8533524440875
3029280,3684.5056345308412
3029281,27.74609355919787
3029282,1.154082286654023
3029283,15.524352231011175
3029284,43.48142062123992
3029285,0.17009226686472523
3029286,184.0104148264831
3029287,16.036473568700178
3029288,15.297268563236138
3029289,14.035427067165825
3029290,86.44088289187209
3029291,5.113520725026859
3029292,373.24936185498507
3029293,286.1037513497167
3029294,7.433899525715264
3029295,12.028580024840762
3029296,404.370598675334
3029297,76.23673766934363
3029298,1772.1836806576462
3029299,0.058342555624301275
3029300,25.029354498651664
3029301,3.921806439740478
3029302,0.06624242358856725
3029303,5.968709022564662
3029304,3150.2932252481546
3029305,0.09448526078932469
3029306,542.0101432135349
3029307,16.240880958483775
3029308,849.8150698053943
3029309,1003.9052088869067
3029310,156.04934178627894
3029311,213.32838081190081
3029312,164.07718671884686
3029313,3154.543159165668
3029314,27.245174870573933
3029315,2.506827355617668
3029316,28.9874404755912
3029317,27.305249544784253
3029318,0.48624268053285036
3029319,166.95142862686825
3029320,8.941220488153608
3029321,29.845024610255045
3029322,10.534280670080232
3029323,139.74116507374322
3029324,7.5576930861316205
3029325,374.89842363248397
3029326,197.23756546432594
3029327,6.854709878830998
3029328,11.269422126012064
3029329,515.0018711614947
3029330,113.44183614433578
3029331,3728.475349531132
3029332,0.08347183040314163
3029333,32.27684764720317
3029334,3.947134346938312
3029335,0.396521797812903
3029336,8.210472303585185
3029337,3710.1450306877573
3029338,0.03722709135631421
3029339,697.751252047796
3029340,18.304078950162577
3029341,992.6226661020478
3029342,1137.9530676039612
3029343,244.461725729385
3029344,232.1421164833506
3029345,125.81275813611558
3029346,3839.168565792113
3029347,27.907977067442687
3029348,0.9753299645087387
3029349,21.05982735406672
3029350,35.21031442734222
3029351,0.09638831292234507
3029352,239.22494008874327
3029353,17.684841277454513
3029354,22.016384240298812
3029355,22.35787044213655
3029356,139.1807292675886
3029357,12.30784074398823
3029358,386.17032004163923
3029359,270.95776356117517
3029360,12.961825870184624
3029361,12.219369677217914
3029362,429.51158912670087
3029363,125.58668369668648
3029364,3064.9370362961217
3029365,1.1562887824831907
3029366,29.116368778183737
3029367,9.116452244922149
3029368,0.3358798030362147
3029369,7.1134670541014255
3029370,2918.1563106707217
3029371,0.015523036878116663
3029372,391.9789145755245
3029373,9.407624718143847
3029374,1342.5564625974105
3029375,584.153050103993
3029376,468.64384207429373
3029377,142.5478335854671
3029378,109.59103062113385
3029379,5631.04263705825
3029380,7.482362581435284
3029381,0.798262751742712
3029382,26.125505323719327
3029383,28.093365009406735
3029384,0.1097810719417643
3029385,306.4837678830195
3029386,4.934483927734572
3029387,3.1766083696083083
3029388,7.45975598735339
3029389,38.676641101171626
3029390,1.1509371913732347
3029391,490.5203270587315
3029392,399.94135176854945
3029393,5.598124419372035
3029394,4.9191721251435885
3029395,333.2104795616304
3029396,93.21665756318836
3029397,1090.5363320667166
3029398,88.1893471095622
3029399,11.827441859391797
